id,alpha,delta,diameter,DB2002b Id,aka1,aka2,aka3,aka4,aka5,
LDN 1800,255.375,-22.23861,7,[DB2002b] G0.01+11.98,,,,,,
LDN 1801,267.54583,-29.51361,100,[DB2002b] G0.02-1.15,,,,,,
HMST 0.0-18.9,286.70833,-37.22833,16,[DB2002b] G0.02-18.87,[VMF2000] CoA 6,,,,,
LDN 1799,251.73333,-19.67222,8,[DB2002b] G0.03+16.24,,,,,,
IREC 1,279.99167,-34.98583,72,[DB2002b] G0.05-13,,,,,,
Corona Australis DN Complex,288,-37.5,410,[DB2002b] G0.12-19.93,R Cra CO Complex,,,,,
P 1,262.07917,-26.36528,8,[DB2002b] G0.12+4.61,,,,,,
LDN 2,271.80833,-31.49306,67,[DB2002b] G0.13-5.32,,,,,,
LDN 1802,255.575,-22.22111,8,[DB2002b] G0.14+11.84,,,,,,
LDN 3,270.80417,-30.99778,142,[DB2002b] G0.15-4.33,,,,,,
FeSt 1-448,259.59167,-24.81861,92,[DB2002b] G0.16+7.33,,,,,,
LDN 1,247.2125,-16.10917,14,[DB2002b] G0.18+21.82,,,,,,
Barnard 295,271.02917,-31.03028,35,[DB2002b] G0.2-4.52,FeSt 1-449,,,,,
LDN 5,259.0625,-24.42111,7,[DB2002b] G0.2+7.96,,,,,,
LDN 7,262.15,-26.28972,17,[DB2002b] G0.22+4.6,,,,,,
LDN 6,257.25417,-23.22972,14,[DB2002b] G0.23+9.99,,,,,,
LDN 4,255.75,-22.2275,9,[DB2002b] G0.23+11.71,[CB88] 70,,,,,
DIRDN1,267.00833,-28.96667,15,[DB2002b] G0.25-0.47,,,,,,
FeSt 1-451,263.47917,-27.01667,37,[DB2002b] G0.26+3.21,,,,,,
FeSt 1-450,286.68333,-36.98028,15,[DB2002b] G0.26-18.76,HMST 0.3-18.8,,,,,
LDN 8,251.60417,-19.25611,17,[DB2002b] G0.3+16.59,,,,,,
Barnard 260,261.2,-25.61667,10,[DB2002b] G0.3+5.68,LDN 14,,,,,
LDN 10,269.45,-30.10444,3.5,[DB2002b] G0.35-2.88,,,,,,
FeSt 2-305,262.425,-26.28833,6,[DB2002b] G0.35+4.39,,,,,,
LDN 9,257.50417,-23.22861,16,[DB2002b] G0.36+9.81,,,,,,
Sandqvist  42,287.56667,-37.12444,14,[DB2002b] G0.37-19.47,FeSt 2-306,HMST 0.4-19.5,[VMF2000] CoA 7,,,
LDN 12,269.55,-30.12056,3.5,[DB2002b] G0.38-2.96,,,,,,
LDN 13,256,-22.16889,7,[DB2002b] G0.42+11.55,,,,,,
Barnard 57,257.12917,-22.89722,8,[DB2002b] G0.43+10.28,LDN 11,[CB88] 72,P 2,,,
Barnard 51,256.17083,-22.2725,19,[DB2002b] G0.43+11.37,LDN 15,P 3,,,,
LDN 16,259.00833,-24.05472,21,[DB2002b] G0.48+8.2,,,,,,
LDN 19,262.275,-26.03917,48,[DB2002b] G0.49+4.64,,,,,,
LDN 18,257.25417,-22.89639,6,[DB2002b] G0.5+10.19,,,,,,
LDN 17,257,-22.73083,38,[DB2002b] G0.5+10.47,,,,,,
FeSt 1-452,256.75,-22.54889,55,[DB2002b] G0.52+10.77,,,,,,
Barnard 52,256.29167,-22.21556,7,[DB2002b] G0.54+11.31,FeSt 2-308,[CB88] 71,,,,
FeSt 2-307,257.32917,-22.87944,6,[DB2002b] G0.55+10.15,,,,,,
LDN 20,257.125,-22.73028,13,[DB2002b] G0.57+10.38,,,,,,
LDN 21,262.27083,-25.93917,9,[DB2002b] G0.57+4.7,,,,,,
DB IRDN2,267.58333,-28.88333,19,[DB2002b] G0.58-0.86,,,,,,
Barnard 305,273.65417,-31.8,17,[DB2002b] G0.6-6.85,,,,,,
LDN 22,251.72917,-18.92222,32,[DB2002b] G0.65+16.7,,,,,,
FeSt 2-309,271.35417,-30.67861,6,[DB2002b] G0.65-4.59,,,,,,
Barnard 264,261.85417,-25.5625,11,[DB2002b] G0.68+5.22,,,,,,
LDN 24,259.38333,-24.01972,4,[DB2002b] G0.7+7.94,,,,,,
LDN 23,259.30833,-23.97,3,[DB2002b] G0.71+8.03,,,,,,
LDN 25,263.14583,-26.26833,4,[DB2002b] G0.72+3.86,P 4,,,,,
FeSt 2-310,259.9125,-24.30056,6,[DB2002b] G0.74+7.39,,,,,,
HMST 0.8-22.9,291.77917,-37.83861,16,[DB2002b] G0.79-22.87,,,,,,
LDN 26,271.30417,-30.49556,11,[DB2002b] G0.79-4.46,,,,,,
LDN 29,271.70417,-30.62694,10,[DB2002b] G0.85-4.83,,,,,,
LDN 27,246.95833,-15.11028,112,[DB2002b] G0.85+22.64,,,,,,
LDN 28,259.7625,-24.05111,90,[DB2002b] G0.87+7.64,,,,,,
LDN 30,258.25417,-23.05833,28,[DB2002b] G0.91+9.34,,,,,,
FeSt 2-311,288.59583,-36.86472,16,[DB2002b] G0.93-20.16,HMST 0.9-20.2,[VMF2000] CoA 9,,,,
Barnard 246,257.75,-22.64417,18,[DB2002b] G0.98+9.96,LDN 32,,,,,
DIR 001-22,290.8,-37.39194,300,[DB2002b] G1-22,,,,,,
G1.0+26.0,244.35,-12.89667,35,[DB2002b] G1+26,,,,,,
LDN 31,252.64167,-19.13056,16,[DB2002b] G1.01+15.89,[CB88] 67,P 5,,,,
Barnard 265,261.89167,-25.1575,9,[DB2002b] G1.03+5.42,FeSt 2-312,,,,,
LDN 33,250.34583,-17.42861,34,[DB2002b] G1.05+18.65,,,,,,
FeSt 1-453,289.0625,-36.86083,29,[DB2002b] G1.07-20.52,,,,,,
Barnard 267,262.16667,-25.27083,8,[DB2002b] G1.08+5.15,LDN 36,[CB88] 88,,,,
LDN 34,267.0375,-28.01611,300,[DB2002b] G1.08+0,,,,,,
Barnard 289,269.11667,-29.07278,16,[DB2002b] G1.1-2.11,LDN 35,,,,,
LDN 37,260.00833,-23.88333,7,[DB2002b] G1.14+7.55,,,,,,
Barnard 298,271.29583,-30.08333,6,[DB2002b] G1.15-4.25,LDN 41,,,,,
LDN 40,269.29167,-29.07194,10,[DB2002b] G1.17-2.24,,,,,,
HMST 1.2-23.1,292.24583,-37.57472,5,[DB2002b] G1.18-23.14,[VMF2000] CoA  11,,,,,
FeSt 2-313,269.01667,-28.92333,6,[DB2002b] G1.18-1.95,,,,,,
LDN 39,258.02083,-22.54722,7,[DB2002b] G1.19+9.93,,,,,,
[LM99] 189,248.47917,-15.8625,22,[DB2002b] G1.2+21.02,LDN 43F,,,,,
Barnard 60,257.95417,-22.47667,9,[DB2002b] G1.23+9.9,LDN 38,[CB88] 74,,,,
LDN 42,263.27083,-25.70111,72,[DB2002b] G1.26+4.08,FeSt 1-454,,,,,
LDN 44,260.00833,-23.71667,11,[DB2002b] G1.28+7.64,,,,,,
LDN 45,262.77083,-25.37,35,[DB2002b] G1.29+4.64,,,,,,
FeSt 1-455,262.39167,-25.15528,77,[DB2002b] G1.3+5.03,,,,,,
P 6,248.58333,-15.81833,21,[DB2002b] G1.3+20.97,[LM99] 190,LDN 43D,,,,
Pipe Bowl,263.17917,-25.6,180,[DB2002b] G1.31+4.2,Barnard 78,,,,,
LDN 46,258.25,-22.55833,35,[DB2002b] G1.32+9.63,,,,,,
Barnard 73,261.04583,-24.3,2,[DB2002b] G1.33+6.53,,,,,,
FeSt 2-314,289.1375,-36.61611,5,[DB2002b] G1.33-20.49,[LM99] 293,,,,,
HMST 1.3-20.5,289.1,-36.60556,14,[DB2002b] G1.33-20.46,[VMF2000] CoA  10,,,,,
LDN 48,269.54167,-29.00389,149,[DB2002b] G1.34-2.4,,,,,,
LDN 49,270.54583,-29.49917,61,[DB2002b] G1.35-3.4,,,,,,
IREC 2,283.59583,-34.87667,92,[DB2002b] G1.36-15.67,,,,,,
Barnard 76,261.2625,-24.37722,8,[DB2002b] G1.37+6.32,LDN 50,,,,,
LDN 47,252.47917,-18.58528,32,[DB2002b] G1.37+16.34,,,,,,
MLB 57,248.6625,-15.78389,21,[DB2002b] G1.38+20.93,[LM99] 192,LDN 43E,,,,
LDN 43,248.6375,-15.76944,45,[DB2002b] G1.38+20.96,BDN1.38+20.96,,,,,
HMST 1.4-21.6,290.42917,-36.91806,40,[DB2002b] G1.38-21.57,,,,,,
MLB 55,248.625,-15.76056,5,[DB2002b] G1.38+20.98,LDN 43B,,,,,
LDN 52,263.05833,-25.42472,5,[DB2002b] G1.39+4.39,[CB88] 89,P 7,,,,
Barnard 71,260.78333,-24.0125,2,[DB2002b] G1.43+6.89,LDN 53,,,,,
LDN 51,258.15,-22.34222,11,[DB2002b] G1.45+9.83,,,,,,
Barnard 70,260.87083,-24.04194,3,[DB2002b] G1.45+6.81,LDN 54,P 8,,,,
Barnard 69,260.74167,-23.955,3,[DB2002b] G1.46+6.96,LDN 55,P 9,,,,
Barnard 74,261.2625,-24.21083,9,[DB2002b] G1.51+6.42,[CB88] 87,,,,,
Barnard 68,260.6625,-23.83444,5,[DB2002b] G1.52+7.08,LDN 57,[CB88] 82,P 10,[LM99] 235,,
HMST 1.5-24.0,293.35833,-37.51472,4,[DB2002b] G1.53-23.97,[VMF2000] CoA 13,,,,,
Barnard 255,260.15833,-23.45,5,[DB2002b] G1.57+7.69,LDN 59,,,,,
Barnard 253,258.75,-22.55583,50,[DB2002b] G1.59+9.25,LDN 56,FeSt 1-456,,,,
DIR 002-31,301.81667,-39.12389,75,[DB2002b] G1.6-30.8,,,,,,
LDN 58,262.61667,-24.92083,4,[DB2002b] G1.6+5,,,,,,
FeSt 2-316,261.1375,-24.01139,6,[DB2002b] G1.62+6.62,,,,,,
FeSt 1-457,263.77083,-25.56528,69,[DB2002b] G1.62+3.77,,,,,,
FeSt 2-315,271.19583,-29.51278,6,[DB2002b] G1.62-3.91,,,,,,
FeSt 1-458,273.40417,-30.50194,24,[DB2002b] G1.66-6.06,,,,,,
LDN 60,258,-21.97611,11,[DB2002b] G1.67+10.16,,,,,,
HMST 1.7-23.8,293.22917,-37.31194,3,[DB2002b] G1.71-23.81,[VMF2000] CoA 12,,,,,
2MASS-DN1.7+3.6,263.94583,-25.55306,4,[DB2002b] G1.71+3.65,,,,,,
LDN 61,262.84167,-24.91972,5.5,[DB2002b] G1.71+4.83,,,,,,
LDN 66,260.8875,-23.675,6,[DB2002b] G1.77+7,[CB88] 84,P 13,[LM99] 236,,,
LDN 62,252.475,-18.08528,79,[DB2002b] G1.79+16.64,,,,,,
[CB88] 85,260.99583,-23.7025,6,[DB2002b] G1.8+6.9,[LM99] 237,,,,,
[CB88] 83,260.75833,-23.56417,10,[DB2002b] G1.8+7.16,,,,,,
P 11,252.52083,-18.08306,6,[DB2002b] G1.82+16.61,[LM99] 217,LDN 63-2,,,,
LDN 64,265.025,-26.02583,60,[DB2002b] G1.83+2.57,,,,,,
[LM99] 218,252.5625,-18.09972,6,[DB2002b] G1.83+16.56,LDN 63-1,,,,,
LDN 63,252.53333,-18.06861,12,[DB2002b] G1.84+16.6,,,,,,
Barnard 72,260.90833,-23.59167,27,[DB2002b] G1.85+7.03,The Snake,,,,,
[LM99] 216,252.52083,-17.98278,5,[DB2002b] G1.9+16.67,LDN 63-3,,,,,
[LM99] 215,252.42917,-17.91556,3,[DB2002b] G1.9+16.78,LDN 63-4,,,,,
FeSt 1-459,259.52917,-22.66889,54,[DB2002b] G1.92+8.59,,,,,,
P 12,258.47083,-21.92833,6,[DB2002b] G1.96+9.82,,,,,,
LDN 65,258.47083,-21.92833,18,[DB2002b] G1.96+9.82,LDN 67,,,,,
[CB88] 102,268.67917,-27.83222,9,[DB2002b] G1.97-1.15,,,,,,
LDN 68,271.77083,-29.35972,5,[DB2002b] G1.99-4.27,,,,,,
[CB88] 86,261.2125,-23.59917,10,[DB2002b] G2+6.8,,,,,,
Barnard 77,262.0125,-24.04028,85,[DB2002b] G2.03+5.94,LDN 69,,,,,
Barnard 294,270.35417,-28.60833,3,[DB2002b] G2.04-2.82,,,,,,
LDN 70,261.25833,-23.54389,6,[DB2002b] G2.07+6.79,,,,,,
FeSt 2-317,259.275,-22.28667,6,[DB2002b] G2.08+9.01,,,,,,
LDN 71,258.49583,-21.72389,23,[DB2002b] G2.15+9.92,,,,,,
LDN 74,264.47917,-25.27028,9,[DB2002b] G2.21+3.39,P 14,,,,,
LDN 72,260,-22.55,33,[DB2002b] G2.25+8.3,,,,,,
LDN 73,262.7625,-24.20333,32,[DB2002b] G2.27+5.28,,,,,,
LDN 75,272.04167,-29.15861,16,[DB2002b] G2.28-4.38,,,,,,
LDN 76,264.26667,-25.02944,44,[DB2002b] G2.31+3.68,,,,,,
MBM 34,237.5375,-5.85083,20,[DB2002b] G2.36+35.67,,,,,,
LDN 77,259.75,-22.25111,4,[DB2002b] G2.37+8.66,,,,,,
LDN 78,270.33333,-28.22083,3,[DB2002b] G2.37-2.61,,,,,,
Barnard 63,258.74583,-21.4725,45,[DB2002b] G2.49+9.87,LDN 79,,,,,
LDN 80,264.76667,-25.11056,4,[DB2002b] G2.49+3.25,,,,,,
Barnard 261,261.25417,-23.01056,8,[DB2002b] G2.52+7.08,LDN 81,,,,,
LDN 82,266.525,-26.01861,90,[DB2002b] G2.55+1.43,,,,,,
[CB88] 109,271.26667,-28.43167,3.5,[DB2002b] G2.59-3.43,SCHO741,,,,,
LDN 84,264.01667,-24.53083,34,[DB2002b] G2.61+4.14,,,,,,
LDN 83,248.57917,-14.26972,14,[DB2002b] G2.62+21.92,,,,,,
LDN 85,261.50417,-23.00944,11,[DB2002b] G2.64+6.89,,,,,,
LDN 86,260.25,-22.21556,15,[DB2002b] G2.66+8.3,,,,,,
LDN 87,259.64583,-21.80167,2,[DB2002b] G2.7+8.99,,,,,,
LDN 88,260.125,-22.04944,10,[DB2002b] G2.74+8.49,,,,,,
LDN 90,264.89167,-24.85972,11,[DB2002b] G2.76+3.29,,,,,,
LDN 89,259.62083,-21.70167,4,[DB2002b] G2.77+9.07,,,,,,
LDN 91,260.875,-22.4625,8,[DB2002b] G2.78+7.68,,,,,,
LDN 92,259.74583,-21.71778,4,[DB2002b] G2.82+8.96,,,,,,
Barnard 86,270.74167,-27.86889,5,[DB2002b] G2.85-2.75,LDN 93,[CB88] 107,,,,
Barnard 262,261.25,-22.6,30,[DB2002b] G2.86+7.32,,,,,,
LDN 94,259.99583,-21.76667,12,[DB2002b] G2.91+8.74,,,,,,
LDN 95,259.99583,-21.68333,6,[DB2002b] G2.98+8.79,,,,,,
LDN 96,272.0375,-28.32528,10,[DB2002b] G3.01-3.97,,,,,,
Barnard 62,259.04167,-20.98778,18,[DB2002b] G3.06+9.92,LDN 100,BDN 3.06+9.92,,,,
LDN 97,271.8375,-28.17611,6,[DB2002b] G3.06-3.75,,,,,,
LDN 104,259.02917,-20.95583,10,[DB2002b] G3.08+9.95,P 15,[LM99] 229,,,,
LDN 99,259.74583,-21.38444,18,[DB2002b] G3.1+9.15,,,,,,
LDN 101,260.45833,-21.80667,2.5,[DB2002b] G3.11+8.37,[CB88] 80,,,,,
FeSt 1-460,261.70417,-22.57528,143,[DB2002b] G3.11+6.97,,,,,,
FeSt 2-318,261.325,-22.32694,6,[DB2002b] G3.12+7.42,,,,,,
LDN 98,248.95417,-13.95139,6,[DB2002b] G3.13+21.83,,,,,,
Barnard 67a,260.58333,-21.86417,11,[DB2002b] G3.13+8.24,LDN 102,P 16,,,,
FeSt 1-461,268.77917,-26.52444,45,[DB2002b] G3.14-0.57,,,,,,
LDN 103,260.37083,-21.715,6,[DB2002b] G3.15+8.48,,,,,,
LDN 105,249.0625,-13.91389,2,[DB2002b] G3.23+21.77,,,,,,
LDN 107,261.5,-22.29278,9,[DB2002b] G3.25+7.29,,,,,,
Barnard 90,272.575,-28.30083,3,[DB2002b] G3.26-4.37,LDN 108,P 17,[LM99] 249,,,
LDN 106,249.11667,-13.91944,2,[DB2002b] G3.26+21.72,,,,,,
Barnard 61,258.74167,-20.51028,11,[DB2002b] G3.3+10.42,LDN 111,[CB88] 76,[LM99] 228,P 18,,
Barnard 83,264.7625,-24.11056,6,[DB2002b] G3.33+3.79,LDN 109,,,,,
Barnard 81,264.64167,-23.93056,1,[DB2002b] G3.43+3.98,,,,,,
Barnard 75,261.28333,-21.94722,11,[DB2002b] G3.43+7.64,LDN 112,,,,,
Barnard 251,258.45,-20.15,13,[DB2002b] G3.44+10.85,,,,,,
LDN 110,252.46667,-16.08528,36,[DB2002b] G3.47+17.84,,,,,,
LDN 113,264.6375,-23.86111,14,[DB2002b] G3.48+4.02,,,,,,
LDN 114,265.0125,-24.02583,42,[DB2002b] G3.53+3.64,FeSt 1-462,,,,,
Barnard 82,264.65833,-23.8,2,[DB2002b] G3.55+4.03,,,,,,
FeSt 2-319,264.28333,-23.57944,6,[DB2002b] G3.55+4.44,,,,,,
FeSt 2-320,272.05833,-27.69167,6,[DB2002b] G3.57-3.68,,,,,,
LDN 115,253.46667,-16.66417,23,[DB2002b] G3.57+16.72,,,,,,
LDN 116,271.63333,-27.49389,3,[DB2002b] G3.57-3.26,,,,,,
LDN 121,249.875,-14.0975,13,[DB2002b] G3.58+21.03,[CB88] 66,MLB58,[LM99] 196,MBM 142,,
LDN 117,261.24583,-21.71056,25,[DB2002b] G3.61+7.81,,,,,,
LDN 119,270.77917,-26.99806,35,[DB2002b] G3.63-2.35,,,,,,
Barnard 269,263.05417,-22.75,60,[DB2002b] G3.64+5.84,,,,,,
FeSt 1-463,264.35833,-23.52917,20,[DB2002b] G3.64+4.41,,,,,,
LDN 118,253.71667,-16.74639,14,[DB2002b] G3.65+16.47,,,,,,
LDN 122,253.825,-16.74583,7,[DB2002b] G3.71+16.39,P 19,[LM99] 223,,,,
Barnard 272,264.4,-23.41667,45,[DB2002b] G3.75+4.44,,,,,,
Barnard 299,271.57917,-27.25,8,[DB2002b] G3.75-3.1,LDN 120,,,,,
LDN 123,271.90833,-27.40917,3,[DB2002b] G3.76-3.43,,,,,,
LDN 124,273.2875,-27.98583,125,[DB2002b] G3.84-4.78,,,,,,
BDN3.85-1.07,269.6,-26.17028,50,[DB2002b] G3.85-1.07,,,,,,
LDN 125,264.00417,-23.03083,70,[DB2002b] G3.88+4.95,FeSt 1-466,,,,,
LDN 126,265.7625,-24.02222,36,[DB2002b] G3.89+3.06,,,,,,
[LM99] 221,253.7125,-16.44139,2.5,[DB2002b] G3.9+16.66,LDN 129-2,,,,,
LDN 127,272.03333,-27.30861,5,[DB2002b] G3.9-3.48,,,,,,
LDN 128,262.75,-22.20333,54,[DB2002b] G3.96+6.37,FeSt 1-464,,,,,
LDN 130,266.2625,-24.18639,33,[DB2002b] G3.99+2.58,,,,,,
Corona Australis-East DN Complex,295.975,-35.79694,180,[DB2002b] G4-25.5,,,,,,
LDN 129,253.77917,-16.36694,4,[DB2002b] G4+16.65,P 20,[LM99] 222,LDN 129-1,,,
LDN 131,261.24583,-21.21056,36,[DB2002b] G4.03+8.08,,,,,,
LDN 133,269.775,-26.00278,21,[DB2002b] G4.05-1.08,,,,,,
LDN 132,253.71667,-16.24639,14,[DB2002b] G4.07+16.77,,,,,,
LDN 136,262.25,-21.70583,23,[DB2002b] G4.12+7.03,,,,,,
LDN 135,270.54583,-26.29583,10,[DB2002b] G4.14-1.82,FeSt 2-321,,,,,
[CB88] 63,237.70417,-4.10389,11,[DB2002b] G4.16+36.64,,,,,,
LDN 134,238.40833,-4.64694,35,[DB2002b] G4.18+35.75,MBM 36,MLB 40,,,,
LDN 138,260.99167,-20.87861,61,[DB2002b] G4.18+8.46,,,,,,
LDN 137,252.7125,-15.4175,57,[DB2002b] G4.18+18.04,,,,,,
FeSt 1-467,271.07917,-26.49639,75,[DB2002b] G4.19-2.34,,,,,,
LDN 139,259.1875,-19.72056,20,[DB2002b] G4.2+10.52,,,,,,
LDN 140,268.26667,-25.01,60,[DB2002b] G4.22+0.59,,,,,,
[LM99] 219,252.725,-15.36611,7,[DB2002b] G4.23+18.06,LDN 141-2,,,,,
[LM99] 147,238.3625,-4.56417,5,[DB2002b] G4.23+35.84,LDN 134A,,,,,
LDN 141,252.7125,-15.25083,17,[DB2002b] G4.32+18.14,,,,,,
[LM99] 220,252.75833,-15.28528,7,[DB2002b] G4.32+18.08,LDN 141-3,,,,,
LDN 142,265.75833,-23.52222,73,[DB2002b] G4.32+3.32,,,,,,
LDN 143,272.52917,-27.06611,35,[DB2002b] G4.33-3.74,FeSt 1-468,,,,,
Barnard 274,264.51667,-22.73333,18,[DB2002b] G4.39+4.71,,,,,,
Barnard 277,265.12917,-23.02528,14,[DB2002b] G4.44+4.07,LDN 144,,,,,
LDN 147,271.025,-26.16333,13,[DB2002b] G4.46-2.14,,,,,,
[LM99] 224,253.9875,-15.95111,12,[DB2002b] G4.48+16.73,[CB88] 68-3,,,,,
LDN 145,248.82083,-12.26861,23,[DB2002b] G4.49+22.95,,,,,,
LDN 146,254.09167,-15.99444,16,[DB2002b] G4.5+16.62,,,,,,
[CB88] 68,254.33333,-16.14611,4.5,[DB2002b] G4.51+16.35,[LM99] 226,[CB88] 68-1,,,,
[LM99] 225,254.21667,-16.03056,3,[DB2002b] G4.54+16.5,[CB88] 68-2,,,,,
Barnard 266,261.74167,-20.875,40,[DB2002b] G4.57+7.88,LDN 149,,,,,
LDN 148,251.60417,-14.17278,7,[DB2002b] G4.58+19.64,,,,,,
Barnard 281,266.69583,-23.71667,45,[DB2002b] G4.6+2.49,,,,,,
LDN 151,271.525,-26.16111,38,[DB2002b] G4.68-2.53,,,,,,
LDN 150,269.26667,-25.00528,225,[DB2002b] G4.68-0.19,FeSt 1-465,,,,,
LDN 153,265.00417,-22.60917,43,[DB2002b] G4.73+4.39,,,,,,
FeSt 2-322,271.825,-26.25944,6,[DB2002b] G4.73-2.8,,,,,,
LDN 152,252.45833,-14.58528,61,[DB2002b] G4.74+18.72,,,,,,
LDN 154,265.50417,-22.85694,42,[DB2002b] G4.76+3.87,,,,,,
LDN 155,264.5,-22.27833,76,[DB2002b] G4.76+4.96,,,,,,
LDN 157,272.275,-26.40722,5.5,[DB2002b] G4.8-3.24,,,,,,
P 21,251.71667,-13.97944,8,[DB2002b] G4.81+19.66,[LM99] 201,LDN 158-2,,,,
LDN 156,249.32083,-12.26639,21,[DB2002b] G4.81+22.56,,,,,,
LDN 159,267.13333,-23.68222,16,[DB2002b] G4.83+2.16,,,,,,
LDN 160,266.25833,-23.18667,14,[DB2002b] G4.84+3.11,,,,,,
LDN 161,267.7625,-24.0125,21,[DB2002b] G4.85+1.5,,,,,,
CG 11 DN,295.15833,-34.79333,16,[DB2002b] G4.85-24.57,HMST 4.9-24.6,,,,,
CG 11 Head DN,295.1625,-34.79333,2.5,[DB2002b] G4.85-24.58,BHR 169,,,,,
LDN 158,251.95417,-14.08778,15,[DB2002b] G4.86+19.41,,,,,,
[LM99] 211,252.1,-14.14222,8,[DB2002b] G4.9+19.27,LDN 158-3,,,,,
LDN 163,252.45417,-14.33528,11,[DB2002b] G4.95+18.87,,,,,,
LDN 162,252.2625,-14.17806,17,[DB2002b] G4.97+19.12,P 22,,,,,
[LM99] 213,252.3,-14.17611,7,[DB2002b] G4.99+19.09,[LM99] 214,LDN 158-4,LDN 162-1,,,
LDN 164,264.25,-21.86278,15,[DB2002b] G4.99+5.38,,,,,,
FeSt 2-323,267.12083,-23.44167,5,[DB2002b] G5.03+2.3,,,,,,
Barnard 282,267.15,-23.45,20,[DB2002b] G5.04+2.27,,,,,,
LDN 165,274.02917,-26.98222,14,[DB2002b] G5.04-4.89,,,,,,
IREC 3,238.12083,-3.52694,180,[DB2002b] G5.05+36.67,,,,,,
MBM 57,242.77083,-7.06222,20,[DB2002b] G5.1+30.84,,,,,,
LDN 166,270.52083,-25.16583,5.5,[DB2002b] G5.11-1.25,,,,,,
LDN 167,271.52083,-25.66111,23,[DB2002b] G5.12-2.28,,,,,,
LDN 168,263.24583,-21.03444,62,[DB2002b] G5.2+6.61,,,,,,
LDN 171,270.77083,-25.16472,34,[DB2002b] G5.22-1.44,,,,,,
LDN 170,266.75833,-23.0175,61,[DB2002b] G5.23+2.8,FeSt 1-469,,,,,
LDN 169,238.15,-3.31472,56,[DB2002b] G5.28+36.77,LDN 134N,,,,,
Barnard 64,259.3375,-18.51583,10,[DB2002b] G5.3+11.07,LDN 173,[CB88] 78,P 23,[LM99] 230,,
Barnard 279,266.1375,-22.55,60,[DB2002b] G5.32+3.53,,,,,,
LDN 172,264.5,-21.61167,10,[DB2002b] G5.33+5.32,,,,,,
LDN 174,264.75,-21.69389,8.5,[DB2002b] G5.38+5.08,,,,,,
LDN 176,272.525,-25.82278,33,[DB2002b] G5.42-3.15,,,,,,
LDN 175,259.57917,-18.51861,8,[DB2002b] G5.43+10.88,,,,,,
Barnard 259,260.73333,-19.21306,20,[DB2002b] G5.45+9.58,LDN 177,,,,,
Barnard 268,262.99167,-20.53556,60,[DB2002b] G5.49+7.08,LDN 178,,,,,
LDN 179,260.98333,-19.29528,13,[DB2002b] G5.51+9.34,,,,,,
FeSt 1-470,269.3125,-24.03833,69,[DB2002b] G5.53+0.27,,,,,,
FeSt 1-471,270.19167,-24.50083,60,[DB2002b] G5.54-0.66,,,,,,
Barnard 80,264.425,-21.28667,3,[DB2002b] G5.57+5.55,,,,,,
LDN 181,277.7875,-28.08083,5.5,[DB2002b] G5.59-8.35,,,,,,
LDN 182,263.24167,-20.53444,63,[DB2002b] G5.62+6.88,,,,,,
MBM 37,238.47917,-3.14694,75,[DB2002b] G5.7+36.62,,,,,,
LDN 183,238.475,-3.14667,30,[DB2002b] G5.7+36.62,LDN 184,,,,,
LDN 185,262.99167,-20.28556,20,[DB2002b] G5.7+7.22,,,,,,
LDN 187,273.02083,-25.73694,50,[DB2002b] G5.71-3.5,,,,,,
LDN 186,266,-22.02111,33,[DB2002b] G5.72+3.92,,,,,,
LDN 180,271.14167,-24.75444,120,[DB2002b] G5.74-1.54,FeSt 1-472,,,,,
LDN 188,268.25833,-23.17694,33,[DB2002b] G5.8+1.53,,,,,,
FeSt 2-324,272.84583,-25.52111,6,[DB2002b] G5.82-3.27,,,,,,
Barnard 296,271.01667,-24.53333,4,[DB2002b] G5.88-1.33,,,,,,
LDN 189,265.75,-21.68889,46,[DB2002b] G5.88+4.29,,,,,,
[LM99] 206,251.95833,-12.88167,2,[DB2002b] G5.91+20.11,LDN 191-2,,,,,
LDN 190,252.075,-12.92056,9,[DB2002b] G5.94+20,,,,,,
IREC 4,248.77083,-10.56917,493,[DB2002b] G5.95+24,,,,,,
LDN 192,262.7375,-19.78694,32,[DB2002b] G6+7.68,,,,,,
LDN 193,263.99167,-20.53083,19,[DB2002b] G6+6.29,,,,,,
LDN 191,251.95,-12.75444,24,[DB2002b] G6.01+20.2,,,,,,
FeSt 2-325,270.8125,-24.26444,6,[DB2002b] G6.02-1.04,,,,,,
MLB41,238.49583,-2.82583,7,[DB2002b] G6.03+36.8,[LM99] 148,,,,,
LDN 194,273.27083,-25.48583,34,[DB2002b] G6.04-3.58,,,,,,
[LM99] 205,251.95,-12.66639,6,[DB2002b] G6.09+20.25,LDN 191-1,,,,,
Barnard 89,271.24583,-24.38056,2,[DB2002b] G6.12-1.43,,,,,,
Barnard 306,273.97083,-25.7325,4,[DB2002b] G6.12-4.25,LDN 195,,,,,
FeSt 1-473,271.0375,-24.28,48,[DB2002b] G6.12-1.22,,,,,,
LDN 196,272.51667,-24.98944,3,[DB2002b] G6.15-2.74,,,,,,
LDN 197,273.27083,-25.33583,7,[DB2002b] G6.17-3.51,,,,,,
LDN 198,273.39583,-25.36861,6,[DB2002b] G6.19-3.62,,,,,,
FeSt 1-474,272.97083,-25.10389,57,[DB2002b] G6.24-3.17,,,,,,
G6.2+24.5,248.525,-10.05333,30,[DB2002b] G6.25+24.5,,,,,,
LDN 199,273.77083,-25.45,2,[DB2002b] G6.28-3.96,,,,,,
LDN 200,272.51667,-24.82278,62,[DB2002b] G6.29-2.66,,,,,,
Barnard 88,271.14583,-24.1,2.7,[DB2002b] G6.3-1.23,,,,,,
Barnard 270,263.11667,-19.65,14,[DB2002b] G6.31+7.46,,,,,,
[LM99] 202,251.82917,-12.32556,6,[DB2002b] G6.31+20.54,LDN 204C-1,,,,,
[LM99] 204,251.94583,-12.38889,4,[DB2002b] G6.32+20.41,LDN 204C-2,,,,,
LDN 201,275.025,-25.97722,111.4,[DB2002b] G6.35-5.2,,,,,,
IREC 5,343.5625,-35.795,83,[DB2002b] G6.42-63.67,,,,,,
FeSt 1-475,268.07917,-22.32778,49,[DB2002b] G6.44+2.12,,,,,,
IREC 6,326.2125,-37.19611,45,[DB2002b] G6.44-49.67,,,,,,
LDN 203,273.59583,-25.1675,4,[DB2002b] G6.45-3.68,,,,,,
LDN 202,264.61667,-20.36111,21,[DB2002b] G6.46+5.88,,,,,,
LDN 204,251.925,-12.10472,22,[DB2002b] G6.56+20.59,P 24,,,,,
MBM 35,237.69583,-1.68333,20,[DB2002b] G6.56+38.13,,,,,,
LDN 205,276.525,-26.38667,10,[DB2002b] G6.6-6.59,,,,,,
LDN 206,262.73333,-19.03694,113,[DB2002b] G6.64+8.09,,,,,,
FeSt 1-476,270.70833,-23.44833,20,[DB2002b] G6.68-0.55,,,,,,
Barnard 280,266.24583,-21.02,85,[DB2002b] G6.69+4.24,LDN 207,,,,,
LDN 208,273.26667,-24.6525,11,[DB2002b] G6.77-3.18,,,,,,
LDN 209,264.4875,-19.86167,7,[DB2002b] G6.82+6.25,,,,,,
LDN 212,272.7625,-24.32167,18,[DB2002b] G6.84-2.62,,,,,,
FeSt 1-477,272.3125,-24.09056,32,[DB2002b] G6.84-2.15,,,,,,
FeSt 1-478,269.35417,-22.55472,34,[DB2002b] G6.85+0.97,,,,,,
Barnard 303,272.37083,-24.005,2,[DB2002b] G6.94-2.15,LDN 210,,,,,
LDN 211,272.41667,-24.02083,5,[DB2002b] G6.95-2.19,,,,,,
LDN 213,272.3,-23.96333,1,[DB2002b] G6.95-2.07,,,,,,
Barnard 302,272.30833,-23.96667,30,[DB2002b] G6.95-2.08,,,,,,
LDN 215,269.50417,-22.50417,178,[DB2002b] G6.96+0.88,,,,,,
Barnard 79,264.46667,-19.66194,30,[DB2002b] G6.98+6.37,,,,,,
[CB88] 90,264.6125,-19.74194,2,[DB2002b] G6.98+6.22,,,,,,
LDN 216,264.46667,-19.66194,8,[DB2002b] G6.98+6.37,P 25,,,,,
Barnard 85,270.58333,-23.03194,7,[DB2002b] G6.99-0.24,,,,,,
LDN 214,272.28333,-23.88278,1.5,[DB2002b] G7.01-2.02,,,,,,
FeSt 2-326,272.1375,-23.80806,6,[DB2002b] G7.01-1.87,,,,,,
LDN 221,272.5125,-23.98944,80,[DB2002b] G7.02-2.26,BDN 7.02-2.26,,,,,
LDN 219,264.8375,-19.82278,17,[DB2002b] G7.02+5.99,P 26,,,,,
LDN 217,277.025,-26.13444,6,[DB2002b] G7.03-6.87,,,,,,
Barnard 276,264.9125,-19.81667,45,[DB2002b] G7.06+5.93,,,,,,
LDN 218,268.75,-21.97444,10,[DB2002b] G7.06+1.75,,,,,,
FeSt 1-479,272.6125,-23.95556,26,[DB2002b] G7.09-2.32,,,,,,
LDN 220,262.72917,-18.47028,5,[DB2002b] G7.12+8.4,,,,,,
FeSt 2-327,270.88333,-22.96417,6,[DB2002b] G7.19-0.44,,,,,,
[CB88] 91,264.8875,-19.61,4.5,[DB2002b] G7.23+6.06,,,,,,
FeSt 1-480,271.63333,-23.31056,60,[DB2002b] G7.23-1.22,,,,,,
LDN 224,272.13333,-23.49139,7,[DB2002b] G7.29-1.71,,,,,,
LDN 223,265.2125,-19.725,2,[DB2002b] G7.29+5.74,[CB88] 93,P 28,,,,
Barnard 91,272.52917,-23.68333,5,[DB2002b] G7.29-2.12,,,,,,
LDN 222,265.34583,-19.79417,2,[DB2002b] G7.3+5.6,[CB88] 94,P 27,,,,
LDN 227,272.50833,-23.65611,13,[DB2002b] G7.31-2.09,,,,,,
LDN 225,263.22917,-18.53444,18,[DB2002b] G7.32+7.96,,,,,,
LDN 226,265.18333,-19.66444,4.5,[DB2002b] G7.33+5.8,[CB88] 92,P 29,,,,
LDN 230,272.25833,-23.4575,3,[DB2002b] G7.37-1.8,,,,,,
LDN 228,265.21667,-19.625,2.5,[DB2002b] G7.38+5.79,P 30,,,,,
[CB88] 98,266.75417,-20.50806,3.5,[DB2002b] G7.38+4.1,,,,,,
LDN 231,265.11667,-19.57139,1,[DB2002b] G7.38+5.9,P 32,,,,,
LDN 229,265.09583,-19.54639,2,[DB2002b] G7.39+5.93,P 31,,,,,
LDN 232,271.25417,-22.82889,17.6,[DB2002b] G7.47-0.68,,,,,,
Barnard 84,266.59167,-20.18889,25,[DB2002b] G7.53+4.35,,,,,,
[CB88] 97,266.69583,-20.27694,7,[DB2002b] G7.55+4.26,,,,,,
[CB88] 99,266.7625,-20.29528,2,[DB2002b] G7.56+4.2,,,,,,
LDN 236,276.52083,-25.30333,10,[DB2002b] G7.57-6.09,,,,,,
LDN 235,266.55833,-20.16861,13,[DB2002b] G7.57+4.43,P 34,,,,,
LDN 237,270.25,-22.16722,43,[DB2002b] G7.59+0.45,FeSt 1-481,,,,,
Barnard 83a,266.3375,-20.00861,4,[DB2002b] G7.6+4.69,LDN 233,[CB88] 95,P 33,,,
LDN 234,252.19167,-11.08667,71,[DB2002b] G7.61+20.96,,,,,,
[LM99] 208,252.0375,-10.95694,11,[DB2002b] G7.63+21.16,LDN 234E1,,,,,
[CB88] 96,266.59583,-20.10056,2,[DB2002b] G7.65+4.44,,,,,,
Barnard 98,278.32917,-26.02833,5,[DB2002b] G7.66-7.87,LDN 239,FeSt 2-328,[CB88] 148,P 35,[LM99] 277,
LDN 238,248.92917,-8.76806,14,[DB2002b] G7.66+24.93,,,,,,
FeSt 2-329,273.25833,-23.61917,6,[DB2002b] G7.68-2.67,,,,,,
[LM99] 209,252.0375,-10.86444,11,[DB2002b] G7.71+21.22,LDN 234E2,,,,,
LDN 240,279.275,-26.37361,9,[DB2002b] G7.73-8.79,,,,,,
FeSt 1-482,273.45833,-23.635,24,[DB2002b] G7.75-2.84,,,,,,
LDN 242,273.03333,-23.40361,6,[DB2002b] G7.76-2.39,,,,,,
LDN 241,272.88333,-23.32111,9,[DB2002b] G7.77-2.23,,,,,,
[LM99] 212,252.14583,-10.84944,3.5,[DB2002b] G7.79+21.14,LDN 234E3,,,,,
FeSt 1-483,272.83333,-23.27139,77,[DB2002b] G7.79-2.17,,,,,,
LDN 243,273.00833,-23.32056,43,[DB2002b] G7.83-2.33,,,,,,
LDN 244,252.94167,-11.24972,18,[DB2002b] G7.92+20.27,,,,,,
LDN 245,277.77083,-25.46417,40,[DB2002b] G7.94-7.17,,,,,,
LDN 246,266.2375,-19.52,190,[DB2002b] G7.98+5.02,,,,,,
LDN 247,276.01667,-24.55583,11,[DB2002b] G8.03-5.34,,,,,,
FeSt 1-484,279.22083,-25.99056,66,[DB2002b] G8.04-8.57,,,,,,
LDN 248,279.02083,-25.79139,14,[DB2002b] G8.15-8.33,,,,,,
[CB88] 113,272.60417,-22.73972,12,[DB2002b] G8.15-1.73,,,,,,
MBM 38,239.92083,-1.69083,30,[DB2002b] G8.22+36.34,,,,,,
FeSt 1-485,272.87917,-22.77111,34,[DB2002b] G8.25-1.98,,,,,,
LDN 250,275.8375,-24.14,3,[DB2002b] G8.32-5,,,,,,
LDN 249,272.50417,-22.48944,26,[DB2002b] G8.33-1.53,,,,,,
LDN 251,277.26667,-24.79972,26,[DB2002b] G8.33-6.46,,,,,,
[CB88] 116,273.0875,-22.75611,3.5,[DB2002b] G8.35-2.12,,,,,,
HMST 8.4-47.1,323.1,-35.85667,6,[DB2002b] G8.38-47.14,,,,,,
Barnard 309,275.78333,-24.01667,5,[DB2002b] G8.41-4.9,LDN 252,FeSt 2-330,,,,
LDN 253,280.02083,-25.95333,50,[DB2002b] G8.41-9.21,,,,,,
[CB88] 114,273.05833,-22.67222,3.5,[DB2002b] G8.42-2.06,,,,,,
[LM99] 210,252.06667,-10.06694,5,[DB2002b] G8.43+21.65,LDN 255-2,,,,,
LDN 254,267.4875,-19.68056,29,[DB2002b] G8.44+3.93,,,,,,
LDN 256,273.75833,-22.98333,37,[DB2002b] G8.45-2.78,,,,,,
LDN 255,251.94583,-9.91278,7,[DB2002b] G8.5+21.83,P 36,[LM99] 207,LDN 255-1,,,
LDN 257,272.75417,-22.405,16,[DB2002b] G8.52-1.69,,,,,,
LDN 258,266.23333,-18.85333,26,[DB2002b] G8.55+5.37,,,,,,
[CB88] 64,240.04167,-1.44556,4.5,[DB2002b] G8.56+36.38,,,,,,
LDN 259,276.2625,-23.98806,9,[DB2002b] G8.64-5.28,,,,,,
LDN 260,251.82083,-9.6175,16,[DB2002b] G8.69+22.1,,,,,,
MLB 59,251.82083,-9.58778,7.5,[DB2002b] G8.71+22.12,P 37,[LM99] 203,,,,
LDN 261,263.975,-17.1975,31,[DB2002b] G8.84+8.07,,,,,,
LDN 263,279.01667,-24.95806,94,[DB2002b] G8.91-7.95,,,,,,
LDN 262,270.775,-20.86889,9,[DB2002b] G8.96+0.67,[CB88] 108,P 38,,,,
HMST 9.0-46.5,322.35833,-35.40889,8,[DB2002b] G8.98-46.51,,,,,,
FeSt 2-331,277.1375,-24.00056,6,[DB2002b] G9-5.99,,,,,,
LDN 264,267.23333,-18.84833,23,[DB2002b] G9.04+4.56,,,,,,
IREC 7,303.49167,-32.83444,100,[DB2002b] G9.09-30.72,DIR 009-30,,,,,
LDN 265,274.25417,-22.48111,35,[DB2002b] G9.11-2.94,,,,,,
LDN 266,277.7625,-24.13083,39,[DB2002b] G9.14-6.56,,,,,,
LDN 267,275.88333,-23.13972,4,[DB2002b] G9.23-4.58,LDN 268,,,,,
LDN 269,277.3875,-23.79917,12,[DB2002b] G9.28-6.11,,,,,,
LDN 271,272.74583,-21.32167,8,[DB2002b] G9.46-1.16,,,,,,
LDN 270,267.22917,-18.34833,40,[DB2002b] G9.47+4.82,,,,,,
LDN 272,274.5,-22.14639,16,[DB2002b] G9.51-2.99,,,,,,
Barnard 308,274.78333,-22.23333,8,[DB2002b] G9.56-3.26,,,,,,
LDN 273,266.1,-17.60389,5,[DB2002b] G9.56+6.12,,,,,,
LDN 274,272.32083,-20.95694,9,[DB2002b] G9.59-0.64,,,,,,
LDN 275,272.99583,-21.18722,2,[DB2002b] G9.69-1.3,,,,,,
LDN 276,265.975,-17.35444,12,[DB2002b] G9.71+6.35,,,,,,
LDN 277,266.35,-17.48611,4,[DB2002b] G9.78+5.98,,,,,,
MBM 45,300.6125,-31.52667,60,[DB2002b] G9.8-28.02,,,,,,
LDN 279,268.23333,-18.51028,41,[DB2002b] G9.81+3.92,,,,,,
LDN 278,254.6875,-10.24167,64,[DB2002b] G9.83+19.41,,,,,,
LDN 281,271.24167,-19.99556,68,[DB2002b] G9.94+0.72,,,,,,
FeSt 1-486,282.94167,-25.52278,26,[DB2002b] G9.95-11.41,,,,,,
LDN 282,273.24583,-20.98583,14,[DB2002b] G9.98-1.41,,,,,,
LDN 280,254.6875,-10.075,30,[DB2002b] G9.98+19.51,,,,,,
IREC 8,216.1125,15.8625,89,[DB2002b] G10.12+65.67,,,,,,
LDN 283,264.71667,-16.02722,131,[DB2002b] G10.23+8.07,,,,,,
LDN 284,279.00833,-23.45806,27,[DB2002b] G10.26-7.28,,,,,,
LDN 286,270.48333,-19.16583,20,[DB2002b] G10.31+1.74,,,,,,
LDN 285,268.97917,-18.34,28,[DB2002b] G10.32+3.39,,,,,,
HMST 10.4-46.6,322.575,-34.45833,12,[DB2002b] G10.38-46.63,,,,,,
LDN 288,269.48333,-18.50417,13,[DB2002b] G10.41+2.9,,,,,,
LDN 287,260.70417,-13.37972,24,[DB2002b] G10.43+12.77,,,,,,
HMST 10.5-47.1,323.175,-34.43139,3,[DB2002b] G10.48-47.12,,,,,,
LDN 289,270.23333,-18.83389,10,[DB2002b] G10.48+2.11,,,,,,
LDN 290,265.71667,-16.0225,69,[DB2002b] G10.73+7.25,,,,,,
LDN 291,274.99583,-20.9775,31,[DB2002b] G10.76-2.84,,,,,,
LDN 292,269.42917,-18.00444,13,[DB2002b] G10.82+3.19,,,,,,
LDN 293,269.47917,-18.00417,85,[DB2002b] G10.85+3.15,,,,,,
LDN 294,278,-22.29611,3,[DB2002b] G10.88-5.93,,,,,,
LDN 295,278.2,-22.34528,3,[DB2002b] G10.92-6.12,,,,,,
Barnard 297,271,-18.73333,75,[DB2002b] G10.93+1.53,,,,,,
LDN 297,281.75833,-23.945,25,[DB2002b] G10.93-9.76,,,,,,
LDN 296,278.125,-22.29556,3,[DB2002b] G10.94-6.03,,,,,,
LDN 298,269.72917,-18.00306,20,[DB2002b] G10.97+2.94,,,,,,
LDN 299,255.18333,-9.23944,27,[DB2002b] G11+19.56,,,,,,
LDN 300,282.7625,-24.27361,37,[DB2002b] G11.03-10.72,,,,,,
LDN 301,278.85417,-22.49222,8,[DB2002b] G11.06-6.72,,,,,,
Barnard 84a,269.37917,-17.67139,14,[DB2002b] G11.09+3.4,LDN 302,,,,,
LDN 303,271.98333,-18.99194,255,[DB2002b] G11.16+0.59,,,,,,
FeSt 1-487,282.43333,-23.80833,80,[DB2002b] G11.32-10.26,IREC 9,,,,,
LDN 306,275.88333,-20.76056,8,[DB2002b] G11.34-3.47,[CB88] 135,,,,,
LDN 304,278.75,-22.12611,9,[DB2002b] G11.35-6.47,,,,,,
MBM 39,241.4875,0.3325,30,[DB2002b] G11.39+36.22,,,,,,
LDN 307,271.52083,-18.45278,6,[DB2002b] G11.41+1.24,[CB88] 110,P 39,,,,
Barnard 301,272.20833,-18.7,30,[DB2002b] G11.51+0.55,,,,,,
LDN 309,277.74583,-21.46417,7,[DB2002b] G11.52-5.34,,,,,,
LDN 308,271.63333,-18.35222,2,[DB2002b] G11.55+1.2,P 40,,,,,
LDN 305,267.59167,-16.13833,110,[DB2002b] G11.56+5.64,LDN 312,,,,,
LDN 310,271.80833,-18.35417,4.5,[DB2002b] G11.63+1.05,[CB88] 111,P 41,,,,
LDN 311,282.38333,-23.44194,28,[DB2002b] G11.64-10.06,FeSt 1-488,,,,,
Barnard 99,278.37083,-21.54444,11,[DB2002b] G11.71-5.9,LDN 313,,,,,
LDN 314,275.2375,-19.97611,114,[DB2002b] G11.76-2.57,,,,,,
LDN 315,274.4875,-19.48,147,[DB2002b] G11.86-1.71,,,,,,
LDN 316,281.17917,-22.61444,20,[DB2002b] G11.91-8.7,,,,,,
Barnard 304,273.25,-18.71667,30,[DB2002b] G11.97-0.32,,,,,,
LDN 317,255.175,-8.07278,80,[DB2002b] G12.04+20.2,IREC 10,,,,,
LDN 318,269.97083,-16.835,6,[DB2002b] G12.1+3.32,,,,,,
LDN 319,270.47083,-16.83278,12,[DB2002b] G12.34+2.9,,,,,,
LDN 320,269.97083,-16.50167,72,[DB2002b] G12.39+3.48,,,,,,
FeSt 1-489,282.52917,-22.69139,10,[DB2002b] G12.39-9.85,,,,,,
LDN 321,282.57917,-22.64111,10,[DB2002b] G12.45-9.88,,,,,,
LDN 322,274.98333,-18.9775,68,[DB2002b] G12.53-1.89,,,,,,
IREC 11,238.0375,3.7775,69,[DB2002b] G12.61+41,,,,,,
Barnard 92,273.90417,-18.19944,12,[DB2002b] G12.72-0.62,LDN 323,[CB88] 125,P 42,[LM99] 253,,
DIR 013+40,238.95417,3.35083,180,[DB2002b] G12.8+40,HMT18,,,,,
LDN 324,260.4375,-10.38111,145,[DB2002b] G12.91+14.58,,,,,,
LDN 325,268.4625,-15.00917,57,[DB2002b] G12.96+5.49,,,,,,
LDN 326,267.45833,-14.43056,10,[DB2002b] G12.97+6.62,,,,,,
Barnard 93,274.225,-18.06444,9,[DB2002b] G12.99-0.83,LDN 327,,,,,
LDN 328,274.25,-18.03389,2.5,[DB2002b] G13.03-0.83,[CB88] 131,P 43,[LM99] 259,,,
LDN 329,280.11667,-20.86944,14,[DB2002b] G13.06-7.05,,,,,,
Barnard 284,267.52917,-14.36667,25,[DB2002b] G13.06+6.59,,,,,,
LDN 330,267.65,-14.33389,7,[DB2002b] G13.15+6.51,P 44,,,,,
LDN 331,274.22917,-17.81444,4.2,[DB2002b] G13.21-0.71,,,,,,
Barnard 307,274.65833,-17.95,9,[DB2002b] G13.28-1.13,,,,,,
LDN 332,275.22917,-18.14278,8,[DB2002b] G13.37-1.7,,,,,,
IREC 12,211.54167,19.66972,75,[DB2002b] G13.37+71.33,,,,,,
LDN 334,279.99167,-20.45333,16,[DB2002b] G13.38-6.76,,,,,,
LDN 333,272.72083,-16.82167,42,[DB2002b] G13.39+1.03,,,,,,
IREC 13,238.925,3.915,78,[DB2002b] G13.4+40.33,,,,,,
IREC 14,225.2125,12.40667,100,[DB2002b] G13.44+56.33,,,,,,
LDN 335,274.77917,-17.81167,4,[DB2002b] G13.46-1.17,,,,,,
LDN 336,274.97917,-17.89417,13,[DB2002b] G13.48-1.38,,,,,,
LDN 337,269.4625,-14.85417,9,[DB2002b] G13.58+4.73,,,,,,
LDN 338,268.9625,-14.50667,11,[DB2002b] G13.64+5.32,,,,,,
LDN 339,269.1375,-14.58917,8,[DB2002b] G13.65+5.13,,,,,,
LDN 341,269.8375,-14.66917,6,[DB2002b] G13.92+4.5,,,,,,
LDN 342,275.475,-17.64167,54,[DB2002b] G13.92-1.68,,,,,,
LDN 340,269.7125,-14.60306,11,[DB2002b] G13.92+4.64,,,,,,
LDN 344,280.37917,-19.95278,6,[DB2002b] G13.95-6.86,,,,,,
DIR 014+45,235.20417,6.79111,240,[DB2002b] G14+45,,,,,,
Barnard 310,277.55417,-18.58333,2,[DB2002b] G14.01-3.86,,,,,,
LDN 343,277.22917,-18.4,60,[DB2002b] G14.03-3.5,,,,,,
Barnard 315,280.62083,-19.98722,7,[DB2002b] G14.06-7.08,[CB88] 153,LDN 346,,,,
IREC 15,320.98333,-31.7275,87,[DB2002b] G14.07-45,,,,,,
LDN 345,268.45417,-13.67583,29,[DB2002b] G14.12+6.16,,,,,,
IREC 16,220.0375,15.71833,100,[DB2002b] G14.17+62.33,,,,,,
LDN 347,271.96667,-15.49194,26,[DB2002b] G14.21+2.31,,,,,,
[CB88] 127,273.8875,-16.43611,2,[DB2002b] G14.27+0.23,,,,,,
LDN 348,272.46667,-15.65639,10,[DB2002b] G14.3+1.81,,,,,,
IREC 17,1.1625,-30.04583,72,[DB2002b] G14.32-79.33,,,,,,
LDN 349,267.77917,-13.01222,7,[DB2002b] G14.37+7.06,,,,,,
LDN 350,276.97917,-17.80111,23,[DB2002b] G14.45-3.01,,,,,,
[CB88] 118,273.15,-15.81972,2,[DB2002b] G14.47+1.15,,,,,,
LDN 351,275.975,-17.2225,10,[DB2002b] G14.52-1.9,,,,,,
Barnard 285,267.88333,-12.86667,15,[DB2002b] G14.54+7.05,,,,,,
LDN 353,278.22917,-18.295,110,[DB2002b] G14.56-4.3,,,,,,
LDN 352,266.44583,-12.01889,138,[DB2002b] G14.58+8.68,,,,,,
LDN 354,276.225,-17.25472,10,[DB2002b] G14.6-2.13,,,,,,
LDN 355,267.95,-12.67806,16,[DB2002b] G14.74+7.08,,,,,,
Barnard 311,277.62083,-17.71472,9,[DB2002b] G14.81-3.52,LDN 356,[CB88] 143,,,,
LDN 357,273.96667,-15.73222,23,[DB2002b] G14.92+0.5,,,,,,
DIR 015-54,331.6,-32.00278,300,[DB2002b] G15-54,,,,,,
LDN 358,268.2,-12.51028,52,[DB2002b] G15.01+6.95,,,,,,
LDN 359,275.72083,-16.47389,134,[DB2002b] G15.07-1.33,,,,,,
LDN 360,267.925,-12.26167,6,[DB2002b] G15.09+7.31,,,,,,
LDN 361,268,-12.17806,7,[DB2002b] G15.2+7.29,,,,,,
LDN 362,277.475,-17.13194,41,[DB2002b] G15.26-3.13,,,,,,
LDN 363,269.70417,-13.00306,90,[DB2002b] G15.31+5.44,,,,,,
IREC 18,228.42083,11.83028,72,[DB2002b] G15.33+53.33,,,,,,
LDN 364,278.725,-17.62611,19,[DB2002b] G15.37-4.41,,,,,,
LDN 365,280.72917,-18.44972,18,[DB2002b] G15.5-6.49,LDN 366,,,,,
LDN 368,271.32917,-13.16167,75,[DB2002b] G15.95+3.98,,,,,,
LDN 367,267.44167,-11.01389,54,[DB2002b] G15.95+8.34,,,,,,
LDN 369,281.52917,-18.19583,8,[DB2002b] G16.06-7.05,,,,,,
IREC 19,260.25833,-6.6575,85,[DB2002b] G16.11+16.67,,,,,,
LDN 370,277.64583,-16.21444,6,[DB2002b] G16.15-2.85,,,,,,
LDN 371,259.41667,-6.0525,61,[DB2002b] G16.2+17.7,,,,,,
LDN 372,277.66667,-16.08139,2,[DB2002b] G16.28-2.8,[CB88] 144,P 45,,,,
LDN 373,261.42083,-7.04306,38,[DB2002b] G16.38+15.48,,,,,,
IREC 20,236.1,8.25444,98,[DB2002b] G16.42+45,,,,,,
LDN 374,277.46667,-15.79861,30,[DB2002b] G16.44-2.5,,,,,,
LDN 375,272.20417,-12.99083,21,[DB2002b] G16.51+3.32,,,,,,
IREC 21,331.67917,-31.02333,63,[DB2002b] G16.67-54,,,,,,
LDN 376,275.7125,-14.64056,51,[DB2002b] G16.68-0.47,,,,,,
LDN 377,293.07083,-22.3925,3,[DB2002b] G16.74-18.64,,,,,,
Barnard 312,278.04583,-15.58333,75,[DB2002b] G16.89-2.89,,,,,,
LDN 379,277.68333,-15.38333,35,[DB2002b] G16.91-2.5,,,,,,
LDN 378,279.21667,-15.95694,18,[DB2002b] G17.08-4.07,,,,,,
Barnard 313,278.98333,-15.68333,15,[DB2002b] G17.22-3.75,,,,,,
LDN 380,275.70833,-13.97389,30,[DB2002b] G17.27-0.15,,,,,,
LDN 381,279.34167,-15.78972,4,[DB2002b] G17.28-4.1,,,,,,
LDN 382,266.93333,-9.01639,28,[DB2002b] G17.45+9.77,,,,,,
IREC 22,283.70417,-17.64667,100,[DB2002b] G17.48-8.67,,,,,,
LDN 383,270.69167,-10.99806,52,[DB2002b] G17.54+5.57,,,,,,
IREC 23,290.5,-20.43583,131,[DB2002b] G17.64-15.67,,,,,,
LDN 384,270.69167,-10.74806,160,[DB2002b] G17.76+5.69,,,,,,
DIR 018-37,312.0625,-27.25722,150,[DB2002b] G17.8-36.5,,,,,,
LDN 385,278.7125,-14.84278,7,[DB2002b] G17.85-3.13,,,,,,
LDN 386,273.19583,-11.98611,260,[DB2002b] G17.86+2.95,,,,,,
LDN 387,259.65833,-4.05139,44,[DB2002b] G18.14+18.51,,,,,,
LDN 388,278.20833,-14.21194,146,[DB2002b] G18.18-2.41,,,,,,
LDN 389,278.20833,-14.12861,21,[DB2002b] G18.26-2.37,,,,,,
LDN 390,278.95833,-14.45833,23,[DB2002b] G18.3-3.17,,,,,,
[CB88] 142,277.475,-13.6875,3.5,[DB2002b] G18.32-1.53,,,,,,
LDN 392,268.28333,-8.45528,10,[DB2002b] G18.61+8.89,[CB88] 101,[LM99] 242,,,,
LDN 391,258.90417,-3.055,38,[DB2002b] G18.65+19.67,,,,,,
LDN 393,266.175,-7.18667,268,[DB2002b] G18.69+11.33,,,,,,
LDN 394,275.45,-12.225,74,[DB2002b] G18.69+0.89,,,,,,
IREC 24,255.19583,0.81056,160,[DB2002b] G18.72+24,MBM 151,,,,,
IREC 25,260.40833,-3.78667,247,[DB2002b] G18.78+18,,,,,,
IREC 26,357.19583,-29.67278,63,[DB2002b] G18.79-76,,,,,,
LDN 395,279.70833,-14.12139,39,[DB2002b] G18.93-3.66,,,,,,
LDN 396,278.00417,-13.21278,4,[DB2002b] G18.98-1.77,,,,,,
LDN 398,278.20417,-13.29528,7,[DB2002b] G19-1.98,,,,,,
LDN 397,270.68333,-9.33167,32,[DB2002b] G19.01+6.39,,,,,,
LDN 399,276.7,-12.46917,62,[DB2002b] G19.05-0.3,,,,,,
LDN 400,268.87917,-8.25722,11,[DB2002b] G19.08+8.47,[CB88] 104,,,,,
LDN 402,277.45,-12.71556,4.6,[DB2002b] G19.17-1.06,,,,,,
Barnard 102,279.5375,-13.73278,7,[DB2002b] G19.2-3.33,LDN 401,[CB88] 149,,,,
LDN 403,279.20417,-13.45694,7,[DB2002b] G19.3-2.92,,,,,,
LDN 404,277.45,-12.46556,7,[DB2002b] G19.39-0.95,,,,,,
LDN 405,275.69583,-11.47389,194,[DB2002b] G19.47+1.03,,,,,,
DIR 020-45,321.17917,-27.84333,105,[DB2002b] G19.5-44.5,,,,,,
LDN 407,278.7,-12.95944,35,[DB2002b] G19.52-2.26,,,,,,
Barnard 95,276.44583,-11.80361,45,[DB2002b] G19.52+0.23,LDN 406,,,,,
[LM99] 271,276.4125,-11.79028,10,[DB2002b] G19.52+0.27,,,,,,
IREC 27,286.52083,-16.66028,92,[DB2002b] G19.56-10.67,,,,,,
Barnard 317,281.44167,-14.2,25,[DB2002b] G19.62-5.19,,,,,,
IREC 28,349.89583,-29.85639,60,[DB2002b] G19.8-69.67,,,,,,
LDN 408,272.68333,-9.48861,41,[DB2002b] G19.82+4.58,,,,,,
[CB88] 77,258.8125,-1.72222,7,[DB2002b] G19.83+20.41,,,,,,
LDN 409,280.45417,-13.45111,73,[DB2002b] G19.86-4,,,,,,
LDN 410,280.70417,-13.44972,134,[DB2002b] G19.97-4.22,,,,,,
LDN 411,276.9625,-11.45861,6,[DB2002b] G20.06-0.06,[CB88] 141,[LM99] 273,,,,
LDN 412,277.94583,-11.96306,8,[DB2002b] G20.06-1.15,,,,,,
LDN 413,276.64167,-11.21944,6,[DB2002b] G20.13+0.33,,,,,,
LDN 414,276.24167,-10.88333,7,[DB2002b] G20.24+0.84,[CB88] 138,,,,,
LDN 415,276.19167,-10.63806,22,[DB2002b] G20.44+1,,,,,,
Barnard 94,276.38333,-10.66139,8,[DB2002b] G20.5+0.82,LDN 416,[CB88] 139,P 46,[LM99] 270,,
LDN 417,276.35417,-10.53889,6,[DB2002b] G20.52+0.9,,,,,,
LDN 418,273.68333,-9.15028,24,[DB2002b] G20.59+3.87,,,,,,
LDN 419,273.17917,-8.65278,20,[DB2002b] G20.79+4.55,,,,,,
Barnard 96,276.5625,-10.30333,7,[DB2002b] G20.9+0.83,LDN 420,[CB88] 140,,,,
IREC 29,231.28333,14.24306,90,[DB2002b] G21+52,DIR 021+52,,,,,
LDN 421,268.57917,-5.77583,7,[DB2002b] G21.13+9.93,[LM99] 243,,,,,
LDN 423,276.95833,-10.23694,8,[DB2002b] G21.14+0.52,[LM99] 272,,,,,
LDN 424,273.67917,-8.48361,22,[DB2002b] G21.17+4.19,,,,,,
LDN 422,273.025,-8.09944,5,[DB2002b] G21.2+4.95,P 47,[LM99] 250,,,,
LDN 425,266.725,-4.58611,7,[DB2002b] G21.28+12.13,[LM99] 240,,,,,
LDN 426,273,-7.90028,2,[DB2002b] G21.37+5.06,[CB88] 115,,,,,
LDN 427,276.6875,-9.8025,4,[DB2002b] G21.4+0.95,,,,,,
LDN 428,266.90833,-4.51639,37,[DB2002b] G21.43+12,,,,,,
Barnard 97,277.27083,-9.91667,55,[DB2002b] G21.57+0.39,,,,,,
LDN 429,274.275,-8.30583,19,[DB2002b] G21.61+3.76,,,,,,
P 48,274.31667,-8.29806,7,[DB2002b] G21.64+3.73,[LM99] 261,LDN 429-2,,,,
LDN 431,273.425,-7.81806,18,[DB2002b] G21.64+4.73,,,,,,
LDN 432,269.60833,-5.73278,10,[DB2002b] G21.67+9.06,P 49,[LM99] 245,,,,
[LM99] 260,274.29583,-8.22528,9,[DB2002b] G21.69+3.78,LDN 429-1,,,,,
LDN 430,273.0375,-7.54528,3,[DB2002b] G21.7+5.2,[CB88] 117,,,,,
[LM99] 262,274.39167,-8.235,10,[DB2002b] G21.73+3.69,LDN 429-3,,,,,
LDN 434,280.69583,-11.44972,70,[DB2002b] G21.75-3.3,LDN 433,,,,,
[LM99] 264,274.45,-8.14861,18,[DB2002b] G21.83+3.68,LDN 429-4,,,,,
LDN 435,278.1875,-9.96194,174,[DB2002b] G21.95-0.43,,,,,,
DIR 022+43,239.37917,11.0375,300,[DB2002b] G22+43.5,,,,,,
LDN 436,273.64583,-7.38083,4.5,[DB2002b] G22.13+4.74,[CB88] 123,P 50,[LM99] 252,,,
LDN 437,275.05417,-7.97694,24,[DB2002b] G22.26+3.23,,,,,,
[CB88] 120,273.52083,-7.14167,3,[DB2002b] G22.29+4.97,P 51,[LM99] 251,,,,
LDN 438,273.55,-7.15083,6,[DB2002b] G22.29+4.94,,,,,,
[CB88] 119,273.47083,-7.07667,2,[DB2002b] G22.32+5.04,,,,,,
[CB88] 122,273.61667,-7.13194,4,[DB2002b] G22.34+4.89,,,,,,
IREC 30,300.19167,-19.385,83,[DB2002b] G22.41-23.67,,,,,,
[CB88] 121,273.54167,-6.97389,2,[DB2002b] G22.44+5.03,,,,,,
IREC 31,234.17083,13.90639,87,[DB2002b] G22.45+49.33,,,,,,
LDN 439,269.9125,-5.00194,25,[DB2002b] G22.47+9.14,,,,,,
[CB88] 145,278.1,-9.175,9,[DB2002b] G22.61+0.01,,,,,,
[CB88] 147,278.22083,-9.23056,6,[DB2002b] G22.61-0.12,[LM99] 278,,,,,
[LM99] 276,278.19167,-9.20667,5,[DB2002b] G22.62-0.09,,,,,,
Barnard 100,278.19167,-9.20667,16,[DB2002b] G22.62-0.09,LDN 443,,,,,
LDN 441,270.9125,-5.33028,96,[DB2002b] G22.65+8.11,,,,,,
LDN 440,274.925,-7.4775,7,[DB2002b] G22.65+3.58,,,,,,
LDN 442,269.40833,-4.50444,7,[DB2002b] G22.67+9.82,,,,,,
Barnard 101,278.13333,-8.96222,11,[DB2002b] G22.81+0.08,[CB88] 146,[LM99] 275,,,,
Barnard 314,279.43333,-9.6225,28,[DB2002b] G22.82-1.37,LDN 445,,,,,
LDN 444,270.6625,-4.99833,61,[DB2002b] G22.83+8.48,,,,,,
IREC 32,233.67083,14.43944,122,[DB2002b] G22.87+50,,,,,,
LDN 446,277.67917,-8.63083,22,[DB2002b] G22.9+0.63,,,,,,
LDN 447,273.92083,-6.64917,44,[DB2002b] G22.91+4.85,,,,,,
LDN 448,279.18333,-9.29028,10,[DB2002b] G23-0.99,,,,,,
LDN 449,282.94167,-11.10583,13,[DB2002b] G23.06-5.11,,,,,,
Barnard 321,283.50833,-11.31667,15,[DB2002b] G23.12-5.7,,,,,,
LDN 450,278.17917,-8.62861,13,[DB2002b] G23.13+0.19,,,,,,
LDN 451,275.475,-7.21139,7,[DB2002b] G23.14+3.22,[LM99] 267,,,,,
LDN 452,284.19583,-11.6,68,[DB2002b] G23.17-6.43,LDN 458,,,,,
LDN 453,276.175,-7.47167,94,[DB2002b] G23.23+2.49,,,,,,
LDN 454,277.17917,-7.96667,22,[DB2002b] G23.25+1.38,,,,,,
LDN 455,279.43333,-9.1225,8,[DB2002b] G23.26-1.13,,,,,,
[CB88] 100,267.9375,-2.98028,9,[DB2002b] G23.31+11.84,,,,,,
LDN 456,283.19167,-10.93806,11,[DB2002b] G23.32-5.26,LDN 457,,,,,
LDN 460,269.525,-3.7725,7,[DB2002b] G23.37+10.07,[CB88] 105,P 52,[LM99] 244,,,
LDN 459,280.68333,-9.61667,104,[DB2002b] G23.38-2.46,,,,,,
LDN 461,272.4125,-5.15639,21,[DB2002b] G23.52+6.87,,,,,,
LDN 463,277.92917,-7.96306,60,[DB2002b] G23.6+0.72,,,,,,
LDN 464,283.1875,-10.60472,11,[DB2002b] G23.62-5.11,LDN 465,,,,,
[LM99] 247,271.87917,-4.725,5,[DB2002b] G23.65+7.55,LDN 462-1,,,,,
LDN 462,271.8875,-4.69667,12,[DB2002b] G23.68+7.55,P 53,,,,,
[LM99] 248,271.9,-4.675,5,[DB2002b] G23.71+7.55,LDN 462-2,,,,,
LDN 466,274.95,-6.10667,6.5,[DB2002b] G23.87+4.2,[CB88] 132,P 54,[LM99] 266,,,
LDN 468,270.06667,-3.50222,10,[DB2002b] G23.88+9.72,[CB88] 106,[LM99] 246,,,,
LDN 467,274.74167,-5.97833,5,[DB2002b] G23.89+4.44,,,,,,
[CB88] 103,268.85417,-2.8125,8,[DB2002b] G23.91+11.11,,,,,,
IREC 34,269.275,-2.97028,35,[DB2002b] G23.97+10.67,,,,,,
LDN 469,273.3625,-5.10167,3.5,[DB2002b] G24.02+6.07,,,,,,
LDN 471,274.91667,-5.81083,14,[DB2002b] G24.12+4.37,,,,,,
LDN 470,274.74167,-5.63694,4,[DB2002b] G24.19+4.6,P 55,,,,,
LDN 472,273.5375,-4.98417,11,[DB2002b] G24.21+5.97,,,,,,
LDN 473,279.425,-7.95583,28,[DB2002b] G24.29-0.59,,,,,,
LDN 474,282.93333,-9.68917,80,[DB2002b] G24.33-4.47,,,,,,
LDN 475,274.79167,-5.47833,10,[DB2002b] G24.35+4.63,,,,,,
LDN 476,274.66667,-5.39556,4,[DB2002b] G24.37+4.78,,,,,,
LDN 477,274.79167,-5.395,45,[DB2002b] G24.43+4.67,,,,,,
LDN 478,273.15833,-4.48611,19,[DB2002b] G24.47+6.53,,,,,,
IREC 35,237.27083,14.05028,87,[DB2002b] G24.56+46.67,,,,,,
IREC 36,297.47917,-16.06389,136,[DB2002b] G24.63-20,,,,,,
LDN 480,281.17917,-8.4475,40,[DB2002b] G24.65-2.36,,,,,,
LDN 479,274.7875,-5.145,3.5,[DB2002b] G24.65+4.79,,,,,,
LDN 481,276.41667,-5.97028,162,[DB2002b] G24.67+2.97,,,,,,
LDN 482,274.7875,-5.11167,7,[DB2002b] G24.68+4.81,,,,,,
LDN 483,274.39167,-4.65333,11,[DB2002b] G24.9+5.37,P 56,[LM99] 263,LDN 483-1,,,
IREC 37,267.07917,0.71444,40,[DB2002b] G24.94+13.67,,,,,,
LDN 484,279.925,-7.45361,82,[DB2002b] G24.97-0.8,,,,,,
DIR 025+41,242.675,11.91528,190,[DB2002b] G25+41,,,,,,
DIR 025+35,248.15,9.26139,210,[DB2002b] G25+35,,,,,,
[LM99] 265,274.525,-4.55306,7.5,[DB2002b] G25.05+5.3,LDN 483-2,,,,,
LDN 485,279.17083,-6.95722,49,[DB2002b] G25.06+0.09,,,,,,
LDN 486,271.65417,-2.99333,74,[DB2002b] G25.09+8.56,,,,,,
LDN 487,274.20833,-4.31444,4,[DB2002b] G25.12+5.69,,,,,,
LDN 488,274.15833,-4.23139,4,[DB2002b] G25.17+5.77,,,,,,
LDN 489,277.16667,-5.63333,29,[DB2002b] G25.32+2.47,,,,,,
LDN 491,276.91667,-5.46806,31,[DB2002b] G25.35+2.77,,,,,,
[CB88] 128,273.95417,-3.85306,2,[DB2002b] G25.41+6.13,,,,,,
LDN 490,273.82917,-3.76222,3.5,[DB2002b] G25.43+6.28,[CB88] 126,P 57,[LM99] 254,,,
LDN 492,273.95833,-3.77056,8,[DB2002b] G25.48+6.17,,,,,,
[CB88] 129,273.95417,-3.74111,5.5,[DB2002b] G25.51+6.18,P 58,[LM99] 255,,,,
LDN 493,273.15417,-3.31944,17,[DB2002b] G25.51+7.08,,,,,,
LDN 495,279.74167,-6.72944,2.5,[DB2002b] G25.52-0.31,P 59,,,,,
LDN 494,279.24583,-6.45667,7,[DB2002b] G25.54+0.25,,,,,,
LDN 496,281.925,-7.77722,67,[DB2002b] G25.58-2.72,,,,,,
P 60,279.80833,-6.63917,9,[DB2002b] G25.64-0.33,[LM99] 282,,,,,
Barnard 103,279.87083,-6.65833,5,[DB2002b] G25.65-0.39,,,,,,
LDN 497,279.825,-6.62917,12,[DB2002b] G25.65-0.34,,,,,,
LDN 498,279.99583,-6.65306,5,[DB2002b] G25.71-0.5,,,,,,
LDN 499,280.17083,-6.45222,13,[DB2002b] G25.97-0.56,,,,,,
IREC 38,266.67083,0.64583,20,[DB2002b] G25.98+14.67,,,,,,
LDN 500,274.15417,-3.31472,4,[DB2002b] G25.98+6.2,,,,,,
Barnard 109,282.475,-7.55694,3,[DB2002b] G26.03-3.1,,,,,,
LDN 501,274.40417,-3.31333,9,[DB2002b] G26.1+5.98,,,,,,
LDN 503,277.37083,-4.645,6,[DB2002b] G26.29+2.75,P 62,[LM99] 274,,,,
LDN 502,272.14583,-1.84111,4,[DB2002b] G26.35+8.67,[CB88] 112,P 61,,,,
LDN 504,274.65417,-3.14556,3,[DB2002b] G26.36+5.84,,,,,,
Barnard 105,281.92083,-6.86056,2,[DB2002b] G26.4-2.29,LDN 506,,,,,
LDN 505,274.90417,-3.22778,5,[DB2002b] G26.41+5.58,,,,,,
Barnard 117,283.41667,-7.425,2,[DB2002b] G26.57-3.87,[CB88] 160,,,,,
P 64,272.9125,-2,17,[DB2002b] G26.57+7.92,,,,,,
Barnard 118,283.48333,-7.44139,3.5,[DB2002b] G26.58-3.94,LDN 509,[CB88] 161,P 63,,,
IREC 39,308.26667,-18.39861,90,[DB2002b] G26.59-30.42,DIR 027-31,,,,,
LDN 507,274.0625,-2.54639,6,[DB2002b] G26.62+6.65,[CB88] 130,[LM99] 257,[CB88] 130-1,,,
G25.1-67.7,347.525,-27.30694,90,[DB2002b] G26.62-67.51,IREC 33,,,,,
LDN 508,272.57083,-1.73889,11,[DB2002b] G26.64+8.34,,,,,,
LDN 510,273.65,-2.23361,13,[DB2002b] G26.71+7.15,,,,,,
LDN 511,276.40417,-3.63694,54,[DB2002b] G26.74+4.06,,,,,,
[LM99] 256,274.0625,-2.38972,2,[DB2002b] G26.76+6.72,[CB88] 130-2,,,,,
IREC 40,239.50417,14.77944,63,[DB2002b] G26.79+45,,,,,,
Barnard 116,283.29583,-7.10417,15,[DB2002b] G26.8-3.62,LDN 512,,,,,
[CB88] 162,283.6,-7.23083,3.5,[DB2002b] G26.82-3.95,SCHO950,,,,,
LDN 513,272.64583,-1.65833,21,[DB2002b] G26.85+8.31,,,,,,
[LM99] 258,274.075,-2.27806,3,[DB2002b] G26.87+6.76,[CB88] 130-3,,,,,
Barnard 114,283.2625,-6.98361,7,[DB2002b] G26.89-3.53,LDN 514,[CB88] 157,,,,
LDN 515,279.4125,-4.95583,174,[DB2002b] G26.95+0.8,,,,,,
Barnard 112,282.84583,-6.60611,14,[DB2002b] G27.04-3,LDN 516,,,,,
Barnard 318,282.42917,-6.4,60,[DB2002b] G27.04-2.53,,,,,,
BDN27.09+3.40,277.15417,-3.63333,60,[DB2002b] G27.09+3.4,,,,,,
Barnard 108,282.39167,-6.3,3,[DB2002b] G27.11-2.45,,,,,,
[CB88] 159,283.34167,-6.77056,3.5,[DB2002b] G27.12-3.51,SCHO943,,,,,
Barnard 115,283.33333,-6.65889,6,[DB2002b] G27.21-3.45,LDN 518,[CB88] 158,,,,
LDN 517,281.29167,-5.61361,31,[DB2002b] G27.22-1.17,,,,,,
LDN 519,273.14583,-1.15278,22,[DB2002b] G27.44+8.1,,,,,,
LDN 520,275.4,-2.30861,19,[DB2002b] G27.46+5.57,,,,,,
IREC 42,259.65417,5.94917,226,[DB2002b] G27.53+23.33,,,,,,
LDN 521,283.11667,-5.905,7,[DB2002b] G27.79-2.92,,,,,,
Barnard 320,282.91667,-5.7725,25,[DB2002b] G27.82-2.68,LDN 522,,,,,
LDN 523,282.2875,-5.44222,15,[DB2002b] G27.83-1.98,,,,,,
LDN 524,281.4125,-4.94639,46,[DB2002b] G27.87-0.97,,,,,,
IREC 43,243.94583,13.80083,113,[DB2002b] G27.95+40.67,,,,,,
LDN 525,279.65833,-3.95472,88,[DB2002b] G27.95+1.04,,,,,,
LDN 526,276.65,-2.3025,57,[DB2002b] G28.04+4.46,,,,,,
LDN 527,281.6125,-4.77861,4,[DB2002b] G28.11-1.07,,,,,,
[CB88] 134,275.6875,-1.71111,2,[DB2002b] G28.12+5.59,,,,,,
Barnard 106,282.2375,-5.08111,4.5,[DB2002b] G28.12-1.76,[CB88] 156,,,,,
LDN 528,281.7875,-4.77778,31,[DB2002b] G28.19-1.23,,,,,,
Barnard 107,282.3625,-4.99528,7,[DB2002b] G28.26-1.84,MLB 82,[LM99] 285,,,,
IREC 44,265.92917,3.54333,134,[DB2002b] G28.29+16.67,,,,,,
IREC 41,231.4625,18.96222,80,[DB2002b] G28.3+53.7,DIR 028+54,,,,,
[CB88] 133,275.62083,-1.45889,2,[DB2002b] G28.32+5.77,,,,,,
LDN 529,281.40833,-4.44639,31,[DB2002b] G28.32-0.74,,,,,,
Barnard 111,282.5,-4.95,120,[DB2002b] G28.36-1.94,,,,,,
Barnard 104,281.82917,-4.55167,12,[DB2002b] G28.41-1.16,[CB88] 155,,,,,
Barnard 133,286.55417,-6.89083,11,[DB2002b] G28.45-6.41,LDN 531,[CB88] 180,P 66,[LM99] 290,,
LDN 530 inc Barnard 107,282.4125,-4.775,25,[DB2002b] G28.48-1.78,Barnard 110,,,,,
Serpens DN Complex,277.5,-2.25,900,[DB2002b] G28.48+3.74,,,,,,
Barnard 110,282.5,-4.80667,15,[DB2002b] G28.49-1.87,P 65,MLB 83,[LM99] 286,,,
DIR 029+30,254.01667,9.69667,70,[DB2002b] G28.5+30,,,,,,
DIR 029+25,258.55417,7.49139,160,[DB2002b] G28.5+25,,,,,,
LDN 532,281.78333,-4.36111,8,[DB2002b] G28.56-1.03,,,,,,
LDN 533,275.94167,-1.29194,8,[DB2002b] G28.61+5.56,[CB88] 136,,,,,
[LM99] 287,282.50417,-4.665,16,[DB2002b] G28.62-1.81,LDN 530D-2,,,,,
BDN28.65+3.66,277.65,-2.13111,120,[DB2002b] G28.65+3.66,,,,,,
LDN 534,283.1625,-4.93806,107,[DB2002b] G28.67-2.52,,,,,,
Barnard 119a,283.6625,-5.16667,30,[DB2002b] G28.69-3.07,,,,,,
LDN 535,279.27917,-2.89,10,[DB2002b] G28.73+1.86,,,,,,
LDN 536,278.65,-2.54278,30,[DB2002b] G28.75+2.58,,,,,,
LDN 538,279.15,-2.79056,22,[DB2002b] G28.76+2.02,,,,,,
LDN 537,275.64167,-0.97417,44,[DB2002b] G28.76+5.97,,,,,,
[LM99] 268,275.92083,-1.04722,9,[DB2002b] G28.82+5.69,LDN 539-1,,,,,
LDN 540,286.51667,-6.42222,20,[DB2002b] G28.86-6.17,,,,,,
LDN 539,275.99583,-1.02667,16,[DB2002b] G28.87+5.63,P 67,,,,,
Barnard 117a,283.425,-4.83333,10,[DB2002b] G28.88-2.7,,,,,,
[CB88] 137,276.09167,-0.99,9,[DB2002b] G28.95+5.57,[LM99] 269,LDN 539-2,,,,
DIR 029-43,321.5375,-20.83111,240,[DB2002b] G29-43,,,,,,
LDN 541,279.075,-2.4575,12,[DB2002b] G29.02+2.24,,,,,,
LDN 542,285.41667,-5.59417,16,[DB2002b] G29.11-4.82,,,,,,
Barnard 113,282.85417,-4.27639,11,[DB2002b] G29.12-1.94,MLB 84,,,,,
Barnard 134,286.71667,-6.22556,6,[DB2002b] G29.12-6.25,LDN 543,[CB88] 181,P 68,,,
Barnard 130,285.49167,-5.56583,5,[DB2002b] G29.16-4.87,[CB88] 174,,,,,
[CB88] 173,285.44167,-5.5475,3.5,[DB2002b] G29.16-4.82,,,,,,
Barnard 127,285.38333,-5.45556,7,[DB2002b] G29.21-4.72,LDN 544,[CB88] 170,,,,
Barnard 120,283.7125,-4.60083,2,[DB2002b] G29.22-2.85,[CB88] 164,,,,,
Barnard 119,283.64583,-4.55472,2,[DB2002b] G29.23-2.77,[CB88] 163,,,,,
Barnard 121,283.78333,-4.61667,2,[DB2002b] G29.24-2.92,,,,,,
Barnard 122,284.19583,-4.75722,7,[DB2002b] G29.3-3.35,LDN 545,[CB88] 166,,,,
[CB88] 172,285.4375,-5.36222,3.5,[DB2002b] G29.32-4.73,,,,,,
Barnard 123,284.38333,-4.73778,5,[DB2002b] G29.4-3.51,LDN 546,[CB88] 167,,,,
LDN 547,282.65833,-3.85694,91,[DB2002b] G29.41-1.58,,,,,,
Barnard 129,285.525,-5.2975,7,[DB2002b] G29.42-4.78,LDN 549,[CB88] 175,MLB 85,[LM99] 288,,
LDN 548,282.40417,-3.69167,60,[DB2002b] G29.44-1.28,,,,,,
Barnard 322,283.9375,-4.44139,3.5,[DB2002b] G29.47-2.98,[CB88] 165,,,,,
IREC 45,254.39583,10.47778,309,[DB2002b] G29.5+30,,,,,,
LDN 570,276.67083,-0.5525,14,[DB2002b] G29.61+5.25,P 71,,,,,
LDN 550,286.91667,-5.75361,105.8,[DB2002b] G29.64-6.22,,,,,,
[CB88] 179,286.15417,-5.35056,7,[DB2002b] G29.66-5.36,,,,,,
IREC 46,316.375,-18.58694,85,[DB2002b] G29.67-37.67,,,,,,
LDN 575,277.01667,-0.63417,16.8,[DB2002b] G29.69+4.91,,,,,,
LDN 551,284.4875,-4.45833,3,[DB2002b] G29.7-3.48,,,,,,
Barnard 327,286.0875,-5.2575,20,[DB2002b] G29.71-5.26,LDN 552,,,,,
LDN 553,285.7875,-5.09222,9,[DB2002b] G29.72-4.92,,,,,,
Barnard 126,284.75,-4.54167,9,[DB2002b] G29.74-3.75,[CB88] 168,,,,,
LDN 554,287.01667,-5.67,10,[DB2002b] G29.76-6.27,,,,,,
Barnard 124,284.42083,-4.35,3,[DB2002b] G29.77-3.37,,,,,,
LDN 556,284.78333,-4.51361,22,[DB2002b] G29.79-3.77,,,,,,
Barnard 125,284.5875,-4.38333,10,[DB2002b] G29.81-3.53,,,,,,
[CB88] 169,284.85417,-4.51361,4.5,[DB2002b] G29.82-3.83,,,,,,
Barnard 316,280.4,-2.15472,5,[DB2002b] G29.89+1.2,LDN 555,[CB88] 152,,,,
LDN 558,279.39583,-1.6225,39,[DB2002b] G29.91+2.34,,,,,,
LDN 559,278.14167,-0.96194,247,[DB2002b] G29.92+3.75,,,,,,
LDN 573,277.14167,-0.38361,10,[DB2002b] G29.98+4.91,,,,,,
Barnard 128,285.42083,-4.56611,11,[DB2002b] G30.03-4.36,[CB88] 171,,,,,
LDN 557,279.80833,-1.675,22,[DB2002b] G30.05+1.95,P 69,,,,,
LDN 560,280.39583,-1.95111,13,[DB2002b] G30.07+1.3,,,,,,
LDN 561,284.40833,-3.93222,75,[DB2002b] G30.13-3.17,,,,,,
LDN 578,277.79167,-0.49722,6,[DB2002b] G30.17+4.28,,,,,,
LDN 563,279.89583,-1.53694,95,[DB2002b] G30.21+1.93,,,,,,
Barnard 131,285.55833,-4.37917,4,[DB2002b] G30.26-4.39,Barnard 131a,LDN 562,[CB88] 176,,,
LDN 565,283.90417,-3.51778,70,[DB2002b] G30.28-2.53,,,,,,
LDN 564,279.39583,-1.20583,27,[DB2002b] G30.28+2.53,,,,,,
Barnard 325,284.97083,-4.05,17,[DB2002b] G30.28-3.72,,,,,,
LDN 576,277.86667,-0.38,5,[DB2002b] G30.31+4.27,,,,,,
LDN 566,282.65,-2.77389,14,[DB2002b] G30.37-1.08,,,,,,
Barnard 132,286.0375,-4.42722,11,[DB2002b] G30.43-4.84,LDN 567,P 70,[LM99] 289,,,
[LM99] 279,278.8375,-0.69,4,[DB2002b] G30.48+3.26,LDN 588-2,,,,,
LDN 568,284.85833,-3.76333,6,[DB2002b] G30.49-3.49,,,,,,
LDN 569,274.62917,1.52083,334,[DB2002b] G30.52+8.01,,,,,,
LDN 591,279.14583,-0.79056,35,[DB2002b] G30.53+2.94,,,,,,
LDN 571,277.6375,0.03528,23,[DB2002b] G30.58+4.66,,,,,,
LDN 572,277.6375,0.03528,225,[DB2002b] G30.58+4.66,,,,,,
Barnard 323,284.39167,-3.41667,16,[DB2002b] G30.59-2.92,,,,,,
[LM99] 281,279.05833,-0.635,1,[DB2002b] G30.63+3.09,LDN 588-4,,,,,
Barnard 328,286.20833,-4.23333,4,[DB2002b] G30.68-4.9,,,,,,
[LM99] 280,278.96667,-0.515,2.5,[DB2002b] G30.7+3.23,LDN 588-3,,,,,
LDN 588,278.97917,-0.50389,13,[DB2002b] G30.71+3.22,P 73,,,,,
LDN 574,286.78333,-4.42111,15,[DB2002b] G30.77-5.5,,,,,,
IREC 47,247.73333,14.71722,106,[DB2002b] G30.93+37.67,,,,,,
LDN 593,279.89167,-0.62028,41,[DB2002b] G31.02+2.36,,,,,,
LDN 577,286.40833,-3.92278,53,[DB2002b] G31.05-4.94,,,,,,
IREC 48,263.53333,7.70361,87,[DB2002b] G31.08+20.67,,,,,,
Barnard 324,284.84167,-2.98333,30,[DB2002b] G31.18-3.12,,,,,,
LDN 579,283.9,-2.43444,79,[DB2002b] G31.24-2.04,,,,,,
Barnard 136,287.15833,-4.08583,11,[DB2002b] G31.24-5.68,LDN 580,,,,,
IREC 49,325.11667,-20.25222,98,[DB2002b] G31.25-46,,,,,,
Aquila Rift,280.3125,0.58389,1530,[DB2002b] G31.25+2,,,,,,
Barnard 135,286.85833,-3.9125,17,[DB2002b] G31.26-5.34,LDN 581,MLB86,P 72,[LM99] 291,,
LDN 582,283.14583,-1.93806,32,[DB2002b] G31.34-1.14,,,,,,
LDN 583,278.3875,0.62222,17,[DB2002b] G31.44+4.26,,,,,,
LDN 584,284.15,-2.26667,17,[DB2002b] G31.5-2.18,,,,,,
LDN 585,275.87917,2.02694,69,[DB2002b] G31.55+7.13,,,,,,
LDN 586,279.7625,0.04556,11,[DB2002b] G31.56+2.77,,,,,,
BDN31.57+5.37,277.45833,1.23444,35,[DB2002b] G31.57+5.37,,,,,,
LDN 587,279.8875,0.04611,18,[DB2002b] G31.62+2.66,,,,,,
LDN 589,283.14583,-1.43806,78,[DB2002b] G31.78-0.91,,,,,,
Barnard 319,282.99167,-1.26667,7,[DB2002b] G31.86-0.7,,,,,,
LDN 607,282.01667,-0.69361,23,[DB2002b] G31.93+0.43,,,,,,
LDN 610,282.39583,-0.85833,22,[DB2002b] G31.96+0.02,,,,,,
LDN 590,286.65417,-3.005,190,[DB2002b] G31.98-4.75,,,,,,
IREC 50,314.19167,-15.68778,45,[DB2002b] G32.07-34.67,,,,,,
LDN 592,277.12917,2.03278,6.5,[DB2002b] G32.13+6.02,,,,,,
LDN 594,285.14583,-1.76194,4.5,[DB2002b] G32.41-2.84,,,,,,
LDN 595,296.42083,-7.3775,14,[DB2002b] G32.44-15.4,,,,,,
LDN 609,282.89167,-0.52278,4,[DB2002b] G32.48-0.27,,,,,,
LDN 608,282.89167,-0.43944,4,[DB2002b] G32.56-0.23,,,,,,
LDN 596,282.0375,0.22306,15,[DB2002b] G32.76+0.83,,,,,,
LDN 606,282.89167,-0.18944,3,[DB2002b] G32.78-0.11,,,,,,
LDN 602,282.89167,-0.07278,3.5,[DB2002b] G32.88-0.06,,,,,,
LDN 597,282.6875,0.07611,8,[DB2002b] G32.92+0.19,,,,,,
LDN 598,281.68333,0.72139,2,[DB2002b] G33.04+1.37,,,,,,
LDN 612,283.99167,-0.43417,4,[DB2002b] G33.06-1.21,,,,,,
LDN 599,282.8875,0.14389,9,[DB2002b] G33.07+0.04,,,,,,
LDN 600,277.625,2.86861,10,[DB2002b] G33.11+5.96,,,,,,
LDN 601,281.68333,0.80472,2,[DB2002b] G33.11+1.41,,,,,,
LDN 604,282.8875,0.22722,23,[DB2002b] G33.15+0.08,,,,,,
LDN 605,281.68333,0.875,2,[DB2002b] G33.17+1.45,,,,,,
LDN 603,281.63333,0.9,3,[DB2002b] G33.17+1.5,P 74,,,,,
LDN 611,283.91667,-0.26778,8,[DB2002b] G33.18-1.06,,,,,,
LDN 613,284.19167,-0.35,5,[DB2002b] G33.23-1.35,,,,,,
LDN 614,284.19167,-0.35,11,[DB2002b] G33.23-1.35,,,,,,
Barnard 326,285.75,-0.38333,16,[DB2002b] G33.91-2.75,,,,,,
DIR 034+26,259.80417,12.40389,180,[DB2002b] G34+26,,,,,,
IREC 51,271.44583,7.02667,94,[DB2002b] G34.07+13.33,,,,,,
LDN 615,289.9,-2.07333,70,[DB2002b] G34.3-7.21,,,,,,
LDN 616,281.87917,2.05556,93,[DB2002b] G34.32+1.81,,,,,,
[CB88] 185,288.98333,-1.31861,2.5,[DB2002b] G34.55-6.05,,,,,,
Barnard 137,289,-1.31667,8,[DB2002b] G34.56-6.06,LDN 618,,,,,
LDN 617,284.38333,1.0675,52,[DB2002b] G34.58-0.87,,,,,,
[CB88] 186,289.02917,-1.27194,3.5,[DB2002b] G34.62-6.07,,,,,,
Barnard 139,289.5125,-1.46389,11,[DB2002b] G34.67-6.59,LDN 619,[CB88] 187,,,,
LDN 622,287.89167,-0.3325,33,[DB2002b] G34.93+4.63,,,,,,
DIR 035-37,317.37083,-14.40472,280,[DB2002b] G35-37,,,,,,
[CB88] 124,273.67917,7.07722,3.5,[DB2002b] G35.12+11.37,,,,,,
LDN 620,290.14583,-1.15556,8,[DB2002b] G35.23-7.01,,,,,,
LDN 621,281.875,3.22222,403,[DB2002b] G35.35+2.34,,,,,,
LDN 623,298.65833,-4.86778,140,[DB2002b] G35.81-16.27,IREC 52,,,,,
LDN 624,286.38333,1.57694,42,[DB2002b] G35.94-2.41,,,,,,
LDN 625,286.63333,1.57806,3,[DB2002b] G36.06-2.64,,,,,,
LDN 626,286.62917,1.66139,3.5,[DB2002b] G36.13-2.6,,,,,,
NGC7293 Dust Nebula,337.40833,-20.79361,50,[DB2002b] G36.21-57.12,,,,,,
Barnard 138,288.50833,0.83667,140,[DB2002b] G36.26-4.65,LDN 627,,,,,
LDN 628,284.62083,3.43528,85,[DB2002b] G36.79+0,,,,,,
LDN 629,289.38333,1.09083,38,[DB2002b] G36.89-5.3,,,,,,
LDN 630,279.73333,6.04556,33,[DB2002b] G36.91+5.52,,,,,,
BDN 31.48+3.02,282.2375,5.42417,10,[DB2002b] G37.48+3.02,,,,,,
Barnard 329,286.74583,3.18333,6,[DB2002b] G37.54-2,,,,,,
[CB88] 191,290.4375,1.29028,3.5,[DB2002b] G37.56-6.15,,,,,,
MBM 40,242.64167,21.82083,60,[DB2002b] G37.57+44.67,ir3,,,,,
LDN 631,288.125,2.585,9,[DB2002b] G37.64-3.5,,,,,,
LDN 632,290.13333,1.59417,53,[DB2002b] G37.69-5.74,,,,,,
Barnard 141,290.04583,1.88333,18,[DB2002b] G37.9-5.53,,,,,,
IREC 53,242.73333,22.10917,96,[DB2002b] G37.99+44.67,,,,,,
LDN 633,280.22917,7.04778,17,[DB2002b] G38.03+5.53,,,,,,
LDN 634,280.35417,7.54833,15,[DB2002b] G38.53+5.65,,,,,,
LDN 635,287.37083,4.13167,2,[DB2002b] G38.67-2.12,,,,,,
LDN 636,286.61667,4.66139,28,[DB2002b] G38.79-1.21,,,,,,
LDN 637,280.35,8.215,10,[DB2002b] G39.13+5.95,,,,,,
LDN 638,282.60417,7.30917,268,[DB2002b] G39.33+3.55,,,,,,
LDN 639,288.11667,5.085,70,[DB2002b] G39.86-2.34,,,,,,
BDN 39.9+21.9,265.84167,15.71972,30,[DB2002b] G39.91+21.98,,,,,,
LDN 640,290.62083,4.09639,76,[DB2002b] G40.14-5.01,,,,,,
LDN 641,289.11667,5.08972,37,[DB2002b] G40.32-3.22,,,,,,
MBM 46,317.875,-9.71139,20,[DB2002b] G40.54-35.47,,,,,,
MBM 48,318.925,-10.19111,30,[DB2002b] G40.57-36.61,,,,,,
Barnard 140,289.86667,5.09306,50,[DB2002b] G40.68-3.88,LDN 642,,,,,
IREC 54,306.57917,-3.53306,110,[DB2002b] G40.92-22.67,,,,,,
LDN 643,291.01667,4.83167,8,[DB2002b] G40.98-5.02,,,,,,
MBM 47,318.39583,-9.54306,20,[DB2002b] G41-35.85,,,,,,
[CB88] 218,303.32083,-1.34833,8,[DB2002b] G41.34-18.77,,,,,,
IREC 55,313.9875,-6.69389,80,[DB2002b] G41.65-30.67,,,,,,
LDN 644,289.85833,6.59306,92,[DB2002b] G42-3.18,,,,,,
IREC 56,323.28333,-10.69278,78,[DB2002b] G42.45-40.67,,,,,,
LDN 645,289.85417,7.34306,134,[DB2002b] G42.66-2.82,,,,,,
LDN 646,288.6,8.08722,95,[DB2002b] G42.75-1.38,,,,,,
Barnard 330,289.97917,7.51028,28,[DB2002b] G42.87-2.85,LDN 647,,,,,
[LM99] 283,279.87083,12.69,6,[DB2002b] G42.96+8.36,LDN 648-1,,,,,
LDN 648,279.8875,12.75056,15,[DB2002b] G43.02+8.38,P 75,,,,,
LDN 649,288.1,8.66833,288,[DB2002b] G43.03-0.67,,,,,,
[LM99] 284,279.91667,12.83139,6,[DB2002b] G43.11+8.39,LDN 648-2,,,,,
IREC 57,310.2,-3.15028,83,[DB2002b] G43.17-25.67,,,,,,
IREC 58,280.01667,12.905,136,[DB2002b] G43.22+8.33,,,,,,
LDN 650,279.95,13.04667,13,[DB2002b] G43.32+8.45,,,,,,
LDN 651,289.85,8.09306,10,[DB2002b] G43.33-2.47,,,,,,
IREC 59,294.77083,5.495,87,[DB2002b] G43.34-8,,,,,,
[CB88] 151,279.83333,13.14806,8,[DB2002b] G43.36+8.6,,,,,,
LDN 652,289.6,8.42528,28,[DB2002b] G43.5-2.09,,,,,,
[CB88] 150,279.72917,13.39,2,[DB2002b] G43.54+8.79,,,,,,
LDN 653,280.575,13.04972,48,[DB2002b] G43.59+7.9,,,,,,
LDN 654,292.35833,7.10444,128,[DB2002b] G43.62-5.13,,,,,,
Barnard 331,291.5,7.56667,45,[DB2002b] G43.63-4.16,,,,,,
DBDN 43.7-23.6,308.62083,-1.72139,195,[DB2002b] G43.71-23.6,,,,,,
LDN 655,290.04583,8.48667,7,[DB2002b] G43.76-2.46,[LM99] 296,,,,,
LDN 656,290.325,8.46194,2,[DB2002b] G43.87-2.71,,,,,,
DIR 044+28,261.40417,21.40306,180,[DB2002b] G44+28,,,,,,
LDN 657,290.34583,8.89528,16,[DB2002b] G44.27-2.53,,,,,,
LDN 658,290.22083,9.09472,8,[DB2002b] G44.38-2.33,,,,,,
LDN 659,280.32083,14.04833,73,[DB2002b] G44.39+8.56,,,,,,
LDN 660,279.31667,14.54361,91,[DB2002b] G44.41+9.65,,,,,,
LDN 661,290.44583,9.09583,6,[DB2002b] G44.49-2.52,,,,,,
LDN 662,284.32917,12.40083,39,[DB2002b] G44.65+4.34,,,,,,
IREC 60,331.66667,-12.91806,72,[DB2002b] G44.85-49,,,,,,
Barnard 332,292,8.75,40,[DB2002b] G44.91-4.04,,,,,,
Barnard 335,294.24167,7.57139,5,[DB2002b] G44.93-6.55,LDN 663,[CB88] 199,P 76,[LM99] 326,,
LDN 664,290.21667,9.76139,26,[DB2002b] G44.97-2.01,,,,,,
LDN 665,279.94167,14.88,17,[DB2002b] G44.99+9.26,,,,,,
LDN 667,286.33333,12.07667,97,[DB2002b] G45.25+2.45,,,,,,
LDN 666,280.19167,15.04778,22,[DB2002b] G45.25+9.11,,,,,,
DIR 046-37,320.68333,-6.63556,100,[DB2002b] G45.5-36.5,,,,,,
Barnard 338,295.85417,7.37,11,[DB2002b] G45.53-8.05,LDN 668,,,,,
LDN 669,285.57917,12.82333,68,[DB2002b] G45.58+3.44,,,,,,
LDN 670,295.60417,7.61889,25,[DB2002b] G45.62-7.71,,,,,,
DIR 046-33,317.69583,-4.78333,135,[DB2002b] G45.7-33,,,,,,
LDN 671,294.35,8.44667,19,[DB2002b] G45.75-6.23,,,,,,
LDN 672,296.85833,7.12444,50,[DB2002b] G45.79-9.04,,,,,,
[LM99] 299,290.25417,10.89917,8,[DB2002b] G45.99-1.5,LDN 673-12,,,,,
[LM99] 303,290.34583,10.87472,8,[DB2002b] G46.01-1.59,LDN 673-13,,,,,
[LM99] 304,290.35,10.95306,8,[DB2002b] G46.08-1.56,LDN 673-14,,,,,
BDN 46.22-1.34,290.2125,11.17806,40,[DB2002b] G46.22-1.34,,,,,,
IREC 61,316.175,-3.40417,115,[DB2002b] G46.23-31,,,,,,
IREC 62,256.22917,25.035,78,[DB2002b] G46.23+33.67,,,,,,
LDN 673,290.19167,11.22389,23,[DB2002b] G46.25-1.3,P 77,,,,,
[CB88] 154,280.58333,16.00167,6,[DB2002b] G46.28+9.19,,,,,,
Barnard 339,296,8.28333,60,[DB2002b] G46.4-7.73,,,,,,
[LM99] 309,290.425,11.2775,7,[DB2002b] G46.41-1.48,LDN 673-9,,,,,
[LM99] 307,290.4,11.30139,7,[DB2002b] G46.42-1.44,LDN 673-8,,,,,
LDN 674,292.09167,10.43667,40.6,[DB2002b] G46.44-3.32,,,,,,
[LM99] 306,290.39583,11.35417,7,[DB2002b] G46.46-1.41,LDN 673-7,,,,,
[LM99] 301,290.28333,11.43167,4,[DB2002b] G46.48-1.28,LDN 673-4,,,,,
[CB88] 189,290.12917,11.51028,12,[DB2002b] G46.48-1.11,,,,,,
[LM99] 310,290.475,11.33528,2,[DB2002b] G46.48-1.49,LDN 673-10,,,,,
LDN 675,290.96667,11.11694,3.5,[DB2002b] G46.51-2.02,[CB88] 193,P 78,,,,
[CB88] 188,290.06667,11.60417,2,[DB2002b] G46.53-1.01,[LM99] 297,LDN 673-1,,,,
[LM99] 313,290.62083,11.355,3.5,[DB2002b] G46.56-1.61,LDN 677-3,,,,,
Barnard 333,292,10.66667,50,[DB2002b] G46.6-3.13,,,,,,
LDN 676,290.32083,11.56611,4,[DB2002b] G46.61-1.25,P 79,[LM99] 302,LDN 673-5,,,
[LM99] 314,290.68333,11.37944,2,[DB2002b] G46.62-1.65,LDN 677-4,,,,,
[LM99] 305,290.3625,11.60639,2,[DB2002b] G46.67-1.27,LDN 673-6,,,,,
IREC 63,272.65,19.89944,117,[DB2002b] G46.71+17.67,,,,,,
LDN 677,290.58333,11.56306,3,[DB2002b] G46.73-1.48,P 80,[LM99] 311,LDN 677-1,,,
LDN 679,288.32917,12.75278,58,[DB2002b] G46.75+1.03,,,,,,
LDN 678,296.1,8.62111,13,[DB2002b] G46.75-7.66,,,,,,
CO Cloud A,290.1625,11.80444,360,[DB2002b] G46.75-1,,,,,,
[LM99] 312,290.55833,11.60917,3,[DB2002b] G46.76-1.43,LDN 677-2,,,,,
LDN 680,296.17083,8.63,5.5,[DB2002b] G46.79-7.71,[CB88] 204,,,,,
LDN 681,296.1,8.78778,15,[DB2002b] G46.9-7.57,,,,,,
LDN 683,290.33333,11.92861,19.3,[DB2002b] G46.94-1.09,,,,,,
LDN 682,292.2125,10.93722,14,[DB2002b] G46.94-3.18,,,,,,
IREC 64,247.12917,28.14972,72,[DB2002b] G47.43+42.33,,,,,,
LDN 684,290.45417,12.42917,26,[DB2002b] G47.44-0.96,,,,,,
[LM99] 308,290.4,12.48611,10,[DB2002b] G47.46-0.88,,,,,,
LDN 685,292.4625,11.43833,12,[DB2002b] G47.49-3.16,,,,,,
IREC 65,248.6125,27.91111,94,[DB2002b] G47.5+41,,,,,,
LDN 686,290.83333,12.43111,5.5,[DB2002b] G47.61-1.28,[CB88] 192,,,,,
LDN 687,294.64167,10.41472,5,[DB2002b] G47.63-5.53,,,,,,
DIR 048+25,266.2,23.29917,130,[DB2002b] G47.7+24.5,,,,,,
LDN 688,294.69167,10.48139,8,[DB2002b] G47.71-5.54,,,,,,
LDN 689,295.09167,10.28333,14,[DB2002b] G47.73-5.98,,,,,,
IREC 66,305.35,4.50889,104,[DB2002b] G47.76-17.67,,,,,,
LDN 690,295.16667,10.33361,11,[DB2002b] G47.81-6.02,,,,,,
Barnard 142,294.92083,10.51667,40,[DB2002b] G47.85-5.72,,,,,,
LDN 691,292.33333,11.93778,15,[DB2002b] G47.87-2.81,,,,,,
LDN 692,290.57917,12.92972,14,[DB2002b] G47.94-0.83,,,,,,
LDN 693,287.57083,14.49917,247,[DB2002b] G47.96+2.49,,,,,,
IREC 67,252.00833,27.58417,150,[DB2002b] G48+38,DIR 048+38,,,,,
[LM99] 327,295.12083,10.84278,8,[DB2002b] G48.23-5.73,,,,,,
[LM99] 329,295.31667,10.84611,3,[DB2002b] G48.33-5.9,,,,,,
LDN 695,296.09167,10.45444,36,[DB2002b] G48.36-6.76,,,,,,
Barnard 143,295.27917,10.91333,26,[DB2002b] G48.37-5.83,LDN 694,P 81,,,,
[LM99] 328,295.26667,10.95056,6,[DB2002b] G48.4-5.8,,,,,,
LDN 696,292.32917,12.60444,8,[DB2002b] G48.46-2.49,,,,,,
LDN 697,285.5625,16.07333,45,[DB2002b] G48.48+4.93,,,,,,
LDN 698,291.4875,13.09722,10,[DB2002b] G48.5-1.53,P 82,[LM99] 321,,,,
LDN 699,292.32917,12.77111,9,[DB2002b] G48.61-2.41,,,,,,
IREC 68,263.95417,24.98417,89,[DB2002b] G48.69+27,,,,,,
LDN 700,295.37917,11.23333,4,[DB2002b] G48.7-5.76,[CB88] 200,,,,,
LDN 701,293.69583,12.24167,5,[DB2002b] G48.78-3.83,[CB88] 195,,,,,
[CB88] 201,295.54583,11.36806,6,[DB2002b] G48.89-5.84,SCHO1080,,,,,
Barnard 334,293.8125,12.32972,3.5,[DB2002b] G48.91-3.89,[CB88] 196,,,,,
CO Cloud Barnard,289.8875,14.49528,600,[DB2002b] G49+0.5,,,,,,
Barnard 336,294.14583,12.3275,3.5,[DB2002b] G49.07-4.18,LDN 702,[CB88] 198,,,,
LDN 703,296.89167,10.84111,9,[DB2002b] G49.09-7.25,,,,,,
Barnard 337,294.25417,12.4,3,[DB2002b] G49.18-4.24,,,,,,
LDN 705,294.20833,12.44611,18,[DB2002b] G49.2-4.17,,,,,,
P 83,291.64167,13.82222,7,[DB2002b] G49.21-1.32,,,,,,
LDN 704,291.64167,13.82222,19,[DB2002b] G49.21-1.32,,,,,,
LDN 706,275.02917,21.75639,6,[DB2002b] G49.41+16.36,,,,,,
Barnard 340,297.1625,11.45889,9,[DB2002b] G49.76-7.18,LDN 707,,,,,
LDN 708,285.55417,17.74,7,[DB2002b] G49.97+5.69,[CB88] 177,,,,,
IREC 69,350.625,-18.93083,78,[DB2002b] G50.09-68,,,,,,
LDN 709,288.46667,16.45389,3,[DB2002b] G50.1+2.62,[CB88] 184,P 84,[LM99] 292,,,
[CB88] 183,288.3375,16.5775,2,[DB2002b] G50.15+2.79,,,,,,
[CB88] 194,292.48333,14.57778,8,[DB2002b] G50.26-1.67,,,,,,
LDN 710,285.55833,18.15667,10,[DB2002b] G50.35+5.87,[CB88] 178,,,,,
LDN 711,285.55833,18.15667,147,[DB2002b] G50.35+5.87,,,,,,
LDN 712,284.8,18.56972,56,[DB2002b] G50.4+6.7,,,,,,
LDN 713,288.05833,17.085,120,[DB2002b] G50.48+3.26,,,,,,
IREC 70,215.69167,31.39333,69,[DB2002b] G50.5+69.67,,,,,,
LDN 714,288.05417,17.96417,5,[DB2002b] G51.26+3.67,[CB88] 182,,,,,
LDN 715,286.29583,19.07667,20,[DB2002b] G51.49+5.66,,,,,,
LDN 716,290.80833,17.0975,225,[DB2002b] G51.72+0.94,,,,,,
LDN 717,289.05417,18.00611,23,[DB2002b] G51.73+2.84,,,,,,
LDN 718,288.05,18.58472,44,[DB2002b] G51.81+3.96,,,,,,
LDN 719,285.79167,19.74111,18,[DB2002b] G51.87+6.38,,,,,,
LDN 720,294.31667,15.44667,159,[DB2002b] G51.88-2.81,,,,,,
LDN 721,292.8125,16.69,262,[DB2002b] G52.27-0.94,,,,,,
IREC 71,258.55,29.82528,154,[DB2002b] G52.42+33,,,,,,
CO Cloud C,290.9125,17.93611,300,[DB2002b] G52.5+1.25,,,,,,
IREC 72,285.24583,20.83667,87,[DB2002b] G52.63+7.33,,,,,,
IREC 73,234.175,33.23972,100,[DB2002b] G52.97+54,,,,,,
LDN 722,291.05,18.43194,9,[DB2002b] G53+1.37,,,,,,
LDN 723,289.54583,19.225,6,[DB2002b] G53.03+3,,,,,,
LDN 724,288.04167,20.08472,147,[DB2002b] G53.14+4.65,,,,,,
LDN 725,292.05417,18.16972,5,[DB2002b] G53.22+0.4,,,,,,
LDN 726,296.56667,15.95639,10,[DB2002b] G53.4-4.44,,,,,,
LDN 727,292.55417,18.27194,15,[DB2002b] G53.54+0.04,BDN 53.54+0.04,,,,,
LDN 728,287.2875,21.08139,60,[DB2002b] G53.71+5.73,,,,,,
IREC 74,270.95,27.70333,66,[DB2002b] G53.81+22,,,,,,
LDN 729,295.08333,17.28333,9,[DB2002b] G53.85-2.55,,,,,,
LDN 730,289.96667,19.94639,8,[DB2002b] G53.86+2.98,[LM99] 295,LDN 730-1,,,,
LDN 731,294.55833,17.61444,31,[DB2002b] G53.89-1.95,,,,,,
[LM99] 298,290.09583,20.0425,3,[DB2002b] G54+2.92,LDN 730-2,,,,,
LDN 732,289.91667,20.17667,8,[DB2002b] G54.04+3.13,,,,,,
LDN 733,296.0625,17.12083,38,[DB2002b] G54.17-3.44,,,,,,
[CB88] 197,294.025,18.39333,3.5,[DB2002b] G54.32-1.13,,,,,,
LDN 734,287.02917,22.08028,49,[DB2002b] G54.5+6.4,,,,,,
LDN 735,290.54167,20.42972,8,[DB2002b] G54.54+2.73,,,,,,
LDN 736,288.53333,21.58722,49,[DB2002b] G54.69+4.93,,,,,,
LDN 737,295.05417,18.28333,17,[DB2002b] G54.7-2.03,,,,,,
LDN 738,290.2875,20.92861,15,[DB2002b] G54.87+3.17,,,,,,
LDN 739,291.04167,20.59861,37,[DB2002b] G54.91+2.4,,,,,,
LDN 740,292.04583,20.10306,117,[DB2002b] G54.92+1.33,,,,,,
LDN 741,290.2875,21.09528,159,[DB2002b] G55.01+3.25,,,,,,
LDN 742,293.29583,19.60889,13,[DB2002b] G55.05+0.06,,,,,,
LDN 743,294.6,18.94778,7,[DB2002b] G55.07-1.33,,,,,,
LDN 744,289.8625,21.42667,10,[DB2002b] G55.12+3.76,,,,,,
LDN 745,297.05833,17.79194,42,[DB2002b] G55.23-3.93,,,,,,
LDN 746,290.5375,21.29639,11,[DB2002b] G55.3+3.14,,,,,,
IREC 75,256.5625,32.74778,96,[DB2002b] G55.38+35.33,,,,,,
LDN 747,295.37083,18.92222,8,[DB2002b] G55.41-1.98,,,,,,
LDN 748,291.2875,21.09972,45,[DB2002b] G55.46+2.43,,,,,,
[CB88] 202,295.62917,18.86917,2.5,[DB2002b] G55.48-2.22,,,,,,
LDN 749,288.77917,22.42167,33,[DB2002b] G55.54+5.11,,,,,,
LDN 750,289.53333,22.09167,170,[DB2002b] G55.57+4.34,,,,,,
LDN 751,290.25833,21.745,4,[DB2002b] G55.58+3.58,,,,,,
LDN 752,294.725,19.53167,7,[DB2002b] G55.64-1.15,,,,,,
LDN 753,296.86667,18.40583,6.5,[DB2002b] G55.66-3.46,[CB88] 209,SCHO1105,,,,
[CB88] 203,295.98333,19.08333,6,[DB2002b] G55.83-2.4,SCHO1091,,,,,
LDN 754,296.80417,18.7075,6,[DB2002b] G55.9-3.26,,,,,,
LDN 755,291.7875,21.43528,25,[DB2002b] G55.97+2.18,,,,,,
LDN 756,291.9125,21.43583,5,[DB2002b] G56.03+2.08,,,,,,
LDN 758,296.67917,18.95694,16,[DB2002b] G56.05-3.03,,,,,,
LDN 757,295.55,19.56861,10.9,[DB2002b] G56.05-1.81,,,,,,
[CB88] 208,296.80417,18.91111,2,[DB2002b] G56.07-3.16,SCHO1106,,,,,
[CB88] 206,296.6,19.04194,7,[DB2002b] G56.09-2.93,[LM99] 330,,,,,
IREC 76,236.225,35.13639,96,[DB2002b] G56.17+52.33,,,,,,
IREC 77,313.3625,9.02583,98,[DB2002b] G56.33-22,,,,,,
LDN 759,287.52083,24.0825,36,[DB2002b] G56.5+6.89,,,,,,
LDN 760,292.53333,21.85528,6,[DB2002b] G56.68+1.77,,,,,,
LDN 761,294.04167,21.11222,20,[DB2002b] G56.7+0.18,,,,,,
LDN 762,289.975,23.17722,6,[DB2002b] G56.73+4.48,,,,,,
LDN 764,289.775,23.42611,17,[DB2002b] G56.86+4.76,,,,,,
LDN 763,289.71667,23.45528,5,[DB2002b] G56.86+4.82,P 85,[LM99] 294,,,,
HD210121 Dark Nebula Nucleus,332.05,-3.53139,50,[DB2002b] G56.88-44.46,,,,,,
HD210121 Dark Nebula Envelope,332.05,-3.53139,280,[DB2002b] G56.88-44.46,IREC 80,,,,,
LDN 765,296.04583,20.2875,12,[DB2002b] G56.91-1.85,,,,,,
LDN 767,291.27917,22.76639,27,[DB2002b] G56.93+3.22,,,,,,
LDN 766,297.3,19.62639,61,[DB2002b] G56.93-3.21,,,,,,
[LM99] 318,290.9875,22.98833,7,[DB2002b] G56.99+3.57,LDN 769-2,,,,,
LDN 769,291.09167,23.06972,20,[DB2002b] G57.11+3.52,P 86,,,,,
LDN 771,290.20417,23.49917,5,[DB2002b] G57.11+4.44,[CB88] 190,P 87,[LM99] 300,,,
[LM99] 317,290.96667,23.12833,9,[DB2002b] G57.11+3.65,LDN 769-1,,,,,
LDN 770,293.03333,22.1075,35,[DB2002b] G57.12+1.49,,,,,,
LDN 768,291.90417,22.68583,45,[DB2002b] G57.13+2.68,BDN 57.13+2.68,,,,,
[LM99] 320,291.225,23.04306,6,[DB2002b] G57.15+3.4,LDN 769-4,,,,,
[LM99] 319,291.11667,23.1325,5,[DB2002b] G57.18+3.53,LDN 769-3,,,,,
LDN 772,291.27917,23.09972,16,[DB2002b] G57.22+3.38,,,,,,
LDN 773,290.625,23.43,4,[DB2002b] G57.23+4.07,,,,,,
LDN 774,290.71667,23.41972,2.5,[DB2002b] G57.26+3.99,[LM99] 315,LDN 774-1,,,,
[LM99] 316,290.92083,23.38667,1,[DB2002b] G57.32+3.81,LDN 774-2,,,,,
LDN 775,290.9,23.43139,10,[DB2002b] G57.35+3.85,,,,,,
LDN 776,293.78333,22.11083,44,[DB2002b] G57.46+0.88,,,,,,
LDN 777,288.0125,25.08472,28,[DB2002b] G57.61+6.94,,,,,,
[CB88] 212,300.025,19.11917,6,[DB2002b] G57.81-5.67,,,,,,
IREC 78,326.9875,1.05917,69,[DB2002b] G57.88-37.67,,,,,,
LDN 779,292.52917,23.35528,22,[DB2002b] G57.99+2.49,,,,,,
[CB88] 207,296.62917,21.22556,7,[DB2002b] G57.99-1.85,,,,,,
BDN 58.03+3.30,291.775,23.76861,30,[DB2002b] G58.03+3.3,,,,,,
LDN 788,291.81667,23.79806,20,[DB2002b] G58.07+3.28,P 88,[LM99] 323,LDN 778-2,,,
LDN 781,292.00833,23.72361,18,[DB2002b] G58.09+3.09,[LM99] 324,LDN 778-3,,,,
LDN 780,288.5125,25.42056,21,[DB2002b] G58.12+6.69,,,,,,
MLB 87,291.60833,23.98583,15,[DB2002b] G58.14+3.54,[LM99] 322,LDN 778-1,,,,
LDN 782,292.025,23.93639,14,[DB2002b] G58.28+3.18,,,,,,
[LM99] 325,292.0375,23.95667,1.5,[DB2002b] G58.3+3.18,LDN 778-4,,,,,
LDN 783,291.77083,24.10194,13,[DB2002b] G58.32+3.46,,,,,,
IREC 79,278.775,29.7275,110,[DB2002b] G58.43+16.33,,,,,,
Vulpecula Rift,294.22083,23.07917,540,[DB2002b] G58.5+1,,,,,,
LDN 784,292.275,24.10417,38,[DB2002b] G58.54+3.06,,,,,,
LDN 785,293.525,24.10972,5,[DB2002b] G59.09+2.06,,,,,,
LDN 786,292.89583,24.44028,12,[DB2002b] G59.11+2.72,,,,,,
LDN 787,298.2875,22.13056,294,[DB2002b] G59.56-2.73,,,,,,
LDN 788,293.39583,24.77583,5,[DB2002b] G59.62+2.48,,,,,,
DIR 060-26,318.47083,9.22861,105,[DB2002b] G59.7-26,,,,,,
IREC 81,267.0125,34.62972,181,[DB2002b] G59.93+27.33,,,,,,
LDN 789,297.40417,23.62694,7,[DB2002b] G60.43-1.26,,,,,,
LDN 790,293.76667,25.69417,4.5,[DB2002b] G60.59+2.63,,,,,,
LDN 791,297.40417,23.96028,19,[DB2002b] G60.72-1.09,,,,,,
LDN 792,294.26667,25.69639,23,[DB2002b] G60.81+2.24,,,,,,
LDN 793,294.89167,25.44917,15,[DB2002b] G60.87+1.63,,,,,,
G61-34,325.57917,5.28917,80,[DB2002b] G61-34,,,,,,
DIR 061+22,273.525,33.99222,240,[DB2002b] G61+22,,,,,,
IREC 83,0.39583,-20.22083,89,[DB2002b] G61.48-76.67,,,,,,
LDN 795,294.2625,26.61306,33,[DB2002b] G61.61+2.69,,,,,,
LDN 794,294.2625,26.61306,32,[DB2002b] G61.61+2.69,,,,,,
LDN 796,296.0125,26.37083,7,[DB2002b] G62.17+1.21,,,,,,
LDN 797,301.44583,23.44,7,[DB2002b] G62.2-4.52,[CB88] 216,,,,,
LDN 798,296.76667,26.12417,95,[DB2002b] G62.29+0.5,,,,,,
LDN 799,295.6375,26.9525,10,[DB2002b] G62.5+1.79,,,,,,
IREC 84,307.45417,20.13472,80,[DB2002b] G62.51-11,,,,,,
LDN 800,296.0125,26.7875,12,[DB2002b] G62.53+1.42,,,,,,
LDN 801,300.85417,24.30833,12,[DB2002b] G62.65-3.61,,,,,,
LDN 802,299.94583,24.92472,3,[DB2002b] G62.74-2.58,[CB88] 211,,,,,
LDN 803,295.58333,27.28556,8,[DB2002b] G62.77+1.99,,,,,,
LDN 805,300.37917,24.71306,3,[DB2002b] G62.77-3.02,[CB88] 213,,,,,
LDN 804,295.70833,27.25278,8,[DB2002b] G62.8+1.88,,,,,,
LDN 806,296.0875,27.12111,5,[DB2002b] G62.85+1.52,,,,,,
LDN 807,295.90833,27.37028,10,[DB2002b] G62.99+1.79,,,,,,
LDN 808,296.25833,27.28861,8,[DB2002b] G63.07+1.47,,,,,,
IREC 85,220.49167,37.14139,98,[DB2002b] G63.15+64.67,,,,,,
LDN 809,301.025,25.14222,89,[DB2002b] G63.44-3.3,,,,,,
IREC 86,286.7875,32.12028,188,[DB2002b] G63.53+11,,,,,,
LDN 810,296.3625,27.8725,11,[DB2002b] G63.62+1.69,[CB88] 205,,,,,
LDN 811,295,28.86639,30,[DB2002b] G63.89+3.22,,,,,,
LDN 812,296.25417,28.53861,23,[DB2002b] G64.15+2.1,,,,,,
LDN 813,295.75,29.11972,28,[DB2002b] G64.44+2.78,,,,,,
IREC 87,205.39167,33.02583,92,[DB2002b] G64.52+77.67,,,,,,
[CB88] 214,301,26.65472,7,[DB2002b] G64.71-2.47,,,,,,
MBM 49,321.92917,12.30167,40,[DB2002b] G64.74-26.8,,,,,,
LDN 814,301.01667,26.72556,11,[DB2002b] G64.78-2.45,,,,,,
[CB88] 215,301.0625,26.76694,2,[DB2002b] G64.83-2.46,,,,,,
LDN 815,296.75,29.12417,91,[DB2002b] G64.88+2.02,,,,,,
LDN 816,293.9875,30.52861,10,[DB2002b] G64.92+4.8,,,,,,
LDN 817,295.24167,30.1175,134,[DB2002b] G65.09+3.65,,,,,,
LDN 818,304.275,26.15556,190,[DB2002b] G65.89-5.2,,,,,,
LDN 819,296.99167,30.37528,21,[DB2002b] G66.07+2.47,,,,,,
LDN 820,296.2375,30.95528,37,[DB2002b] G66.24+3.32,,,,,,
LDN 821,294.27917,32.44667,5,[DB2002b] G66.73+5.51,,,,,,
IREC 88,309.28333,24.83056,53,[DB2002b] G67.4-9.67,,,,,,
LDN 822,296.73333,32.12417,93,[DB2002b] G67.47+3.54,,,,,,
[CB88] 221,307.925,25.9975,3.5,[DB2002b] G67.63-7.99,,,,,,
IREC 89,290.15417,35.60917,159,[DB2002b] G67.96+10,,,,,,
IREC 90,243.54167,43.07139,85,[DB2002b] G68+46.33,,,,,,
LDN 823,302.25,30.1475,72,[DB2002b] G68.25-1.52,,,,,,
IREC 91,320.84583,17.48972,100,[DB2002b] G68.38-22.67,,,,,,
LDN 824,304.00833,29.40444,28,[DB2002b] G68.47-3.2,,,,,,
LDN 825,297.97917,33.12944,86,[DB2002b] G68.87+3.14,,,,,,
LDN 826,297.225,33.54278,14,[DB2002b] G68.91+3.89,,,,,,
LDN 827,304.50833,29.70667,14,[DB2002b] G68.96-3.4,,,,,,
LDN 828,297.725,33.545,9,[DB2002b] G69.12+3.53,,,,,,
LDN 829,298.3,33.4475,7,[DB2002b] G69.28+3.07,,,,,,
LDN 830,297.975,33.77944,8,[DB2002b] G69.43+3.47,,,,,,
LDN 831,298.475,33.715,7,[DB2002b] G69.59+3.08,,,,,,
Barnard 341,297.50417,34.26667,35,[DB2002b] G69.65+4.06,,,,,,
DIR 070+23,276.04583,41.81083,75,[DB2002b] G69.7+22.5,,,,,,
LDN 832,298.67083,33.78972,6,[DB2002b] G69.73+2.99,[CB88] 210,,,,,
LDN 833,298.725,33.79944,74,[DB2002b] G69.77+2.95,,,,,,
MBM 50,328.40833,12.90306,20,[DB2002b] G70.02-31.16,,,,,,
LDN 834,298.47083,34.39833,8,[DB2002b] G70.17+3.44,,,,,,
LDN 835,298.34583,34.68111,8,[DB2002b] G70.36+3.67,,,,,,
LDN 836,298.34167,34.71444,7,[DB2002b] G70.39+3.69,,,,,,
LDN 837,305.97917,30.77917,5.5,[DB2002b] G70.57-3.84,,,,,,
LDN 838,306.00417,30.77917,5.5,[DB2002b] G70.58-3.85,,,,,,
LDN 839,299.975,34.13806,71,[DB2002b] G70.59+2.24,,,,,,
LDN 840,298.56667,35.13194,20,[DB2002b] G70.84+3.75,,,,,,
LDN 841,302.7375,33.14944,329,[DB2002b] G70.99-0.23,,,,,,
DIR 071-43,337.1875,5.53944,180,[DB2002b] G71-42.5,,,,,,
LDN 842,304.99583,31.99194,8,[DB2002b] G71.09-2.46,,,,,,
LDN 843,305.17083,31.92583,5,[DB2002b] G71.12-2.62,,,,,,
LDN 844,307.60833,30.66889,9,[DB2002b] G71.29-5.04,,,,,,
LDN 845,301.25,34.36,27,[DB2002b] G71.34+1.46,,,,,,
Barnard 144,299.5,35.33333,360,[DB2002b] G71.41+3.2,,,,,,
DIR 072-34,331.3875,11.83028,85,[DB2002b] G71.5-34,,,,,,
LDN 846,310.52083,29.17972,104,[DB2002b] G71.6-7.96,,,,,,
LDN 847,300.47083,35.14,104,[DB2002b] G71.66+2.42,,,,,,
IREC 92,258.97083,45.93389,100,[DB2002b] G71.72+35.33,,,,,,
LDN 848,301.32083,34.86028,6.5,[DB2002b] G71.8+1.68,,,,,,
G72+25,272.9375,44.485,120,[DB2002b] G71.86+25.4,ir4,,,,,
LDN 849,301.14583,35.10944,6.5,[DB2002b] G71.93+1.94,,,,,,
LDN 850,302.97917,34.15056,54,[DB2002b] G71.94+0.15,,,,,,
LDN 851,307.57917,31.66861,9,[DB2002b] G72.09-4.44,,,,,,
LDN 852,301.47083,35.14417,10,[DB2002b] G72.1+1.73,,,,,,
LDN 854,299.45833,36.38583,20,[DB2002b] G72.29+3.77,,,,,,
LDN 855,299.63333,36.38667,5.4,[DB2002b] G72.37+3.65,,,,,,
LDN 856,302.04583,35.18,7.5,[DB2002b] G72.39+1.35,,,,,,
Barnard 147,301.70833,35.36667,11,[DB2002b] G72.39+1.69,LDN 853,,,,,
LDN 857 in Barnard 144,300.4625,36.14,54,[DB2002b] G72.51+2.95,,,,,,
LDN 858,302.775,34.94972,27,[DB2002b] G72.52+0.73,,,,,,
IREC 93,315.05,27.17444,85,[DB2002b] G72.52-12.33,,,,,,
Barnard 146,300.825,36.02917,2,[DB2002b] G72.57+2.65,LDN 860,P 89,,,,
LDN 859,307.85,32.33639,7.5,[DB2002b] G72.77-4.23,,,,,,
LDN 861,300.10833,36.77194,4.5,[DB2002b] G72.9+3.53,,,,,,
IREC 94,332.775,12.23222,78,[DB2002b] G73.01-34.67,,,,,,
IREC 95,285.825,42.73889,87,[DB2002b] G73.2+16,,,,,,
MBM 51,344.56667,0.10139,35,[DB2002b] G73.31-51.52,,,,,,
BDN 73.49+1.01,303.14583,35.91778,2,[DB2002b] G73.49+1.01,,,,,,
LDN 862,301.70833,36.97861,54,[DB2002b] G73.75+2.55,,,,,,
Barnard 145,300.70417,37.66667,45,[DB2002b] G73.91+3.6,,,,,,
LDN 863,301.9375,37.09833,4.5,[DB2002b] G73.95+2.47,[CB88] 217,,,,,
LDN 864,310.50417,32.17972,134,[DB2002b] G73.99-6.12,,,,,,
IREC 96,257.14583,47.865,221,[DB2002b] G74.03+36.67,,,,,,
LDN 865,301.05417,37.77583,16,[DB2002b] G74.15+3.42,,,,,,
IREC 97,343.9625,1.61028,78,[DB2002b] G74.21-50,,,,,,
MBM 52,344.89167,0.76833,20,[DB2002b] G74.42-51.25,,,,,,
LDN 866,301.77917,37.77889,25,[DB2002b] G74.46+2.94,,,,,,
LDN 867,299.97083,38.72139,6.5,[DB2002b] G74.51+4.64,,,,,,
LDN 868,311.75833,32.18444,49,[DB2002b] G74.65-6.96,,,,,,
Cygnus Rift,305.05417,36.39972,1410,[DB2002b] G74.75+0,,,,,,
IREC 98,281.04583,45.97056,83,[DB2002b] G75.13+20.33,,,,,,
LDN 869,299.94167,39.47111,11,[DB2002b] G75.14+5.05,,,,,,
LDN 870,309.2375,35.175,300,[DB2002b] G75.74-3.47,,,,,,
IREC 99,9.9,-24.60306,87,[DB2002b] G75.75-86.33,,,,,,
LDN 871,301.44167,39.81083,16,[DB2002b] G76.04+4.25,,,,,,
LDN 872,300.43333,40.47333,17,[DB2002b] G76.19+5.25,,,,,,
LDN 873,310.2375,35.17889,70,[DB2002b] G76.24-4.12,,,,,,
LDN 874,310.4875,35.17972,60,[DB2002b] G76.37-4.28,,,,,,
LDN 875,301.94167,39.97944,4,[DB2002b] G76.38+4.01,,,,,,
LDN 876,302.31667,39.89778,10,[DB2002b] G76.47+3.73,,,,,,
DIR 077-37,336.52083,12.4425,200,[DB2002b] G76.5-37,,,,,,
IREC 100,353.79583,-7.51806,87,[DB2002b] G76.76-63.33,,,,,,
LDN 877,303.57083,39.90278,5,[DB2002b] G77+2.93,,,,,,
LDN 878,302.1875,40.66389,3.5,[DB2002b] G77.06+4.23,,,,,,
Barnard 343,303.3375,40.24806,10,[DB2002b] G77.19+3.26,LDN 880,P 90,[LM99] 331,,,
LDN 879,305.20417,39.32611,4,[DB2002b] G77.23+1.56,,,,,,
LDN 881,304.54583,39.76944,3,[DB2002b] G77.31+2.23,P 91,,,,,
LDN 882,304.825,39.65806,3,[DB2002b] G77.34+1.99,,,,,,
LDN 883,304.95,39.65833,3.5,[DB2002b] G77.39+1.91,,,,,,
LDN 884,301.42917,41.4775,66,[DB2002b] G77.45+5.14,,,,,,
Barnard 344,304.05,40.21667,7,[DB2002b] G77.47+2.79,,,,,,
Barnard 342,302.30833,41.14778,4,[DB2002b] G77.52+4.41,LDN 885,,,,,
LDN 886,304.69583,39.99083,62,[DB2002b] G77.56+2.26,,,,,,
LDN 887,300.92083,42.47528,9,[DB2002b] G78.1+5.99,,,,,,
LDN 888,304.69167,40.6575,127,[DB2002b] G78.11+2.64,,,,,,
LDN 889,306.575,39.99833,90,[DB2002b] G78.39+1.08,BDN 78.39+1.08,,,,,
LDN 890,300.91667,42.89194,14,[DB2002b] G78.45+6.21,,,,,,
Barnard 347,307.12083,39.91389,5,[DB2002b] G78.56+0.7,,,,,,
LDN 891,303.42917,41.98583,6.5,[DB2002b] G78.69+4.16,,,,,,
LDN 892,303.93333,41.82111,14,[DB2002b] G78.75+3.76,,,,,,
LDN 893,303.175,42.23472,11,[DB2002b] G78.79+4.45,,,,,,
LDN 894,303.92917,41.90444,4,[DB2002b] G78.82+3.81,,,,,,
IREC 101,279.37083,50.29556,83,[DB2002b] G79.22+22.67,,,,,,
IREC 102,293.99583,46.64333,140,[DB2002b] G79.34+12.33,,,,,,
LDN 895,303.925,42.65444,143,[DB2002b] G79.45+4.22,,,,,,
LDN 896,310.4625,39.67972,10,[DB2002b] G79.91-1.5,,,,,,
LDN 897,306.18333,42.16333,20,[DB2002b] G79.98+2.57,,,,,,
BDN 80.00+2.69,306.05833,42.24611,60,[DB2002b] G80+2.69,,,,,,
LDN 898,310.4625,39.84639,16,[DB2002b] G80.04-1.4,,,,,,
[LM99] 342,310.57083,39.78056,3,[DB2002b] G80.04-1.51,LDN 896-2,,,,,
[LM99] 343,310.58333,39.88639,7.5,[DB2002b] G80.13-1.45,LDN 896-1,,,,,
LDN 899,305.92917,42.6625,8,[DB2002b] G80.29+3.01,,,,,,
LDN 900,306.17917,42.74667,8,[DB2002b] G80.46+2.91,,,,,,
LDN 901,305.375,43.32694,5,[DB2002b] G80.6+3.72,,,,,,
LDN 902,305.425,43.32694,2,[DB2002b] G80.62+3.69,,,,,,
IREC 103,276.29167,52.18,83,[DB2002b] G80.7+25,,,,,,
MBM 53,330.82917,24.2425,240,[DB2002b] G80.77-24.55,,,,,,
LDN 903,302.15417,45.06389,4.5,[DB2002b] G80.78+6.61,,,,,,
IREC 104,214.84167,43.25028,78,[DB2002b] G80.84+66,,,,,,
LDN 904,313.225,39.18972,170,[DB2002b] G80.87-3.47,,,,,,
Barnard 348,308.5,42.08333,70,[DB2002b] G80.93+1.13,,,,,,
LDN 905,302.4,45.315,8,[DB2002b] G81.09+6.59,,,,,,
DIR 081+39,253.93333,53.55722,150,[DB2002b] G81.3+38.5,,,,,,
Northern Coalsack,309.19167,42.175,238,[DB2002b] G81.31+0.78,LDN 906,,,,,
LDN 907,311.30833,41.01611,13,[DB2002b] G81.36-1.18,,,,,,
Barnard 346,306.69167,43.75,10,[DB2002b] G81.49+3.18,,,,,,
LDN 909,304.90833,45.15833,118,[DB2002b] G81.93+5.03,,,,,,
LDN 908,304.90833,45.15833,36,[DB2002b] G81.93+5.03,,,,,,
G81.4-77.8,4.41667,-17.58611,110,[DB2002b] G81.94-77.68,,,,,,
LDN 910,304.90833,45.325,6.5,[DB2002b] G82.07+5.13,,,,,,
LDN 911,310.19167,42.92861,7,[DB2002b] G82.35+0.65,,,,,,
LDN 912,316.9875,38.7025,54,[DB2002b] G82.42-6,,,,,,
IREC 105,350.42083,1.66472,104,[DB2002b] G82.46-54,,,,,,
LDN 913,306.0625,45.32972,6.5,[DB2002b] G82.53+4.46,,,,,,
LDN 914,312.95833,41.68889,137,[DB2002b] G82.66-1.72,,,,,,
LDN 916,314.4625,41.19417,72,[DB2002b] G83.01-2.9,,,,,,
LDN 915,311.29167,43.16389,6,[DB2002b] G83.03+0.16,P 92,[LM99] 347,,,,
Barnard 345,305.25,46.55,25,[DB2002b] G83.22+5.62,,,,,,
LDN 917,310.00417,44.155,3,[DB2002b] G83.24+1.51,P 93,[LM99] 337,,,,
LDN 918,310.16667,44.09139,5,[DB2002b] G83.26+1.38,P 94,[LM99] 338,,,,
LDN 919,308.16667,45.28778,2,[DB2002b] G83.36+3.23,,,,,,
[LM99] 335,309.625,44.53333,2.5,[DB2002b] G83.38+1.95,LDN 922-1,,,,,
LDN 920,308.16667,45.33778,2,[DB2002b] G83.4+3.26,,,,,,
LDN 921,308.29167,45.27167,3,[DB2002b] G83.4+3.15,,,,,,
LDN 922,309.65417,44.57694,4.5,[DB2002b] G83.42+1.96,P 95,,,,,
[LM99] 336,309.7,44.59917,1.8,[DB2002b] G83.46+1.95,LDN 922-2,,,,,
LDN 923,308.67083,45.17306,14,[DB2002b] G83.48+2.88,LDN 924,,,,,
LDN 925,308.41667,45.33861,3,[DB2002b] G83.51+3.12,,,,,,
LDN 928,310.175,44.59556,3,[DB2002b] G83.66+1.68,P 96,,,,,
LDN 926,308.84583,45.32361,3,[DB2002b] G83.67+2.87,,,,,,
LDN 927,315.97083,41.09917,10,[DB2002b] G83.69-3.82,,,,,,
LDN 929,308.92083,45.34056,3,[DB2002b] G83.72+2.84,,,,,,
IREC 106,335.45417,23.25806,75,[DB2002b] G83.73-28,,,,,,
LDN 930,309.22083,45.34167,3,[DB2002b] G83.85+2.67,,,,,,
Barnard 349,311.9375,43.85194,7,[DB2002b] G83.87+0.23,LDN 931,,,,,
LDN 932,316.46667,41.8675,4,[DB2002b] G84.51-3.58,,,,,,
IREC 107,291.2625,53.14444,69,[DB2002b] G84.66+16.67,,,,,,
LDN 933,313.19167,44.18972,22,[DB2002b] G84.7-0.26,,,,,,
Barnard 355,314.9,43.20694,6,[DB2002b] G84.75-1.83,,,,,,
LDN 934,316.76667,42.11861,6.5,[DB2002b] G84.85-3.58,,,,,,
LDN 935,314.19583,43.85972,90,[DB2002b] G84.91-1.02,,,,,,
LDN 936,312.93333,45.18861,57,[DB2002b] G85.35+0.52,,,,,,
LDN 937,317.46667,42.45417,171,[DB2002b] G85.45-3.74,,,,,,
IREC 108,324.49167,37.10444,94,[DB2002b] G85.49-11.33,,,,,,
LDN 938,317.2125,42.70333,34,[DB2002b] G85.5-3.43,,,,,,
Barnard 358,316.41667,43.26667,18,[DB2002b] G85.53-2.62,,,,,,
LDN 939,307.76667,48.16972,268,[DB2002b] G85.54+5.15,,,,,,
Barnard 350,312.275,45.86667,3,[DB2002b] G85.58+1.31,,,,,,
IREC 109,345.625,12.54528,89,[DB2002b] G85.76-42.33,,,,,,
LDN 940,313.43333,45.59056,23,[DB2002b] G85.88+0.51,,,,,,
3C454.3 Direction Cloud,343.4875,16.14806,120,[DB2002b] G86.11-38.18,,,,,,
Barnard 353,314.29167,45.5025,12,[DB2002b] G86.2+0,,,,,,
Barnard 352,314.18333,45.82639,19,[DB2002b] G86.4+0.26,LDN 941,,,,,
DIR 087+29,271.775,57.87139,210,[DB2002b] G86.5+28.5,,,,,,
LDN 942,319.15,43.20611,4,[DB2002b] G86.84-4.12,[LM99] 367,LDN 944-1,,,,
LDN 943,319.16667,43.39306,6,[DB2002b] G86.99-4,,,,,,
LDN 945,314.42917,46.52722,24,[DB2002b] G87.04+0.59,,,,,,
LDN 944,319.42083,43.3025,3,[DB2002b] G87.05-4.19,P 97,[LM99] 368,LDN 944-2,,,
Barnard 351,313.1125,47.4,30,[DB2002b] G87.13+1.84,,,,,,
LDN 946,319.72083,43.4275,2,[DB2002b] G87.29-4.26,[LM99] 369,LDN 944-3,,,,
IREC 110,328.88333,35.75972,96,[DB2002b] G87.31-14.67,,,,,,
LDN 947,319.99583,43.3125,5.5,[DB2002b] G87.35-4.48,,,,,,
LDN 948,320.17083,43.24639,2,[DB2002b] G87.4-4.62,,,,,,
Barnard 356,315.12917,46.61306,22,[DB2002b] G87.42+0.28,LDN 950,,,,,
LDN 949,319.84167,43.52861,15,[DB2002b] G87.43-4.25,,,,,,
LDN 951,320.27083,43.31333,4,[DB2002b] G87.49-4.63,,,,,,
[LM99] 370,320.00833,43.51444,2,[DB2002b] G87.5-4.35,LDN 952-1,,,,,
LDN 952,320.075,43.54583,3,[DB2002b] G87.56-4.36,P 98,[LM99] 371,LDN 952-2,,,
LDN 953,320.35417,43.35972,2,[DB2002b] G87.57-4.64,P 99,[LM99] 372,,,,
IREC 111,238.675,56.34139,63,[DB2002b] G87.79+46.33,,,,,,
LDN 954,315.42917,47.1975,40,[DB2002b] G88+0.52,,,,,,
LDN 955,314.41667,47.86056,17,[DB2002b] G88.05+1.47,,,,,,
LDN 956,317.89583,45.97222,3.5,[DB2002b] G88.23-1.56,,,,,,
LDN 957,315.17083,47.78,31,[DB2002b] G88.32+1.03,,,,,,
LDN 958,314.74167,48.095,6,[DB2002b] G88.37+1.45,BDN 88.37+1.45,,,,,
LDN 959,317.94167,46.53917,17,[DB2002b] G88.67-1.2,,,,,,
IREC 112,324.90417,41.45167,72,[DB2002b] G88.7-8.33,,,,,,
LDN 960,317.13333,47.17,3.5,[DB2002b] G88.75-0.36,,,,,,
LDN 961,317.20833,47.23667,5,[DB2002b] G88.84-0.36,,,,,,
LDN 962,315.41667,48.36417,49,[DB2002b] G88.87+1.29,,,,,,
LDN 963,318.44167,46.54083,19,[DB2002b] G88.91-1.45,,,,,,
LDN 964,317.38333,47.37083,5,[DB2002b] G89.02-0.35,,,,,,
LDN 965,319.95417,45.87889,40,[DB2002b] G89.16-2.66,,,,,,
MBM 55,347.1,15.08778,360,[DB2002b] G89.19-40.94,,,,,,
LDN 966,315.0375,49.02944,25,[DB2002b] G89.2+1.92,,,,,,
LDN 967,317.55833,47.57139,24,[DB2002b] G89.24-0.3,,,,,,
LDN 968,320.63333,45.54778,7.5,[DB2002b] G89.26-3.23,,,,,,
Barnard 361,318.05417,47.38972,21,[DB2002b] G89.34-0.67,LDN 970,,,,,
[LM99] 364,318.15833,47.32972,11,[DB2002b] G89.34-0.76,Barnard 361-2,,,,,
LDN 969,323.47917,43.58944,8,[DB2002b] G89.37-6.04,,,,,,
MLB 88,318.1125,47.40806,9,[DB2002b] G89.38-0.69,[LM99] 363,Barnard 361-1,,,,
LDN 971,315.22917,49.32306,4,[DB2002b] G89.51+2.02,[LM99] 356,LDN 971-2,,,,
LDN 972,320.32917,46.13,14,[DB2002b] G89.52-2.67,,,,,,
LDN 973,324.3625,43.22556,10,[DB2002b] G89.6-6.74,,,,,,
[LM99] 355,315.19583,49.48611,2.5,[DB2002b] G89.61+2.14,LDN 971-1,,,,,
MBM 41,252.25417,59.99806,50,[DB2002b] G89.61+38.42,,,,,,
LDN 974,319.825,46.62861,26,[DB2002b] G89.63-2.07,,,,,,
LDN 975,317.93333,47.8725,16,[DB2002b] G89.64-0.28,,,,,,
Barnard 158,324.30833,43.35972,5.5,[DB2002b] G89.66-6.62,[CB88] 232,[LM99] 377,,,,
Barnard 159,324.59167,43.21667,25,[DB2002b] G89.72-6.86,,,,,,
LDN 976,321.03333,46.01556,15,[DB2002b] G89.79-3.09,,,,,,
LDN 977,324.7375,43.22639,11,[DB2002b] G89.8-6.93,,,,,,
LDN 978,315.28333,49.69694,27,[DB2002b] G89.81+2.24,,,,,,
LDN 979,324.8625,43.36028,3,[DB2002b] G89.96-6.89,,,,,,
LDN 980,321.20833,46.21611,10,[DB2002b] G90.02-3.03,,,,,,
LDN 982,315.60833,49.91472,9,[DB2002b] G90.11+2.23,,,,,,
BDN 90.16-2.19,320.5,46.91389,25,[DB2002b] G90.16-2.19,,,,,,
LDN 981,315.0625,50.28222,8,[DB2002b] G90.16+2.73,P 100,[LM99] 354,LDN 981-2,,,
Barnard 155,323.09583,45.055,15,[DB2002b] G90.17-4.78,LDN 983,,,,,
[LM99] 353,315.05417,50.335,8,[DB2002b] G90.19+2.77,LDN 981-1,,,,,
BDN 90.23+2.72,315.15,50.33,20,[DB2002b] G90.23+2.72,,,,,,
LDN 984,315.40417,50.1975,14,[DB2002b] G90.24+2.51,,,,,,
IREC 114,302.18333,56.02278,115,[DB2002b] G90.26+12.33,,,,,,
LDN 985,314.775,50.57861,11,[DB2002b] G90.26+3.06,,,,,,
LDN 986,323.09583,45.22167,17,[DB2002b] G90.28-4.66,,,,,,
[LM99] 357,315.24583,50.35833,8,[DB2002b] G90.29+2.69,LDN 981-3,,,,,
BDN 90.41+2.45,315.65417,50.28167,35,[DB2002b] G90.41+2.45,,,,,,
IREC 115,264.4625,61.43028,118,[DB2002b] G90.45+32.33,,,,,,
IREC 116,258.90417,61.25083,188,[DB2002b] G90.48+35,,,,,,
LDN 987,315.2,50.68,6,[DB2002b] G90.52+2.93,,,,,,
IREC 117,331.69167,37.97722,89,[DB2002b] G90.55-14.33,,,,,,
LDN 988 d=0.7,316.15833,50.2,28,[DB2002b] G90.56+2.15,,,,,,
LDN 989,320.44583,47.54722,71,[DB2002b] G90.58-1.72,,,,,,
MBM 42,252.6875,60.83333,20,[DB2002b] G90.59+38.04,,,,,,
Draco DN Complex,251.4125,60.71306,240,[DB2002b] G90.62+38.67,IREC 113,,,,,
IREC 118,237.1625,58.16889,60,[DB2002b] G90.69+46.33,,,,,,
Barnard 156,323.49583,45.58333,8,[DB2002b] G90.74-4.59,,,,,,
LDN 990,314.71667,51.27833,14,[DB2002b] G90.77+3.55,,,,,,
LDN 991,315.575,50.88139,8,[DB2002b] G90.82+2.88,,,,,,
LDN 992,313.62917,52.02472,17,[DB2002b] G90.9+4.55,,,,,,
LDN 993,321.65,47.4175,2,[DB2002b] G91.07-2.38,,,,,,
LDN 996,314.38333,51.94389,17,[DB2002b] G91.14+4.14,,,,,,
LDN 995,321.675,47.5175,2,[DB2002b] G91.15-2.32,,,,,,
LDN 994,321.5,47.65028,6,[DB2002b] G91.16-2.14,,,,,,
MBM 43,254.04583,61.50639,60,[DB2002b] G91.25+37.26,,,,,,
LDN 999,316.90417,50.7025,161,[DB2002b] G91.25+2.14,,,,,,
LDN 998,316.025,51.19944,25,[DB2002b] G91.25+2.88,,,,,,
LDN 997,321.65,47.68417,2,[DB2002b] G91.26-2.19,,,,,,
LDN 1000,316.65417,50.86833,30,[DB2002b] G91.27+2.37,,,,,,
LDN 1001,321.825,47.68472,2,[DB2002b] G91.34-2.27,,,,,,
LDN 1002,314.125,52.69306,84,[DB2002b] G91.61+4.74,,,,,,
LDN 1003,314.88333,52.36222,167,[DB2002b] G91.66+4.18,,,,,,
LDN 1004,315.38333,52.36417,25,[DB2002b] G91.86+3.95,,,,,,
LDN 1005,318.4125,50.7075,159,[DB2002b] G91.91+1.44,,,,,,
LDN 1006,322.82917,47.80444,12,[DB2002b] G91.91-2.65,,,,,,
Barnard 363,321.3125,48.88306,32,[DB2002b] G91.93-1.17,LDN 1007,,,,,
MBM 44,254.75417,62.17639,30,[DB2002b] G91.99+36.8,,,,,,
LDN 1008,321.6875,49.05111,7,[DB2002b] G92.22-1.22,,,,,,
LDN 1009,323.45417,47.88944,15,[DB2002b] G92.28-2.87,,,,,,
LDN 1010,324.71667,47.05972,26,[DB2002b] G92.36-4.06,,,,,,
LDN 1011,316.64167,52.36833,18,[DB2002b] G92.38+3.38,,,,,,
LDN 1012,323.52917,48.10639,9,[DB2002b] G92.47-2.74,,,,,,
LDN 1013,315.125,53.36306,13,[DB2002b] G92.51+4.72,,,,,,
LDN 1014,321.025,49.98528,3,[DB2002b] G92.56-0.25,P 101,[LM99] 375,LDN 1014-2,,,
IREC 119,235.99583,59.35639,45,[DB2002b] G92.62+46.33,,,,,,
LDN 1015,315.12083,53.52972,13,[DB2002b] G92.64+4.83,,,,,,
Barnard 362,321.01667,50.16361,11,[DB2002b] G92.69-0.12,LDN 1017,[LM99] 374,LDN 1014-1,,,
[CB88] 225,309.4625,56.30556,8,[DB2002b] G92.78+9.11,,,,,,
LDN 1018,316.12917,53.28333,8,[DB2002b] G92.85+4.22,,,,,,
LDN 1016,320.07083,51.05,3.5,[DB2002b] G92.88+0.93,,,,,,
MBM 54,348.02083,19.48861,180,[DB2002b] G92.97-37.54,,,,,,
LDN 1019,320.4125,50.95556,4,[DB2002b] G92.97+0.71,P 102,,,,,
LDN 1020,325.71667,47.22917,22,[DB2002b] G92.98-4.38,,,,,,
Ass Cyg OB 7,318.3875,52.22611,720,[DB2002b] G93+2.5,,,,,,
LDN 1022,317.3875,52.87083,37,[DB2002b] G93.06+3.38,,,,,,
LDN 1023,314.6125,54.36139,32,[DB2002b] G93.08+5.6,,,,,,
LDN 1024,325.56667,47.52889,6,[DB2002b] G93.1-4.09,LDN 1025,,,,,
LDN 1021,320.56667,51.0525,1,[DB2002b] G93.11+0.71,[LM99] 373,,,,,
LDN 1026,315.37083,54.03083,13,[DB2002b] G93.11+5.05,,,,,,
LDN 1027,316.63333,53.36833,10,[DB2002b] G93.12+4.05,,,,,,
LDN 1028,316.37917,53.53417,14,[DB2002b] G93.14+4.28,,,,,,
LDN 1029,315.36667,54.19722,190,[DB2002b] G93.24+5.16,,,,,,
IREC 120,339.72917,33.15306,102,[DB2002b] G93.36-22,,,,,,
LDN 1031,326.47083,47.23139,20,[DB2002b] G93.37-4.71,,,,,,
LDN 1032,315.87083,54.11583,12,[DB2002b] G93.37+4.89,,,,,,
LDN 1030,326.625,47.09833,11,[DB2002b] G93.37-4.88,,,,,,
LDN 1033,309.30417,57.17556,51,[DB2002b] G93.44+9.69,,,,,,
[CB88] 238,333.34583,41.02556,4.5,[DB2002b] G93.46-12.63,,,,,,
MLB 89,326.625,47.29361,7,[DB2002b] G93.49-4.73,[LM99] 384,LDN 1031C,,,,
LDN 1034,316.375,54.03417,13,[DB2002b] G93.51+4.61,,,,,,
LDN 1036,309.55417,57.17667,18,[DB2002b] G93.52+9.58,,,,,,
LDN 1038,311.575,56.35056,49,[DB2002b] G93.53+8.2,,,,,,
LDN 1037,313.59583,55.44111,46,[DB2002b] G93.53+6.75,,,,,,
LDN 1035,326.16667,47.73056,20,[DB2002b] G93.54-4.2,,,,,,
LDN 1039,310.56667,56.84694,17,[DB2002b] G93.58+8.94,,,,,,
MLB 90,326.85833,47.53583,4,[DB2002b] G93.77-4.65,LDN 1031B,,,,,
LDN 1040,326.64583,47.73167,8,[DB2002b] G93.79-4.4,,,,,,
IC 5146 DN Complex,326.91667,47.53333,150,[DB2002b] G93.8-4.67,,,,,,
[LM99] 333,309.325,57.73583,2,[DB2002b] G93.9+10.01,LDN 1041-1,,,,,
[CB88] 228,312.83333,56.2625,3.5,[DB2002b] G93.9+7.6,,,,,,
LDN 1041,309.325,57.73583,9,[DB2002b] G93.9+10.01,,,,,,
LDN 1044,310.30833,57.34611,5,[DB2002b] G93.9+9.35,,,,,,
LDN 1043,324.95417,49.22722,64,[DB2002b] G93.92-2.54,,,,,,
LDN 1042,327.3,47.40028,8,[DB2002b] G93.92-4.94,,,,,,
LDN 1045,327.09583,47.64972,8,[DB2002b] G93.97-4.66,,,,,,
[LM99] 334,309.325,57.8225,2,[DB2002b] G93.97+10.06,LDN 1041-2,,,,,
[LM99] 339,310.27083,57.45861,3,[DB2002b] G93.98+9.44,LDN 1049-1,,,,,
LDN 1046,325.83333,48.72972,18,[DB2002b] G94.03-3.3,,,,,,
LDN 1047,327.02083,47.86611,4.5,[DB2002b] G94.07-4.46,,,,,,
LDN 1049,310.37917,57.56222,6,[DB2002b] G94.1+9.46,P 103,[LM99] 341,LDN 1049-2,,,
LDN 1048,323.81667,50.34056,16,[DB2002b] G94.11-1.22,,,,,,
LDN 1050,316.36667,54.8675,18,[DB2002b] G94.13+5.17,,,,,,
Barnard 357,314.96667,55.56667,25,[DB2002b] G94.13+6.24,,,,,,
LDN 1051,310.68333,57.51417,6,[DB2002b] G94.16+9.29,,,,,,
LDN 1053,314.85,55.69556,11,[DB2002b] G94.18+6.37,,,,,,
LDN 1052,326.97083,48.13278,8,[DB2002b] G94.21-4.24,,,,,,
LDN 1054,323.6875,50.72361,147,[DB2002b] G94.31-0.88,,,,,,
LDN 1056,314.59583,56.02806,12,[DB2002b] G94.35+6.69,,,,,,
Barnard 168,328.32917,47.25278,22,[DB2002b] G94.37-5.5,LDN 1055,BDN 94.37-5.50,,,,
IREC 121,328.7375,47.25222,104,[DB2002b] G94.58-5.67,,,,,,
LDN 1057,325.95417,49.56333,14,[DB2002b] G94.63-2.71,,,,,,
LDN 1058,315.6,56.03139,56,[DB2002b] G94.72+6.27,,,,,,
G94.8+37.6,252.1375,64.17333,75,[DB2002b] G94.77+37.48,HRK 94.8+38,,,,,
LDN 1059,325.19583,50.72778,15,[DB2002b] G95.02-1.51,,,,,,
LDN 1060,317.87083,55.28917,11,[DB2002b] G95.02+4.82,,,,,,
LDN 1061,314.57917,57.36139,47,[DB2002b] G95.36+7.56,,,,,,
LDN 1062,318.37083,55.54056,3.5,[DB2002b] G95.4+4.79,,,,,,
LDN 1064,318.36667,55.62389,2,[DB2002b] G95.46+4.85,,,,,,
LDN 1063,317.04167,56.30556,10,[DB2002b] G95.46+5.85,[LM99] 362,,,,,
Barnard 151,317.05833,56.31667,60,[DB2002b] G95.48+5.86,,,,,,
LDN 1065,316.85,56.53583,9,[DB2002b] G95.56+6.09,,,,,,
Barnard 360,316.96667,56.5,54,[DB2002b] G95.58+6.02,,,,,,
DBDN 95.6-51.8,356.2625,7.49194,128,[DB2002b] G95.66-51.83,,,,,,
LDN 1067,317.35,56.70417,7,[DB2002b] G95.87+6,,,,,,
LDN 1066,326.95417,50.7325,28,[DB2002b] G95.87-2.23,,,,,,
Barnard 359,316.56667,57.11806,15,[DB2002b] G95.89+6.59,LDN 1068,,,,,
LDN 1069,317.1,56.87,8,[DB2002b] G95.9+6.21,,,,,,
Barnard 164,326.7,51.06528,17,[DB2002b] G95.96-1.87,LDN 1070,,,,,
Barnard 354,314.55417,58.15,60,[DB2002b] G95.96+8.08,,,,,,
LDN 1071,314.57083,58.19472,18,[DB2002b] G96+8.1,,,,,,
IREC 122,335.1375,43.52139,78,[DB2002b] G96.03-11.33,,,,,,
LDN 1072,319.11667,56.20972,74,[DB2002b] G96.18+4.95,,,,,,
DIR 096+23,286.60833,65.48417,120,[DB2002b] G96.2+23,,,,,,
Barnard 149,312.32917,59.52028,4.5,[DB2002b] G96.3+9.84,[CB88] 227,,,,,
Barnard 148,312.075,59.63944,5.5,[DB2002b] G96.32+10.01,LDN 1076,[CB88] 226,,,,
LDN 1073,327.075,51.39972,24,[DB2002b] G96.36-1.77,,,,,,
LDN 1074,323.6625,53.89028,10,[DB2002b] G96.43+1.47,,,,,,
LDN 1075,322.90417,54.38806,23,[DB2002b] G96.44+2.14,,,,,,
LDN 1077,324.41667,53.72583,3,[DB2002b] G96.65+1.05,,,,,,
BDN 96.73-15.12,338.65,40.69194,8,[DB2002b] G96.73-15.12,,,,,,
LDN 1078,324.1625,54.05833,8,[DB2002b] G96.76+1.4,,,,,,
LDN 1079,323.0375,54.79028,10,[DB2002b] G96.77+2.38,,,,,,
Barnard 153,320.2625,56.45,60,[DB2002b] G96.8+4.66,,,,,,
CODIR 96.8-30,347.35417,27.64389,130,[DB2002b] G96.8-30,,,,,,
Barnard 364,323.5,54.55,70,[DB2002b] G96.8+2.02,,,,,,
[LM99] 349,312.27917,60.19667,4.5,[DB2002b] G96.83+10.28,LDN 1082C-3,,,,,
Barnard 157,323.48333,54.69139,5.5,[DB2002b] G96.89+2.13,[CB88] 231,,,,,
Barnard 154,320.35833,56.58167,7,[DB2002b] G96.93+4.72,LDN 1080,,,,,
[LM99] 350,312.44583,60.26111,2,[DB2002b] G96.93+10.25,LDN 1082C-2,,,,,
LDN 1081,324.1625,54.39167,46,[DB2002b] G96.98+1.64,,,,,,
LDN 1082,312.78333,60.18833,20,[DB2002b] G96.98+10.07,,,,,,
Barnard 150,312.6625,60.3,60,[DB2002b] G97.03+10.19,,,,,,
MLB 64,312.86667,60.30917,3,[DB2002b] G97.1+10.12,[LM99] 351,LDN 1082C-1,,,,
MLB 66,313.45833,60.19083,5,[DB2002b] G97.19+9.81,[LM99] 352,LDN 1082B,,,,
MLB 65,313.37917,60.24639,3,[DB2002b] G97.21+9.88,LDN 1082A,,,,,
IREC 123,281.55,67.05667,120,[DB2002b] G97.39+25.33,,,,,,
LDN 1083,323.39167,55.97278,52,[DB2002b] G97.72+3.11,,,,,,
[CB88] 219,304.57917,63.87778,2.5,[DB2002b] G97.84+15.33,,,,,,
LDN 1084,325.4125,54.89528,19,[DB2002b] G97.86+1.54,,,,,,
DIR 098-44,354.5375,15.295,150,[DB2002b] G98-44,,,,,,
IREC 124,341.31667,40.07306,113,[DB2002b] G98.23-16.67,,,,,,
LDN 1085,323.38333,56.75611,6,[DB2002b] G98.25+3.69,,,,,,
LDN 1086,322.12083,57.5525,19,[DB2002b] G98.3+4.74,,,,,,
LDN 1087,323.89167,56.5575,7,[DB2002b] G98.32+3.35,,,,,,
Barnard 160,324.49167,56.21667,31,[DB2002b] G98.34+2.88,,,,,,
LDN 1089,308.2,63.505,30,[DB2002b] G98.4+13.78,,,,,,
LDN 1088,324.64583,56.22639,8,[DB2002b] G98.41+2.83,,,,,,
Barnard 365,323.8875,56.72417,15,[DB2002b] G98.43+3.48,LDN 1090,,,,,
IREC 125,316.62917,60.77667,446,[DB2002b] G98.67+9,,,,,,
LDN 1091,330.20417,52.9075,21,[DB2002b] G98.8-1.78,,,,,,
LDN 1092,324.3875,56.97556,7,[DB2002b] G98.81+3.48,,,,,,
Barnard 162,325.38333,56.375,14,[DB2002b] G98.82+2.67,LDN 1095,,,,,
IREC 126,359.7375,4.06417,66,[DB2002b] G98.82-56.33,,,,,,
LDN 1093,323.375,57.63944,11,[DB2002b] G98.85+4.34,,,,,,
LDN 1094,308.375,64.02444,3.5,[DB2002b] G98.89+14,[CB88] 222,,,,,
LDN 1096,322.87083,58.05472,2,[DB2002b] G98.93+4.83,,,,,,
LDN 1097,326.6625,55.73194,3.5,[DB2002b] G98.94+1.72,,,,,,
LDN 1100,309.07083,63.8875,4,[DB2002b] G98.95+13.68,[CB88] 224,,,,,
LDN 1098,323.62917,57.64028,10,[DB2002b] G98.95+4.25,,,,,,
LDN 1103,325.35833,56.62083,4.5,[DB2002b] G98.97+2.86,[LM99] 380,LDN 1103-1,,,,
[LM99] 376,324,57.44639,2,[DB2002b] G98.97+3.97,LDN 1099-1,,,,,
LDN 1099,324.13333,57.39167,5.5,[DB2002b] G98.98+3.88,,,,,,
CODIR 99.0-31,349.77083,27.54417,130,[DB2002b] G99-31,,,,,,
LDN 1100A,308.675,64.06667,1.5,[DB2002b] G99+13.92,,,,,,
LDN 1101,324.89167,56.97694,19,[DB2002b] G99.01+3.3,,,,,,
BDN 99.01+4.01,324.00833,57.50778,15,[DB2002b] G99.01+4.01,,,,,,
IREC 127,311.00833,63.36278,85,[DB2002b] G99.03+12.67,,,,,,
LDN 1102,323.12083,58.05528,5.5,[DB2002b] G99.03+4.74,,,,,,
[CB88] 223,308.69167,64.17917,3,[DB2002b] G99.1+13.98,,,,,,
Barnard 163,325.57083,56.73111,5,[DB2002b] G99.13+2.87,LDN 1104,[LM99] 381,LDN 1103-2,,,
LDN 1105,324.28333,57.55861,5.5,[DB2002b] G99.15+3.95,,,,,,
LDN 1106,325.64583,56.89583,6,[DB2002b] G99.27+2.97,,,,,,
LDN 1107,329.1875,54.48833,199,[DB2002b] G99.29-0.16,,,,,,
LDN 1108,321.59583,59.55083,13,[DB2002b] G99.49+6.37,,,,,,
LDN 1109,327.92083,55.81861,23,[DB2002b] G99.55+1.33,,,,,,
LDN 1112,324.62917,58.05972,7,[DB2002b] G99.63+4.2,,,,,,
[LM99] 382,326.0875,57.18972,2.5,[DB2002b] G99.64+3.04,LDN 1113-2,,,,,
LDN 1111,325.1125,57.80278,3,[DB2002b] G99.65+3.84,P 105,[LM99] 378,,,,
[LM99] 383,326.1375,57.17083,1,[DB2002b] G99.65+3,LDN 1113-1,,,,,
Barnard 367,326.1125,57.18028,5,[DB2002b] G99.65+3.02,LDN 1113,,,,,
LDN 1110,325.1125,57.80278,5,[DB2002b] G99.65+3.84,,,,,,
Barnard 161,325.1375,57.80167,6,[DB2002b] G99.66+3.83,LDN 1804,[CB88] 233,,,,
LDN 1114,327.4125,56.40056,8,[DB2002b] G99.69+1.96,,,,,,
LDN 1115,326.65417,56.98194,3,[DB2002b] G99.74+2.68,,,,,,
LDN 1116,324.12083,58.55833,11,[DB2002b] G99.76+4.75,,,,,,
LDN 1117,324.62917,58.30972,4,[DB2002b] G99.79+4.39,,,,,,
LDN 1118,326.65,57.21528,2,[DB2002b] G99.89+2.86,,,,,,
LDN 1119,318.29583,61.70722,6,[DB2002b] G99.91+9.03,,,,,,
IREC 128,307.75833,65.42083,140,[DB2002b] G99.94+15,,,,,,
LDN 1120,326.90417,57.14917,2,[DB2002b] G99.96+2.72,,,,,,
LDN 1122,308.1625,65.33833,12,[DB2002b] G99.97+14.81,,,,,,
LDN 1121,325.175,58.27056,4,[DB2002b] G99.98+4.17,[LM99] 379,,,,,
LDN 1123,324.87917,58.47694,3.5,[DB2002b] G100+4.43,,,,,,
LDN 1124,325.38333,58.22833,8,[DB2002b] G100.04+4.07,,,,,,
Barnard 152,318.58333,61.74889,7,[DB2002b] G100.04+8.96,LDN 1125,[LM99] 365,LDN 1125-1,,,
LDN 1126,324.875,58.56028,5,[DB2002b] G100.06+4.49,,,,,,
[LM99] 366,318.82917,61.66194,5,[DB2002b] G100.06+8.81,LDN 1125-2,,,,,
LDN 1127,325.22917,58.56139,4,[DB2002b] G100.2+4.37,,,,,,
LDN 1128,325.37917,58.56167,8,[DB2002b] G100.26+4.32,,,,,,
LDN 1129,326.64583,57.89861,12,[DB2002b] G100.33+3.38,,,,,,
LDN 1130,326.1375,58.31389,7,[DB2002b] G100.4+3.87,,,,,,
IREC 129,277.09167,70.03556,106,[DB2002b] G100.45+27.33,,,,,,
Barnard 366,324.99167,59.56083,13,[DB2002b] G100.77+5.2,LDN 1131,,,,,
LDN 1132,326.6375,58.73194,3.5,[DB2002b] G100.87+4.02,,,,,,
IREC 130,339.68333,47.43972,106,[DB2002b] G100.88-9.67,,,,,,
LDN 1133,330.68333,56.24222,30,[DB2002b] G101.02+0.72,,,,,,
LDN 1134,325.3625,60.22833,97,[DB2002b] G101.35+5.58,,,,,,
LDN 1135,324.85417,60.64361,14,[DB2002b] G101.44+6.06,,,,,,
LDN 1136,326.37083,59.98111,7,[DB2002b] G101.57+5.06,,,,,,
Barnard 368,327.89167,59.06861,10,[DB2002b] G101.58+3.87,LDN 1137,,,,,
LDN 1138,327.89167,59.06861,8,[DB2002b] G101.58+3.87,,,,,,
[LM99] 385,328.71667,58.58722,2.1,[DB2002b] G101.61+3.23,LDN 1139-1,,,,,
LDN 1139,328.775,58.58111,12,[DB2002b] G101.63+3.2,,,,,,
[LM99] 386,328.85,58.575,4.6,[DB2002b] G101.66+3.17,LDN 1139-2,,,,,
LDN 1140,325.10417,60.89444,30,[DB2002b] G101.7+6.16,,,,,,
G101.9-62.0,3.07083,-0.69694,330,[DB2002b] G101.74-61.95,,,,,,
LDN 1141,328.9,58.73778,6,[DB2002b] G101.78+3.28,,,,,,
[CB88] 220,305.83333,68.03194,2.5,[DB2002b] G101.82+17.03,,,,,,
HRK102-62,3.20417,-0.70806,60,[DB2002b] G102-62,,,,,,
G102-27,350.75,32.25139,130,[DB2002b] G102-27,,,,,,
LDN 1142,329.075,59.01944,3.5,[DB2002b] G102.03+3.45,[CB88] 235,,,,,
Barnard 165,327.23333,60.2,18,[DB2002b] G102.04+4.95,,,,,,
Barnard 169,329.71667,58.75,60,[DB2002b] G102.12+3.03,,,,,,
LDN 1144,327.62917,60.11778,32,[DB2002b] G102.14+4.77,,,,,,
LDN 1145,322.8125,62.72111,26,[DB2002b] G102.14+8.24,LDN 1146,,,,,
LDN 1147 inc LDN 1148,310.13333,67.34583,21,[DB2002b] G102.14+15.29,[LM99] 344,,,,,
LDN 1148,310.13333,67.34583,7,[DB2002b] G102.14+15.29,P 107,MLB61,[LM99] 340,,,
Barnard 166,327.77083,60.08333,5,[DB2002b] G102.18+4.69,,,,,,
[LM99] 344,310.29583,67.34306,7,[DB2002b] G102.18+15.24,,,,,,
LDN 1149,329.4,59.12222,7,[DB2002b] G102.22+3.43,,,,,,
Barnard 170,329.67917,58.96056,10,[DB2002b] G102.24+3.21,LDN 1143,P 106,[LM99] 387,,,
Barnard 167,327.99167,60.06667,5,[DB2002b] G102.25+4.61,,,,,,
MLB 60,308.93333,67.89583,4,[DB2002b] G102.35+15.98,[LM99] 332,,,,,
LDN 1152,308.98333,67.89139,22,[DB2002b] G102.36+15.96,BDN 102.36+15.96,,,,,
Barnard 369,333.95833,55.99944,5,[DB2002b] G102.37-0.53,LDN 1150,,,,,
LDN 1151,329.90417,59.07361,10,[DB2002b] G102.4+3.23,,,,,,
LDN 1153,330.15833,58.99083,17,[DB2002b] G102.45+3.09,,,,,,
Barnard 171,330.32917,58.86667,91,[DB2002b] G102.45+2.94,,,,,,
LDN 1155,310.95833,67.61889,10,[DB2002b] G102.56+15.19,P 108,MLB63,[LM99] 346,LDN 1155D,LDN 1155B,
LDN 1154,334.20833,56.21667,5,[DB2002b] G102.61-0.43,,,,,,
LDN 1157,309.8625,68.01139,4.5,[DB2002b] G102.65+15.75,,,,,,
MLB 62,310.775,67.77417,10,[DB2002b] G102.65+15.34,L1155H,,,,,
[LM99] 348,311.07083,67.7,3,[DB2002b] G102.66+15.2,LDN 1155E,,,,,
LDN 1158,311.12917,67.68278,20,[DB2002b] G102.66+15.17,,,,,,
IREC 132,345.97083,42.60056,75,[DB2002b] G102.67-16,,,,,,
LDN 1156,334.96667,55.75167,13,[DB2002b] G102.71-1.05,,,,,,
[LM99] 345,310.875,67.87833,5,[DB2002b] G102.76+15.37,LDN 1155C,,,,,
LDN 1159,331.67083,58.57778,100,[DB2002b] G102.84+2.29,,,,,,
LDN 1160,331.16667,58.99333,8.5,[DB2002b] G102.87+2.78,,,,,,
LDN 1161,334.9625,56.135,5,[DB2002b] G102.92-0.73,,,,,,
LDN 1162,320.00417,65.04611,4,[DB2002b] G102.92+10.76,,,,,,
LDN 1163,335.2125,56.16889,5,[DB2002b] G103.05-0.78,,,,,,
MBM 56,351.4125,33.475,70,[DB2002b] G103.08-26.07,,,,,,
Barnard 174,331.70417,59.09889,10,[DB2002b] G103.16+2.7,LDN 1165,P 109,[LM99] 389,,,
Barnard 172,331.7875,59.16111,9,[DB2002b] G103.23+2.73,LDN 1164,,,,,
LDN 1166,331.35833,59.56056,2,[DB2002b] G103.29+3.18,[CB88] 236,P 110,[LM99] 388,,,
LDN 1167,315.93333,67.03306,15,[DB2002b] G103.3+13.32,,,,,,
LDN 1168,314.15417,67.61028,3.5,[DB2002b] G103.31+14.21,,,,,,
Barnard 173,331.84167,59.67083,4.5,[DB2002b] G103.55+3.12,LDN 1169,[CB88] 237,,,,
LDN 1170,315.41667,67.61444,28,[DB2002b] G103.63+13.84,,,,,,
LDN 1171,313.38333,68.30778,3.5,[DB2002b] G103.7+14.87,[CB88] 229,,,,,
LDN 1172,315.45833,67.77417,6,[DB2002b] G103.77+13.93,P 111,[LM99] 359,LDN 1172A-2,,,
LDN 1173,316.01667,67.685,4,[DB2002b] G103.83+13.71,[LM99] 361,LDN 1172A-3,,,,
MLB 68,315.57917,67.89833,3,[DB2002b] G103.89+13.97,[LM99] 360,LDN 1172A-1,LDN 1172D,,,
BDN 103.96+14.11,315.40417,68.03111,65,[DB2002b] G103.96+14.11,IREC 133,,,,,
MLB 67,314.99583,68.21667,4.5,[DB2002b] G104.01+14.34,[LM99] 358,,,,,
LDN 1174,315.65417,68.19861,33,[DB2002b] G104.15+14.14,,,,,,
MLB 69,315.88333,68.19972,4,[DB2002b] G104.21+14.08,LDN 1172B,,,,,
IREC 134,2.58333,5.04278,35,[DB2002b] G104.24-56.33,,,,,,
IREC 135,354.81667,29.28389,63,[DB2002b] G104.56-31,,,,,,
LDN 1175,333.41667,60.74833,7.5,[DB2002b] G104.81+3.55,,,,,,
Barnard 370,338.5,56.63333,30,[DB2002b] G104.84-1.33,,,,,,
LDN 1176,322.74583,66.72111,40,[DB2002b] G104.93+11.15,,,,,,
DIR 105-31,355.225,29.40361,240,[DB2002b] G105-31,,,,,,
LDN 1177,319.42083,68.30639,4,[DB2002b] G105.18+13.16,[CB88] 230,,,,,
LDN 1178,332.26667,62.32917,4.5,[DB2002b] G105.27+5.16,,,,,,
LDN 1179,336.82917,59.03861,3,[DB2002b] G105.31+1.19,,,,,,
IREC 139,358.00417,22.49972,130,[DB2002b] G105.36-38.34,DIR 105-38,,,,,
LDN 1180,336.70417,59.255,159,[DB2002b] G105.37+1.41,,,,,,
LDN 1183,325.53333,66.22889,18,[DB2002b] G105.42+10.03,,,,,,
LDN 1182,333.27917,61.91472,4,[DB2002b] G105.42+4.55,,,,,,
BDN 105.43+9.87,325.8125,66.11306,15,[DB2002b] G105.43+9.87,,,,,,
LDN 1181,325.79167,66.14556,7,[DB2002b] G105.44+9.9,,,,,,
IREC 137,346.975,47.65861,152,[DB2002b] G105.46-11.67,,,,,,
LDN 1184,335.17917,60.75222,21,[DB2002b] G105.53+3.08,,,,,,
LDN 1185,337.325,59.14806,4,[DB2002b] G105.59+1.15,P 112,[LM99] 394,,,,
LDN 1186,333.40417,62.13167,4.5,[DB2002b] G105.59+4.7,,,,,,
LDN 1187,339.4875,57.26028,23,[DB2002b] G105.62-1.06,,,,,,
LDN 1188,334.1625,61.75,38,[DB2002b] G105.67+4.18,,,,,,
IREC 138,351.69583,39.6925,87,[DB2002b] G105.7-20.33,,,,,,
LDN 1189,339.7375,57.26056,41,[DB2002b] G105.74-1.12,,,,,,
LDN 1190,337.7125,59.14028,4,[DB2002b] G105.75+1.04,,,,,,
LDN 1192,338.45,58.55861,4,[DB2002b] G105.79+0.34,[CB88] 240,,,,,
LDN 1191,333.525,62.41528,4,[DB2002b] G105.8+4.9,,,,,,
LDN 1193,333.65,62.41556,3,[DB2002b] G105.85+4.87,,,,,,
LDN 1194,338.21667,59.09139,6,[DB2002b] G105.95+0.87,,,,,,
LDN 1197,339.33333,58.935,6,[DB2002b] G106.37+0.44,P 113,[LM99] 396,,,,
LDN 1195,336.7625,61.27361,7,[DB2002b] G106.46+3.11,[LM99] 391,,,,,
LDN 1196,336.7875,61.25528,20,[DB2002b] G106.46+3.09,BDN 106.46+3.09,,,,,
LDN 1199,323.97083,68.55806,29,[DB2002b] G106.57+12.15,,,,,,
LDN 1198,339.22083,59.42639,14,[DB2002b] G106.57+0.9,,,,,,
IREC 141,335.0625,63.01028,293,[DB2002b] G106.72+5,,,,,,
IREC 142,316.9375,71.635,87,[DB2002b] G107.18+16,,,,,,
LDN 1200,341.49167,58.76361,9,[DB2002b] G107.27-0.24,,,,,,
LDN 1201,335.90833,63.50361,6,[DB2002b] G107.31+5.21,,,,,,
LDN 1202,336.67083,63.08833,4,[DB2002b] G107.38+4.67,,,,,,
G107.4+70.9,200.12917,45.55806,130,[DB2002b] G107.4+70.68,,,,,,
LDN 1203 d=0.9,336.925,63.00556,8,[DB2002b] G107.43+4.54,,,,,,
LDN 1204 d=0.91,336.67083,63.255,95,[DB2002b] G107.47+4.82,,,,,,
IREC 143,1.825,15.54861,49,[DB2002b] G107.54-46,,,,,,
DIR 108+27,279.99583,76.71028,165,[DB2002b] G108+27,,,,,,
LDN 1205,341.48333,60.43028,19,[DB2002b] G108.04+1.24,,,,,,
[CB88] 234,325.1375,70.30917,8,[DB2002b] G108.1+13.15,,,,,,
LDN 1206,337.1625,64.42278,17,[DB2002b] G108.27+5.7,,,,,,
LDN 1207,337.4125,64.42333,13,[DB2002b] G108.36+5.64,,,,,,
IREC 144,355.25,39.55,98,[DB2002b] G108.43-21.33,,,,,,
LDN 1208,337.66667,64.42361,8,[DB2002b] G108.46+5.58,,,,,,
LDN 1209,337.4125,64.75639,20,[DB2002b] G108.53+5.93,,,,,,
IREC 145,272.59583,77.23083,96,[DB2002b] G108.58+28.67,,,,,,
LDN 1210,341.21667,62.09639,7,[DB2002b] G108.7+2.77,,,,,,
LDN 1211,341.72083,62.18056,7,[DB2002b] G108.95+2.74,,,,,,
LDN 1213,337.90833,65.42417,5,[DB2002b] G109.06+6.39,,,,,,
LDN 1212,341.975,62.21417,8,[DB2002b] G109.07+2.71,,,,,,
IREC 146,4.24583,9.94194,69,[DB2002b] G109.07-52,,,,,,
LDN 1214,338.40833,65.75833,30,[DB2002b] G109.41+6.57,,,,,,
LDN 1215,342.98333,62.09917,9,[DB2002b] G109.44+2.4,,,,,,
MBM 1a,1.28333,23.86083,240,[DB2002b] G109.5-37.8,,,,,,
LDN 1216,343.23333,62.26611,28,[DB2002b] G109.62+2.5,BDN 109.62+2.50,,,,,
Cepheus CO Complex,321.79167,73.98722,1200,[DB2002b] G110+16.5,,,,,,
Barnard 175,333.5,69.93333,60,[DB2002b] G110.12+11.08,,,,,,
MBM 1,2.64583,20.62806,30,[DB2002b] G110.18-41.23,,,,,,
BDN 110.28+2.52,344.49167,62.56778,20,[DB2002b] G110.28+2.52,,,,,,
LDN 1217,333.33333,70.60667,27,[DB2002b] G110.47+11.66,BDN 110.40+11.54,,,,,
LDN 1219,332.89583,70.9975,4,[DB2002b] G110.58+12.06,,,,,,
LDN 1218,345.50417,62.26917,76,[DB2002b] G110.58+2.05,,,,,,
LDN 1220,346.0125,61.85306,5,[DB2002b] G110.63+1.57,,,,,,
LDN 1221,337.01667,69.01944,7,[DB2002b] G110.65+9.64,[LM99] 392,,,,,
LDN 1222,346.2625,61.77,3,[DB2002b] G110.7+1.45,,,,,,
LDN 1223,344.22917,64.2675,60,[DB2002b] G110.89+4.11,,,,,,
BDN 111.29+9.41,338.85,69.1425,12,[DB2002b] G111.29+9.41,,,,,,
LDN 1224,346,63.76972,8,[DB2002b] G111.39+3.33,,,,,,
LDN 1225,347.99167,61.65111,8,[DB2002b] G111.41+1.02,[CB88] 242,,,,,
LDN 1226,347.52083,62.27139,6,[DB2002b] G111.44+1.68,,,,,,
LDN 1227,347.52083,62.32139,6,[DB2002b] G111.46+1.73,,,,,,
LDN 1228,314.75417,77.52972,18,[DB2002b] G111.67+20.1,,,,,,
BDN 111.72+20.13,314.75,77.57972,65,[DB2002b] G111.72+20.13,,,,,,
LDN 1229,348.60417,62.02222,4,[DB2002b] G111.82+1.26,,,,,,
LDN 1230,348.60417,62.0525,3,[DB2002b] G111.83+1.29,[LM99] 398,,,,,
LDN 1231,349.54583,61.27333,7,[DB2002b] G111.97+0.4,,,,,,
LDN 1232,349.29167,61.77306,4,[DB2002b] G112.03+0.91,,,,,,
LDN 1233,349.2125,62.35667,2,[DB2002b] G112.2+1.47,P 114,,,,,
LDN 1235,333.91667,73.38444,9,[DB2002b] G112.26+13.83,P 116,[LM99] 390,,,,
IREC 147,8.22917,-1.51083,117,[DB2002b] G112.32-64,,,,,,
LDN 1234,349.49167,62.44444,4,[DB2002b] G112.36+1.51,P 115,[LM99] 399,,,,
BDN 112.40+20.61,314.7125,78.37972,7,[DB2002b] G112.4+20.61,,,,,,
IREC 148,6.55,9.02778,69,[DB2002b] G112.46-53.33,,,,,,
LDN 1236,343.17917,68.93278,13,[DB2002b] G112.56+8.49,,,,,,
LDN 1237,350.65,62.60778,4,[DB2002b] G112.91+1.48,,,,,,
IREC 149,327.5625,76.55111,217,[DB2002b] G112.96+17.33,,,,,,
G113.0-39.5,4.5625,22.73083,270,[DB2002b] G113-39.5,G112-40,,,,,
LDN 1239,347.925,66.05194,4.5,[DB2002b] G113.04+5.11,[CB88] 241,,,,,
LDN 1241,327.50833,76.73472,71,[DB2002b] G113.08+17.48,,,,,,
LDN 1238,353.07917,59.77611,225,[DB2002b] G113.12-1.58,,,,,,
LDN 1240,347.75,66.43833,22,[DB2002b] G113.12+5.5,,,,,,
LDN 1242,337.7875,73.25722,53,[DB2002b] G113.15+13.11,,,,,,
LDN 1243,332.65417,75.33028,17,[DB2002b] G113.16+15.6,,,,,,
LDN 1244,351.30417,62.77472,5,[DB2002b] G113.25+1.53,,,,,,
LDN 1245,353.075,60.77611,16,[DB2002b] G113.42-0.63,,,,,,
LDN 1246,351.30417,63.60833,6,[DB2002b] G113.52+2.32,[CB88] 243,P 117,[LM99] 400,,,
LDN 1247,335.19583,75.2525,25,[DB2002b] G113.66+15.17,,,,,,
LDN 1248,353.07083,62.27611,124,[DB2002b] G113.87+0.8,,,,,,
IREC 150,240.5625,79.84889,94,[DB2002b] G113.92+33.67,,,,,,
[LM99] 393,336.925,75.22528,3.5,[DB2002b] G114.02+14.9,LDN 1251A-2,,,,,
[LM99] 395,337.74583,75.20861,8,[DB2002b] G114.2+14.77,LDN 1251A-1,,,,,
LDN 1249,356.10417,58.94417,13,[DB2002b] G114.37-2.81,,,,,,
[CB88] 248,0.45833,48.10222,4.5,[DB2002b] G114.43-13.95,,,,,,
LDN 1250,350.525,67.27417,97,[DB2002b] G114.45+5.89,,,,,,
IREC 151,0.05,49.69972,96,[DB2002b] G114.49-12.33,,,,,,
LDN 1251,339.0125,75.25944,27,[DB2002b] G114.51+14.65,,,,,,
[LM99] 397,339.37917,75.17306,7,[DB2002b] G114.55+14.53,,,,,,
IREC 152,222.775,77.59,85,[DB2002b] G115.15+37.67,,,,,,
LDN 1252,356.35,63.2775,25.5,[DB2002b] G115.59+1.35,,,,,,
IREC 153,7.625,16.5775,75,[DB2002b] G115.7-46,,,,,,
[CB88] 245,358.84167,58.85611,2,[DB2002b] G115.72-3.23,SCHO1448,,,,,
IREC 154,328.80833,80.32667,127,[DB2002b] G115.79+20,,,,,,
LDN 1805,359.17917,58.56972,50,[DB2002b] G115.83-3.55,,,,,,
LDN 1253,359.17917,58.56972,7,[DB2002b] G115.83-3.55,[CB88] 246,P 118,[LM99] 402,,,
LDN 1254,359.12917,58.77833,23,[DB2002b] G115.85-3.34,,,,,,
LDN 1255,358.37083,60.52806,2,[DB2002b] G115.86-1.55,,,,,,
LDN 1256,358.875,60.02806,24,[DB2002b] G116-2.09,,,,,,
LDN 1257,359.37917,59.66167,10,[DB2002b] G116.17-2.5,,,,,,
LDN 1258,359.75833,59.61167,6,[DB2002b] G116.34-2.59,,,,,,
DIR 117-44,7.98333,18.62778,180,[DB2002b] G116.5-44,,,,,,
LDN 1259,350.725,74.27444,11,[DB2002b] G116.93+12.44,,,,,,
LDN 1261,351.44167,74.3,7,[DB2002b] G117.12+12.4,MLB 70,[LM99] 401,LDN 1262A,,,
LDN 1262,351.45417,74.29389,19,[DB2002b] G117.13+12.4,[CB88] 244,P 119,,,,
LDN 1260,359.25417,64.945,4,[DB2002b] G117.21+2.68,,,,,,
LDN 1263,359.35417,64.82417,4.5,[DB2002b] G117.23+2.55,[CB88] 247,[LM99] 403,,,,
MBM 2,9.4,10.44167,80,[DB2002b] G117.37-52.28,IREC 155,,,,,
LDN 1264,358.1125,68.27806,20,[DB2002b] G117.5+6.03,,,,,,
LDN 1265,2.40417,58.86139,4,[DB2002b] G117.54-3.57,,,,,,
LDN 1266,359.37917,67.27833,96,[DB2002b] G117.75+4.95,,,,,,
LDN 1267,0.1375,66.77833,9,[DB2002b] G117.94+4.4,,,,,,
LDN 1268,359.88333,67.445,24,[DB2002b] G117.97+5.07,,,,,,
[LM99] 404,0.025,67.36361,11,[DB2002b] G118.01+4.98,LDN 1271-1,,,,,
LDN 1269,0.125,67.16167,10,[DB2002b] G118.01+4.78,,,,,,
LDN 1270,0.225,67.15306,4,[DB2002b] G118.04+4.76,[LM99] 405,LDN 1271-2,,,,
LDN 1271,0.45417,67.30833,5,[DB2002b] G118.16+4.9,[LM99] 406,LDN 1271-3,,,,
IREC 156,314.925,84.87889,108,[DB2002b] G118.17+24.33,,,,,,
LDN 1272,0.64167,67.27833,177,[DB2002b] G118.23+4.85,,,,,,
[LM99] 1,0.84583,67.31306,8,[DB2002b] G118.31+4.87,,,,,,
LDN 1273,0.64167,68.52833,27,[DB2002b] G118.46+6.08,,,,,,
LDN 1274,359.375,70.945,11,[DB2002b] G118.52+8.54,,,,,,
LDN 1275,1.65417,67.44472,9,[DB2002b] G118.64+4.95,,,,,,
LDN 1276,3.05417,64.15833,4,[DB2002b] G118.67+1.61,,,,,,
LDN 1277,3.72917,64.08333,4,[DB2002b] G118.95+1.49,[CB88] 1,[K55] 3,,,,
LDN 1278,3.925,63.86111,8,[DB2002b] G119.01+1.26,,,,,,
HSVMT 1,267.58333,86.49306,55,[DB2002b] G119.1+28,,,,,,
HSVMT 2,346.51667,82.09889,10,[DB2002b] G119.21+20,,,,,,
LDN 1279,4.42917,63.7775,10,[DB2002b] G119.22+1.15,,,,,,
LDN 1280,4.93333,62.66083,9,[DB2002b] G119.3+0.01,,,,,,
LDN 1281,4.76667,63.92528,4,[DB2002b] G119.38+1.28,[CB88] 2,,,,,
IREC 157,205.20833,77.11583,98,[DB2002b] G119.38+39.67,,,,,,
LDN 1282,5.43333,61.77722,8,[DB2002b] G119.43-0.89,,,,,,
LDN 1283,5.6875,61.71028,6,[DB2002b] G119.54-0.97,,,,,,
LDN 1284,5.4375,63.19389,6,[DB2002b] G119.59+0.51,,,,,,
[CB88] 3,7.19167,56.70222,7,[DB2002b] G119.81-6.03,,,,,,
LDN 1285,6.19583,63.19361,7,[DB2002b] G119.93+0.48,,,,,,
IREC 158,277.81667,87.34972,156,[DB2002b] G119.96+27.33,,,,,,
DIR 120-28,9.70833,34.79972,145,[DB2002b] G120-28,,,,,,
HSVMT 3,233.17083,86.73083,20,[DB2002b] G120.5+29.6,,,,,,
HSVMT 4,357.6,81.21194,60,[DB2002b] G120.5+18.63,,,,,,
[CB88] 239,332.4875,86.73417,14,[DB2002b] G120.61+24.62,,,,,,
[CB88] 62,202.5125,79.37611,3.5,[DB2002b] G120.7+37.58,,,,,,
LDN 1286,8.70417,58.94194,15,[DB2002b] G120.79-3.86,,,,,,
DIR 121-45,11.35,17.84778,110,[DB2002b] G120.9-45,,,,,,
[CB88] 4,9.7625,52.85806,2.5,[DB2002b] G121.03-9.97,,,,,,
IREC 159,353.9125,84.59083,102,[DB2002b] G121.04+22,,,,,,
HSVMT 5,355.09167,84.41722,380,[DB2002b] G121.1+21.8,,,,,,
LDN 1287,8.97083,63.44167,9,[DB2002b] G121.2+0.62,,,,,,
LDN 1289,322.8375,88.39528,7,[DB2002b] G121.56+26.09,,,,,,
LDN 1288,9.4875,66.10806,35,[DB2002b] G121.57+3.27,,,,,,
LDN 1292,325.1125,88.56833,41,[DB2002b] G121.75+26.16,,,,,,
LDN 1290,10.475,61.10722,7,[DB2002b] G121.78-1.74,,,,,,
LDN 1293,10.48333,63.10722,7,[DB2002b] G121.86+0.26,,,,,,
LDN 1294,10.58333,62.27389,3,[DB2002b] G121.87-0.58,,,,,,
LDN 1291,10.68333,62.01694,1.5,[DB2002b] G121.91-0.84,[LM99] 2,,,,,
LDN 1295,11.20833,52.44,10,[DB2002b] G121.91-10.42,,,,,,
LDN 1296,11.20833,52.77333,11,[DB2002b] G121.92-10.09,,,,,,
HSVMT 6,5.55417,82.56472,35,[DB2002b] G121.93+19.75,,,,,,
LDN 1298,10.85417,61.10694,8,[DB2002b] G121.96-1.75,,,,,,
LDN 1297,10.73333,62.77361,15,[DB2002b] G121.96-0.08,,,,,,
Polaris Flare,345.49583,88.16972,720,[DB2002b] G122+25.5,,,,,,
LDN 1299,11.26667,55.74,4.5,[DB2002b] G122.03-7.12,,,,,,
LDN 1300,10.98333,61.44028,6,[DB2002b] G122.04-1.42,,,,,,
LDN 1303,10.74583,65.27361,50,[DB2002b] G122.05+2.42,,,,,,
LDN 1302,10.98333,61.85694,4.5,[DB2002b] G122.05-1,,,,,,
LDN 1301,11.025,62.50056,4.5,[DB2002b] G122.09-0.36,[CB88] 5,,,,,
LDN 1304,10.775,69.77361,120,[DB2002b] G122.21+6.91,,,,,,
HSVMT 7,8.24167,81.59611,30,[DB2002b] G122.22+18.75,,,,,,
IREC 161,194.825,75.78861,63,[DB2002b] G122.29+41.33,,,,,,
IREC 162,12.375,31.86972,78,[DB2002b] G122.45-31,,,,,,
HSVMT 8,204.26667,88.08972,30,[DB2002b] G122.5+29,,,,,,
[CB88] 6,12.37083,50.74472,9,[DB2002b] G122.61-12.13,,,,,,
IREC 163,12.625,72.54139,137,[DB2002b] G122.86+9.67,,,,,,
IREC 164,13.55833,56.53944,63,[DB2002b] G123.32-6.33,,,,,,
HSVMT 10,16.45833,83.60972,90,[DB2002b] G123.36+20.75,,,,,,
HSVMT 9,16.95417,82.48361,40,[DB2002b] G123.5+19.63,,,,,,
IREC 165,181.05417,86.55306,190,[DB2002b] G123.75+30.5,,,,,,
LDN 1305,15.81667,67.76833,98,[DB2002b] G124.06+4.92,,,,,,
LDN 1306,15.77917,62.26833,199,[DB2002b] G124.29-0.57,,,,,,
LDN 1307,16.30417,65.2675,91,[DB2002b] G124.37+2.43,,,,,,
LDN 1308,18.41667,72.93139,75,[DB2002b] G124.59+10.13,,,,,,
IREC 166,14.95417,40.84389,106,[DB2002b] G124.64-22,,,,,,
LDN 1309,16.7875,62.26694,39,[DB2002b] G124.76-0.55,,,,,,
LDN 1310,16.77083,59.26694,63,[DB2002b] G124.93-3.54,,,,,,
HSVMT 11,27.72917,82.12361,70,[DB2002b] G125.07+19.5,,,,,,
[CB88] 8,20.9875,74.37528,8,[DB2002b] G125.16+11.64,,,,,,
[CB88] 7,18.06667,64.43194,7,[DB2002b] G125.18+1.65,,,,,,
LDN 1311,172.21667,84.5025,60,[DB2002b] G125.22+32.25,HSVMT 12,,,,,
HSVMT 13,37.89167,84.36528,40,[DB2002b] G125.5+22,,,,,,
LDN 1312,18.55,62.09778,20,[DB2002b] G125.59-0.66,,,,,,
IREC 167,169.75833,83.94472,118,[DB2002b] G125.75+32.67,,,,,,
LDN 1313,19.05417,61.68028,12,[DB2002b] G125.87-1.05,,,,,,
DIR 126+37,178.9,79.79361,55,[DB2002b] G126+37,,,,,,
LDN 1314,19.30417,61.43,6,[DB2002b] G126.01-1.29,,,,,,
LDN 1315,20.07083,63.09528,32,[DB2002b] G126.19+0.41,,,,,,
LDN 1316,19.80833,61.42917,13,[DB2002b] G126.25-1.26,,,,,,
LDN 1321,161.475,84.02111,60,[DB2002b] G126.6+32.18,HSVMT 14,,,,,
BDN 126.63-0.77,20.71667,61.8775,30,[DB2002b] G126.63-0.77,,,,,,
LDN 1320,63.80417,85.63111,41,[DB2002b] G126.65+24.33,,,,,,
LDN 1317,20.76667,61.84417,3,[DB2002b] G126.66-0.8,LDN 1318,,,,,
[CB88] 10,22.70833,67.39639,9,[DB2002b] G126.72+4.81,,,,,,
LDN 1319,20.8125,61.26083,27,[DB2002b] G126.75-1.37,,,,,,
LDN 1322,21.06667,61.26028,4,[DB2002b] G126.87-1.36,,,,,,
IREC 168,13.95833,-11.49222,110,[DB2002b] G126.92-74.33,,,,,,
LDN 1323,21.32083,61.42667,10,[DB2002b] G126.97-1.18,,,,,,
LDN 1324,21.575,61.59278,12,[DB2002b] G127.07-1,,,,,,
IREC 169,15.01667,3.13028,83,[DB2002b] G127.2-59.67,,,,,,
LDN 1325,22.46667,63.09139,7,[DB2002b] G127.26+0.54,[CB88] 9,,,,,
[CB88] 61,173.46667,79.51083,11,[DB2002b] G127.27+36.96,,,,,,
LDN 1326,22.67083,63.09083,3.5,[DB2002b] G127.36+0.56,,,,,,
LDN 1327,23.625,65.4225,14,[DB2002b] G127.4+2.92,,,,,,
IREC 170,19.10833,45.98167,118,[DB2002b] G127.46-16.67,,,,,,
LDN 1328,24.65833,67.25389,74,[DB2002b] G127.48+4.8,,,,,,
HSVMT 15,47.55417,82.48806,130,[DB2002b] G127.5+20.88,,,,,,
LDN 1329,23.87917,65.25528,11,[DB2002b] G127.53+2.78,,,,,,
LDN 1330,24.12917,65.25472,9,[DB2002b] G127.63+2.8,,,,,,
IREC 171,33.00417,76.44833,225,[DB2002b] G127.71+14.33,,,,,,
[CB88] 11,24.25833,65.04528,10,[DB2002b] G127.72+2.6,,,,,,
[CB88] 12,24.65417,65.08722,9,[DB2002b] G127.88+2.67,,,,,,
LDN 1331,24.625,64.50389,15,[DB2002b] G127.97+2.09,,,,,,
LDN 1332,25.6125,62.05194,6,[DB2002b] G128.87-0.23,,,,,,
LDN 1333,36.55833,75.45111,4,[DB2002b] G128.9+13.69,P 120,[LM99] 3,,,,
LDN 1335,27.925,66.08028,47,[DB2002b] G129+3.92,,,,,,
LDN 1334,25.8625,61.95139,7,[DB2002b] G129.01-0.31,,,,,,
LDN 1336,28.44167,66.74583,70,[DB2002b] G129.04+4.62,,,,,,
LDN 1337,26.36667,61.91694,7,[DB2002b] G129.24-0.29,,,,,,
IREC 172,37.37083,73.1875,63,[DB2002b] G129.97+11.67,,,,,,
LDN 1338,28.64167,62.71194,4,[DB2002b] G130.1+0.72,,,,,,
LDN 1339,28.64167,62.51194,4,[DB2002b] G130.14+0.53,,,,,,
LDN 1340,37.75833,72.955,6,[DB2002b] G130.17+11.5,BDN 130.17+11.50,,,,,
LDN 1341,28.94583,62.69444,3,[DB2002b] G130.24+0.74,LDN 1342,,,,,
LDN 1343,29.01667,62.41111,9,[DB2002b] G130.34+0.47,LDN 1344,,,,,
LDN 1345,29.22917,62.68861,5,[DB2002b] G130.36+0.77,[CB88] 13,,,,,
LDN 1346,29.4,62.66028,6,[DB2002b] G130.45+0.76,[CB88] 14,,,,,
LDN 1347,29.52083,62.32639,13,[DB2002b] G130.58+0.45,,,,,,
LDN 1348,29.64583,62.40944,13,[DB2002b] G130.62+0.54,,,,,,
IREC 173,25.0375,49.09944,133,[DB2002b] G131.08-13,,,,,,
LDN 1349,33.47917,66.23333,65,[DB2002b] G131.12+4.68,,,,,,
MBM 3,18.94167,16.79722,345,[DB2002b] G131.28-45.68,,,,,,
IREC 174,176.15833,69.34056,69,[DB2002b] G131.43+46.67,,,,,,
DIR 132-30,21.73333,32.78056,115,[DB2002b] G131.5-29.5,,,,,,
-12 Km/s CO Clouds,33.09167,64.51694,3540,[DB2002b] G131.5+3,,,,,,
IREC 175,22.29167,35.5725,66,[DB2002b] G131.51-26.67,,,,,,
Lindblad Ring,34.1875,64.35917,3840,[DB2002b] G132+3,,,,,,
IREC 176,134.3875,80.72611,117,[DB2002b] G132.22+31.67,,,,,,
LDN 1350,32.37917,60.98611,4,[DB2002b] G132.26-0.46,,,,,,
LDN 1351,32.67917,60.81861,3.5,[DB2002b] G132.45-0.58,,,,,,
LDN 1352,38.8,67.385,8,[DB2002b] G132.68+6.5,,,,,,
DIR 133-64,17.25417,-1.4725,240,[DB2002b] G133-64,,,,,,
LDN 1353,41.0875,68.21139,95,[DB2002b] G133.14+7.61,,,,,,
LDN 1354,34.92917,61.72944,8,[DB2002b] G133.18+0.63,,,,,,
IREC 177,43.51667,69.33306,127,[DB2002b] G133.43+9,,,,,,
LDN 1356,35.6875,61.72722,17,[DB2002b] G133.52+0.75,,,,,,
MBM 4,20.62083,16.92778,70,[DB2002b] G133.52-45.3,,,,,,
LDN 1357,43.175,68.88,4,[DB2002b] G133.53+8.54,P 121,,,,,
LDN 1355,43.3,68.93111,5,[DB2002b] G133.55+8.61,[LM99] 4,,,,,
LDN 1358,43.975,69.34806,6,[DB2002b] G133.57+9.09,P 122,,,,,
IREC 178,24.1875,33.93389,83,[DB2002b] G133.57-28,,,,,,
[LM99] 6,44.12917,69.4025,3,[DB2002b] G133.59+9.16,LDN 1358-2,,,,,
[LM99] 5,43.94583,69.22972,2,[DB2002b] G133.62+8.98,LDN 1358-1,,,,,
IREC 179,31.54167,54.63333,131,[DB2002b] G133.69-6.67,,,,,,
LDN 1359,36.44583,62.05861,15,[DB2002b] G133.74+1.18,,,,,,
Barnard 201,33.25,57.08333,10,[DB2002b] G133.87-4.05,,,,,,
IREC 181,188.24167,44.05472,94,[DB2002b] G134.13+72.67,,,,,,
LDN 1360,36.6875,61.22444,7,[DB2002b] G134.15+0.45,,,,,,
LDN 1361,37.07083,61.64,7,[DB2002b] G134.17+0.9,,,,,,
IREC 182,23.10417,26.38556,95,[DB2002b] G134.23-35.58,DIR 134-36,,,,,
LDN 1362,36.9375,61.22361,4,[DB2002b] G134.26+0.49,,,,,,
LDN 1363,36.9375,61.05722,7,[DB2002b] G134.32+0.33,,,,,,
LDN 1364,37.44583,61.55556,8,[DB2002b] G134.36+0.89,,,,,,
DIR 135+38,153.97083,75.42222,85,[DB2002b] G134.5+38,,,,,,
LDN 1365,37.18333,60.80639,18,[DB2002b] G134.52+0.14,,,,,,
IREC 183,140.1625,77.86306,106,[DB2002b] G134.57+34,,,,,,
LDN 1366,38.20417,61.72,28,[DB2002b] G134.64+1.17,,,,,,
LDN 1367,37.94583,61.30417,8,[DB2002b] G134.68+0.74,,,,,,
DIR 135+41,160.05417,73.39194,85,[DB2002b] G134.7+40.6,,,,,,
LDN 1368,38.2,61.38667,5,[DB2002b] G134.76+0.87,,,,,,
LDN 1369,38.45,61.38611,7,[DB2002b] G134.87+0.91,,,,,,
CG 7S DN,38.6625,61.38833,8,[DB2002b] G134.96+0.95,,,,,,
LDN 1370,37.9375,60.47083,11,[DB2002b] G134.99-0.03,,,,,,
G135.3+54.5,178,61.31583,70,[DB2002b] G135.13+54.38,HRK135+54,,,,,
LDN 1371,38.69583,60.71861,28,[DB2002b] G135.24+0.34,,,,,,
LDN 1372,39.45833,61.38306,10,[DB2002b] G135.32+1.1,,,,,,
LDN 1373,39.45417,61.21639,208,[DB2002b] G135.38+0.94,,,,,,
G135.4-68.7,17.38333,-6.2675,300,[DB2002b] G135.4-68.7,HRK135-69,,,,,
G135.5+51.3,174.54583,64.00639,90,[DB2002b] G135.65+51.27,HRK135+51,,,,,
IREC 184,19.3125,2.55611,78,[DB2002b] G135.78-59.67,,,,,,
LDN 1374,38.66667,58.38528,7,[DB2002b] G136.13-1.82,,,,,,
IREC 185,56.3,70.89278,72,[DB2002b] G136.27+12.67,,,,,,
LDN 1375,41.2125,60.8775,10,[DB2002b] G136.3+0.98,,,,,,
LDN 1376,40.95833,60.545,9,[DB2002b] G136.32+0.63,,,,,,
IREC 187,161.6125,70.68444,130,[DB2002b] G136.5+43,HMT25,,,,,
IREC 186,176.4625,60.66111,63,[DB2002b] G136.77+54.67,,,,,,
IREC 188,18.21667,-5.72778,66,[DB2002b] G137.29-68,,,,,,
LDN 1806,43.8,60.67028,2,[DB2002b] G137.52+1.35,,,,,,
DBDN 138.0-51.6,22.3125,10.10889,170,[DB2002b] G138.04-51.65,,,,,,
IREC 189,181.5,52.76528,75,[DB2002b] G138.15+63,,,,,,
CODIR 139.2-66,19.41667,-3.96028,120,[DB2002b] G139.2-66,,,,,,
LDN 1377,48.7625,61.01861,10,[DB2002b] G139.46+2.84,,,,,,
G139.6+47.6,165.35,65.48611,45,[DB2002b] G139.55+47.94,G141.1+48.0,HRK140+48,,,,
LDN 1378,48.725,60.33528,2,[DB2002b] G139.8+2.25,,,,,,
IREC 190,190.54167,33.49222,72,[DB2002b] G139.8+83.33,,,,,,
LDN 1379,48.87917,60.35139,3,[DB2002b] G139.86+2.3,,,,,,
LDN 1380,48.925,60.15139,2,[DB2002b] G139.98+2.15,,,,,,
DIR 140-45,25.48333,16.69167,120,[DB2002b] G140-44.5,,,,,,
LDN 1381,49.12917,60.21722,5,[DB2002b] G140.03+2.25,,,,,,
IREC 191,32.28333,35.935,127,[DB2002b] G140.12-24.33,,,,,,
LDN 1382,49.25,60.06667,6,[DB2002b] G140.17+2.16,,,,,,
IREC 192,57.6,65.34722,139,[DB2002b] G140.21+8.67,,,,,,
LDN 1383,49.50417,60.09917,4,[DB2002b] G140.26+2.25,,,,,,
LDN 1384,50.00417,60.01389,16,[DB2002b] G140.51+2.32,,,,,,
LDN 1385,50.25417,59.81306,4,[DB2002b] G140.73+2.21,,,,,,
IREC 193,54.86667,62.88944,87,[DB2002b] G140.79+6,,,,,,
LDN 1386,50.55417,59.67861,6,[DB2002b] G140.93+2.18,,,,,,
IREC 194,23.20417,6.40861,72,[DB2002b] G141.06-55,,,,,,
IREC 195,149.30833,69.66833,53,[DB2002b] G141.33+40.67,,,,,,
MBM 27,132.25833,72.61528,35,[DB2002b] G141.33+34.45,,,,,,
MBM 28,134.47083,72.27389,70,[DB2002b] G141.43+35.2,,,,,,
IREC 196,36.25833,40.45972,133,[DB2002b] G141.57-19,,,,,,
IREC 197,134.72083,72.10333,160,[DB2002b] G141.59+35.33,,,,,,
HSVMT 16,94.57917,72.14944,80,[DB2002b] G142.21+23.25,,,,,,
MBM 29,136.51667,71.26667,50,[DB2002b] G142.27+36.17,,,,,,
MBM 30,141.525,69.82556,120,[DB2002b] G143+38.3,HSVMT 17,IREC 199,,,,
IREC 200,38.275,39.80861,102,[DB2002b] G143.34-19,,,,,,
HSVMT 18,98.53333,71.38889,40,[DB2002b] G143.36+24.25,,,,,,
IREC 201,65.72083,64.42194,146,[DB2002b] G143.41+10.33,,,,,,
Camelopardalis DN Complex,35.97083,35.15222,300,[DB2002b] G143.5-24,,,,,,
IREC 202,178.22917,51.00583,78,[DB2002b] G143.93+63.67,,,,,,
CODIR 144.0-51,26.12917,9.68778,180,[DB2002b] G144-51,,,,,,
[CB88] 18,61.25417,60.53861,2.5,[DB2002b] G144.64+6.11,,,,,,
IREC 203,101.54583,70.36389,214,[DB2002b] G144.69+25,,,,,,
MBM 5,27.99167,11.06333,460,[DB2002b] G145.96-49.08,,,,,,
IREC 204,27.8125,10.50278,94,[DB2002b] G146.01-49.67,,,,,,
HSVMT 19,83.1,65.21917,210,[DB2002b] G146.34+17.21,IREC 205,,,,,
MBM 31,141.50417,66.86694,40,[DB2002b] G146.41+39.62,HSVMT 20,,,,,
Barnard 6,59.15417,56.13389,11,[DB2002b] G146.7+2.06,LDN 1387,[CB88] 15,,,,
HSVMT 21,91.81667,67.20083,120,[DB2002b] G146.93+20.75,,,,,,
MBM 6,32.65833,20.44806,170,[DB2002b] G146.93-38.71,,,,,,
LDN 1388,60.825,56.83556,7,[DB2002b] G146.95+3.19,[CB88] 16,,,,,
LDN 1389,61.15833,56.93639,2,[DB2002b] G147.01+3.39,[CB88] 17,P 123,[LM99] 9,,,
MBM 32,143.19583,65.86194,180,[DB2002b] G147.2+40.67,IREC 206,HSVMT 22/HSVMT 23,,,,
IREC 207,180.5625,45.71556,146,[DB2002b] G147.45+69,,,,,,
LDN 1803,160.30833,60.32167,25,[DB2002b] G147.49+50.14,,,,,,
IREC 208,37.72917,28.28306,85,[DB2002b] G148.16-29.67,,,,,,
HSVMT 24,137.79167,65.98972,130,[DB2002b] G148.2+38.6,,,,,,
HSVMT 25,99.4625,66.90333,135,[DB2002b] G148.21+23.5,,,,,,
LDN 1390,62.2375,55.13167,59,[DB2002b] G148.68+2.46,,,,,,
LDN 1391,59.45417,53.14333,70,[DB2002b] G148.77-0.11,,,,,,
IREC 209,34.3875,20.14778,85,[DB2002b] G148.98-38.33,,,,,,
LDN 1392,63.49167,55.12639,11,[DB2002b] G149.2+2.94,,,,,,
LDN 1393,63.2375,54.79389,8,[DB2002b] G149.33+2.6,,,,,,
Barnard 8,64.25,55.28972,26,[DB2002b] G149.4+3.36,LDN 1394,,,,,
Barnard 9,64.58333,55.21778,7,[DB2002b] G149.59+3.44,MLB 71,LDN 1400H,,,,
LDN 1395,63.47917,54.12639,73,[DB2002b] G149.89+2.21,,,,,,
Barnard 11,65.25,55.11861,16,[DB2002b] G149.93+3.64,LDN 1396,,,,,
IREC 210,42.23333,32.29361,60,[DB2002b] G150-24.33,,,,,,
LDN 1397,65.24583,54.86861,8,[DB2002b] G150.11+3.46,,,,,,
IREC 211,141.025,63.84667,28,[DB2002b] G150.12+40.67,,,,,,
LDN 1398,64.7375,54.45417,42,[DB2002b] G150.19+2.96,,,,,,
IREC 212,39.90833,27.6675,105,[DB2002b] G150.19-28.91,DIR 150-29,,,,,
[LM99] 14,66.00833,55.13222,6,[DB2002b] G150.23+3.96,,,,,,
LDN 1399,66,55.11528,24,[DB2002b] G150.24+3.94,,,,,,
IREC 213,31.25833,11.25278,78,[DB2002b] G150.3-47.67,,,,,,
MLB 72,66.19583,55.03139,5,[DB2002b] G150.37+3.96,,,,,,
MLB 73,66.23333,55.03111,5,[DB2002b] G150.39+3.98,,,,,,
MLB 74,66.24583,55.00333,8,[DB2002b] G150.41+3.96,[LM99] 17,,,,,
MBM 7,35.6,19.89417,120,[DB2002b] G150.43-38.07,IREC 215,,,,,
IREC 214,165.65417,55.25389,100,[DB2002b] G150.45+55.67,,,,,,
LDN 1400,66.29167,54.9475,8,[DB2002b] G150.47+3.94,MLB 75,[LM99] 19,,,,
LDN 1401,67.00417,55.21083,8,[DB2002b] G150.57+4.42,,,,,,
LDN 1402,65.99583,54.61528,25,[DB2002b] G150.59+3.59,,,,,,
LDN 1403,67.12917,55.19361,4,[DB2002b] G150.63+4.46,,,,,,
LDN 1404,67.50833,55.27528,10,[DB2002b] G150.72+4.67,,,,,,
MLB 76,67.27917,54.77083,4,[DB2002b] G150.99+4.23,[LM99] 23,,,,,
Barnard 13,67.66667,54.87667,8,[DB2002b] G151.07+4.47,MLB 78,[LM99] 30,,,,
LDN 1405,68.50833,55.27083,25,[DB2002b] G151.11+5.09,,,,,,
IREC 216,42.80833,30.8775,78,[DB2002b] G151.23-25.33,,,,,,
Barnard 21,69.5125,55.39972,7,[DB2002b] G151.4+5.6,LDN 1406,,,,,
Barnard 12,67.4,54.23222,19,[DB2002b] G151.43+3.91,LDN 1407,MLB 77,[LM99] 25,,,
LDN 1408,68,54.52306,24,[DB2002b] G151.46+4.36,,,,,,
HSVMT 26,92.2375,62.65583,45,[DB2002b] G151.5+19.25,,,,,,
LDN 1409,69.00833,54.93528,6,[DB2002b] G151.55+5.07,,,,,,
LDN 1410,69.00417,54.85194,4,[DB2002b] G151.61+5.02,,,,,,
MBM 8,36.29583,18.89194,30,[DB2002b] G151.75-38.68,,,,,,
LDN 1411,69,54.43528,6,[DB2002b] G151.92+4.73,,,,,,
DIR 152-47,32.8375,11.81222,180,[DB2002b] G152-46.5,,,,,,
LDN 1412,69.25,54.43417,3,[DB2002b] G152.02+4.84,LDN 1413,,,,,
LDN 1414,68.4875,53.4375,27,[DB2002b] G152.46+3.84,,,,,,
LDN 1415,70.50417,54.42833,15,[DB2002b] G152.51+5.38,,,,,,
LDN 1416,70,54.0975,5,[DB2002b] G152.56+4.94,,,,,,
LDN 1417,70.24583,53.92944,5,[DB2002b] G152.79+4.94,,,,,,
DBDN 152.9-31.2,40.99583,25.04139,240,[DB2002b] G152.9-31.2,,,,,,
IREC 217,75.1,55.87056,92,[DB2002b] G153.05+8.33,,,,,,
LDN 1418,68.475,52.60417,97,[DB2002b] G153.07+3.27,,,,,,
LDN 1419,72.7625,54.75139,17,[DB2002b] G153.11+6.59,,,,,,
LDN 1420,68.22083,52.27194,3,[DB2002b] G153.21+2.93,,,,,,
LDN 1421,68.21667,52.02194,6,[DB2002b] G153.39+2.76,,,,,,
LDN 1422,72.25417,54.08694,64,[DB2002b] G153.43+5.94,,,,,,
HSVMT 27,131.27917,62.46861,130,[DB2002b] G153.48+36.88,IREC 218,,,,,
LDN 1423,71.24167,53.34167,2,[DB2002b] G153.62+5.01,,,,,,
IREC 219,45.60833,30.6125,69,[DB2002b] G153.66-24.33,,,,,,
LDN 1424,71.24167,53.25833,5,[DB2002b] G153.68+4.95,,,,,,
LDN 1425,71.4875,53.09056,18,[DB2002b] G153.91+4.96,,,,,,
IREC 220,33.65,10.47417,102,[DB2002b] G153.93-47.33,,,,,,
LDN 1427,70.98333,52.67611,4.5,[DB2002b] G154.03+4.45,,,,,,
LDN 1426,71.81667,53.07333,8,[DB2002b] G154.05+5.09,[LM99] 56,,,,,
LDN 1428,70.97917,52.59278,5,[DB2002b] G154.09+4.4,,,,,,
Barnard 20,69.26667,50.96667,60,[DB2002b] G154.61+2.53,,,,,,
G155-40,37.85833,16.82472,145,[DB2002b] G154.7-39.8,IREC 221,G154.7-39.8,,,,
LDN 1429,71.975,52.08833,11,[DB2002b] G154.87+4.54,,,,,,
LDN 1430,72.22917,52.13722,6,[DB2002b] G154.93+4.69,,,,,,
LDN 1431,71.975,52.005,6,[DB2002b] G154.93+4.48,,,,,,
IREC 222,20.84167,-14.48333,108,[DB2002b] G154.99-75.33,,,,,,
CODIR 155.1-34,41.22083,21.69,210,[DB2002b] G155.1-34,,,,,,
LDN 1432,72.97917,52.08361,9,[DB2002b] G155.27+5.01,,,,,,
LDN 1433,72.725,51.91806,9,[DB2002b] G155.3+4.78,,,,,,
LDN 1434,54.0625,37.66472,50,[DB2002b] G155.53-14.56,,,,,,
LDN 1435,72.72083,51.58472,23,[DB2002b] G155.55+4.57,,,,,,
IREC 223,73.27917,51.845,102,[DB2002b] G155.57+5,,,,,,
IREC 224,99.05,59.67722,108,[DB2002b] G155.67+21.33,,,,,,
LDN 1436,73.475,51.74806,34,[DB2002b] G155.72+5.03,,,,,,
[CB88] 24,74.625,52.26139,2.5,[DB2002b] G155.76+5.91,,,,,,
LDN 1437,74.76667,52.05667,3,[DB2002b] G155.98+5.85,[CB88] 25,,,,,
LDN 1438,73.975,51.57889,25,[DB2002b] G156.05+5.17,,,,,,
LDN 1439,75.0375,52.08333,7,[DB2002b] G156.06+6,[CB88] 26,,,,,
IREC 225,41.12917,19.79361,94,[DB2002b] G156.2-35.67,,,,,,
LDN 1440,59.475,41.47639,10,[DB2002b] G156.39-8.98,,,,,,
MBM 26,121.7625,60.57222,120,[DB2002b] G156.42+32.6,HSVMT 29,,,,,
MBM 9,36.55,11.89139,70,[DB2002b] G156.52-44.71,,,,,,
HSVMT 28,126.7875,60.25,60,[DB2002b] G156.6+35.1,,,,,,
LDN 1441,60.025,41.5575,10,[DB2002b] G156.65-8.64,,,,,,
LDN 1442,57.57917,39.03417,40,[DB2002b] G156.87-11.77,BDN 156.87-11.77,,,,,
LDN 1443,60.09583,40.80722,77,[DB2002b] G157.19-9.17,,,,,,
LDN 1444,68.4125,46.93778,44,[DB2002b] G157.2-0.6,,,,,,
Barnard 15,68.03333,46.62306,9,[DB2002b] G157.26-1.01,[LM99] 34,,,,,
LDN 1445,68.03333,46.60611,18,[DB2002b] G157.27-1.02,,,,,,
Barnard 16,68.10833,46.6,1,[DB2002b] G157.31-0.99,,,,,,
IREC 226,101.17917,58.37917,147,[DB2002b] G157.35+22,,,,,,
Barnard 17,68.125,46.51667,1,[DB2002b] G157.38-1.04,,,,,,
LDN 1446,56.5625,37.155,33,[DB2002b] G157.47-13.73,,,,,,
BDN 157.48-20.59,51.47083,31.72472,16,[DB2002b] G157.48-20.59,,,,,,
LDN 1447,60.84583,40.80389,49,[DB2002b] G157.62-8.79,,,,,,
MBM 11,42.78333,19.53889,20,[DB2002b] G157.98-35.06,,,,,,
Barnard 203,51.36667,30.725,30,[DB2002b] G158.04-21.45,LDN 1448,BDN158.04-21.45,,,,
[UT87] 8d,48.24583,26.68667,110,[DB2002b] G158.19-26.33,,,,,,
IREC 227,63.975,42.44694,140,[DB2002b] G158.21-6,,,,,,
LDN 1449,58.32083,37.64778,91,[DB2002b] G158.24-12.46,,,,,,
MLB 4,52.45,31.60639,10,[DB2002b] G158.26-20.19,LDN 1450E,,,,,
MLB 3,52.35,31.49583,6,[DB2002b] G158.26-20.33,LDN 1450B,,,,,
MLB 1,52.15,31.25556,7,[DB2002b] G158.27-20.62,,,,,,
Barnard 205,52.13333,31.1,18,[DB2002b] G158.36-20.76,,,,,,
LDN 1450,52.29583,31.28278,5,[DB2002b] G158.36-20.53,MLB 2,LDN 1450A,,,,
Barnard 2,53.37917,32.31667,20,[DB2002b] G158.46-19.14,,,,,,
Barnard 202,51.5125,30.17444,25,[DB2002b] G158.5-21.82,LDN 1451,,,,,
LDN 1452,52.01667,30.67278,110,[DB2002b] G158.55-21.16,BDN 158.55-21.16,,,,,
LDN 1453,44.00833,20.28472,15,[DB2002b] G158.66-33.8,,,,,,
IREC 228,88.64167,54.19278,106,[DB2002b] G158.7+14,,,,,,
DBDN 158.71+35.3,127.00417,58.50778,175,[DB2002b] G158.71+35.38,,,,,,
Barnard 204,52.01667,30.17278,12,[DB2002b] G158.87-21.56,LDN 1455,,,,,
LDN 1456,58.81667,37.14583,13,[DB2002b] G158.88-12.58,,,,,,
LDN 1454,44.20833,20.20056,56,[DB2002b] G158.9-33.77,,,,,,
Barnard 206,52.2875,30.18333,5,[DB2002b] G159.07-21.41,,,,,,
LDN 1457,43.95417,19.53472,31,[DB2002b] G159.11-34.45,,,,,,
Barnard 1,53.2375,31.15,30,[DB2002b] G159.12-20.13,,,,,,
LDN 1459,62.09167,39.63194,187,[DB2002b] G159.13-9.02,,,,,,
LDN 1458,44.45833,20.19972,14,[DB2002b] G159.14-33.64,,,,,,
MBM 12,44.20833,19.53417,190,[DB2002b] G159.35-34.32,IREC 229,[UT87] 1,,,,
IREC 230,59.9125,37.15083,175,[DB2002b] G159.55-12,,,,,,
LDN 1460,86,52.355,26,[DB2002b] G159.59+11.74,,,,,,
LDN 1461,70.475,44.92833,14,[DB2002b] G159.66-0.88,,,,,,
LDN 1462,60.07083,36.97389,10,[DB2002b] G159.77-12.05,,,,,,
Barnard 3,55.00417,31.96667,20,[DB2002b] G159.83-18.56,,,,,,
IREC 231,54.7375,31.59278,291,[DB2002b] G159.9-19,,,,,,
LDN 1463,60.32083,36.88944,10,[DB2002b] G159.98-11.98,,,,,,
LDN 1464,60.16667,36.67333,4,[DB2002b] G160.03-12.22,,,,,,
LDN 1466,86.99583,52.18361,21,[DB2002b] G160.04+12.19,,,,,,
Barnard 25,73.1625,45.99917,14,[DB2002b] G160.06+1.25,LDN 1465,,,,,
LDN 1467,87.24583,52.18222,10,[DB2002b] G160.12+12.32,,,,,,
IREC 232,24.2875,-11.84667,87,[DB2002b] G160.21-71.33,,,,,,
LDN 1468,55.025,31.41111,21,[DB2002b] G160.23-18.98,,,,,,
LDN 1469,60.76667,36.6375,5,[DB2002b] G160.42-11.92,,,,,,
MLB 5,56.9,32.93278,3,[DB2002b] G160.48-16.8,[LM99] 7,,,,,
LDN 1470,55.90417,31.82417,110,[DB2002b] G160.56-18.19,BDN 160.56-18.19,,,,,
LDN 1471,56.9875,32.90306,19,[DB2002b] G160.56-16.78,,,,,,
Barnard 5,56.97083,32.88333,60,[DB2002b] G160.56-16.8,,,,,,
LDN 1472,55.275,31.16,114,[DB2002b] G160.57-19.04,,,,,,
LDN 1473,62.83333,38.12889,23,[DB2002b] G160.6-9.71,,,,,,
[LM99] 8,57.10833,32.90472,2,[DB2002b] G160.64-16.71,,,,,,
Barnard 4,56.00833,31.78333,45,[DB2002b] G160.65-18.15,,,,,,
LDN 1474,72.14583,44.08722,129,[DB2002b] G161.07-0.53,,,,,,
IREC 233,135.55833,55.87194,87,[DB2002b] G161.2+40.33,,,,,,
MBM 13,44.85,17.19861,20,[DB2002b] G161.59-35.89,,,,,,
IREC 234,108.25417,55.32556,35,[DB2002b] G161.61+25,,,,,,
CODIR 161.9-46.5,38.775,8.38972,150,[DB2002b] G161.84-46.5,,,,,,
G161.9-43.3,40.62083,11.01194,95,[DB2002b] G161.86-43.31,,,,,,
LDN 1475,75.90833,45.06972,37,[DB2002b] G161.98+2.18,,,,,,
IREC 235,57.1,30.77611,134,[DB2002b] G162.09-18.33,,,,,,
LDN 1476,75.90417,44.56972,20,[DB2002b] G162.38+1.87,,,,,,
MBM 14,47.96667,20.02111,320,[DB2002b] G162.45-31.87,[UT87] 2,,,,,
Perseus OB2 CO Complex,59.65417,32.63306,1140,[DB2002b] G162.5-15.5,,,,,,
IREC 236,50.10833,22.52028,140,[DB2002b] G162.52-28.67,,,,,,
LDN 1477,75.775,44.07028,40,[DB2002b] G162.72+1.49,BDN 162.72+1.49,,,,,
IREC 237,114.9125,54.80833,151,[DB2002b] G162.9+28.67,,,,,,
LDN 1478,65.82917,37.11556,127,[DB2002b] G163.03-8.76,,,,,,
IREC 238,147.65,52.57972,98,[DB2002b] G163.06+48,,,,,,
LDN 1479,69.60417,39.59889,74,[DB2002b] G163.23-4.9,,,,,,
LDN 1480,76.39583,43.5675,19,[DB2002b] G163.39+1.54,,,,,,
[UT87] 3,52.2375,23.67194,80,[DB2002b] G163.44-26.55,,,,,,
DIR 164-44,41.2,9.7625,150,[DB2002b] G163.5-44,,,,,,
IREC 239,132.75,54.17306,83,[DB2002b] G163.7+39,,,,,,
IREC 240,94.28333,50.05667,98,[DB2002b] G164.1+15.33,,,,,,
LDN 1481,69.84167,38.26444,45,[DB2002b] G164.35-5.64,,,,,,
IREC 241,91.36667,48.62194,60,[DB2002b] G164.6+13,,,,,,
BDN 164.61-8.58,67.325,36.10917,140,[DB2002b] G164.61-8.58,IREC 243,,,,,
LDN 1482,67.07083,35.61028,22,[DB2002b] G164.83-9.07,,,,,,
IREC 242,134.7375,52.91417,113,[DB2002b] G165.13+40.33,,,,,,
LDN 1483,68.82917,36.43556,28,[DB2002b] G165.19-7.46,,,,,,
[UT87] 4,53.73333,22.66611,240,[DB2002b] G165.34-26.44,,,,,,
LDN 1484,60.775,29.1375,40,[DB2002b] G165.72-17.4,,,,,,
LDN 1485,69.325,35.68333,34,[DB2002b] G166.02-7.66,,,,,,
CODIR 166.4-47,41.01667,6.14389,170,[DB2002b] G166.4-47,,,,,,
IREC 244,40.225,5.07083,100,[DB2002b] G166.46-48.33,,,,,,
Merope Dark Nebula,56.24167,23.65611,150,[DB2002b] G166.53-24.17,[UT87] 7,IREC 245,,,,
LDN 1486,62.025,29.13222,42,[DB2002b] G166.55-16.64,,,,,,
IREC 246,33.14167,-4.20833,69,[DB2002b] G166.67-60,,,,,,
LDN 1487,69.82083,34.93111,58,[DB2002b] G166.86-7.86,,,,,,
IREC 247,139.725,50.9525,66,[DB2002b] G167.1+43.67,,,,,,
[UT87] 5,55.22917,21.66028,115,[DB2002b] G167.24-26.28,,,,,,
LDN 1488,73.3375,36.69833,45,[DB2002b] G167.35-4.54,,,,,,
CODIR 167.5-38.3,47.1875,12.41389,150,[DB2002b] G167.5-38.3,,,,,,
IREC 248,37.22917,0.20944,100,[DB2002b] G167.52-54,,,,,,
MBM 17,55.20417,21.24361,30,[DB2002b] G167.53-26.61,,,,,,
LDN 1489,61.18333,26.46889,10,[DB2002b] G167.96-19.05,,,,,,
LDN 1490,73.00417,35.66639,17,[DB2002b] G167.98-5.4,,,,,,
MLB 11,63.9,28.76833,7,[DB2002b] G168.02-15.73,LDN 1495B,,,,,
IREC 255,124.65417,47.29639,87,[DB2002b] G172.36+34,,,,,,
Barnard 209,63.37917,28.26528,1,[DB2002b] G168.06-16.41,MLB 8,LDN 1495C,,,,
Barnard 207,61.19583,26.31167,8,[DB2002b] G168.08-19.16,LDN 1491,MLB 6,,,,
LDN 1492,72.325,35.08639,67,[DB2002b] G168.08-6.19,,,,,,
MLB 10,63.575,28.26444,5,[DB2002b] G168.18-16.28,LDN 1495D,,,,,
MLB 9,63.5125,28.19056,8,[DB2002b] G168.2-16.38,,,,,,
BDN 168.25-16.25,63.64583,28.24167,40,[DB2002b] G168.25-16.25,,,,,,
LDN 1493,73.57917,35.66389,41,[DB2002b] G168.28-5.03,,,,,,
[UT87] 6,55.225,20.16028,60,[DB2002b] G168.37-27.4,,,,,,
Barnard 7,64.35417,28.55,60,[DB2002b] G168.46-15.58,,,,,,
[LM99] 11,64.4875,28.63278,6,[DB2002b] G168.49-15.45,,,,,,
LDN 1494,73.55,35.21389,6,[DB2002b] G168.62-5.33,,,,,,
[LM99] 12,64.625,28.47694,12,[DB2002b] G168.69-15.47,,,,,,
Barnard 10-Envelope,64.67083,28.26667,35,[DB2002b] G168.87-15.58,,,,,,
Barnard 10,64.67083,28.28333,8,[DB2002b] G168.87-15.58,,,,,,
LDN 1495,64.27083,27.8725,130,[DB2002b] G168.93-16.12,BDN 168.58-16.10,,,,,
Barnard 211,64.3,27.8,30,[DB2002b] G169-16.14,,,,,,
3C75.0 Direction Cloud,43.04583,5.7925,180,[DB2002b] G169-46,,,,,,
CODIR 169.0-43.5,44.67083,7.70222,150,[DB2002b] G169-43.5,,,,,,
Barnard 214,65.47917,28.53333,5,[DB2002b] G169.18-14.88,,,,,,
IREC 249,41.27917,3.35583,120,[DB2002b] G169.33-49,,,,,,
Barnard 221,70.80417,32.09333,50,[DB2002b] G169.58-9.08,LDN 1496,,,,,
MLB 13,64.82917,27.27472,15,[DB2002b] G169.73-16.16,LDN 1521C,,,,,
LDN 1497,66.77917,28.61139,51,[DB2002b] G169.92-13.99,,,,,,
IREC 250,159.55417,45.09639,96,[DB2002b] G169.94+58,,,,,,
Barnard 208,62.72083,25.15556,4,[DB2002b] G169.97-18.99,MLB 7,[LM99] 10,,,,
LDN 1498,62.75417,24.96222,21,[DB2002b] G170.14-19.11,,,,,,
IREC 251,102.15833,45.94306,45,[DB2002b] G170.15+18.67,,,,,,
LDN 1499,62.625,24.79611,16,[DB2002b] G170.18-19.3,,,,,,
Barnard 213,65.29167,27.05,28,[DB2002b] G170.19-16.02,,,,,,
Barnard 219,68.28333,29.43806,80,[DB2002b] G170.19-12.46,LDN 1500,,,,,
Barnard 210,63.75417,25.12472,66,[DB2002b] G170.68-18.34,LDN 1501,,,,,
LDN 1502,75.82083,34.07,42,[DB2002b] G170.68-4.57,,,,,,
[LM99] 16,65.90417,26.66833,6,[DB2002b] G170.87-15.87,LDN 1521B-2,,,,,
Barnard 23,70.14583,29.91222,6,[DB2002b] G170.9-10.93,LDN 1503,[CB88] 22,[LM99] 50,,,
[CB88] 21,70.0375,29.76361,4.5,[DB2002b] G170.95-11.09,,,,,,
LDN 1504,70.2875,29.92889,35,[DB2002b] G170.97-10.82,,,,,,
Barnard 216,66.06667,26.60139,6,[DB2002b] G171.02-15.81,MLB 14,[LM99] 18,,,,
LDN 1505,72.04583,31.0875,61.5,[DB2002b] G171.05-8.91,,,,,,
Barnard 212,64.62917,25.32361,7,[DB2002b] G171.09-17.62,MLB 12,[LM99] 13,,,,
[LM99] 20,66.32083,26.54972,5,[DB2002b] G171.22-15.67,Barnard 213-7,,,,,
[LM99] 53,70.6625,29.70056,5,[DB2002b] G171.36-10.72,,,,,,
Barnard 24,70.7875,29.76,16,[DB2002b] G171.38-10.6,LDN 1507,,,,,
[LM99] 54,70.7625,29.73389,4,[DB2002b] G171.39-10.63,,,,,,
[LM99] 24,67.14167,26.86111,7,[DB2002b] G171.49-14.92,LDN 1521-1,LDN 1521F,,,,
[CB88] 23,70.87917,29.65333,5,[DB2002b] G171.52-10.61,[LM99] 55,,,,,
[LM99] 29,67.38333,26.99972,6,[DB2002b] G171.53-14.67,LDN 1521-2,,,,,
IREC 253,72.65,30.84111,122,[DB2002b] G171.57-8.67,,,,,,
LDN 1508,70.28333,29.09556,26,[DB2002b] G171.62-11.36,,,,,,
LDN 1506,65.3375,25.21778,42,[DB2002b] G171.63-17.22,P 124,,,,,
LDN 1509,83.55,37.28306,19.7,[DB2002b] G171.66+2.41,,,,,,
MLB 15,66.68333,26.26333,12,[DB2002b] G171.67-15.62,,,,,,
LDN 1510,79.07917,34.80444,30,[DB2002b] G171.68-1.97,,,,,,
MBM 16,50.10417,10.67972,180,[DB2002b] G171.68-37.71,IREC 252,,,,,
BDN 171.74-15.62,66.7375,26.21139,25,[DB2002b] G171.74-15.62,,,,,,
LDN 1511,65.00417,24.78583,33,[DB2002b] G171.75-17.74,,,,,,
LDN 1513,73.04583,30.83278,15,[DB2002b] G171.79-8.41,,,,,,
MLB 16,66.95417,26.30167,4,[DB2002b] G171.8-15.42,[LM99] 21,LDN 1521D,Barnard 217-1,,,
[LM99] 22,67.0375,26.34806,3.5,[DB2002b] G171.82-15.33,Barnard 217-2,,,,,
MBM 23,113.9875,46.68889,23,[DB2002b] G171.83+26.72,,,,,,
LDN 1514,70.65833,29.09389,14,[DB2002b] G171.83-11.11,,,,,,
LDN 1512,76.01667,32.74,8,[DB2002b] G171.84-5.24,[CB88] 27,MLB33,P 125,[LM99] 63,SCHO93,
Barnard 218,67.06667,26.32667,25,[DB2002b] G171.85-15.38,BDN 171.85-15.38,,,,,
LDN 1515,73.29583,30.915,23,[DB2002b] G171.87-8.19,,,,,,
Taurus DN Complex,67.75,26.83333,850,[DB2002b] G171.88-14.53,Taurus CO Complex,,,,,
Barnard 217,66.90833,26.11667,55,[DB2002b] G171.92-15.57,,,,,,
DIR 172-42 Envelope,47.69583,7.79083,300,[DB2002b] G171.96-41.45,,,,,,
DIR 172-42,47.67917,7.73333,180,[DB2002b] G172-41.5,,,,,,
CODIR 172.0-32.5,53.97083,14.28639,170,[DB2002b] G172-32.5,,,,,,
Barnard 215,65.88333,25.09028,20,[DB2002b] G172.07-16.94,[LM99] 15,LDN 1506A,,,,
MLB 17,67.31667,26.23889,3,[DB2002b] G172.08-15.22,[LM99] 27,LDN 1521E,,,,
[CB88] 19,66.6875,25.63972,8,[DB2002b] G172.15-16.04,,,,,,
IREC 254,94.7,41.55278,193,[DB2002b] G172.16+12,,,,,,
MBM 24,114.45833,46.35333,30,[DB2002b] G172.27+26.97,,,,,,
[LM99] 58,73.78333,30.71389,3,[DB2002b] G172.28-7.99,,,,,,
LDN 1516,80.82917,35.04611,142,[DB2002b] G172.31-0.65,,,,,,
Barnard 26,73.69167,30.595,5,[DB2002b] G172.33-8.12,MLB 29,[LM99] 57,LDN 1517C,,,
BDN 172.37-8.04,73.79583,30.61278,30,[DB2002b] G172.37-8.04,,,,,,
MLB 31,73.825,30.62889,4.5,[DB2002b] G172.37-8.01,[LM99] 60,LDN 1517B,,,,
LDN 1517,73.8125,30.59611,14,[DB2002b] G172.39-8.04,P 126,,,,,
Barnard 27,73.775,30.56111,5,[DB2002b] G172.4-8.09,MLB 30,[LM99] 59,LDN 1517A,,,
LDN 1518,84.84583,37.02694,130,[DB2002b] G172.43+3.15,,,,,,
Barnard 28,73.95,30.64611,4.5,[DB2002b] G172.43-7.92,MLB 32,[LM99] 61,,,,
LDN 1519,73.92083,30.57889,15,[DB2002b] G172.47-7.98,,,,,,
LDN 1520,71.02917,28.42556,38,[DB2002b] G172.57-11.29,,,,,,
Barnard 19,68.2625,26.10472,100,[DB2002b] G172.76-14.66,LDN 1521,,,,,
Barnard 222,76.80833,32.06528,9,[DB2002b] G172.79-5.11,LDN 1522,,,,,
Barnard 29,76.55833,31.70556,9,[DB2002b] G172.95-5.5,LDN 1523,MLB35,P 127,[LM99] 66,,
IREC 257,179.67083,35.47333,180,[DB2002b] G173.11+76,,,,,,
LDN 1524,67.00417,24.61028,34,[DB2002b] G173.16-16.5,,,,,,
LDN 1525,85.49167,36.32389,5,[DB2002b] G173.3+3.22,,,,,,
[LM99] 28,67.33333,24.63278,6.5,[DB2002b] G173.34-16.26,LDN 1524-1,,,,,
LDN 1526,82.15417,34.52306,4,[DB2002b] G173.35-0.05,,,,,,
[LM99] 26,67.32917,24.52611,6.5,[DB2002b] G173.42-16.34,LDN 1524-2,,,,,
[LM99] 48,69.74583,26.35861,4,[DB2002b] G173.45-13.49,LDN 1527A-2,,,,,
LDN 1527,69.6,26.23778,10,[DB2002b] G173.46-13.66,MLB 25,P 128,[LM99] 47,TMC-1B,LDN 1527A-1,
[LM99] 31,67.475,24.50389,11,[DB2002b] G173.53-16.25,LDN 1524-3,,,,,
ir1,48.4625,6.8475,130,[DB2002b] G173.57-41.61,IREC 259,,,,,
[LM99] 32,67.525,24.42111,11,[DB2002b] G173.63-16.27,LDN 1524-4,,,,,
Barnard 22,69.2625,25.76694,100,[DB2002b] G173.63-14.2,LDN 1528,,,,,
[LM99] 38,68.15,24.86806,3.8,[DB2002b] G173.66-15.55,Barnard 18-2,,,,,
MBM 25,121.1875,45.85778,80,[DB2002b] G173.75+31.48,IREC 258,,,,,
MLB 22,68.00417,24.53444,9,[DB2002b] G173.83-15.87,[LM99] 37,TMC2-A,,,,
[LM99] 35,67.90833,24.39778,4.6,[DB2002b] G173.88-16.02,TMC2-2,,,,,
Barnard 18,68.00417,24.43917,45,[DB2002b] G173.91-15.92,LDN 1529,BDN174.05-15.89,,,,
LDN 1530,80.81667,33.04611,13,[DB2002b] G173.95-1.79,,,,,,
CODIR 174-34,54.11667,12.04417,120,[DB2002b] G174-34,,,,,,
LDN 1531,68.00417,24.3225,8,[DB2002b] G174-16,,,,,,
TMC-2,68.16667,24.40917,12,[DB2002b] G174.03-15.83,MLB 23,[LM99] 39,,,,
Barnard 220,70.38333,26.02472,12,[DB2002b] G174.09-13.26,MLB 27,[LM99] 52,TMC1-C,,,
LDN 1532,69.99583,25.71222,20,[DB2002b] G174.1-13.73,MLB 26,TMC1-A,,,,
Barnard 14,69.91667,25.68472,7,[DB2002b] G174.08-13.8,[LM99] 49,,,,,
Hcl 2,70.03333,25.72167,110,[DB2002b] G174.13-13.7,BDN 174.21-13.79,,,,,
Taurus DN Complex Nucleus,70.0875,25.70028,300,[DB2002b] G174.17-13.67,IREC 260,,,,,
[LM99] 41,68.25,24.29556,4.5,[DB2002b] G174.17-15.85,TMC2-3,,,,,
LDN 1534,70.0125,25.59667,56,[DB2002b] G174.21-13.79,,,,,,
LDN 1533,69.04583,24.72139,4.5,[DB2002b] G174.32-15.02,[CB88] 20,,,,,
TMC-1,70.44167,25.69083,20,[DB2002b] G174.39-13.43,MLB 28,[LM99] 51,TMC1-1,,,
[LM99] 44,68.525,24.1625,8,[DB2002b] G174.45-15.74,Barnard 18-3,,,,,
[LM99] 45,68.9,24.14861,4,[DB2002b] G174.69-15.49,Barnard 18-4,,,,,
LDN 1535,68.87917,24.10194,25,[DB2002b] G174.71-15.53,BDN 174.71-15.53,P 129,,,,
[LM99] 46,68.96667,24.15583,3,[DB2002b] G174.72-15.44,Barnard 18-5,,,,,
IREC 262,95.0625,38.69194,35,[DB2002b] G174.91+11,,,,,,
Barnard 226,84.14167,33.7,20,[DB2002b] G174.94+0.88,,,,,,
LDN 1537,72.77083,26.4175,38,[DB2002b] G175.15-11.34,,,,,,
[LM99] 40,68.2125,22.99639,3,[DB2002b] G175.18-16.72,,,,,,
[LM99] 42,68.25833,22.89944,2.5,[DB2002b] G175.29-16.75,,,,,,
IREC 263,48.23333,4.66417,80,[DB2002b] G175.42-43.33,,,,,,
LDN 1536,68.49583,22.85361,80,[DB2002b] G175.47-16.61,BDN 175.47-16.61,,,,,
MLB 24,68.33333,22.71861,12,[DB2002b] G175.48-16.81,[LM99] 43,,,,,
LDN 1538,71.5125,25.09,104,[DB2002b] G175.49-13.06,,,,,,
LDN 1539,74.02083,26.57833,90,[DB2002b] G175.72-10.36,,,,,,
IREC 264,154.15417,42.90222,136,[DB2002b] G175.93+55,,,,,,
CODIR 176-32,56.77917,12.23194,420,[DB2002b] G176-32,,,,,,
BDN 176.28-20.89,65.52917,19.5,20,[DB2002b] G176.28-20.89,,,,,,
CODIR 176-36,54.05417,9.24083,420,[DB2002b] G176.4-36,,,,,,
Barnard 34,85.875,32.65,20,[DB2002b] G176.6+1.39,,,,,,
LDN 1540,75.27083,26.15583,32,[DB2002b] G176.75-9.73,,,,,,
IREC 265,95.05,36.45083,40,[DB2002b] G176.95+10,,,,,,
LDN 1541,71,22.75889,36,[DB2002b] G177.07-14.88,,,,,,
MBM 10,43.0875,-2.04694,80,[DB2002b] G177.2-51.7,,,,,,
DIR 177+33,123.8625,43.17611,90,[DB2002b] G177.2+33,,,,,,
LDN 1542,75.26667,25.5725,48,[DB2002b] G177.22-10.08,,,,,,
IREC 267,52.25417,6.46667,140,[DB2002b] G177.4-39.2,CODIR 177-39,,,,,
IREC 266,31.88333,-12.58222,120,[DB2002b] G177.44-67,,,,,,
LDN 1543,66.85,18.86083,18,[DB2002b] G177.66-20.35,,,,,,
[LM99] 62,75.92917,25.30778,5,[DB2002b] G177.8-9.76,LDN 1544-3,,,,,
LDN 1544,76.01667,25.23556,20,[DB2002b] G177.91-9.74,,,,,,
P 130,76.09167,25.19333,8,[DB2002b] G177.98-9.71,MLB 34,[LM99] 64,LDN 1544-1,,,
[LM99] 65,76.17917,25.19333,2.5,[DB2002b] G178.03-9.64,LDN 1544-2,,,,,
LDN 1545,78.825,26.72222,14,[DB2002b] G178.18-6.82,,,,,,
LDN 1546,67.225,18.4425,37,[DB2002b] G178.25-20.34,,,,,,
LDN 1547,79.025,26.38806,14,[DB2002b] G178.55-6.86,,,,,,
LDN 1548,79.02083,26.22139,15,[DB2002b] G178.69-6.96,,,,,,
MLB 18,67.74167,18.25972,6,[DB2002b] G178.73-20.08,[LM99] 33,LDN 1551S-2,LDN 1551A,,,
LDN 1550,90.0625,32.16806,12,[DB2002b] G178.81+4.36,,,,,,
LDN 1549,79.27083,26.22028,17,[DB2002b] G178.82-6.78,,,,,,
MLB 20,67.875,18.20833,3,[DB2002b] G178.86-20.01,,,,,,
BDN 178.88-20.09,67.82083,18.14,35,[DB2002b] G178.88-20.09,,,,,,
MLB 19,67.85833,18.15306,4,[DB2002b] G178.89-20.06,LDN 1551C,,,,,
LDN 1551,67.87083,18.13556,11,[DB2002b] G178.91-20.06,P 131,,,,,
MLB 21,67.95,18.12667,3,[DB2002b] G178.97-20.01,[LM99] 36,LDN 1551B,LDN 1551S-1,,,
IREC 268,79.79167,26.33528,78,[DB2002b] G178.99-6.33,,,,,,
DIR 179-49,45.84583,-1.04333,210,[DB2002b] G179-49,,,,,,
LDN 1552,79.42083,26.07444,6,[DB2002b] G179.02-6.75,P 132,[LM99] 68,,,,
LDN 1553,79.775,26.21778,18,[DB2002b] G179.08-6.41,,,,,,
LDN 1555,90.21667,31.83361,18,[DB2002b] G179.17+4.3,,,,,,
LDN 1554,80,26.21667,5,[DB2002b] G179.2-6.24,,,,,,
IREC 269,105.37917,37.56833,106,[DB2002b] G179.3+18,,,,,,
[CB88] 37,90.1875,31.65806,6,[DB2002b] G179.31+4.19,[LM99] 75,,,,,
IREC 270,95.06667,33.46417,57,[DB2002b] G179.66+8.67,,,,,,
LDN 1556,69.34167,16.93306,14,[DB2002b] G180.85-19.71,,,,,,
LDN 1557,91.55,29.99417,61,[DB2002b] G181.34+4.41,,,,,,
IREC 271,82.4625,25.13278,143,[DB2002b] G181.34-5,,,,,,
LDN 1558,71.47083,17.09,51,[DB2002b] G182.02-18,,,,,,
CODIR 183-31,61.30833,8.65056,300,[DB2002b] G182.6-31,,,,,,
LDN 1559,81.50417,23.04278,70,[DB2002b] G182.62-6.88,,,,,,
DIR 184+26,116.41667,36.3675,110,[DB2002b] G183.5+26,,,,,,
LDN 1560,93.2875,27.98583,91,[DB2002b] G183.84+4.78,,,,,,
CODIR 184-35,59.36667,4.65056,300,[DB2002b] G184.9-35,,,,,,
MBM 19,63.99583,6.97361,20,[DB2002b] G186.03-29.93,,,,,,
CODIR 186-32,62.41667,5.61639,200,[DB2002b] G186.2-32,,,,,,
IREC 272,75.61667,14.98722,244,[DB2002b] G186.24-16,,,,,,
IREC 273,141.61667,36.94722,110,[DB2002b] G186.72+46,,,,,,
LDN 1561,72.69583,12.28417,31,[DB2002b] G186.87-19.87,,,,,,
LDN 1562,75.45417,14.07139,23,[DB2002b] G186.94-16.64,,,,,,
[CB88] 34,86.75417,21.01944,4.5,[DB2002b] G186.94-3.83,,,,,,
DIR 187-43,54.40417,-1.21,105,[DB2002b] G187-42.5,,,,,,
G187.1-52.3,46.5375,-7.08917,20,[DB2002b] G187.07-52.3,,,,,,
[CB88] 33,86.65417,20.75861,6,[DB2002b] G187.11-4.05,,,,,,
LDN 1563,75.45417,13.82139,14,[DB2002b] G187.15-16.79,,,,,,
3C105.0 Direction Cloud,61.88333,3.65,210,[DB2002b] G187.7-33.6,,,,,,
IREC 274,133.9375,35.26556,83,[DB2002b] G188.23+39.67,,,,,,
LDN 1564,94.50833,23.22972,11,[DB2002b] G188.56+3.5,,,,,,
LDN 1565,95.25833,23.30944,30,[DB2002b] G188.81+4.15,,,,,,
LDN 1567,95.63333,23.30778,20,[DB2002b] G188.98+4.45,,,,,,
LDN 1566,95.25833,23.06667,14,[DB2002b] G189.03+4.03,,,,,,
MBM 18,60.59583,1.30472,130,[DB2002b] G189.1-36.02,,,,,,
LDN 1568,95.75417,22.97389,22,[DB2002b] G189.33+4.4,,,,,,
G189.3-53.3,46.4875,-8.79306,20,[DB2002b] G189.33-53.33,,,,,,
LDN 1569,60.26667,0.63917,48,[DB2002b] G189.54-36.67,,,,,,
IREC 275,40.075,-13.18722,96,[DB2002b] G189.63-61,,,,,,
IREC 276,60.72917,0.57472,697,[DB2002b] G189.93-36.33,,,,,,
Barnard 227,91.84583,19.65,20,[DB2002b] G190.52-0.39,,,,,,
LDN 1570,91.87917,19.46472,9,[DB2002b] G190.69-0.45,[CB88] 44,,,,,
[CB88] 36,88.25,17.11222,3.5,[DB2002b] G191.03-4.61,,,,,,
DBDN 191.2-38.4,59.59583,-1.43139,210,[DB2002b] G191.2-38.4,,,,,,
LDN 1571,77.6875,10.56083,40,[DB2002b] G191.25-16.77,LDN 1572,IREC 277,,,,
LDN 1573,82.70417,13.53694,61,[DB2002b] G191.35-11.03,,,,,,
IREC 278,117.76667,29.25833,208,[DB2002b] G191.4+25,,,,,,
BDN 191.53-0.78,92.00833,18.57528,28,[DB2002b] G191.53-0.78,,,,,,
LDN 1574,92.02083,18.47,8,[DB2002b] G191.63-0.82,LDN 1575,[LM99] 76,,,,
MBM 15,48.15417,-9.39639,35,[DB2002b] G191.66-52.29,IREC 279,,,,,
LDN 1576,92.15,18.19139,13,[DB2002b] G191.93-0.85,[LM99] 78,LDN 1578-2,,,,
IREC 280,68.6,3.8225,280,[DB2002b] G192-28,DIR 192-18,,,,,
MLB 79,92.15833,18.10639,11,[DB2002b] G192.01-0.88,[LM99] 79,LDN 1578H,LDN 1578-1,,,
LDN 1577,82.45,12.53806,39,[DB2002b] G192.08-11.77,,,,,,
LDN 1578,92.10417,17.99139,14,[DB2002b] G192.09-0.98,,,,,,
[CB88] 38,90.23333,16.94722,2.5,[DB2002b] G192.12-3.05,,,,,,
Barnard 30,82.7,12.62028,70,[DB2002b] G192.14-11.52,BDN 192.14-11.52,,,,,
MLB 37,83.07083,12.82222,5,[DB2002b] G192.16-11.11,,,,,,
Barnard 31,83.00417,12.75,30,[DB2002b] G192.19-11.2,,,,,,
[LM99] 80,92.2375,17.8375,2.5,[DB2002b] G192.28-0.94,,,,,,
[CB88] 45,92.22917,17.83861,10,[DB2002b] G192.28-0.95,,,,,,
LDN 1579,84.95833,13.77611,34,[DB2002b] G192.3-9.04,,,,,,
LDN 1581,82.35,12.20528,2,[DB2002b] G192.32-12.03,,,,,,
G192.3-67.9,34.49583,-17.76694,85,[DB2002b] G192.32-67.97,HRK192-67,,,,,
LDN 1580,83.45,12.86667,28,[DB2002b] G192.32-10.76,,,,,,
LDN 1583,82.19583,12.03944,14,[DB2002b] G192.39-12.24,,,,,,
Barnard 32,83.0125,12.51806,6,[DB2002b] G192.39-11.31,LDN 1582,MLB36,[LM99] 69,,,
[CB88] 40,90.525,16.68417,6,[DB2002b] G192.49-2.94,,,,,,
LDN 1584,82.9,12.28583,10,[DB2002b] G192.54-11.53,,,,,,
[CB88] 42,90.675,16.66528,7,[DB2002b] G192.58-2.82,,,,,,
[CB88] 39,90.49583,16.50722,4.5,[DB2002b] G192.63-3.05,,,,,,
Barnard 225,82,11.6,15,[DB2002b] G192.66-12.64,,,,,,
[CB88] 43,90.8,16.61833,4.5,[DB2002b] G192.68-2.74,,,,,,
[CB88] 41,90.63333,16.49722,6,[DB2002b] G192.7-2.94,,,,,,
LDN 1585,85.20417,13.35806,15,[DB2002b] G192.78-9.05,,,,,,
IREC 281,122.24167,29.0775,94,[DB2002b] G192.92+28.67,,,,,,
Barnard 224,80.975,10.61667,25,[DB2002b] G192.98-14.01,,,,,,
IREC 282,127.09167,30.08806,72,[DB2002b] G193.12+33,,,,,,
LDN 1586,91.46667,15.99444,162,[DB2002b] G193.54-2.48,LDN 1587,,,,,
LDN 1588,80.17917,8.38222,24,[DB2002b] G194.53-15.84,,,,,,
Barnard 223,80.36667,8.33333,8,[DB2002b] G194.68-15.72,,,,,,
IREC 283,79.96667,7.79361,457,[DB2002b] G194.94-16.33,,,,,,
LDN 1589,79.575,7.38528,10,[DB2002b] G195.09-16.87,,,,,,
LDN 1590,80.175,7.38222,55,[DB2002b] G195.42-16.37,,,,,,
DIR 196+24,118.4625,25.04556,60,[DB2002b] G196+24.2,,,,,,
LDN 1591,92.45417,13.65639,20,[DB2002b] G196.05-2.78,LDN 1592,LDN 1593,,,,
[CB88] 35,86.80417,10.44306,4.5,[DB2002b] G196.13-9.17,,,,,,
IREC 284,127.99167,27.20111,75,[DB2002b] G196.69+33,,,,,,
IREC 285,52.70833,-10.46361,122,[DB2002b] G196.77-49,,,,,,
[LM99] 70,86.14583,9.175,3,[DB2002b] G196.92-10.37,Barnard 35A,,,,,
LDN 1594,86.18333,9.11667,14,[DB2002b] G196.99-10.36,,,,,,
BDN 197.01-10.32,86.23333,9.11972,22,[DB2002b] G197.01-10.32,,,,,,
Barnard 35,86.43333,9.01889,12,[DB2002b] G197.2-10.2,LDN 1596,,,,,
DIR 198+32,127.275,25.85611,90,[DB2002b] G198+32,,,,,,
LDN 1597,87.55417,8.68,11,[DB2002b] G198.06-9.4,,,,,,
[CB88] 30,82.43333,5.75083,8,[DB2002b] G198.07-15.27,,,,,,
LDN 1598,88.10417,8.34417,16,[DB2002b] G198.62-9.09,,,,,,
LDN 1599,87.425,7.51389,25,[DB2002b] G199.02-10.09,,,,,,
LDN 1600,97.70417,12.96417,38,[DB2002b] G199.07+1.4,,,,,,
Barnard 36,87.44167,7.41667,120,[DB2002b] G199.11-10.12,,,,,,
LDN 1601,97.45,12.38222,15,[DB2002b] G199.47+0.91,,,,,,
LDN 1602,86.16667,6.02,37,[DB2002b] G199.72-11.91,LDN 1603,,,,,
IREC 286,46.94583,-15.52889,122,[DB2002b] G199.84-56.33,,,,,,
LDN 1604,97.19583,11.63333,6,[DB2002b] G200.02+0.34,,,,,,
DIR 201+24,119.43333,20.985,80,[DB2002b] G200.5+23.6,,,,,,
IREC 287,129.075,24.00833,92,[DB2002b] G200.67+33,,,,,,
IREC 288,72.64167,-2.77333,85,[DB2002b] G200.76-28,,,,,,
Barnard 38,98.3125,10.86667,65,[DB2002b] G201.2+0.96,LDN 1605,,,,,
Barnard 37,98.14167,10.74444,150,[DB2002b] G201.23+0.75,BDN 201.40+1.00,,,,,
LDN 1606,97.4375,10.21556,12,[DB2002b] G201.38-0.11,,,,,,
LDN 1607,97.6875,10.2975,7,[DB2002b] G201.42+0.15,,,,,,
IREC 289,108.60417,15.53306,108,[DB2002b] G201.47+12,,,,,,
BDN 201.64+0.03,97.6875,10.0475,30,[DB2002b] G201.64+0.03,,,,,,
LDN 1608,99.19167,10.79028,23,[DB2002b] G201.67+1.69,,,,,,
Monoceros R1 DN Complex,99,10.43333,350,[DB2002b] G201.9+1.36,Monoceros OB1 CO Complex,,,,,
LDN 1609,99.0625,10.45778,8,[DB2002b] G201.91+1.43,,,,,,
LDN 1610,99.4875,10.45556,9,[DB2002b] G202.1+1.8,,,,,,
Barnard 39,99.53333,10.4,2,[DB2002b] G202.17+1.81,,,,,,
DIR 203-32,70.3,-5.78806,120,[DB2002b] G202.5-31.5,,,,,,
LDN 1611,90.1625,5.00056,29,[DB2002b] G202.59-8.92,,,,,,
IREC 290,106.30833,13.22861,110,[DB2002b] G202.61+9,,,,,,
BDN 202.92+2.28,100.3125,9.95167,130,[DB2002b] G202.92+2.28,,,,,,
[CB88] 47,94.9875,7.13667,2.5,[DB2002b] G202.98-3.69,,,,,,
[CB88] 48,95.075,7.17194,3.5,[DB2002b] G202.99-3.59,,,,,,
[CB88] 46,94.9625,7.07944,4.5,[DB2002b] G203.01-3.74,,,,,,
IREC 291,55.28333,-13.84361,165,[DB2002b] G203.07-48.33,,,,,,
LDN 1612,90.6625,4.665,17,[DB2002b] G203.12-8.64,,,,,,
Orion Barnard DN Complex,87.25,2.76667,720,[DB2002b] G203.17-12.54,Orion Barnard CO Complex,,,,,
Cone Dark Nebula,100.3125,9.38889,9,[DB2002b] G203.42+2.02,LDN 1613,,,,,
LDN 1615,76.37083,-3.43278,17,[DB2002b] G203.42-25.06,IREC 292w,,,,,
LDN 1616,76.62083,-3.36722,10,[DB2002b] G203.49-24.8,BDN 203.49-24.80,IREC 292e,,,,
DIR 204-37,66.23333,-8.85806,110,[DB2002b] G203.5-36.5,,,,,,
LDN 1617,88.65417,3.00806,167,[DB2002b] G203.64-11.2,,,,,,
LDN 1618,91.40833,4.32806,25,[DB2002b] G203.78-8.15,,,,,,
LDN 1619,91.15833,4.1625,12,[DB2002b] G203.81-8.45,,,,,,
[CB88] 28-Envelope,76.49583,-3.96333,90,[DB2002b] G204-25.2,,,,,,
[CB88] 28,76.58333,-3.93944,4,[DB2002b] G204.02-25.11,[LM99] 67,,,,,
[CB88] 50,98.59167,7.79333,3.5,[DB2002b] G204.06-0.22,,,,,,
LDN 1620,84.1375,-0.13667,6.5,[DB2002b] G204.27-16.66,,,,,,
IREC 293,110.74583,13.46639,187,[DB2002b] G204.29+13,,,,,,
[CB88] 31,83.3375,-0.63278,6,[DB2002b] G204.33-17.6,,,,,,
[CB88] 32,84.11667,-0.27694,6,[DB2002b] G204.39-16.75,,,,,,
LDN 1621,88.99583,2.30056,8,[DB2002b] G204.44-11.23,[LM99] 74,LDN 1621-1,,,,
[LM99] 73,88.85833,2.1425,1,[DB2002b] G204.51-11.43,LDN 1621-2,,,,,
LDN 1614,83.8875,-0.63556,4,[DB2002b] G204.61-17.12,,,,,,
[LM99] 71,88.72083,1.95639,5,[DB2002b] G204.61-11.64,LDN 1622A,,,,,
LDN 1622,88.59583,1.79167,25,[DB2002b] G204.7-11.82,BDN 204.70-11.82,,,,,
P 133,88.62083,1.79583,7,[DB2002b] G204.71-11.8,,,,,,
LDN 1623,91.90417,3.49222,22,[DB2002b] G204.76-8.11,,,,,,
[LM99] 72,88.725,1.76083,2,[DB2002b] G204.79-11.73,LDN 1622B,,,,,
LDN 1624,89.4,2.00444,30,[DB2002b] G204.9-11.02,,,,,,
LDN 1625,96.91667,5.96806,264,[DB2002b] G204.91-2.53,,,,,,
LDN 1626,101.175,7.9475,65,[DB2002b] G205.09+2.13,,,,,,
P 134,86.6125,0.04722,6,[DB2002b] G205.32-14.4,,,,,,
LDN 1627,86.6375,0.01778,15,[DB2002b] G205.36-14.39,,,,,,
LDN 1628,93.15417,2.98611,110,[DB2002b] G205.8-7.24,IREC 294,,,,,
[CB88] 29,80.54583,-3.69278,7,[DB2002b] G205.81-21.5,,,,,,
LDN 1629,92.4,2.48972,65,[DB2002b] G205.89-8.14,,,,,,
LDN 1630,86.38333,-0.98083,240,[DB2002b] G206.15-15.08,BDN 206.15-15.08,,,,,
IREC 295,76.50417,-6.41028,118,[DB2002b] G206.41-26.33,,,,,,
LDN 1631,101.04583,6.36472,9,[DB2002b] G206.44+1.29,,,,,,
LDN 1632,89.89167,0.50194,92,[DB2002b] G206.49-11.29,,,,,,
LDN 1633,96.15417,3.47167,20,[DB2002b] G206.77-4.36,,,,,,
Rosette DN Complex,98.25,4.48333,300,[DB2002b] G206.84-2.04,,,,,,
[CB88] 49,96.17917,3.36944,4,[DB2002b] G206.87-4.39,[LM99] 81,,,,,
IREC 296,127.975,17.96583,83,[DB2002b] G206.94+30,,,,,,
Horsehead Nebula,85.225,-2.46667,6,[DB2002b] G206.95-16.8,Barnard 33,,,,,
IREC 297,55.4125,-16.79417,170,[DB2002b] G207.25-49.41,,,,,,
LDN 1634,79.6125,-5.78167,42,[DB2002b] G207.35-23.29,,,,,,
LDN 1635,85.275,-3.14222,6,[DB2002b] G207.6-17.07,,,,,,
LDN 1636,85.35,-3.15917,4,[DB2002b] G207.66-17.01,,,,,,
MBM 22,76.125,-8.26528,20,[DB2002b] G208.08-27.5,,,,,,
IREC 298,148.95833,23.44417,111,[DB2002b] G208.2+50.33,,,,,,
[CB88] 53,102.90833,5.21722,2.5,[DB2002b] G208.31+2.42,,,,,,
MBM 21,75.45,-8.92861,20,[DB2002b] G208.42-28.39,,,,,,
LDN 1637,100.90833,3.94861,59,[DB2002b] G208.53+0.07,,,,,,
OMC-3,83.85833,-5.03806,9,[DB2002b] G208.7-19.19,,,,,,
IREC 299,64.82083,-14.06528,92,[DB2002b] G208.72-40,,,,,,
OMC-2,83.8625,-5.16667,8,[DB2002b] G208.82-19.25,,,,,,
LDN 1638,89.375,-2.49528,93,[DB2002b] G208.96-13.13,,,,,,
OMC-1,83.80833,-5.36861,7,[DB2002b] G208.99-19.38,,,,,,
LDN 1639,102.90833,4.43917,59,[DB2002b] G209+2.07,,,,,,
LDN 1640,83.35833,-5.79944,8,[DB2002b] G209.18-19.97,,,,,,
IREC 301,118.00833,10.88417,120,[DB2002b] G209.85+18.33,,,,,,
IREC 302,61.69167,-16.34194,87,[DB2002b] G209.95-43.67,,,,,,
[CB88] 51,99.4625,1.52972,3.5,[DB2002b] G210.02-2.33,,,,,,
IREC 303,109.59583,6.64306,80,[DB2002b] G210.04+9,,,,,,
IREC 304,158.10833,24.33806,110,[DB2002b] G210.13+58.67,,,,,,
Orion A DN Complex,84.25,-6.98333,600,[DB2002b] G210.73-19.71,IREC 300,,,,,
G211+63,162.92917,24.95306,90,[DB2002b] G210.76+63.08,IREC 306,,,,,
LDN 1641,84.35417,-6.97111,300,[DB2002b] G210.76-19.61,BDN 210.76-19.61,,,,,
MBM 20,68.825,-14.23139,120,[DB2002b] G210.89-36.51,IREC 305,,,,,
LDN 1642,68.82083,-14.23139,37,[DB2002b] G210.89-36.51,,,,,,
IREC 307,168.70417,25.55639,85,[DB2002b] G211.6+68.33,,,,,,
IREC 308,142.91667,19.12167,57,[DB2002b] G211.8+43.67,,,,,,
LDN 1643,91.61667,-4.67278,55,[DB2002b] G211.99-12.13,,,,,,
[CB88] 59,109.87917,3.9475,6,[DB2002b] G212.6+8.04,,,,,,
LDN 1644,91.92917,-5.54556,5,[DB2002b] G212.93-12.24,[LM99] 77,,,,,
LDN 1645,91.7375,-5.67361,14,[DB2002b] G212.96-12.47,,,,,,
IREC 309,132.90417,14.335,66,[DB2002b] G212.99+33,,,,,,
LDN 1646,91.85833,-6.0075,106,[DB2002b] G213.32-12.51,,,,,,
MonR2 DN Complex,91.75,-6.43333,350,[DB2002b] G213.66-12.8,MonR2 CO Complex,,,,,
LDN 1647,85.59167,-9.97694,123,[DB2002b] G214.2-19.83,,,,,,
IREC 310,66.525,-18.07917,94,[DB2002b] G214.38-40,,,,,,
IREC 311,94.92917,-5.765,128,[DB2002b] G214.49-9.67,,,,,,
LDN 1648,88.09167,-9.15583,82,[DB2002b] G214.55-17.25,,,,,,
MT1,102.02917,-3.86917,180,[DB2002b] G216-2.5,,,,,,
IREC 312,135.5375,12.66889,152,[DB2002b] G216.07+34.67,,,,,,
IREC 315,128.09583,9.01361,135,[DB2002b] G216.3+26.5,DIR 216+27,,,,,
IREC 313,99.425,-5.75778,187,[DB2002b] G216.51-5.67,,,,,,
IREC 314,56.25,-23.00778,80,[DB2002b] G216.81-50.67,,,,,,
LDN 1649,104.52083,-3.95167,4.5,[DB2002b] G217.21-0.32,,,,,,
IREC 316,109.38333,-1.75139,131,[DB2002b] G217.48+5,,,,,,
LDN 1650,104.86667,-4.90306,8,[DB2002b] G218.21-0.45,,,,,,
LDN 1651,95.59167,-9.85889,30,[DB2002b] G218.52-10.89,,,,,,
LDN 1652,96.59167,-10.03028,65,[DB2002b] G219.11-10.08,,,,,,
IREC 317,97.59583,-9.58694,83,[DB2002b] G219.15-9,,,,,,
Crossbones DN Complex,97,-9.88333,300,[DB2002b] G219.16-9.66,,,,,,
IREC 318,112.3125,-3.735,110,[DB2002b] G220.61+6.67,,,,,,
LDN 1653,104.45,-7.93472,7,[DB2002b] G220.72-2.2,,,,,,
LDN 1654,104.85,-7.73639,13,[DB2002b] G220.73-1.76,,,,,,
LDN 1655,104.15,-8.23306,7,[DB2002b] G220.85-2.6,,,,,,
LDN 1656,104.125,-8.39972,17,[DB2002b] G220.99-2.7,,,,,,
IREC 319,129.29167,4.83306,128,[DB2002b] G221.05+25.67,,,,,,
IRC+10216,147,13.27667,180,[DB2002b] G221.46+45.07,IREC 320,,,,,
IREC 321,133.35833,6.44389,108,[DB2002b] G221.57+30,,,,,,
IREC 322,119.05833,-2.89556,154,[DB2002b] G223.1+13,,,,,,
LDN 1657,106.0875,-10.40889,62,[DB2002b] G223.66-1.89,,,,,,
IREC 326,72.09583,-24.13,140,[DB2002b] G223.83-37,DIR 223-37,,,,,
IREC 323,144.40417,9.98583,83,[DB2002b] G223.95+41.33,,,,,,
IREC 324,38.51667,-29.16028,75,[DB2002b] G224.11-67.33,,,,,,
IREC 325,61.08333,-26.985,63,[DB2002b] G224.26-47.33,,,,,,
BDN 224.46-2.45,106,-11.37167,7,[DB2002b] G224.48-2.41,MLB 80,LDN 1657B,,,,
HRK225-66,39.70417,-29.61361,35,[DB2002b] G225.3-66.3,[KM86] 225.3-66.3,,,,,
LDN 1658,108.5875,-11.08722,30,[DB2002b] G225.4-0.03,,,,,,
BDN 225.43-2.65,106.275,-12.30806,7,[DB2002b] G225.43-2.6,MLB 81,LDN 1657A,,,,
IREC 327,48.47083,-29.35833,49,[DB2002b] G225.51-58.67,,,,,,
[CB88] 52,102.17917,-16.89083,8,[DB2002b] G227.77-8.2,,,,,,
G228-28.6,82.05833,-24.86028,125,[DB2002b] G227.93-28.59,HRK228-29,,,,,
IREC 328,26.20833,-29.6325,108,[DB2002b] G228.1-78,,,,,,
IREC 329,63.17083,-29.57194,83,[DB2002b] G228.46-46,,,,,,
IREC 330,59.7875,-30.2375,89,[DB2002b] G228.78-49,,,,,,
[CB88] 54,106.07083,-16.40917,6,[DB2002b] G229-4.65,,,,,,
IREC 331,133.9625,0.72194,85,[DB2002b] G229.01+27,,,,,,
[CB88] 55,106.1875,-16.595,8,[DB2002b] G229.22-4.63,,,,,,
IREC 332,147.75833,6.80028,100,[DB2002b] G229.87+42.67,,,,,,
G230.1-28.4,82.92917,-26.495,120,[DB2002b] G229.98-28.36,,,,,,
IREC 333,34.15833,-31.13167,53,[DB2002b] G230.17-71,,,,,,
IREC 334,101.23333,-21.52667,80,[DB2002b] G231.62-11,,,,,,
IREC 335,42.29167,-32.37278,63,[DB2002b] G231.71-64,,,,,,
IREC 336,142.88333,0.75139,118,[DB2002b] G233.12+35.33,,,,,,
IREC 337,84.40417,-29.44278,96,[DB2002b] G233.61-28,,,,,,
DIR 234-37,74.35417,-32.00056,70,[DB2002b] G234-37,,,,,,
IREC 338,70.92917,-32.85444,110,[DB2002b] G234.39-40,,,,,,
ir2,145.11667,0.4225,40,[DB2002b] G235+37,,,,,,
IREC 340,138.27917,-4.34444,98,[DB2002b] G235.09+28.67,,,,,,
IREC 341,121.20417,-15.85306,96,[DB2002b] G235.59+8.33,,,,,,
HRK236+39,146.45833,0.71889,55,[DB2002b] G235.66+38.27,IREC 339,,,,,
HRK236+39 Envelope,146.45833,0.71889,300,[DB2002b] G235.66+38.27,,,,,,
IREC 342,108.12917,-23.20639,131,[DB2002b] G235.97-6,,,,,,
IREC 343,56.225,-35.14833,110,[DB2002b] G236.19-52.33,,,,,,
[CB88] 57,109.39167,-23.02639,6,[DB2002b] G236.34-4.89,,,,,,
LDN 1659A,109.3625,-23.11944,3,[DB2002b] G236.41-4.95,,,,,,
IREC 344,100.0125,-27.16361,94,[DB2002b] G236.42-14.33,,,,,,
FeSt 1-1,109.6,-23.02528,55,[DB2002b] G236.44-4.71,,,,,,
FeSt 2-1,109.35417,-23.25,6,[DB2002b] G236.52-5.02,,,,,,
LDN 1659,109.35417,-23.25,13,[DB2002b] G236.52-5.02,,,,,,
FeSt 1-2,111.85833,-22.11889,73,[DB2002b] G236.61-2.44,,,,,,
IREC 345,78.3875,-33.52056,98,[DB2002b] G236.69-34,,,,,,
IREC 346,177.02917,19.63194,83,[DB2002b] G236.89+73.67,,,,,,
FeSt 1-3,110.475,-23.19611,90,[DB2002b] G236.96-4.07,,,,,,
[CB88] 58,109.55417,-23.64778,8,[DB2002b] G236.96-5.04,,,,,,
DIR 237-44,66.44583,-35.29889,75,[DB2002b] G237-44,,,,,,
IREC 347,97.22917,-29.07528,108,[DB2002b] G237.27-17.33,,,,,,
IREC 348,19.4875,-29.59472,113,[DB2002b] G237.41-83.67,,,,,,
LDN 1660,109.98333,-23.93556,15,[DB2002b] G237.41-4.82,FeSt 1-4,,,,,
FeSt 2-2,109.94583,-24.07694,6,[DB2002b] G237.52-4.91,,,,,,
LDN 1661,110.52083,-24.09639,37,[DB2002b] G237.78-4.46,,,,,,
[CB88] 56,108.65,-25.14833,4.5,[DB2002b] G237.93-6.46,,,,,,
IREC 349,104.79167,-26.86611,118,[DB2002b] G237.94-10.33,,,,,,
LDN 1662,112.025,-23.60306,22,[DB2002b] G237.99-3.02,,,,,,
LDN 1663,113.02917,-23.1075,40,[DB2002b] G237.99-1.97,,,,,,
FeSt 1-5,113.07917,-23.29111,92,[DB2002b] G238.18-2.02,,,,,,
LDN 1664,111.10833,-24.55833,25,[DB2002b] G238.43-4.21,FeSt 1-6,,,,,
IREC 350,85.82917,-33.605,60,[DB2002b] G238.52-28,,,,,,
FeSt 2-3,111.02083,-24.69861,6,[DB2002b] G238.52-4.34,,,,,,
LDN 1665,113.825,-23.65278,23,[DB2002b] G238.83-1.6,FeSt 1-7,,,,,
FeSt 1-8,111.44167,-25.05056,88,[DB2002b] G239.01-4.17,,,,,,
IREC 351,89.45417,-33.26333,180,[DB2002b] G239.1-25,DIR 239-25,,,,,
LDN 1666,114.025,-24.11194,10,[DB2002b] G239.32-1.66,,,,,,
FeSt 2-4,111.0375,-25.73194,6,[DB2002b] G239.44-4.82,,,,,,
LDN 1667,111.2,-25.71667,33,[DB2002b] G239.5-4.67,FeSt 1-9,,,,,
FeSt 2-5,114.1,-24.34583,6,[DB2002b] G239.56-1.71,,,,,,
LDN 1668,114.24583,-24.89639,8.5,[DB2002b] G240.1-1.87,,,,,,
IREC 352,93.96667,-33.00083,83,[DB2002b] G240.12-21.33,,,,,,
IREC 354,154.15417,1.61417,89,[DB2002b] G240.81+45,,,,,,
IREC 355,37.8125,-36.16917,60,[DB2002b] G242.28-67,,,,,,
IREC 357,100.5125,-33.36167,96,[DB2002b] G242.52-16.33,,,,,,
FeSt 1-10,114.97917,-27.98306,41,[DB2002b] G243.12-2.79,,,,,,
IREC 358,105.49167,-33.74444,87,[DB2002b] G244.57-12.67,,,,,,
IREC 359,134.00417,-18.44611,113,[DB2002b] G244.83+17,,,,,,
DIR 245+35,148.30417,-7.34083,130,[DB2002b] G245+34.8,,,,,,
IREC 360,153.79583,-2.66111,69,[DB2002b] G245.04+42,,,,,,
IREC 361,71.22083,-41.32583,75,[DB2002b] G245.48-40.67,,,,,,
IREC 362,99.225,-37.11611,60,[DB2002b] G245.79-18.67,,,,,,
LDN 1669,119,-29.63389,46,[DB2002b] G246.32-0.6,,,,,,
IREC 363,181.11667,19.28528,87,[DB2002b] G246.49+76.67,,,,,,
FeSt 1-11,118.09583,-30.39667,137,[DB2002b] G246.58-1.66,,,,,,
HMST 247.0-5.7,114.25833,-32.735,22,[DB2002b] G246.97-5.65,,,,,,
FeSt 1-12,119.39583,-30.23556,42,[DB2002b] G247-0.61,,,,,,
FeSt 1-13,117.3625,-31.56,14,[DB2002b] G247.24-2.79,,,,,,
IREC 364,180.42083,18.505,89,[DB2002b] G247.32+75.67,,,,,,
FeSt 1-14,116.15417,-32.27167,43,[DB2002b] G247.36-4.04,,,,,,
HMST 247.5-12.3,107.42083,-36.20556,65,[DB2002b] G247.53-12.25,IREC 365,,,,,
HMST 247.6-3.5,116.87083,-32.21639,7,[DB2002b] G247.6-3.48,,,,,,
IREC 366,138.80417,-18.28694,85,[DB2002b] G247.69+20.67,,,,,,
FeSt 2-6,116.92917,-32.375,6,[DB2002b] G247.77-3.52,,,,,,
HMST 247.8-3.2,117.29583,-32.20639,6,[DB2002b] G247.78-3.16,,,,,,
IREC 367,44.6125,-40.41028,94,[DB2002b] G248.04-60.67,,,,,,
IREC 368,54.09167,-42.21194,83,[DB2002b] G248.1-53.33,,,,,,
IREC 369,97.8625,-40.10028,96,[DB2002b] G248.4-20.67,,,,,,
FeSt 2-7,119.15833,-32.35111,6,[DB2002b] G248.7-1.89,,,,,,
FeSt 1-15,117.82917,-33.07889,43,[DB2002b] G248.76-3.22,,,,,,
LDN 1670,121.15,-31.51306,10,[DB2002b] G248.89-0.01,FeSt 2-8,[CB88] 60,,,,
HMST 249.0-3.2,117.975,-33.26278,16,[DB2002b] G248.98-3.21,,,,,,
FeSt 1-16,117.27083,-33.94306,167,[DB2002b] G249.27-4.06,,,,,,
HMST 249.4-5.1,116.29167,-34.60389,4,[DB2002b] G249.44-5.09,,,,,,
LDN 1671,121.4875,-32.14417,23,[DB2002b] G249.58-0.11,,,,,,
HMST 249.7-2.1,119.51667,-33.30444,6,[DB2002b] G249.68-2.12,BHR 1,,,,,
FeSt 1-17,121.89167,-32.1625,52,[DB2002b] G249.77+0.17,,,,,,
IREC 370,161.7875,0.00611,87,[DB2002b] G250.04+49.67,,,,,,
IREC 371,132.0125,-26.44278,128,[DB2002b] G250.21+10.67,,,,,,
FeSt 1-18,122.2875,-32.53083,39,[DB2002b] G250.27+0.25,,,,,,
FeSt 1-19,121.10833,-33.39278,41,[DB2002b] G250.45-1.05,,,,,,
HMST 250.8-8.1,113.84167,-37.25639,9,[DB2002b] G250.81-8.11,,,,,,
IREC 372,134.45833,-25.46611,131,[DB2002b] G250.82+13,,,,,,
IREC 373,143.80833,-18.16972,83,[DB2002b] G250.97+24.33,,,,,,
HMST 251.1-1.0,121.54583,-33.89778,12,[DB2002b] G251.08-1,,,,,,
CG 37 DN,123.11667,-33.09306,2.5,[DB2002b] G251.12+0.53,,,,,,
IREC 374,109.64167,-39.36111,139,[DB2002b] G251.22-12,,,,,,
FeSt 1-20,118.00833,-36.06306,91,[DB2002b] G251.41-4.6,,,,,,
HMST 251.5+2.0,124.85,-32.63306,3,[DB2002b] G251.54+1.99,,,,,,
CG 27 Head DN,123.10417,-33.76111,2,[DB2002b] G251.67+0.15,BHR 2,[VMF94] 17,V17,,,
CG 27 DN,123.10417,-33.76083,4,[DB2002b] G251.67+0.15,HMST 251.7+0.2,,,,,
HMST 251.7-12.2,109.69583,-39.85278,4,[DB2002b] G251.69-12.17,,,,,,
FeSt 1-21,120.14167,-35.42194,159,[DB2002b] G251.76-2.79,,,,,,
CG 28 Head DN,123.1,-33.93111,1,[DB2002b] G251.81+0.05,BHR 3,,,,,
CG 28 DN,123.0875,-33.9375,5,[DB2002b] G251.81+0.04,FeSt 2-9,HMST 251.8+0.0,[VMF94] 15,V15,,
CG 29 Head DN,123.09167,-34.0175,1,[DB2002b] G251.88+0,BHR 4,[VMF94] 16,V16,,,
CG 29 DN,123.09167,-34.0175,5,[DB2002b] G251.88+0,HMST 251.9+0.0,,,,,
FeSt 2-10,119.86667,-35.75417,6,[DB2002b] G251.91-3.17,,,,,,
FeSt 1-22,119.86667,-35.75417,67,[DB2002b] G251.91-3.17,,,,,,
HMST 252.1-3.6,119.53333,-36.07778,12,[DB2002b] G252.06-3.56,,,,,,
HMST 252.1-1.3,121.95833,-34.91306,22,[DB2002b] G252.12-1.27,,,,,,
CG 26 DN,123.95833,-33.83778,7,[DB2002b] G252.14+0.7,FeSt 2-11,HMST 252.2+0.7,,,,
CG 26 Head,123.99583,-33.84611,2,[DB2002b] G252.15+0.72,BHR 5,[VMF94] 20,V20,,,
IREC 375,100.67917,-43.16056,120,[DB2002b] G252.21-19.67,,,,,,
CG 33 DN,123.86667,-34.07917,6,[DB2002b] G252.28+0.5,HMST 252.3+0.5,[VMF94] 19,V19,,,
CG 33 Head DN,123.85417,-34.07917,1,[DB2002b] G252.28+0.49,BHR 6,,,,,
HMST 252.3-3.2,120.1125,-36.06361,14,[DB2002b] G252.29-3.15,,,,,,
CG 32 Head DN,123.575,-34.50528,3,[DB2002b] G252.51+0.07,BHR 7,,,,,
CG 32 DN,123.5875,-34.51472,10,[DB2002b] G252.52+0.06,FeSt 2-12,HMST 252.5+0.1,[VMF94] 18,V18,,
FeSt 1-23,113,-39.55778,12,[DB2002b] G252.57-9.77,,,,,,
HMST 252.9-1.6,122.15833,-35.72722,6,[DB2002b] G252.89-1.57,,,,,,
HMST 253.0-1.7C,122.175,-35.89556,35,[DB2002b] G253.04-1.65,,,,,,
HMST 253.1-2.1,121.71667,-36.18694,12,[DB2002b] G253.08-2.12,,,,,,
FeSt 1-24,119.42917,-37.31917,17,[DB2002b] G253.09-4.27,,,,,,
FeSt 2-13,119.42917,-37.31917,6,[DB2002b] G253.09-4.27,,,,,,
CG 31 Head DN,122.225,-35.95361,3.2,[DB2002b] G253.11-1.65,[LM99] 86,,,,,
CG 31C DN,122.1375,-35.99278,3,[DB2002b] G253.11-1.73,BHR 10,,,,,
CG 31D DN,122.06667,-36.02972,1,[DB2002b] G253.11-1.8,BHR 11,,,,,
FeSt 2-14,122.52083,-35.79861,6,[DB2002b] G253.12-1.37,,,,,,
FeSt 1-25,122.52083,-35.79861,76,[DB2002b] G253.12-1.37,,,,,,
CG 31 DN,122.23333,-35.98917,7,[DB2002b] G253.14-1.66,FeSt 2-15,HMST 253.1-1.7,[VMF94] 13,V13,,
CG 31B DN,122.2,-36.05333,2.5,[DB2002b] G253.18-1.72,BHR 9,[LM99] 85 in HMST 253.1-1.7,,,,
CG 31A DN,122.25833,-36.01944,2,[DB2002b] G253.18-1.67,BHR 8,[LM99] 87 in HMST 253.1-1.7,,,,
HMST 253.2-4.2,119.62083,-37.41472,12,[DB2002b] G253.24-4.19,,,,,,
FeSt 1-26,127.29167,-33.28417,23,[DB2002b] G253.26+3.29,,,,,,
IREC 376,116.19583,-39.01722,113,[DB2002b] G253.27-7.33,,,,,,
CG 30 DN,122.3875,-36.0825,3,[DB2002b] G253.29-1.61,HMST 253.3-1.6,BHR 12,[LM99] 88,[VMF94] 14,V14,
HMST 253.4-4.0,119.88333,-37.4325,14,[DB2002b] G253.36-4.02,,,,,,
CG 38 DN,122.4125,-36.17639,2,[DB2002b] G253.38-1.65,,,,,,
FeSt 1-27,113.95,-40.12861,23,[DB2002b] G253.42-9.38,,,,,,
FeSt 1-28,124.05,-35.45472,70,[DB2002b] G253.51-0.13,,,,,,
HMST 253.6-1.3,122.87083,-36.155,22,[DB2002b] G253.56-1.32,,,,,,
IREC 377,132.85,-30.07694,89,[DB2002b] G253.57+9,,,,,,
CG 22 DN,127.19167,-33.76389,65,[DB2002b] G253.6+2.94,HMST 253.6+2.9,,,,,
CG 22 Head DN,127.19167,-33.76389,5,[DB2002b] G253.6+2.94,FeSt 2-16,BHR 13,[VMF94] 22,V22,,
CG 34 DN,112.38333,-41.175,6,[DB2002b] G253.81-10.91,HMST 253.8-10.9,,,,,
CG 34 Head DN,112.38333,-41.175,3,[DB2002b] G253.81-10.91,BHR 14,[VMF94] 3,V3,,,
HMST 253.9-0.6,123.80833,-36.03722,28,[DB2002b] G253.88-0.62,,,,,,
HMST 254.1-3.6,120.875,-37.84333,6,[DB2002b] G254.13-3.57,,,,,,
IREC 378,15.71667,-29.31,87,[DB2002b] G254.53-86.67,,,,,,
FeSt 2-17,124.82083,-36.25778,6,[DB2002b] G254.53-0.08,,,,,,
HMST 254.5-9.6,114.33333,-41.22861,8,[DB2002b] G254.54-9.63,,,,,,
HMST 254.5-9.6-East,114.3875,-41.21722,2,[DB2002b] G254.56-9.59,,,,,,
FeSt 2-18,123.87083,-36.97583,5,[DB2002b] G254.69-1.1,HMST 254.7-1.1,,,,,
IREC 379,91.54167,-47.43167,98,[DB2002b] G254.82-27,,,,,,
FeSt 1-29,114.0625,-41.79583,93,[DB2002b] G254.97-10.08,,,,,,
CG 9 DN,115.19583,-41.44917,2,[DB2002b] G255.05-9.16,HMST 255.1-9.2,,,,,
CG 8 DN,115.6625,-41.26611,2,[DB2002b] G255.06-8.76,HMST 255.1-8.8,,,,,
CG 2 DN,109,-43.96139,26,[DB2002b] G255.3-14.35,HMST 255.3-14.4,,,,,
CG 2 Head DN,109,-43.96139,2,[DB2002b] G255.3-14.35,FeSt 2-19,BHR 15,[VMF94] 1,V1,,
FeSt 1-30,120.25417,-39.5675,14,[DB2002b] G255.34-4.89,HMST 255.3-4.9,,,,,
FeSt 2-20,120.29167,-39.58944,6,[DB2002b] G255.38-4.89,,,,,,
FeSt 2-21,121.35833,-39.14889,6,[DB2002b] G255.44-3.94,HMST 255.4-3.9,[LM99] 84,BHR 16,,,
FeSt 1-31,121.11667,-39.32611,24,[DB2002b] G255.49-4.21,,,,,,
HMST 255.5-4.8,120.4625,-39.66667,8,[DB2002b] G255.51-4.8,,,,,,
HMST 255.6-2.9,122.5375,-38.72361,5,[DB2002b] G255.57-2.94,,,,,,
CG 10 DN,115.625,-42.08611,4,[DB2002b] G255.77-9.18,HMST 255.8-9.2,,,,,
CG 10 Head DN,115.625,-42.08611,0.5,[DB2002b] G255.77-9.18,[VMF94] 10,V10,,,,
IREC 380,63.02083,-48.48306,78,[DB2002b] G255.82-46,,,,,,
FeSt 1-32,122.975,-38.81722,30,[DB2002b] G255.83-2.71,,,,,,
FeSt 1-33,118.67917,-40.84917,16,[DB2002b] G255.84-6.59,,,,,,
HMST 255.9-9.1,115.77083,-42.125,2,[DB2002b] G255.86-9.11,[VMF94] 11,V11,,,,
FeSt 2-22,123.09167,-38.83417,3,[DB2002b] G255.9-2.64,HMST 255.9-2.6,,,,,
HMST 255.9-2.6C,123.16667,-38.83306,65,[DB2002b] G255.93-2.59,,,,,,
HMST 256.1-2.1,123.77917,-38.68361,6,[DB2002b] G256.07-2.11,,,,,,
FeSt 2-23,115.73333,-42.36972,6,[DB2002b] G256.07-9.25,,,,,,
CG 1 DN,109.75417,-44.57639,22,[DB2002b] G256.11-14.12,BDN 256.11-14.12,HMST 256.2-14.1,,,,
HMST 256.1-9.2C,115.79583,-42.39861,12,[DB2002b] G256.11-9.22,,,,,,
HMST 256.1-9.3,115.7,-42.42972,2,[DB2002b] G256.11-9.3,,,,,,
HMST 256.1-9.1,115.89167,-42.36722,2,[DB2002b] G256.12-9.14,[VMF94] 12,V12,,,,
FeSt 1-34,119.90417,-40.67111,15,[DB2002b] G256.15-5.69,,,,,,
CG 1 Head DN,109.8375,-44.58694,2,[DB2002b] G256.15-14.07,FeSt 2-24,BHR 17,,,,
FeSt 1-35,111.8375,-44.01917,25,[DB2002b] G256.25-12.54,,,,,,
HMST 256.4-10.0,115.0125,-42.98667,22,[DB2002b] G256.36-10.01,,,,,,
IREC 381,158.57917,-10.22278,69,[DB2002b] G256.58+40,,,,,,
IREC 282,176.35417,10.47611,73,[DB2002b] G256.75+67.22,,,,,,
IREC 383,154.775,-14.72833,90,[DB2002b] G256.8+34.16,DIR 257+34,,,,,
HMST 256.9-10.4,114.88333,-43.59444,5,[DB2002b] G256.86-10.37,,,,,,
HMST 256.9-5.4,120.80833,-41.165,16,[DB2002b] G256.93-5.37,,,,,,
CG 36 Head DN,129.325,-36.63194,1,[DB2002b] G256.94+2.64,BHR 18,[VMF94] 23,V23,,,
CG 36 DN,129.325,-36.63194,6,[DB2002b] G256.94+2.64,HMST 256.9+2.6,,,,,
CG 5 Head DN,115.2125,-43.81917,1,[DB2002b] G257.18-10.27,BHR 19,[VMF94] 9,V9,,,
CG 5 DN,115.2125,-43.81917,4,[DB2002b] G257.18-10.27,HMST 257.2-10.3,,,,,
HMST 257.3-2.5-2,124.3,-39.85056,1.5,[DB2002b] G257.27-2.43,[LM99] 90,,,,,
FeSt 2-25,124.29167,-39.8825,7,[DB2002b] G257.29-2.45,HMST 257.3-2.5,,,,,
HMST 257.3-2.5-1,124.28333,-39.90028,2.5,[DB2002b] G257.3-2.47,[LM99] 89,,,,,
IREC 384,109.1,-46.53194,100,[DB2002b] G257.77-15.33,,,,,,
IREC 385,168.66667,0.5075,102,[DB2002b] G257.81+54.67,,,,,,
FeSt 2-26,125.44583,-40.19722,8,[DB2002b] G258.05-1.9,HMST 258.1-1.9,,,,,
FeSt 1-36,124.1125,-40.92167,136,[DB2002b] G258.08-3.14,,,,,,
IREC 386,146.14167,-25.6225,78,[DB2002b] G258.38+20.67,,,,,,
FeSt 1-37,135.77917,-34.41528,28,[DB2002b] G258.54+8.11,,,,,,
FeSt 1-38,124.96667,-41.05861,22,[DB2002b] G258.56-2.7,,,,,,
HMST 258.6-3.4,124.2,-41.54889,22,[DB2002b] G258.63-3.44,,,,,,
HMST 258.6+0.3,128.175,-39.41778,3,[DB2002b] G258.63+0.25,,,,,,
HMST 258.7-2.8,124.89167,-41.21333,45,[DB2002b] G258.65-2.82,,,,,,
FeSt 1-39,131.85417,-37.33472,28,[DB2002b] G258.75+3.81,,,,,,
HMST 258.9-4.1,123.64583,-42.08667,4,[DB2002b] G258.85-4.08,,,,,,
CG 6 DN,112.6375,-46.72778,8,[DB2002b] G258.99-13.2,FeSt 2-27,HMST 259.0-13.2,,,,
CG 6 Head,112.6375,-46.72778,3,[DB2002b] G258.99-13.2,BHR 20,[LM99] 82,[VMF94] 4,V4,,
FeSt 1-43,129.05833,-39.36778,120,[DB2002b] G259+0.83,HMST 259.0+0.8C,,,,,
HMST 259.0+3.6,131.81667,-37.71306,12,[DB2002b] G259.02+3.55,Butterfly,,,,,
FeSt 1-40,129.2125,-39.30833,42,[DB2002b] G259.03+0.97,,,,,,
IREC 387,142.975,-29.40917,134,[DB2002b] G259.06+16,,,,,,
HMST 259.1-3.8,124.15417,-42.13194,3,[DB2002b] G259.1-3.79,,,,,,
FeSt 2-28,123.9625,-42.22111,12,[DB2002b] G259.1-3.96,HMST 259.1-4.0,,,,,
HMST 259.1-4.0C,123.9625,-42.22111,45,[DB2002b] G259.1-3.96,,,,,,
FeSt 1-41,131.725,-37.95083,20,[DB2002b] G259.17+3.35,,,,,,
FeSt 2-29,112.89167,-46.85722,6,[DB2002b] G259.2-13.1,,,,,,
HMST 259.2-13.2-2,112.7,-46.93056,2,[DB2002b] G259.2-13.25,[LM99] 83,,,,,
HMST 259.2+0.3,128.63333,-39.88278,8,[DB2002b] G259.22+0.26,,,,,,
FeSt 1-42,112.7375,-46.95667,30,[DB2002b] G259.23-13.23,,,,,,
Sandqvist 101,112.7375,-46.95667,14,[DB2002b] G259.23-13.23,HMST 259.2-13.2,,,,,
HMST 259.3+0.9,129.29167,-39.57861,14,[DB2002b] G259.28+0.85,,,,,,
CG 4 Head DN,113.5375,-46.90528,4,[DB2002b] G259.43-12.72,Sandqvist 103,FeSt 2-30,BHR 21,[VMF94] 6,V6,
CG 4 DN,113.5375,-46.90528,22,[DB2002b] G259.43-12.72,HMST 259.4-12.7,,,,,
FeSt 1-44,108.39167,-48.50361,12,[DB2002b] G259.46-16.54,,,,,,
CG 13 Head DN,108.55,-48.48611,5,[DB2002b] G259.48-16.43,Sandqvist 102,BDN259.48-16.46,BHR 22,,,
CG 13 DN,108.55,-48.48611,40,[DB2002b] G259.48-16.43,HMST 259.5-16.4,[KM86] 259.5-16.5,,,,
FeSt 1-45,112.10417,-47.62056,61,[DB2002b] G259.67-13.91,,,,,,
FeSt 2-31,125.70833,-42.11139,6,[DB2002b] G259.73-2.83,,,,,,
FeSt 1-46,126.0375,-42.04611,33,[DB2002b] G259.82-2.6,,,,,,
HMST 259.9-4.4,124.06667,-43.14167,3,[DB2002b] G259.91-4.4,,,,,,
FeSt 1-47,125.40417,-42.47694,97,[DB2002b] G259.92-3.22,,,,,,
BDN 259.94-0.04,128.88333,-40.64222,12,[DB2002b] G259.94-0.04,HMST 259.9-0.0,BHR 23,,,,
FeSt 2-32,132.92917,-38.20528,6,[DB2002b] G259.96+3.92,,,,,,
CG 24 Head DN,124.8125,-42.91306,1,[DB2002b] G260.02-3.82,BHR 24,,,,,
CG 24 DN,124.8125,-42.91306,5,[DB2002b] G260.02-3.82,HMST 260.0-3.8,[VMF94] 21,V21,,,
HMST 260.1+1.6,130.6875,-39.75889,12,[DB2002b] G260.08+1.59,,,,,,
IREC 388,150.70417,-23.55194,75,[DB2002b] G260.18+25,,,,,,
HMST 260.2+0.7,129.87917,-40.4125,22,[DB2002b] G260.21+0.7,,,,,,
HMST 260.4+0.4C,129.65833,-40.72333,22,[DB2002b] G260.36+0.38,,,,,,
HMST 260.4-8.0,120.19167,-45.45083,6,[DB2002b] G260.38-7.98,,,,,,
Sandqvist  1,129.75417,-40.72694,7,[DB2002b] G260.41+0.44,FeSt 2-33,,,,,
HMST 260.4+2.2,131.55833,-39.65361,16,[DB2002b] G260.41+2.18,,,,,,
HMST 260.5-5.2,123.64167,-44.09833,3,[DB2002b] G260.54-5.19,,,,,,
FeSt 2-34,123.6125,-44.11972,6,[DB2002b] G260.55-5.22,,,,,,
FeSt 1-48,123.3625,-44.28556,35,[DB2002b] G260.58-5.47,,,,,,
HMST 260.6+0.8,130.27917,-40.6525,16,[DB2002b] G260.59+0.79,,,,,,
FeSt 1-49,125.44583,-43.29889,22,[DB2002b] G260.6-3.66,HMST 260.6-3.7,,,,,
CG 25 DN,114.34167,-47.94222,8,[DB2002b] G260.63-12.7,HMST 260.6-12.7,,,,,
FeSt 1-50,125.425,-43.34361,30,[DB2002b] G260.64-3.71,,,,,,
CG 3 DN,114.80833,-47.86583,7,[DB2002b] G260.72-12.39,FeSt 2-35,HMST 260.7-12.4,,,,
CG 3 Head DN,114.78333,-47.88583,3,[DB2002b] G260.72-12.41,BHR 25,[VMF94] 8,V8,,,
HMST 260.8+0.2,129.81667,-41.14556,28,[DB2002b] G260.77+0.21,,,,,,
FeSt 1-51,127.6375,-42.6025,216,[DB2002b] G260.97-1.96,,,,,,
IREC 389,170.25,0.71556,69,[DB2002b] G261.27+54.67,,,,,,
HMST 261.3+0.2,130.25417,-41.59389,14,[DB2002b] G261.32+0.2,,,,,,
Sandqvist  2,131.15417,-41.29889,5,[DB2002b] G261.51+0.92,FeSt 2-36,,,,,
HMST 261.5+0.9,131.175,-41.31556,50,[DB2002b] G261.53+0.91,,,,,,
FeSt 1-52,130.575,-41.69667,120,[DB2002b] G261.56+0.33,,,,,,
HMST 261.6+3.0,133.37083,-40.06194,12,[DB2002b] G261.61+3,,,,,,
FeSt 1-53,125.5,-44.57417,22,[DB2002b] G261.68-4.35,HMST 261.7-4.4,,,,,
HMST 261.7-12.5,115.37083,-48.76,16,[DB2002b] G261.7-12.45,,,,,,
FeSt 1-54,127.25,-44.1675,71,[DB2002b] G262.07-3.11,,,,,,
HMST 262.2+0.4,131.13333,-42.15889,28,[DB2002b] G262.17+0.37,,,,,,
Sandqvist 104,115.85833,-49.12556,35,[DB2002b] G262.18-12.34,FeSt 1-55,HMST 262.2-12.3,,,,
HMST 262.2+1.4,132.25833,-41.52806,16,[DB2002b] G262.2+1.42,,,,,,
IREC 390,115.90833,-49.15833,242,[DB2002b] G262.23-12.33,,,,,,
HMST 262.4+2.2,133.26667,-41.205,6,[DB2002b] G262.43+2.2,,,,,,
FeSt 1-56,134.19167,-40.62639,21,[DB2002b] G262.45+3.12,,,,,,
HMST 262.5-0.4,130.57083,-42.87833,22,[DB2002b] G262.48-0.39,,,,,,
CG 14 Head DN,114.6625,-49.84528,3,[DB2002b] G262.48-13.36,Sandqvist 105,BHR 26,[VMF94] 7,V7,,
CG 14 DN,114.6375,-49.88194,12,[DB2002b] G262.51-13.39,FeSt 2-37,HMST 262.5-13.4,,,,
HMST 262.5+2.1,133.225,-41.36139,6,[DB2002b] G262.54+2.08,,,,,,
FeSt 1-57,133.33333,-41.34,109,[DB2002b] G262.57+2.16,,,,,,
CG 16 Head DN,111.90417,-51.07472,2,[DB2002b] G262.85-15.47,Sandqvist 106,BHR 28,[VMF94] 2,V2,,
CG 16 DN,111.94583,-51.08639,16,[DB2002b] G262.88-15.46,FeSt 2-38,HMST 262.9-15.5,,,,
CG 15 Head DN,113.0875,-50.76,3,[DB2002b] G262.88-14.66,Sandqvist 107,BHR 27,[VMF94] 5,V5,,
CG 15 DN,113.1,-50.775,14,[DB2002b] G262.91-14.66,FeSt 2-39,HMST 262.9-14.7,,,,
Sandqvist  3,133.44583,-41.73056,12,[DB2002b] G262.92+1.97,HMST 262.9+2.0,,,,,
HMST 263.0+1.8,133.3125,-41.87333,2,[DB2002b] G262.97+1.8,,,,,,
HMST 263.0-12.0,116.85,-49.68333,16,[DB2002b] G262.99-12.03,,,,,,
HMST 263.0+1.2,132.70833,-42.26944,35,[DB2002b] G262.99+1.2,,,,,,
HMST 263.1+1.8,133.35417,-41.95528,4,[DB2002b] G263.05+1.77,,,,,,
HMST 263.1+1.9,133.5,-41.96417,6,[DB2002b] G263.13+1.85,,,,,,
HMST 263.2+1.6C,133.27917,-42.21333,100,[DB2002b] G263.22+1.57,,,,,,
Sandqvist  4,133.40417,-42.22361,17,[DB2002b] G263.29+1.64,FeSt 1-58,,,,,
IREC 391,165.74167,-9.39389,111,[DB2002b] G263.44+45,,,,,,
HMST 263.4+2.0,133.96667,-42.08389,26,[DB2002b] G263.44+2.04,,,,,,
HMST 263.5+1.5,133.45417,-42.44389,6,[DB2002b] G263.48+1.52,,,,,,
FeSt 1-59,135.1875,-41.56333,28,[DB2002b] G263.65+3.08,,,,,,
HMST 263.7-0.0,130.99583,-44.23833,22,[DB2002b] G263.74-0.99,,,,,,
FeSt 1-60,132.36667,-43.48667,146,[DB2002b] G263.78+0.24,,,,,,
HMST 263.9-3.5,128.30417,-45.88,50,[DB2002b] G263.89-3.5,,,,,,
Sandqvist 108,118.26667,-50.28111,7,[DB2002b] G263.98-11.51,FeSt 2-40,,,,,
HMST 264.0-11.6,118.22083,-50.31417,22,[DB2002b] G263.99-11.55,,,,,,
FeSt 1-61,128.3375,-45.98833,28,[DB2002b] G264-3.55,,,,,,
FeSt 2-41,138.45833,-39.84083,6,[DB2002b] G264.05+6.07,,,,,,
HMST 264.3+2.9,135.54583,-42.16778,12,[DB2002b] G264.28+2.87,,,,,,
FeSt 1-62,138.58333,-40.07444,10,[DB2002b] G264.28+5.98,,,,,,
HMST 264.3+1.5C,134.125,-43.10639,90,[DB2002b] G264.3+1.47,,,,,,
HMST 264.4+5.7C,138.45833,-40.36083,16,[DB2002b] G264.42+5.7,,,,,,
HMST 264.4+5.7,138.45833,-40.36083,3,[DB2002b] G264.42+5.7,,,,,,
HMST 264.5+5.6,138.35,-40.49222,5,[DB2002b] G264.46+5.56,BHR 29,,,,,
HMST 264.5-11.3,118.91667,-50.63056,16,[DB2002b] G264.49-11.32,,,,,,
FeSt 1-63,128.25833,-46.68806,22,[DB2002b] G264.53-4.01,,,,,,
HMST 264.5+5.0,137.87083,-40.93389,9,[DB2002b] G264.53+4.99,,,,,,
IREC 392,171.89167,-1.85861,35,[DB2002b] G264.73+54.67,,,,,,
DIR 265-31,87.14167,-56.77278,180,[DB2002b] G265-30.9,,,,,,
FeSt 2-42,134.775,-43.71194,6,[DB2002b] G265.08+1.44,,,,,,
FeSt 1-64,134.775,-43.71194,89,[DB2002b] G265.08+1.44,,,,,,
HMST 265.2-0.6,132.625,-45.1175,12,[DB2002b] G265.15-0.64,,,,,,
HMST 265.3+5.3,138.88333,-41.22556,3,[DB2002b] G265.27+5.34,,,,,,
HMST 265.3-0.0,133.425,-44.80056,4,[DB2002b] G265.27+0,BHR 30,,,,,
FeSt 1-65,133.3125,-44.92333,103,[DB2002b] G265.31-0.16,,,,,,
HMST 265.3+0.6,134.12083,-44.47806,12,[DB2002b] G265.34+0.57,,,,,,
FeSt 1-66,139.98333,-40.54556,14,[DB2002b] G265.37+6.42,,,,,,
IREC 393,154.05,-27.33028,89,[DB2002b] G265.38+24,,,,,,
FeSt 2-43,133.99167,-44.62583,6,[DB2002b] G265.4+0.41,,,,,,
FeSt 1-67,133.99167,-44.62583,23,[DB2002b] G265.4+0.41,,,,,,
HMST 265.4+0.2,133.7625,-44.77833,8,[DB2002b] G265.41+0.18,,,,,,
HMST 265.4+5.4,139.0375,-41.31611,4,[DB2002b] G265.42+5.36,,,,,,
HMST 265.5-0.0,121.55417,-50.77472,12,[DB2002b] G265.47-9.95,,,,,,
FeSt 1-68,130.05833,-47.045,15,[DB2002b] G265.55-3.24,,,,,,
FeSt 1-69,135.6,-43.84806,63,[DB2002b] G265.57+1.8,,,,,,
HMST 265.7-7.7,124.6625,-49.73083,3,[DB2002b] G265.65-7.71,BHR 31,,,,,
FeSt 1-70,114.525,-53.36472,38,[DB2002b] G265.7-14.98,,,,,,
Sandqvist 109,125.35833,-49.59861,9,[DB2002b] G265.8-7.26,HMST 265.8-7.3,,,,,
FeSt 1-71,125.2875,-49.68167,85,[DB2002b] G265.84-7.35,HMST 265.8-7.4C,,,,,
[LM99] 91,125.2875,-49.68722,5,[DB2002b] G265.85-7.35,,,,,,
FeSt 2-44,125.25417,-49.84139,8,[DB2002b] G265.96-7.45,HMST 266.0-7.5,[LM99] 92,,,,
DIR 266+53,171.61667,-3.66806,240,[DB2002b] G266+53,,,,,,
CG 7 DN,138.52917,-42.50111,12,[DB2002b] G266.01+4.27,FeSt 2-45,HMST 266.0-4.3,,,,
CG 7 Head DN,138.52917,-42.50111,2,[DB2002b] G266.01+4.27,BHR 32,[VMF94] 26,V26,,,
FeSt 1-72,125.06667,-49.97583,31,[DB2002b] G266.01-7.63,,,,,,
HMST 266.0-4.3,129.225,-48.05861,3,[DB2002b] G266.02-4.3,BHR 33,,,,,
FeSt 1-73,138.72083,-42.475,5,[DB2002b] G266.1+4.4,,,,,,
HMST 266.1+1.1,135.40417,-44.71417,40,[DB2002b] G266.12+1.11,,,,,,
HMST 266.1-7.7,125.1375,-50.09278,3,[DB2002b] G266.13-7.66,,,,,,
HMST 266.3-0.7,133.68333,-46.02972,12,[DB2002b] G266.33-0.66,,,,,,
HMST 266.4-0.1C,134.43333,-45.71083,220,[DB2002b] G266.42-0.05,,,,,,
FeSt 1-74,129.09167,-48.74139,35,[DB2002b] G266.52-4.77,,,,,,
FeSt 2-46,135.0625,-45.52944,6,[DB2002b] G266.58+0.39,,,,,,
FeSt 1-75,139.79583,-42.45333,35,[DB2002b] G266.63+4.98,HMST 266.6+5.0,,,,,
IREC 394,147.225,-36.38083,110,[DB2002b] G266.67+13.33,,,,,,
FeSt 1-76,128.25833,-49.48806,33,[DB2002b] G266.79-5.66,,,,,,
HMST 266.9+0.6,135.49583,-45.63278,12,[DB2002b] G266.85+0.55,,,,,,
Vela DN Complex,135.5,-45.65,720,[DB2002b] G266.87+0.54,,,,,,
FeSt 1-77,120.57083,-52.82417,87,[DB2002b] G266.96-11.53,,,,,,
FeSt 1-78,133.975,-46.6925,46,[DB2002b] G266.97-0.93,,,,,,
FeSt 2-47,135.03333,-46.19611,6,[DB2002b] G267.07-0.06,,,,,,
HMST 267.1-0.7,134.39167,-46.67889,5,[DB2002b] G267.14-0.71,,,,,,
Sandqvist 110,126.63333,-50.66861,2,[DB2002b] G267.16-7.2,GDC4,HMST 267.2-7.2,BHR 34,[LM99] 94,,
FeSt 2-48,134.15417,-46.85972,5,[DB2002b] G267.17-0.95,HMST 267.2-0.0,,,,,
FeSt 1-79,139.46667,-43.51083,121,[DB2002b] G267.22+4.07,,,,,,
FeSt 1-80,135.35833,-46.29722,109,[DB2002b] G267.29+0.05,,,,,,
GDC3,126.6,-50.85167,1,[DB2002b] G267.29-7.32,,,,,,
HMST 267.4-0.9,134.3625,-46.97222,5,[DB2002b] G267.35-0.91,BHR 35,,,,,
Sandqvist 111,126.43333,-51.03444,5,[DB2002b] G267.38-7.5,GDC1,HMST 267.4-7.5,BHR 36,[LM99] 93,,
HMST 267.4-1.2,134.0375,-47.22611,40,[DB2002b] G267.4-1.24,,,,,,
Sandqvist 112,126.6625,-51.02694,2.5,[DB2002b] G267.46-7.38,GDC2,HMST 267.5-7.4,BHR 37,[LM99] 95,V29,
V32,127.00417,-50.91528,2.5,[DB2002b] G267.49-7.15,,,,,,
V31,126.88333,-50.99361,9,[DB2002b] G267.51-7.26,,,,,,
GDC6,128,-50.54722,2,[DB2002b] G267.56-6.41,HMST 267.6-6.4,BHR 40,,,,
GDC7,128.53333,-50.30583,12,[DB2002b] G267.56-6,HMST 267.6-6.0,,,,,
FeSt 2-49,134.02083,-47.45917,6,[DB2002b] G267.57-1.4,,,,,,
Sandqvist 113,128.53333,-50.30694,3,[DB2002b] G267.57-6,BHR 38,[LM99] 96,,,,
FeSt 1-81,140,-43.6175,50,[DB2002b] G267.57+4.27,HMST 267.6+4.3,,,,,
FeSt 1-82,126.75833,-51.1325,28,[DB2002b] G267.58-7.39,HMST 267.6-7.4C,,,,,
V33,127.15417,-50.98694,4.5,[DB2002b] G267.61-7.11,,,,,,
V28,127.1875,-51.00083,2.5,[DB2002b] G267.63-7.1,,,,,,
BDN 267.66-7.37,126.87917,-51.16139,9,[DB2002b] G267.65-7.35,GDC5,FeSt 2-51,HMST 267.7-7.4,BHR 41,V30,
FeSt 2-50,128.56667,-50.41528,4,[DB2002b] G267.67-6.05,BHR 39,[LM99] 97 rel Sandqvist 113,in HMST 267.6-6.0,,,
FeSt 2-52,136.03333,-46.43278,6,[DB2002b] G267.69+0.3,,,,,,
V34,127.3375,-51.14917,4.5,[DB2002b] G267.81-7.11,,,,,,
FeSt 1-83,132.35417,-48.75333,32,[DB2002b] G267.86-3.1,,,,,,
V35,127.51667,-51.15,4.5,[DB2002b] G267.87-7.02,,,,,,
HMST 267.9+0.6,136.50417,-46.37944,35,[DB2002b] G267.87+0.57,,,,,,
BDN 267.91+1.80,137.82083,-45.57222,15,[DB2002b] G267.91+1.8,,,,,,
FeSt 2-53,133.6125,-48.12444,6,[DB2002b] G267.91-2.04,,,,,,
HMST 267.9+3.6,139.69583,-44.31972,4,[DB2002b] G267.92+3.62,,,,,,
HMST 267.9-7.8,126.54583,-51.655,3,[DB2002b] G267.94-7.8,BHR 42,,,,,
HMST 268.0+1.8,137.94583,-45.64917,45,[DB2002b] G268.02+1.81,,,,,,
V36,127.6875,-51.28194,4.5,[DB2002b] G268.05-7.01,,,,,,
HMST 268.1-9.5,124.3,-52.72278,2,[DB2002b] G268.06-9.54,,,,,,
FeSt 1-84,127.7625,-51.28639,56,[DB2002b] G268.08-6.98,,,,,,
FeSt 1-85,138.04583,-45.70611,16,[DB2002b] G268.11+1.83,,,,,,
IREC 395,155.45417,-29.91194,98,[DB2002b] G268.14+22.67,,,,,,
FeSt 2-54,125.26667,-52.44333,6,[DB2002b] G268.15-8.89,,,,,,
HMST 268.2-9.7,124.14583,-52.90889,2,[DB2002b] G268.17-9.72,,,,,,
HMST 268.2-8.9,125.33333,-52.44028,4,[DB2002b] G268.17-8.86,,,,,,
Sandqvist 114,138.325,-45.60722,6,[DB2002b] G268.17+2.03,,,,,,
FeSt 1-86,131.49167,-49.63361,72,[DB2002b] G268.19-4.08,,,,,,
HMST 268.2-9.5,124.475,-52.81833,16,[DB2002b] G268.2-9.5,,,,,,
HMST 268.2-2.7,133.22917,-48.76972,12,[DB2002b] G268.23-2.65,,,,,,
HMST 268.3-3.2,132.64167,-49.10778,35,[DB2002b] G268.25-3.16,,,,,,
HMST 268.3-1.9,134.17917,-48.27972,28,[DB2002b] G268.26-1.85,,,,,,
HMST 268.4-1.2,135.09583,-47.90472,6,[DB2002b] G268.38-1.15,,,,,,
IREC 396,74.7125,-59.30806,89,[DB2002b] G268.46-37.33,,,,,,
FeSt 1-87,134.56667,-48.39444,25,[DB2002b] G268.52-1.74,,,,,,
IREC 397,127.13333,-52.51333,57,[DB2002b] G268.86-8,,,,,,
HMST 268.9+0.3,137.23333,-47.32194,55,[DB2002b] G268.91+0.31,,,,,,
HMST 268.9-1.2,135.58333,-48.36306,12,[DB2002b] G268.93-1.21,,,,,,
FeSt 2-55,135.69583,-48.29833,2,[DB2002b] G268.94-1.12,,,,,,
FeSt 1-88,138.64583,-46.49139,121,[DB2002b] G268.97+1.57,,,,,,
FeSt 1-89,134.6875,-48.96167,95,[DB2002b] G269-2.06,,,,,,
HMST 269.1-1.3,135.67917,-48.58,8,[DB2002b] G269.14-1.3,,,,,,
HMST 269.3+2.2,139.65833,-46.30306,12,[DB2002b] G269.31+2.21,,,,,,
FeSt 1-90,135.86667,-48.76556,83,[DB2002b] G269.36-1.34,,,,,,
Sandqvist 115,140.57917,-45.81417,7,[DB2002b] G269.42+3.01,BHR 43,[LM99] 98,[VMF94] 27,V27,,
HMST 269.4+3.0,140.57917,-45.81417,14,[DB2002b] G269.42+3.01,,,,,,
FeSt 1-91,128.2625,-52.76333,45,[DB2002b] G269.46-7.58,HMST 269.5-7.6,,,,,
Sandqvist 116,141.54167,-45.19278,6,[DB2002b] G269.47+3.93,HMST 269.5+4.0,BHR 44,[LM99] 99,,,
CG 18 DN,133.15833,-50.66806,2.5,[DB2002b] G269.66-3.9,HMST 269.7-3.9,[VMF94] 24,V24,,,
CG 18 Head DN,133.15833,-50.66806,0.5,[DB2002b] G269.66-3.9,BHR 45,,,,,
FeSt 1-92,141.7625,-45.36778,109,[DB2002b] G269.7+3.91,,,,,,
FeSt 1-93,141.9625,-45.35167,30,[DB2002b] G269.8+4.03,,,,,,
FeSt 2-56,141.9625,-45.35167,6,[DB2002b] G269.8+4.03,,,,,,
FeSt 1-94,123.68333,-55.03694,28,[DB2002b] G269.85-11.09,HMST 269.9-11.1,,,,,
FeSt 1-95,126.27917,-54.06389,24,[DB2002b] G269.86-9.31,,,,,,
HMST 269.9+1.8,139.7875,-46.98167,7,[DB2002b] G269.86+1.8,,,,,,
FeSt 1-96,140.97917,-46.28222,28,[DB2002b] G269.95+2.86,,,,,,
FeSt 1-97,118.64167,-56.86611,55,[DB2002b] G270.03-14.45,,,,,,
HMST 270.1+4.2,142.37917,-45.43306,22,[DB2002b] G270.06+4.16,,,,,,
FeSt 1-98,137.775,-48.57194,41,[DB2002b] G270.07-0.28,,,,,,
Sandqvist 117,142.44167,-45.45333,4,[DB2002b] G270.11+4.18,,,,,,
FeSt 1-99,137.125,-49.18667,25,[DB2002b] G270.23-1,HMST 270.2-1.0,,,,,
FeSt 1-100,124.25833,-55.28917,37,[DB2002b] G270.24-10.95,,,,,,
HMST 270.3+2.9,141.35833,-46.54,80,[DB2002b] G270.31+2.87,,,,,,
FeSt 1-101,136.5625,-49.85139,29,[DB2002b] G270.48-1.73,,,,,,
FeSt 1-103,132.92917,-51.90556,51,[DB2002b] G270.54-4.8,,,,,,
FeSt 2-57,136.6625,-49.91833,6,[DB2002b] G270.56-1.72,,,,,,
FeSt 2-58,142.5375,-46.05361,6,[DB2002b] G270.56+3.79,,,,,,
CG 17 DN,133.14583,-51.86472,3,[DB2002b] G270.58-4.67,HMST 270.6-4.7,,,,,
CG 17 Head DN,133.14583,-51.86472,1,[DB2002b] G270.58-4.67,BHR 46,[VMF94] 25,V25,,,
FeSt 1-102,139.30417,-48.46528,130,[DB2002b] G270.69+0.53,HMST 270.7+0.5C,,,,,
FeSt 1-104,134.3125,-51.56028,131,[DB2002b] G270.82-3.92,,,,,,
FeSt 1-106,128.3625,-54.40028,80,[DB2002b] G270.84-8.49,HMST 270.8-8.5,,,,,
FeSt 2-59,128.28333,-54.43833,6,[DB2002b] G270.84-8.55,,,,,,
FeSt 1-105,141.525,-47.20056,95,[DB2002b] G270.86+2.48,,,,,,
HMST 270.9-1.6,137.2375,-50.08861,7,[DB2002b] G270.94-1.56,,,,,,
FeSt 1-107,127.8,-54.82,32,[DB2002b] G271-9,,,,,,
Sandqvist 118,143.97083,-45.67444,12,[DB2002b] G271.05+4.74,,,,,,
FeSt 2-60,136.32917,-50.81722,6,[DB2002b] G271.09-2.48,,,,,,
IREC 398,170.75417,-11.66556,108,[DB2002b] G271.1+45.67,,,,,,
HMST 271.4+4.8,144.42917,-45.82889,75,[DB2002b] G271.38+4.84,,,,,,
FeSt 1-108,139.75417,-49.16167,96,[DB2002b] G271.4+0.25,,,,,,
Sandqvist  5,144.52083,-45.77583,25,[DB2002b] G271.4+4.93,FeSt 1-109,,,,,
FeSt 1-110,137.6875,-50.505,139,[DB2002b] G271.45-1.63,,,,,,
HMST 271.6+1.7,141.52917,-48.25056,3,[DB2002b] G271.59+1.72,,,,,,
HMST 271.6+1.6,141.43333,-48.39361,4,[DB2002b] G271.64+1.57,,,,,,
HMST 271.7+1.8,141.80833,-48.27972,3,[DB2002b] G271.74+1.83,,,,,,
HMST 271.8-1.3,138.43333,-50.50583,4,[DB2002b] G271.77-1.29,,,,,,
HMST 271.9+1.7C,141.85417,-48.43639,45,[DB2002b] G271.87+1.74,,,,,,
HMST 272.0+1.7,141.8875,-48.54833,8,[DB2002b] G271.97+1.67,,,,,,
HMST 272.0-0.2,139.98333,-49.90917,8,[DB2002b] G272.03-0.16,,,,,,
HMST 272.1+1.8,142.0875,-48.55389,3,[DB2002b] G272.06+1.76,,,,,,
HMST 272.1-3.4,136.3625,-52.1625,5,[DB2002b] G272.1-3.36,,,,,,
HMST 272.1-15.6,118.44167,-59.20694,12,[DB2002b] G272.13-15.62,,,,,,
HMST 272.2+1.9,142.27917,-48.54278,8,[DB2002b] G272.15+1.85,,,,,,
FeSt 2-61,138.43333,-51.24083,6,[DB2002b] G272.31-1.8,,,,,,
HMST 272.5+2.0,142.75833,-48.63917,4,[DB2002b] G272.45+2,BHR 47,,,,,
HMST 272.5-3.9,136.12083,-52.82667,22,[DB2002b] G272.5-3.92,,,,,,
FeSt 1-111,136.10833,-52.83306,26,[DB2002b] G272.51-3.93,,,,,,
FeSt 2-62,141.95833,-49.83528,6,[DB2002b] G272.89+0.79,,,,,,
[KM86] 272.9+29.3,163.625,-26.66556,60,[DB2002b] G272.9+29.3,,,,,,
HMST 273.0+3.7,145.07917,-47.69583,35,[DB2002b] G272.96+3.74,,,,,,
IREC 399,126.5,-57.88361,98,[DB2002b] G273.15-11.33,,,,,,
HMST 273.2+2.4,144.0125,-48.89278,6,[DB2002b] G273.23+2.37,BHR 48,,,,,
FeSt 2-63,139.00417,-52.20944,6,[DB2002b] G273.25-2.23,,,,,,
FeSt 1-112,144.30417,-48.74194,87,[DB2002b] G273.26+2.62,,,,,,
HMST 273.3+2.5,144.17917,-48.865,4,[DB2002b] G273.29+2.47,BHR 49,,,,,
HMST 273.3+3.1,144.7875,-48.42667,6,[DB2002b] G273.3+3.06,,,,,,
HMST 273.4-2.1,139.25833,-52.25528,4,[DB2002b] G273.39-2.13,,,,,,
HMST 273.4+2.8,144.61667,-48.72111,20,[DB2002b] G273.41+2.77,,,,,,
FeSt 2-64,141.85417,-50.65139,6,[DB2002b] G273.41+0.14,,,,,,
Vela Sheet CO Complex,144.44167,-48.98167,660,[DB2002b] G273.5+2.5,,,,,,
HMST 273.6+3.0,145.0875,-48.7175,3,[DB2002b] G273.64+2.97,,,,,,
HMST 273.7-0.2,141.7375,-51.07611,22,[DB2002b] G273.65-0.21,,,,,,
Sandqvist 119,141.8,-51.16806,6,[DB2002b] G273.74-0.25,FeSt 2-65,,,,,
IREC 400,176.2875,-4.74389,141,[DB2002b] G273.76+54.33,,,,,,
HMST 273.8+3.2,145.41667,-48.67833,7,[DB2002b] G273.78+3.15,BHR 50,,,,,
HMST 273.8+3.0,145.27083,-48.81306,3,[DB2002b] G273.79+2.98,,,,,,
HMST 273.8+2.7,144.95417,-49.05056,16,[DB2002b] G273.79+2.67,,,,,,
FeSt 2-66,140.45417,-52.19889,4,[DB2002b] G273.86-1.57,HMST 273.9-1.6,,,,,
FeSt 2-67,145.12917,-49.06111,6,[DB2002b] G273.88+2.74,,,,,,
IREC 401,169.10417,-19.12861,125,[DB2002b] G273.91+38.33,,,,,,
IREC 402,27.02917,-44.80306,94,[DB2002b] G273.94-69,,,,,,
HMST 274.0+0.1,142.4875,-51.04667,22,[DB2002b] G273.97+0.13,,,,,,
DIR 274-46,56.00833,-60.45056,85,[DB2002b] G274-45.8,,,,,,
HMST 274.1+3.9,146.46667,-48.30306,1.5,[DB2002b] G274.06+3.89,BHR 51,,,,,
HMST 274.1+2.7,145.29583,-49.21472,8,[DB2002b] G274.07+2.69,BHR 52,,,,,
IREC 403,158.55,-36.08222,92,[DB2002b] G274.13+19,,,,,,
Sandqvist 120,142.19167,-51.61083,5,[DB2002b] G274.22-0.4,FeSt 2-68,HMST 274.2-0.4,BHR 53,[LM99] 100,,
HMST 274.3+3.4,146.25417,-48.85583,4,[DB2002b] G274.31+3.37,BHR 54,,,,,
IREC 404,151.9375,-43.92833,85,[DB2002b] G274.34+9.67,,,,,,
HMST 274.4-15.8,120.05833,-61.20056,12,[DB2002b] G274.35-15.83,,,,,,
FeSt 1-113,146.33333,-49.06417,57,[DB2002b] G274.49+3.26,,,,,,
HMST 274.7+3.7,146.98333,-48.83944,12,[DB2002b] G274.67+3.7,,,,,,
HMST 274.7-1.5,141.475,-52.72361,12,[DB2002b] G274.67-1.51,,,,,,
FeSt 1-114,143.27083,-51.64083,45,[DB2002b] G274.73+0.02,HMST 274.7+0.0,,,,,
HMST 274.9+0.0,144.5125,-51.0675,5,[DB2002b] G274.92+0.97,,,,,,
FeSt 1-115,138.04583,-55.05639,37,[DB2002b] G274.92-4.59,,,,,,
HMST 275.3-0.4,143.41667,-52.31444,16,[DB2002b] G275.25-0.4,,,,,,
FeSt 2-69,144.72083,-51.47833,4,[DB2002b] G275.29+0.75,HMST 275.3+0.8,,,,,
HMST 275.3+2.1,146.10833,-50.51361,5,[DB2002b] G275.32+2.05,,,,,,
HMST 275.4+0.0,143.98333,-52.07611,8,[DB2002b] G275.35+0,,,,,,
FeSt 2-70,144.32917,-52.05889,6,[DB2002b] G275.5+0.15,,,,,,
FeSt 1-116,146.45,-50.58139,23,[DB2002b] G275.52+2.14,,,,,,
HMST 275.5+2.1,146.35833,-50.64278,4,[DB2002b] G275.52+2.05,,,,,,
HMST 275.7+2.0,146.52083,-50.78472,12,[DB2002b] G275.69+2.01,,,,,,
HMST 275.7+0.3,144.74583,-52.09167,12,[DB2002b] G275.71+0.3,,,,,,
IREC 405,168.04167,-24.37806,75,[DB2002b] G275.74+33.2,DIR 276+33,,,,,
HMST 275.7+4.5,149.025,-48.87306,12,[DB2002b] G275.74+4.51,,,,,,
IREC 406,159.87083,-37.5125,94,[DB2002b] G275.87+18.33,,,,,,
IREC 407,131.07083,-59.4975,89,[DB2002b] G275.89-10.33,,,,,,
HMST 275.9+1.9,146.6375,-51.06,12,[DB2002b] G275.92+1.85,,,,,,
Sandqvist 121,146.625,-51.065,5,[DB2002b] G275.93+1.84,FeSt 2-71,BHR 55,,,,
FeSt 1-117,145.40833,-52.345,123,[DB2002b] G276.18+0.39,,,,,,
HMST 276.2-10.6,131.05417,-59.90056,4,[DB2002b] G276.21-10.57,BHR 56,,,,,
FeSt 1-118,144.57083,-53.16778,22,[DB2002b] G276.34-0.56,HMST 276.3-0.6,,,,,
FeSt 1-119,142.65,-54.50389,41,[DB2002b] G276.42-2.32,,,,,,
HMST 276.4+0.0,146.3375,-52.08111,28,[DB2002b] G276.44+0.95,,,,,,
HMST 276.5+1.9,147.36667,-51.38861,6,[DB2002b] G276.49+1.89,,,,,,
HMST 276.6-14.5,124.875,-62.42361,7,[DB2002b] G276.62-14.46,,,,,,
FeSt 1-120,149.9,-49.67361,88,[DB2002b] G276.68+4.23,,,,,,
HMST 276.8-10.4,132.07083,-60.18917,4,[DB2002b] G276.75-10.35,,,,,,
FeSt 2-72,147.625,-51.71778,6,[DB2002b] G276.81+1.74,,,,,,
FeSt 1-121,147.6875,-51.73944,16,[DB2002b] G276.86+1.74,HMST 276.9+1.7,,,,,
HMST 277.0-2.4,143.30417,-54.91917,22,[DB2002b] G276.97-2.36,,,,,,
FeSt 1-122,143.2,-55.12222,112,[DB2002b] G277.07-2.56,,,,,,
IREC 408,155.02917,-45.87306,102,[DB2002b] G277.29+9.33,,,,,,
HMST 277.7-2.5,144.10833,-55.46306,5,[DB2002b] G277.67-2.46,,,,,,
FeSt 1-123,141.49583,-57.16722,96,[DB2002b] G277.79-4.69,,,,,,
FeSt 1-125,148.34167,-53.12972,55,[DB2002b] G278.05+0.91,HMST 278.1+0.9,,,,,
HMST 278.2-2.1,145.15833,-55.50611,28,[DB2002b] G278.15-2.09,,,,,,
FeSt 2-73,145.43333,-55.49528,6,[DB2002b] G278.26-1.98,,,,,,
FeSt 1-124,150.5375,-51.74167,72,[DB2002b] G278.26+2.82,,,,,,
IREC 409,48.325,-61.44806,98,[DB2002b] G278.28-48.33,,,,,,
HMST 278.5-4.9,142.14167,-57.80083,4,[DB2002b] G278.47-4.9,,,,,,
FeSt 1-126,151,-51.85944,35,[DB2002b] G278.56+2.9,HMST 278.6+2.9,,,,,
FeSt 1-127,147.1,-54.94139,35,[DB2002b] G278.62-0.94,HMST 278.6-0.9,,,,,
FeSt 1-128,146.76667,-55.43222,148,[DB2002b] G278.79-1.45,,,,,,
HMST 279.0-16.1,124.4625,-65.20222,16,[DB2002b] G278.99-16.05,,,,,,
HMST 279.1-0.6,148.01667,-54.98056,12,[DB2002b] G279.06-0.64,,,,,,
FeSt 1-129,146.17083,-56.42889,16,[DB2002b] G279.18-2.42,HMST 279.2-2.4,,,,,
HMST 279.5+1.1,150.4375,-53.90472,16,[DB2002b] G279.51+1.06,,,,,,
FeSt 1-130,156.33333,-48.87111,31,[DB2002b] G279.69+7.29,,,,,,
FeSt 1-131,157.14167,-48.20583,23,[DB2002b] G279.78+8.15,,,,,,
Sandqvist 122,158.67917,-46.60861,8,[DB2002b] G279.86+10.05,,,,,,
HMST 279.9-7.0,141.25,-60.33639,3,[DB2002b] G279.92-7.04,,,,,,
HMST 280.0-7.7,140.39167,-60.83056,16,[DB2002b] G279.97-7.69,,,,,,
HMST 280.0-0.0,149.96667,-55.09028,5,[DB2002b] G280-0.04,,,,,,
DIR 280-55,37.45833,-57.52778,190,[DB2002b] G280-55,,,,,,
FeSt 2-74,150.46667,-54.94167,6,[DB2002b] G280.15+0.25,,,,,,
IREC 410,55.3875,-65.60139,80,[DB2002b] G280.36-43.33,,,,,,
FeSt 1-132,152.4875,-53.74806,55,[DB2002b] G280.39+1.9,HMST 280.4+1.9,,,,,
HMST 280.5-2.1,148.38333,-57.02139,22,[DB2002b] G280.49-2.11,,,,,,
DIR 281+40,174.57917,-20.16556,120,[DB2002b] G280.5+39.5,,,,,,
FeSt 2-75,149.825,-56.50667,6,[DB2002b] G280.81-1.22,,,,,,
IREC 412,165.55833,-39.13944,108,[DB2002b] G280.83+19,,,,,,
FeSt 1-133,152.25,-55.1625,72,[DB2002b] G281.11+0.67,,,,,,
IREC 413,38.76667,-59.57083,78,[DB2002b] G281.36-53,,,,,,
IREC 414,164.70833,-41.7925,75,[DB2002b] G281.43+16.33,,,,,,
IREC 415,170.075,-32.37333,89,[DB2002b] G281.46+26.67,,,,,,
FeSt 1-134,151.3625,-56.62694,107,[DB2002b] G281.55-0.81,,,,,,
FeSt 1-135,159.07083,-49.59278,29,[DB2002b] G281.6+7.6,,,,,,
HMST 281.7-4.4,147.38333,-59.49389,12,[DB2002b] G281.65-4.36,,,,,,
DIR 282-41,58.62917,-67.89667,240,[DB2002b] G282-41,,,,,,
IREC 416,177.87917,-15.4575,104,[DB2002b] G282.3+45,,,,,,
HMST 282.4+0.5C,153.94167,-56.02778,270,[DB2002b] G282.38+0.5,,,,,,
HMST 282.7-2.5,151.19167,-58.67167,3,[DB2002b] G282.69-2.51,,,,,,
FeSt 2-76,150.45833,-59.19167,6,[DB2002b] G282.69-3.15,,,,,,
HMST 282.8-3.2,150.55417,-59.24528,22,[DB2002b] G282.76-3.16,,,,,,
FeSt 2-77,150.80833,-59.5925,6,[DB2002b] G283.07-3.37,,,,,,
FeSt 2-78,153.89583,-57.38278,6,[DB2002b] G283.12-0.64,,,,,,
FeSt 2-79,153.94583,-57.34944,6,[DB2002b] G283.13-0.59,,,,,,
FeSt 1-136,155.2625,-56.61889,178,[DB2002b] G283.32+0.42,,,,,,
FeSt 2-80,154.22083,-57.91667,6,[DB2002b] G283.57-0.98,,,,,,
FeSt 2-81,153.7375,-58.66583,6,[DB2002b] G283.77-1.74,,,,,,
HMST 283.8-3.4,151.87083,-60.04667,3,[DB2002b] G283.78-3.41,,,,,,
FeSt 2-82,151.85833,-60.06167,6,[DB2002b] G283.79-3.43,,,,,,
FeSt 1-137,163.9,-48.73361,25,[DB2002b] G284.03+9.83,,,,,,
IREC 417,17.0125,-36.84222,113,[DB2002b] G284.07-79.67,,,,,,
HMST 284.1-3.1,152.77917,-60.01694,3,[DB2002b] G284.13-3.13,,,,,,
FeSt 1-138,154.91667,-58.71833,173,[DB2002b] G284.31-1.45,,,,,,
FeSt 2-83,156.03333,-57.83722,6,[DB2002b] G284.33-0.38,,,,,,
HMST 284.4-20.4,120.44583,-71.80278,8,[DB2002b] G284.4-20.43,,,,,,
FeSt 1-139,153.96667,-59.68944,35,[DB2002b] G284.44-2.52,HMST 284.4-2.5,,,,,
HMST 284.5-0.8,155.82083,-58.31,40,[DB2002b] G284.48-0.84,,,,,,
FeSt 2-84,153.80417,-60.3175,6,[DB2002b] G284.72-3.08,HMST 284.7-03,,,,,
FeSt 1-140,155.57917,-59.08806,28,[DB2002b] G284.79-1.57,HMST 284.8-1.6,,,,,
HMST 284.9-20.8,120.14583,-72.40333,55,[DB2002b] G284.94-20.77,,,,,,
FeSt 2-85,156.05,-59.00389,6,[DB2002b] G284.95-1.37,,,,,,
HMST 285.0+0.9,158.35417,-57.09833,22,[DB2002b] G285+0.89,,,,,,
FeSt 1-142,165.17917,-49.56861,25,[DB2002b] G285.15+9.44,,,,,,
FeSt 1-141,163.5375,-51.76639,32,[DB2002b] G285.15+7.02,,,,,,
FeSt 2-86,156.15,-59.30417,6,[DB2002b] G285.16-1.6,,,,,,
FeSt 2-87,157.1375,-58.58917,6,[DB2002b] G285.22-0.73,,,,,,
HMST 285.3+0.3,158.29583,-57.71972,16,[DB2002b] G285.29+0.33,,,,,,
HMST 285.3-1.6,156.3625,-59.41944,3,[DB2002b] G285.31-1.63,BHR 57,,,,,
HMST 285.3-0.4,157.65417,-58.35028,28,[DB2002b] G285.32-0.37,,,,,,
HMST 285.4+1.1,159.1,-57.10444,5,[DB2002b] G285.36+1.08,,,,,,
FeSt 2-88,155.8875,-60.20361,6,[DB2002b] G285.52-2.43,,,,,,
HMST 285.6+5.4,162.97917,-53.36417,8,[DB2002b] G285.55+5.42,,,,,,
HMST 285.7-0.6,157.97083,-58.71417,28,[DB2002b] G285.65-0.6,,,,,,
HMST 285.7+4.2,162.15,-54.53944,6,[DB2002b] G285.65+4.15,,,,,,
IREC 418,117.2375,-73.52778,134,[DB2002b] G285.7-22,,,,,,
FeSt 1-143,163.15417,-53.64917,42,[DB2002b] G285.78+5.22,,,,,,
FeSt 2-89,155.9375,-60.65361,6,[DB2002b] G285.79-2.8,,,,,,
HMST 285.8-1.6,157.275,-59.61111,16,[DB2002b] G285.8-1.55,,,,,,
FeSt 2-90,162.67083,-54.43194,6,[DB2002b] G285.87+4.39,,,,,,
HMST 285.9+4.5,162.84583,-54.31889,22,[DB2002b] G285.91+4.53,,,,,,
HMST 286.0+1.0,160.0625,-57.44611,16,[DB2002b] G285.98+1.04,,,,,,
HMST 286.0+5.1,163.42917,-53.83639,12,[DB2002b] G286+5.12,,,,,,
FeSt 1-144,164.3625,-52.90083,41,[DB2002b] G286.11+6.2,,,,,,
HMST 286.2+5.5,163.97917,-53.53056,7,[DB2002b] G286.16+5.53,,,,,,
HMST 286.2-0.7,158.78333,-59.10056,12,[DB2002b] G286.2-0.72,,,,,,
HMST 286.2+0.4,159.81667,-58.1325,35,[DB2002b] G286.2+0.38,,,,,,
FeSt 1-145,159.60417,-58.39361,59,[DB2002b] G286.23+0.09,,,,,,
HMST 286.2-1.3,158.2375,-59.62472,4,[DB2002b] G286.23-1.32,,,,,,
HMST 286.3+3.3,162.4125,-55.565,16,[DB2002b] G286.25+3.31,,,,,,
HMST 286.4-0.4,159.34583,-58.93333,16,[DB2002b] G286.37-0.43,,,,,,
HMST 286.5-3.1,156.83333,-61.23028,12,[DB2002b] G286.46-3.05,,,,,,
HMST 286.5+0.4,160.25,-58.26639,14,[DB2002b] G286.46+0.37,,,,,,
HMST 286.5+0.7,160.58333,-58.01194,22,[DB2002b] G286.5+0.68,,,,,,
FeSt 1-146,164.5875,-53.86778,28,[DB2002b] G286.65+5.38,,,,,,
FeSt 1-147,163.04167,-55.94917,26,[DB2002b] G286.74+3.13,,,,,,
FeSt 1-148,157.47917,-61.38667,28,[DB2002b] G286.81-3.02,HMST 286.8-3.0,,,,,
HMST 286.9-3.7,156.875,-61.98389,12,[DB2002b] G286.87-3.68,,,,,,
Carina DN Complex,160.25,-59.2,190,[DB2002b] G286.91-0.45,,,,,,
HMST 287.0+2.9,163.20833,-56.24111,16,[DB2002b] G286.95+2.9,,,,,,
FeSt 2-91,162.7375,-56.78194,6,[DB2002b] G286.97+2.31,,,,,,
HMST 287.1-2.7,158.22083,-61.25806,16,[DB2002b] G287.05-2.73,,,,,,
HMST 287.1-1.5,159.55,-60.19528,3,[DB2002b] G287.08-1.48,,,,,,
HMST 287.1+0.5,161.48333,-58.45361,16,[DB2002b] G287.12+0.51,,,,,,
HMST 287.1+2.4,163.09167,-56.76583,6,[DB2002b] G287.12+2.4,,,,,,
HMST 287.2+1.2,162.15417,-57.87278,12,[DB2002b] G287.17+1.19,,,,,,
HMST 287.2+0.1,161.3375,-58.82833,22,[DB2002b] G287.23+0.14,,,,,,
FeSt 1-149,161.0375,-59.14611,52,[DB2002b] G287.24-0.21,,,,,,
HMST 287.3-2.4,159,-61.12611,5,[DB2002b] G287.31-2.43,,,,,,
HMST 287.3-3.3,158.1125,-61.88278,4,[DB2002b] G287.32-3.29,,,,,,
HMST 287.4+0.6,162.08333,-58.53778,12,[DB2002b] G287.44+0.58,,,,,,
FeSt 1-150,162.85833,-57.74889,12,[DB2002b] G287.45+1.47,,,,,,
FeSt 1-151,164.85833,-55.45167,13,[DB2002b] G287.45+4.03,,,,,,
DIR 288+32,177.89583,-29.07194,180,[DB2002b] G287.5+32,,,,,,
HMST 287.6+8.0,167.76667,-51.83167,16,[DB2002b] G287.58+8.02,,,,,,
Sandqvist 123,160.84167,-60.25083,5,[DB2002b] G287.67-1.22,HMST 287.7-1.2,,,,,
HMST 287.7+4.1,165.4,-55.47056,6,[DB2002b] G287.74+4.12,,,,,,
FeSt 1-152,167.8375,-52.23833,33,[DB2002b] G287.79+7.66,,,,,,
HMST 287.8+2.0,163.875,-57.47361,12,[DB2002b] G287.82+1.95,,,,,,
HMST 287.9+2.3,164.32917,-57.2425,14,[DB2002b] G287.94+2.27,,,,,,
FeSt 1-153,164.29583,-57.2675,35,[DB2002b] G287.94+2.24,,,,,,
HMST 288.0+2.0,164.32083,-57.4925,16,[DB2002b] G288.04+2.04,,,,,,
HMST 288.1+0.9,163.42083,-58.53639,12,[DB2002b] G288.06+0.89,,,,,,
FeSt 2-92,164.32083,-57.55083,6,[DB2002b] G288.07+1.99,,,,,,
HMST 288.2-0.2,162.72083,-59.52528,14,[DB2002b] G288.18-0.15,,,,,,
HMST 288.3+1.2,163.99167,-58.39056,3,[DB2002b] G288.27+1.15,,,,,,
HMST 288.3+7.3,168.32917,-52.79722,12,[DB2002b] G288.27+7.25,,,,,,
HMST 288.3+1.1,163.92083,-58.48528,7,[DB2002b] G288.27+1.05,,,,,,
FeSt 1-154,163.32917,-59.23278,88,[DB2002b] G288.33+0.25,,,,,,
FeSt 1-155,167.62917,-54.07139,22,[DB2002b] G288.36+5.93,,,,,,
DBDN 288.5+53.1,184.18333,-8.75917,126,[DB2002b] G288.54+53.14,,,,,,
FeSt 2-93,163.5125,-59.70472,16,[DB2002b] G288.62-0.13,HMST 288.6-0.1,,,,,
HMST 288.7+0.3,164.00417,-59.32722,4,[DB2002b] G288.68+0.31,,,,,,
HMST 288.7+0.5,164.1875,-59.15083,12,[DB2002b] G288.69+0.51,,,,,,
IREC 419,137.6125,-73.43111,100,[DB2002b] G288.75-17,,,,,,
HMST 288.8+1.0,164.76667,-58.74472,22,[DB2002b] G288.78+1,,,,,,
HMST 288.8+2.5,165.99167,-57.38806,14,[DB2002b] G288.82+2.5,,,,,,
HMST 288.9+1.6,165.4375,-58.25389,3,[DB2002b] G288.9+1.59,,,,,,
FeSt 1-156,165.27083,-58.53556,33,[DB2002b] G288.94+1.31,,,,,,
HMST 289.0-3.8,160.62917,-63.16222,6,[DB2002b] G288.96-3.84,,,,,,
HMST 289.0+1.3,165.34167,-58.55056,12,[DB2002b] G288.98+1.3,,,,,,
DIR 289-53,30.91667,-62.13083,210,[DB2002b] G289-53,,,,,,
HMST 289.0-5.8,158.59167,-64.85361,22,[DB2002b] G289.01-5.75,,,,,,
FeSt 2-94,158.925,-64.77583,6,[DB2002b] G289.11-5.62,,,,,,
HMST 289.1+1.6,165.84167,-58.37944,7,[DB2002b] G289.15+1.57,,,,,,
FeSt 2-95,163.31667,-61.13278,6,[DB2002b] G289.16-1.46,,,,,,
HMST 289.2+1.8,166.17917,-58.18333,5,[DB2002b] G289.23+1.82,,,,,,
FeSt 2-96,162.24583,-62.38472,3,[DB2002b] G289.26-2.8,HMST 289.3-2.8,BHR 58,,,,
FeSt 1-157,159.45417,-64.77694,126,[DB2002b] G289.3-5.51,,,,,,
FeSt 1-158,168.27917,-55.75556,45,[DB2002b] G289.35+4.51,,,,,,
HMST 289.4+0.1,165.1625,-59.78194,16,[DB2002b] G289.4+0.14,,,,,,
HMST 289.8-3.2,162.85417,-62.99222,12,[DB2002b] G289.78-3.22,,,,,,
DBDN 289.8-30.7,82.48333,-77.97194,230,[DB2002b] G289.8-30.7,,,,,,
FeSt 2-97,165.00417,-61.185,6,[DB2002b] G289.91-1.16,,,,,,
DIR 290-62,23.175,-54.08,270,[DB2002b] G290-62,,,,,,
IREC 420,100.64583,-78.80861,60,[DB2002b] G290.36-27,,,,,,
DBDN 290.4-44.9,38.85833,-69.52528,193,[DB2002b] G290.41-44.99,,,,,,
FeSt 1-159,167.30833,-59.87111,67,[DB2002b] G290.43+0.5,,,,,,
HMST 290.4+1.9,168.35,-58.60222,28,[DB2002b] G290.44+1.87,,,,,,
HMST 290.5+1.7,168.28333,-58.81222,4,[DB2002b] G290.49+1.66,,,,,,
FeSt 2-98,162.1,-65.21444,6,[DB2002b] G290.5-5.36,,,,,,
FeSt 1-160,159.37917,-67.32667,54,[DB2002b] G290.54-7.73,,,,,,
FeSt 2-99,167.8875,-59.505,6,[DB2002b] G290.56+0.95,,,,,,
HMST 290.7+1.1,168.20417,-59.40722,22,[DB2002b] G290.67+1.09,,,,,,
FeSt 1-161,171.025,-55.55806,22,[DB2002b] G290.74+5.23,,,,,,
IREC 421,189.2,10.145,110,[DB2002b] G290.76+72.67,,,,,,
Sandqvist 124,164.79583,-63.71528,8,[DB2002b] G290.88-3.5,FeSt 2-100,[LM99] 103,,,,
IREC 422,181.34167,-28.79222,75,[DB2002b] G290.89+33,,,,,,
HMST 290.9-2.1,166.15417,-62.48333,12,[DB2002b] G290.94-2.12,,,,,,
HMST 291.0-3.5,164.97917,-63.73833,22,[DB2002b] G290.96-3.48,,,,,,
HMST 291.0+2.1,169.56667,-58.60833,8,[DB2002b] G291.03+2.09,,,,,,
Sandqvist 125,166.77917,-62.09722,6,[DB2002b] G291.05-1.65,FeSt 2-102,HMST 291.1-1.7,BHR 59,,,
HMST 291.1+1.7,169.35833,-58.94833,7,[DB2002b] G291.05+1.73,,,,,,
FeSt 2-101,169.375,-58.94,6,[DB2002b] G291.07+1.75,,,,,,
FeSt 1-162,172.00833,-55.00861,39,[DB2002b] G291.08+5.94,,,,,,
FeSt 1-163,173.06667,-53.19278,20,[DB2002b] G291.11+7.86,,,,,,
HMST 291.1-2.9,165.8625,-63.25611,12,[DB2002b] G291.13-2.88,,,,,,
HMST 291.2+1.1,169.0625,-59.61472,14,[DB2002b] G291.15+1.06,,,,,,
FeSt 1-164,164.80833,-64.50167,29,[DB2002b] G291.22-4.21,,,,,,
IREC 423,179.89583,-36.02972,100,[DB2002b] G291.32+25.67,,,,,,
Sandqvist 126,167.2625,-62.31611,16,[DB2002b] G291.34-1.76,HMST 291.3-1.8,,,,,
HMST 291.4-0.9,168.04167,-61.50194,35,[DB2002b] G291.37-0.87,,,,,,
Sandqvist 127,168.61667,-60.88417,5,[DB2002b] G291.4-0.2,FeSt 2-103,HMST 291.4-0.2,BHR  60,,,
HMST 291.4-4.2,165.27917,-64.56556,12,[DB2002b] G291.43-4.18,,,,,,
FeSt 2-104,165.3875,-64.60222,6,[DB2002b] G291.49-4.19,,,,,,
FeSt 2-105,169.7,-59.80694,6,[DB2002b] G291.52+1,,,,,,
HMST 291.6+0.9,169.72917,-59.88194,6,[DB2002b] G291.56+0.93,,,,,,
HMST 291.6+0.0,169.125,-60.72306,16,[DB2002b] G291.58+0.03,,,,,,
HMST 291.9-0.9,169.0625,-61.67472,22,[DB2002b] G291.89-0.85,,,,,,
HMST 292.0+2.1,171.2,-58.94806,12,[DB2002b] G291.95+2.06,,,,,,
DIR 292-37,53.24583,-76.48167,180,[DB2002b] G292-37,,,,,,
HMST 292.0-2.0,168.44167,-62.7475,12,[DB2002b] G292.01-1.96,,,,,,
[KM86] 293-31,78.04583,-79.7775,120,[DB2002b] G292.1-31,,,,,,
[KM86] 292.1-31.0,78.04583,-79.7775,50,[DB2002b] G292.1-31,,,,,,
HMST 292.1-0.9,169.53333,-61.79833,22,[DB2002b] G292.14-0.89,,,,,,
IREC 424,20.27917,-51.83417,63,[DB2002b] G292.18-64.67,,,,,,
HMST 292.3-0.4,170.10417,-61.36722,16,[DB2002b] G292.25-0.39,,,,,,
Sandqvist 128,167.66667,-64.48833,16,[DB2002b] G292.34-3.7,HMST 292.3-3.7,,,,,
FeSt 1-165,169.03333,-62.98972,160,[DB2002b] G292.35-2.09,,,,,,
FeSt 2-106,167.7125,-64.48417,7,[DB2002b] G292.36-3.7,Car1,,,,,
HMST 292.5+2.2,172.31667,-58.95889,16,[DB2002b] G292.49+2.23,,,,,,
HMST 292.7-3.3,168.75,-64.22111,5,[DB2002b] G292.68-3.28,,,,,,
[KM86] 292.7-19.8,138.70417,-78.10194,60,[DB2002b] G292.7-19.8,,,,,,
FeSt 1-166,172.87917,-58.90917,20,[DB2002b] G292.76+2.38,,,,,,
HMST 292.9+1.3,172.52917,-59.95583,3,[DB2002b] G292.91+1.32,,,,,,
HMST 293.0-4.4,168.3875,-65.34389,5,[DB2002b] G292.95-4.38,,,,,,
FeSt 1-167,169.58333,-64.24,36,[DB2002b] G293.03-3.18,,,,,,
FeSt 2-107,171.6375,-61.675,6,[DB2002b] G293.04-0.45,,,,,,
HMST 293.1+0.6,172.3875,-60.70722,1.5,[DB2002b] G293.07+0.58,BHR 61,,,,,
FeSt 1-168,169.2,-64.83972,69,[DB2002b] G293.08-3.79,,,,,,
HMST 293.1+0.3C,172.275,-61.01389,22,[DB2002b] G293.12+0.27,,,,,,
HMST 293.2-2.8,170.16667,-63.92222,12,[DB2002b] G293.15-2.78,,,,,,
FeSt 2-109,172.37083,-60.97556,6,[DB2002b] G293.15+0.34,,,,,,
FeSt 2-108,172.14167,-61.30889,6,[DB2002b] G293.15-0.01,,,,,,
HMST 293.2+0.4,172.48333,-60.97083,3,[DB2002b] G293.2+0.35,BHR 62,,,,,
[KM86] 293.2-30.9,76.64583,-80.69667,30,[DB2002b] G293.2-30.9,,,,,,
FeSt 2-110,174.19167,-58.54333,6,[DB2002b] G293.3+2.92,,,,,,
HMST 293.3-4.4,169.15,-65.49472,7,[DB2002b] G293.3-4.41,,,,,,
FeSt 1-169,169.14583,-65.50639,22,[DB2002b] G293.3-4.43,,,,,,
HMST 293.3+0.1,172.54167,-61.2225,2,[DB2002b] G293.31+0.12,BHR 63,,,,,
HMST 293.3-0.6,172.08333,-61.96056,7,[DB2002b] G293.33-0.64,,,,,,
HMST 293.3-0.9,171.9625,-62.16528,3,[DB2002b] G293.34-0.85,BHR 64,,,,,
Sandqvist 129,172.0375,-62.15861,7,[DB2002b] G293.38-0.84,FeSt 2-112,,,,,
FeSt 2-111,170.66667,-64.18611,7,[DB2002b] G293.45-2.96,HMST 293.5-3.0,,,,,
IREC 425,180.15417,-44.60806,78,[DB2002b] G293.49+17.33,,,,,,
HMST 293.5-0.8C,172.34583,-62.19222,28,[DB2002b] G293.52-0.82,,,,,,
FeSt 2-113,171.98333,-62.92528,6,[DB2002b] G293.6-1.57,,,,,,
HMST 293.6-2.0,171.75833,-63.29861,3,[DB2002b] G293.61-1.96,,,,,,
FeSt 2-114,173.325,-61.40944,6,[DB2002b] G293.73+0.06,,,,,,
FeSt 2-115,174.1875,-60.07667,6,[DB2002b] G293.74+1.45,,,,,,
FeSt 2-116,174.1875,-60.11,6,[DB2002b] G293.75+1.42,,,,,,
HMST 294.0+6.3,177.0375,-55.49111,4,[DB2002b] G293.99+6.27,,,,,,
FeSt 1-170,170.25417,-66.34083,29,[DB2002b] G294.02-5.05,,,,,,
FeSt 2-117,172.3375,-63.85889,6,[DB2002b] G294.04-2.42,,,,,,
IREC 426,19.2625,-52.68472,78,[DB2002b] G294.06-64,,,,,,
FeSt 1-171,173.55,-62.20972,90,[DB2002b] G294.06-0.67,,,,,,
FeSt 1-172,177.29167,-55.52778,36,[DB2002b] G294.15+6.28,,,,,,
HMST 294.2+6.1,177.2625,-55.67278,5,[DB2002b] G294.16+6.13,,,,,,
HMST 294.2-19.0,146.5125,-78.58222,35,[DB2002b] G294.22-18.98,,,,,,
HMST 294.3-2.0-Globule,173.0375,-63.48194,2,[DB2002b] G294.22-1.96,,,,,,
HMST 294.3-0.8,173.88333,-62.36833,6,[DB2002b] G294.25-0.78,,,,,,
HMST 294.3-2.0,173.10417,-63.49111,8,[DB2002b] G294.25-1.95,,,,,,
HMST 294.3+2.7,175.87917,-59.0425,3,[DB2002b] G294.28+2.68,BHR 65,,,,,
HMST 294.3-0.1,174.3875,-61.74333,2,[DB2002b] G294.3-0.11,BHR 66,,,,,
HMST 294.4-3.1,172.5875,-64.5875,22,[DB2002b] G294.36-3.07,,,,,,
[KM86] 294.4-14.0,159.925,-74.64583,80,[DB2002b] G294.4-14,IREC 427,,,,,
FeSt 1-173,176.28333,-58.74417,63,[DB2002b] G294.41+3.03,,,,,,
HMST 294.4-0.9,174.1375,-62.53167,7,[DB2002b] G294.41-0.9,,,,,,
HMST 294.5-2.8,173.00833,-64.38778,4,[DB2002b] G294.48-2.82,,,,,,
HMST 294.5-1.6,173.85,-63.24639,5,[DB2002b] G294.49-1.62,,,,,,
FeSt 2-118,173.01667,-64.54278,6,[DB2002b] G294.53-2.97,,,,,,
[KM86] 294.6-19.7,145.3,-79.34667,120,[DB2002b] G294.6-19.7,,,,,,
HMST 294.6-2.9C,173.33333,-64.49278,28,[DB2002b] G294.64-2.88,,,,,,
FeSt 1-174,174.15417,-63.31,70,[DB2002b] G294.65-1.65,,,,,,
HMST 294.7-2.1,174.04167,-63.72333,12,[DB2002b] G294.71-2.05,,,,,,
Sandqvist 130,173.68333,-64.57806,5,[DB2002b] G294.81-2.92,HMST 294.8-2.9,,,,,
HMST 294.9+0.1,175.70833,-61.73917,2,[DB2002b] G294.9+0.05,BHR 67,,,,,
HMST 294.9-2.6,174.20417,-64.26,28,[DB2002b] G294.93-2.55,,,,,,
HMST 295.0+0.8,176.20833,-61.0825,8,[DB2002b] G294.96+0.75,,,,,,
Sandqvist 131,177.49583,-58.55139,6,[DB2002b] G294.97+3.36,FeSt 2-119,HMST 295.0+3.4,,,,
HMST 295.0+1.3,176.55,-60.56278,5,[DB2002b] G294.99+1.3,BHR 68,,,,,
HMST 295.1-2.0,174.8875,-63.75861,5,[DB2002b] G295.08-1.98,,,,,,
FeSt 2-120,176.63333,-61.06111,6,[DB2002b] G295.16+0.83,,,,,,
HMST 295.2+0.0,176.825,-60.94278,5,[DB2002b] G295.22+0.96,,,,,,
FeSt 2-121,164.70833,-74.00139,6,[DB2002b] G295.27-12.83,,,,,,
HMST 295.3-12.8,164.8125,-74.01,12,[DB2002b] G295.29-12.82,,,,,,
[KM86] 295.3-36.2,46.52083,-78.85167,45,[DB2002b] G295.3-36.2,,,,,,
[KM86] 295.3-13.0,164.54167,-74.16889,180,[DB2002b] G295.3-13,,,,,,
IREC 428,16.09167,-44.60694,120,[DB2002b] G295.33-72.33,,,,,,
FeSt 1-175,177.89167,-59.44472,30,[DB2002b] G295.39+2.55,,,,,,
HMST 295.4+0.5,177,-61.43444,3,[DB2002b] G295.42+0.5,BHR 69,,,,,
HMST 295.5+0.4,177.0375,-61.50944,2,[DB2002b] G295.46+0.44,BHR 70,,,,,
FeSt 2-122,177.03333,-62.39444,6,[DB2002b] G295.67-0.42,,,,,,
FeSt 1-176,175.23333,-65.37722,136,[DB2002b] G295.67-3.5,,,,,,
HMST 295.7+0.0,177.86667,-61.04806,2,[DB2002b] G295.73+0.98,,,,,,
HMST 295.8-0.3,177.25,-62.33944,12,[DB2002b] G295.75-0.34,,,,,,
FeSt 2-123,176.7,-64.51111,6,[DB2002b] G296.04-2.5,,,,,,
HMST 296.1-2.5,176.79167,-64.52278,22,[DB2002b] G296.08-2.5,,,,,,
FeSt 1-177,173.19167,-69.70611,16,[DB2002b] G296.16-7.87,HMST 296.2-7.9,,,,,
Sandqvist 132,162.6625,-77.07722,12,[DB2002b] G296.21-15.8,HMST 296.2-15.8,[LM99] 101,,,,
HMST 296.2-3.6,176.49167,-65.56611,14,[DB2002b] G296.22-3.55,,,,,,
FeSt 2-124,176.95417,-64.99444,6,[DB2002b] G296.28-2.94,,,,,,
IREC 430,182.37917,-51.66444,66,[DB2002b] G296.34+10.67,,,,,,
HMST 296.4-2.9,177.16667,-64.99444,28,[DB2002b] G296.35-2.92,,,,,,
FeSt 1-178,174.61667,-68.69361,32,[DB2002b] G296.36-6.75,,,,,,
Sandqvist 133,164.04167,-77.12389,16,[DB2002b] G296.52-15.7,HMST 296.5-15.7,,,,,
FeSt 2-125,164.19167,-77.08222,5,[DB2002b] G296.54-15.66,[LM99] 102,,,,,
[KM86] 296.7-12.7,169.6125,-74.43583,45,[DB2002b] G296.7-12.7,,,,,,
IREC 431,184.55417,-44.47,98,[DB2002b] G296.71+18,,,,,,
FeSt 2-126,167.39167,-76.10472,6,[DB2002b] G296.82-14.46,,,,,,
HMST 296.8-14.5,167.31667,-76.17139,45,[DB2002b] G296.82-14.52,,,,,,
Chamaeleon I,165.5,-77.16667,175,[DB2002b] G296.85-15.61,IREC 432,,,,,
FeSt 1-180,178.62083,-64.71139,53,[DB2002b] G296.9-2.51,,,,,,
HMST 297.0-1.7,179.175,-63.98167,4,[DB2002b] G296.97-1.74,,,,,,
Sandqvist 134,167.38333,-76.53806,8,[DB2002b] G296.99-14.86,,,,,,
FeSt 2-127,180.9875,-60.03167,3,[DB2002b] G297.02+2.29,HMST 297.0+2.3,,,,,
FeSt 1-181,165.88333,-77.45306,21,[DB2002b] G297.05-15.82,,,,,,
FeSt 1-182,181.09583,-59.92833,25,[DB2002b] G297.06+2.41,,,,,,
HMST 297.1-16.1,165.5875,-77.69944,18,[DB2002b] G297.1-16.08,,,,,,
[LM99] 104,165.6125,-77.70889,9,[DB2002b] G297.11-16.09,,,,,,
HMST 297.2-15.1,167.625,-76.82333,28,[DB2002b] G297.15-15.09,,,,,,
BDN 297.28-15.53,166.7,-77.30056,100,[DB2002b] G297.15-15.61,FeSt 1-179,HMST 297.2-15.6C,,,,
[LM99] 105,165.74167,-77.81833,6,[DB2002b] G297.18-16.17,,,,,,
Sandqvist 135,166.59583,-77.55389,47,[DB2002b] G297.24-15.86,FeSt 1-183,,,,,
[LM99] 106,167.8375,-76.91333,10,[DB2002b] G297.24-15.16,,,,,,
HMST 297.3-15.6,167.025,-77.36444,22,[DB2002b] G297.25-15.64,HMST 297.2-15.6,,,,,
HMST 297.3+2.2,181.56667,-60.15333,3,[DB2002b] G297.33+2.22,,,,,,
FeSt 1-184,181.37083,-60.945,123,[DB2002b] G297.38+1.44,,,,,,
FeSt 1-185,171.525,-75.575,45,[DB2002b] G297.58-13.59,,,,,,
FeSt 1-186,173.82917,-73.95972,41,[DB2002b] G297.65-11.87,,,,,,
Sandqvist 136,180.40417,-65.14806,8,[DB2002b] G297.72-2.78,FeSt 2-128,HMST 297.7-2.8,BHR 71,[LM99] 108,,
IREC 433,178.525,-68.96861,87,[DB2002b] G297.8-6.67,,,,,,
Sandqvist 137,181.35,-65.28833,6,[DB2002b] G298.14-2.84,HMST 298.1-2.8,,,,,
FeSt 1-187,181.85417,-64.52806,83,[DB2002b] G298.22-2.05,,,,,,
FeSt 1-188,174.32917,-75.47667,42,[DB2002b] G298.24-13.28,,,,,,
IREC 434,187.675,-36.01278,98,[DB2002b] G298.24+26.67,,,,,,
HMST 298.3-2.7C,181.66667,-65.18667,22,[DB2002b] G298.25-2.72,,,,,,
Sandqvist 138,174.62083,-75.29361,14,[DB2002b] G298.25-13.08,FeSt 2-129,HMST 298.3-13.1,,,,
HMST 298.3-4.5,180.94167,-66.90333,7,[DB2002b] G298.27-4.46,,,,,,
[KM86] 298.3-28.9,78.35833,-85.54417,40,[DB2002b] G298.3-28.9,,,,,,
HMST 298.3-2.8,181.78333,-65.31139,4,[DB2002b] G298.32-2.83,BHR 72,,,,,
HMST 301.5-7.7,188.5875,-70.48056,4,[DB2002b] G301.49-7.65,,,,,,
[LM99] 107,175.04167,-75.27722,3.5,[DB2002b] G298.35-13.04,,,,,,
FeSt 1-189,184.09167,-59.06111,37,[DB2002b] G298.43+3.5,,,,,,
FeSt 1-190,184.99583,-56.11056,52,[DB2002b] G298.54+6.49,,,,,,
FeSt 1-191,184.725,-58.51083,27,[DB2002b] G298.68+4.09,,,,,,
FeSt 2-130,184.65,-58.89417,6,[DB2002b] G298.7+3.71,,,,,,
HMST 298.7+3.4,184.58333,-59.2275,6,[DB2002b] G298.7+3.37,,,,,,
HMST 298.7+3.8,184.72083,-58.8525,16,[DB2002b] G298.72+3.75,,,,,,
HMST 299.0-4.0,182.89583,-66.55139,14,[DB2002b] G298.97-3.98,,,,,,
FeSt 1-192,183.24583,-66.64444,41,[DB2002b] G299.13-4.05,,,,,,
HMST 299.3+0.5,184.9625,-62.13917,45,[DB2002b] G299.25+0.5,,,,,,
IREC 435,190.14167,-17.79444,94,[DB2002b] G299.27+45,,,,,,
HMST 299.4+5.4,186.28333,-57.32667,9,[DB2002b] G299.37+5.36,,,,,,
FeSt 2-131,186.48333,-57.06,6,[DB2002b] G299.45+5.65,,,,,,
HMST 299.5+5.9,186.57917,-56.80667,3,[DB2002b] G299.48+5.89,,,,,,
FeSt 1-193,182.29167,-71.36139,27,[DB2002b] G299.53-8.77,,,,,,
HMST 299.6+5.6,186.6625,-57.09667,6,[DB2002b] G299.55+5.61,BHR 73,,,,,
FeSt 1-194,185.59167,-64.04389,60,[DB2002b] G299.75-1.35,,,,,,
[KM86] 299.8-26.2,120.5,-87.05139,45,[DB2002b] G299.8-26.2,,,,,,
HMST 300.0-3.7,185.53333,-66.45222,3,[DB2002b] G300-3.74,BHR 74,[VMF94] 44,[VMF94] CoS 1,,,
Chamaleon CO Complex,178.525,-78.54417,600,[DB2002b] G300-16,,,,,,
HMST 300.1+4.6,187.4625,-58.13444,8,[DB2002b] G300.07+4.61,,,,,,
[KM86] 300.1-24.5,148.10417,-86.33889,70,[DB2002b] G300.1-24.5,,,,,,
HMST 300.1-2.7,186.07917,-65.37361,24,[DB2002b] G300.1-2.65,,,,,,
FeSt 2-132,186.15,-65.36028,6,[DB2002b] G300.14-2.64,,,,,,
Sandqvist 139,186.05,-66.17861,7,[DB2002b] G300.18-3.45,HMST 300.2-3.5,BHR 75,[LM99] 110,,,
FeSt 1-196,187.89583,-56.82583,87,[DB2002b] G300.2+5.94,,,,,,
HMST 300.2+5.0,187.775,-57.77583,7,[DB2002b] G300.21+4.98,,,,,,
FeSt 1-195,178.62917,-79.46306,22,[DB2002b] G300.23-16.89,HMST 300.2-16.9,,,,,
IREC 436,15.89167,-60.73528,94,[DB2002b] G300.26-56.33,,,,,,
IREC 437,164.03333,-84.93917,100,[DB2002b] G300.29-22.67,,,,,,
DC300-17 DN Complex,179.25,-79.33333,60,[DB2002b] G300.33-16.74,,,,,,
FeSt 1-197,187.9,-59.00917,29,[DB2002b] G300.38+3.77,,,,,,
FeSt 2-133,186.78333,-66.05972,6,[DB2002b] G300.47-3.31,,,,,,
Sandqvist 140,187.075,-65.89972,9,[DB2002b] G300.56-3.13,HMST 300.6-3.1,BHR 76,,,,
HMST 300.6-3.0,187.14167,-65.72972,16,[DB2002b] G300.58-2.96,,,,,,
[VMF94] 29,185.4375,-72.02444,7,[DB2002b] G300.62-9.29,[VMF94] Mu 2,,,,,
Sandqvist 141,185.43333,-72.3675,10,[DB2002b] G300.66-9.63,[VMF94] 28,[VMF94] Mu 1,,,,
HMST 300.7-1.0,187.7125,-63.80778,16,[DB2002b] G300.66-1.02,,,,,,
HMST 300.7-1.5,187.64583,-64.31444,7,[DB2002b] G300.67-1.53,,,,,,
[VMF94] 30,185.58333,-72.14306,7,[DB2002b] G300.68-9.4,[VMF94] Mu 3,,,,,
HMST 300.7+5.2,188.66667,-57.62194,12,[DB2002b] G300.68+5.17,,,,,,
Sandqvist 142,187.875,-63.74611,10,[DB2002b] G300.73-0.95,FeSt 2-134,Tapia 2,BHR 77,[LM99] 114,[VMF94] 45,[VMF94] CoS 2
FeSt 1-199,185.84583,-72.36028,51,[DB2002b] G300.79-9.61,,,,,,
[KM86] 300.8-31.5,35.38333,-85.25,60,[DB2002b] G300.8-31.5,,,,,,
[LM99] 109,186.09583,-71.87583,4,[DB2002b] G300.81-9.12,[VMF94] 31,[VMF94] Mu 4 rel Sandqvist 143,,,,
Sandqvist 143,186.25,-71.74333,11,[DB2002b] G300.84-8.98,,,,,,
FeSt 2-135,187.89167,-65.35917,6,[DB2002b] G300.86-2.56,,,,,,
Sandqvist 143,186.35417,-71.6875,10,[DB2002b] G300.87-8.92,[VMF94] 32,[VMF94] Mu 5,,,,
FeSt 1-198,187.97083,-65.3625,55,[DB2002b] G300.89-2.56,HMST 300.9-2.6,,,,,
FeSt 1-200,186.45,-71.67667,24,[DB2002b] G300.89-8.91,,,,,,
FeSt 1-203,188.26667,-63.84056,55,[DB2002b] G300.9-1.04,HMST 300.9-1.0,,,,,
[VMF94] 46,188.26667,-63.84083,7,[DB2002b] G300.91-1.04,[VMF94] CoS 3,,,,,
[VMF94] 33,186.5625,-71.44333,7,[DB2002b] G300.91-8.67,[VMF94] Mu 6,,,,,
Musca DN Complex,186.75,-71.56667,180,[DB2002b] G300.98-8.78,,,,,,
[VMF94] 47,188.45833,-63.66222,7,[DB2002b] G300.98-0.86,[VMF94] CoS 4,,,,,
HMST 301.0-8.6C,186.87917,-71.41972,150,[DB2002b] G301-8.63,,,,,,
HMST 301.0-15.8,183.48333,-78.57444,12,[DB2002b] G301.01-15.84,,,,,,
IREC 438,186.69583,-72.45167,108,[DB2002b] G301.05-9.67,,,,,,
[VMF94] 34,187.12083,-71.32194,7,[DB2002b] G301.08-8.53,[VMF94] Mu 7,,,,,
IREC 439,189.90833,-52.15944,98,[DB2002b] G301.09+10.67,,,,,,
[LM99] 111,187.31667,-71.18,8.5,[DB2002b] G301.13-8.39,[VMF94] 35,[VMF94] Mu 8,,,,
FeSt 1-201,189.4375,-58.89139,16,[DB2002b] G301.16+3.94,,,,,,
FeSt 1-202,187.09167,-72.62639,67,[DB2002b] G301.19-9.84,,,,,,
[KM86] 301.2-24.5,161.8,-86.94444,70,[DB2002b] G301.2-24.5,,,,,,
Sandqvist 144,189.075,-63.21,5,[DB2002b] G301.22-0.38,FeSt 2-136,HMST 301.2-0.4,BHR 78,,,
[VMF94] 36,187.70417,-71.17639,7,[DB2002b] G301.25-8.37,[VMF94] Mu 9,,,,,
[LM99] 112,187.72917,-71.04778,7,[DB2002b] G301.25-8.24,[VMF94] 37,[VMF94] Mu 10,,,,
Sandqvist 145,187.75833,-71.05111,12,[DB2002b] G301.26-8.25,,,,,,
FeSt 2-137,184.3625,-79.26083,6,[DB2002b] G301.29-16.5,,,,,,
[VMF94] 38,187.92083,-71.02806,7,[DB2002b] G301.31-8.22,[VMF94] Mu 11,,,,,
HMST 301.4-7.9,188.125,-70.75778,6,[DB2002b] G301.36-7.94,[VMF94] 39,[VMF94] Mu 12,,,,
IREC 440,192.61667,18.13111,118,[DB2002b] G301.46+81,,,,,,
FeSt 1-204,188.4,-70.97556,28,[DB2002b] G301.47-8.15,,,,,,
HMST 301.5-2.8,189.46667,-65.63306,16,[DB2002b] G301.53-2.79,,,,,,
HMST 301.6-7.8,188.7875,-70.66361,22,[DB2002b] G301.57-7.83,,,,,,
Sandqvist 146,188.775,-70.67972,7,[DB2002b] G301.57-7.85,FeSt 2-138,[VMF94] 40,[VMF94] Mu 13,,,
HMST 301.6+7.6,190.5375,-55.23556,8,[DB2002b] G301.59+7.61,,,,,,
HMST 301.6+4.7,190.3625,-58.15917,8,[DB2002b] G301.61+4.68,,,,,,
[VMF94] 41,189.00833,-70.15444,7,[DB2002b] G301.62-7.32,[VMF94] Mu 14,,,,,
HMST 301.6-1.4,189.8625,-64.25278,22,[DB2002b] G301.63-1.41,,,,,,
FeSt 2-139,189.7375,-65.59111,6,[DB2002b] G301.64-2.74,,,,,,
Sandqvist 147,189.23333,-69.51167,7,[DB2002b] G301.65-6.67,HMST 301.7-6.7,BHR 79,,,,
[VMF94] 42,189.07083,-70.55944,7,[DB2002b] G301.66-7.72,[VMF94] Mu 15,,,,,
FeSt 2-140,186.4,-79.39361,6,[DB2002b] G301.69-16.58,[VMF94] 86,[VMF94] Cha 29,,,,
HMST 301.7-16.6,186.4,-79.38167,28,[DB2002b] G301.69-16.57,,,,,,
FeSt 1-205,189.9125,-65.44111,40,[DB2002b] G301.7-2.59,HMST 301.7-2.6C,,,,,
Sandqvist 148,189.9125,-65.44111,5,[DB2002b] G301.7-2.59,HMST 301.7-2.6,BHR  81,,,,
CG 21 DN,189.28333,-69.99833,7,[DB2002b] G301.7-7.16,Sandqvist 149,HMST 301.7-7.2,BHR  80,,,
FeSt 1-206,190.75833,-55.17361,7,[DB2002b] G301.72+7.67,HMST 301.7+7.7,,,,,
HMST 301.8-4.5,189.80417,-67.31278,4,[DB2002b] G301.75-4.46,,,,,,
[VMF94] 43,189.3625,-70.50806,7,[DB2002b] G301.76-7.67,[VMF94] Mu 16,,,,,
FeSt 1-207,189.6875,-69.90806,42,[DB2002b] G301.83-7.06,,,,,,
FeSt 2-141,189.68333,-69.79139,6,[DB2002b] G301.83-6.95,,,,,,
FeSt 1-208,190.9875,-54.80694,19,[DB2002b] G301.84+8.05,,,,,,
[VMF94] 87,186.67917,-80.42056,7,[DB2002b] G301.86-17.6,[VMF94] Cha 30,,,,,
FeSt 1-209,190.8,-60.29028,73,[DB2002b] G301.91+2.56,,,,,,
Sandqvist 150,190.78333,-62.10028,16,[DB2002b] G301.96+0.75,HMST 302.0+0.8,,,,,
FeSt 2-142,190.78333,-62.10056,6,[DB2002b] G301.96+0.76,[VMF94] 48,[VMF94] CoS  5,,,,
CG 20 DN,190.225,-69.87083,4,[DB2002b] G302.01-7.01,Sandqvist 151,HMST 302.0-7.0,BHR  82,,,
HMST 302.0-17.7,187.55,-80.53778,16,[DB2002b] G302.01-17.7,,,,,,
IREC 441,192.25,-14.8675,98,[DB2002b] G302.05+48,,,,,,
[LM99] 113,187.95417,-80.60778,3,[DB2002b] G302.09-17.77,,,,,,
CG 19 DN,191.41667,-55.42306,14,[DB2002b] G302.1+7.43,HMST 302.1+7.4,,,,,
CG 19 Head DN,191.41667,-55.42306,2,[DB2002b] G302.1+7.43,BHR 83,,,,,
[VMF94] 88,188.24167,-80.57583,7,[DB2002b] G302.14-17.73,[VMF94] Cha 31,,,,,
FeSt 2-143,188.62083,-80.39222,6,[DB2002b] G302.19-17.55,,,,,,
FeSt 1-210,190.9875,-67.84028,34,[DB2002b] G302.22-4.97,,,,,,
HMST 302.3-17.7,188.85417,-80.51833,9,[DB2002b] G302.24-17.67,[LM99] 115,[VMF94] 89,[VMF94] Cha 32,,,
FeSt 1-212,188.95417,-80.54694,70,[DB2002b] G302.25-17.69,HMST 302.3-17.7C,,,,,
FeSt 1-211,190.0875,-76.87444,86,[DB2002b] G302.29-14.01,,,,,,
[LM99] 116,189.17083,-80.61833,2,[DB2002b] G302.3-17.76,HMST 302.0-17.7-2,,,,,
HMST 302.3-3.7,191.32083,-66.51833,7,[DB2002b] G302.31-3.65,,,,,,
FeSt 2-144,191.6125,-61.42306,6,[DB2002b] G302.34+1.44,,,,,,
IREC 443,13.27083,-52.79639,85,[DB2002b] G302.36-64.33,,,,,,
HMST 302.4+1.4,191.7,-61.45111,12,[DB2002b] G302.37+1.41,,,,,,
FeSt 1-213,189.725,-80.42472,34,[DB2002b] G302.39-17.56,,,,,,
FeSt 2-145,191.6625,-66.38944,6,[DB2002b] G302.45-3.52,,,,,,
FeSt 2-146,191.7125,-66.00611,6,[DB2002b] G302.46-3.14,,,,,,
HMST 302.5-17.5,190.25417,-80.32917,5,[DB2002b] G302.47-17.46,[LM99] 117,,,,,
[VMF94] 90,190.375,-80.24083,7,[DB2002b] G302.49-17.38,[VMF94] Cha 33,,,,,
Chamaeleon III,190.5,-80.36667,220,[DB2002b] G302.56-17.5,IREC 442,,,,,
HMST 302.6-2.2,191.98333,-65.06417,16,[DB2002b] G302.56-2.19,,,,,,
HMST 302.6-15.9,191.14167,-78.80333,6,[DB2002b] G302.58-15.93,BHR 84,[LM99] 118,,,,
FeSt 2-147,192.11667,-61.6725,6,[DB2002b] G302.58+1.19,,,,,,
[VMF94] 91,190.96667,-79.99056,7,[DB2002b] G302.59-17.12,[VMF94] Cha 34,,,,,
FeSt 2-148,192.05833,-65.25583,6,[DB2002b] G302.6-2.38,,,,,,
Sandqvist 152,191.95833,-69.2475,5,[DB2002b] G302.61-6.37,HMST 302.6-6.4,,,,,
[VMF94] 92,191.10417,-80.25694,7,[DB2002b] G302.62-17.39,[VMF94] Cha 35,,,,,
HMST 302.7-2.9,192.175,-65.81917,12,[DB2002b] G302.65-2.94,,,,,,
[VMF94] 93,191.25833,-80.48472,7,[DB2002b] G302.65-17.62,[VMF94] Cha 36,,,,,
FeSt 1-214,192.39583,-55.08889,61,[DB2002b] G302.66+7.79,,,,,,
FeSt 2-149,192.33333,-58.25556,6,[DB2002b] G302.66+4.61,,,,,,
[VMF94] 58,191.9375,-76.82278,7,[DB2002b] G302.72-13.95,[VMF94] Cha 1,,,,,
HMST 302.7+4.7,192.47083,-58.19389,16,[DB2002b] G302.72+4.67,,,,,,
Coalsack,192.5,-62.65,375,[DB2002b] G302.77+0.22,Coalsack CO Complex,,,,,
[VMF94] 59,192.225,-76.78639,7,[DB2002b] G302.78-13.92,[VMF94] Cha 2,,,,,
[VMF94] 60,192.24583,-77.3625,7,[DB2002b] G302.79-14.49,[VMF94] Cha 3,,,,,
HMST 302.8+1.3,192.59583,-61.58361,35,[DB2002b] G302.8+1.28,,,,,,
HMST 302.8-16.8,192.19167,-79.65583,3,[DB2002b] G302.8-16.78,,,,,,
[VMF94] 61,192.50417,-76.87222,7,[DB2002b] G302.85-14,[VMF94] Cha 4,,,,,
Sandqvist 153,192.59583,-76.92361,12,[DB2002b] G302.87-14.05,HMST 302.9-14.1,[LM99] 119,,,,
HMST 302.9-16.8,192.6,-79.63694,5,[DB2002b] G302.88-16.76,,,,,,
FeSt 1-216,192.70417,-79.48861,53,[DB2002b] G302.9-16.62,,,,,,
FeSt 1-215,192.87083,-62.64,35,[DB2002b] G302.93+0.23,HMST 302.9+0.2,,,,,
[VMF94] 62,192.9,-76.88889,7,[DB2002b] G302.94-14.02,[VMF94] Cha 5,,,,,
[VMF94] 63,192.95417,-77.21556,7,[DB2002b] G302.95-14.34,[VMF94] Cha 6,,,,,
HMST 303.0-16.6C,193.18333,-79.46306,100,[DB2002b] G302.99-16.59,,,,,,
FeSt 1-217,192.98333,-57.23833,54,[DB2002b] G303+5.63,,,,,,
HMST 303.0-17.5,193.35,-80.38806,14,[DB2002b] G303.01-17.51,,,,,,
Sandqvist 154,193.22083,-77.21417,12,[DB2002b] G303.01-14.34,HMST 303.0-14.3,[LM99] 120,,,,
[VMF94] 94,193.31667,-79.97139,7,[DB2002b] G303.02-17.1,[VMF94] Cha 37,,,,,
FeSt 1-218,193.31667,-79.40472,26,[DB2002b] G303.02-16.53,,,,,,
[VMF94] 95,193.37083,-79.38389,7,[DB2002b] G303.03-16.51,[VMF94] Cha 38,,,,,
[VMF94] 64,193.35833,-77.18222,7,[DB2002b] G303.05-14.31,[VMF94] Cha 7,,,,,
[VMF94] 65,193.37083,-77.06139,7,[DB2002b] G303.05-14.19,[VMF94] Cha 8,,,,,
[VMF94] 96,193.57083,-79.57111,7,[DB2002b] G303.07-16.7,[VMF94] Cha 39,,,,,
FeSt 2-150,193.5875,-79.12111,6,[DB2002b] G303.07-16.25,,,,,,
FeSt 1-219,193.21667,-64.72139,110,[DB2002b] G303.08-1.86,,,,,,
[VMF94] 97,193.69583,-79.45861,7,[DB2002b] G303.09-16.59,[VMF94] Cha 40,,,,,
[VMF94] 98,193.7375,-79.75444,7,[DB2002b] G303.1-16.88,[VMF94] Cha 41,,,,,
FeSt 2-151,193.58333,-76.88778,6,[DB2002b] G303.1-14.02,,,,,,
HMST 303.1-16.1,193.78333,-78.95417,8,[DB2002b] G303.11-16.08,,,,,,
[VMF94] 66,193.60417,-76.58083,7,[DB2002b] G303.11-13.71,[VMF94] Cha 9,,,,,
[VMF94] 67,193.7,-77.19167,7,[DB2002b] G303.12-14.32,[VMF94] Cha 10,,,,,
[VMF94] 68,193.70833,-76.76278,7,[DB2002b] G303.13-13.89,[VMF94] Cha 11,,,,,
HMST 303.1+8.1,193.225,-54.76472,5,[DB2002b] G303.14+8.1,,,,,,
HMST 303.2-13.8,193.79167,-76.69917,8,[DB2002b] G303.15-13.82,,,,,,
FeSt 2-152,193.37083,-64.08111,10,[DB2002b] G303.15-1.21,HMST 303.2-1.2,,,,,
HMST 303.2-17.3,194.2375,-80.19694,6,[DB2002b] G303.17-17.32,,,,,,
[VMF94] 100,194.22917,-79.12806,7,[DB2002b] G303.2-16.26,[VMF94] Cha 43,,,,,
[VMF94] 101,194.2375,-79.28917,7,[DB2002b] G303.2-16.42,[VMF94] Cha 44,,,,,
[VMF94] 99,194.20417,-78.93722,7,[DB2002b] G303.2-16.07,[VMF94] Cha 42,,,,,
[VMF94] 69,194.075,-76.84556,7,[DB2002b] G303.22-13.98,[VMF94] Cha 12,,,,,
HMST 303.3-0.5,193.575,-63.33917,22,[DB2002b] G303.25-0.46,,,,,,
[VMF94] 70,194.27083,-77.47028,7,[DB2002b] G303.25-14.6,[VMF94] Cha 13,,,,,
[VMF94] 71,194.29167,-76.65361,7,[DB2002b] G303.27-13.79,[VMF94] Cha 14,,,,,
Sandqvist 155,193.5875,-61.55111,10,[DB2002b] G303.27+1.32,HMST 303.3+1.3,BHR 85,,,,
HMST 303.3-16.3,194.79583,-79.12472,6,[DB2002b] G303.31-16.25,,,,,,
Chamaeleon II,194.56667,-77.20167,130,[DB2002b] G303.32-14.33,HMST 303.3-14.3C,,,,,
FeSt 1-220,193.68333,-62.3875,23,[DB2002b] G303.32+0.48,,,,,,
[VMF94] 72,194.41667,-76.12778,7,[DB2002b] G303.32-13.26,[VMF94] Cha 15,,,,,
FeSt 1-221,194.6375,-77.31972,32,[DB2002b] G303.33-14.45,,,,,,
Sandqvist 156,194.625,-77.21278,9,[DB2002b] G303.34-14.35,[LM99] 121,,,,,
[VMF94] 73,194.7625,-77.47528,7,[DB2002b] G303.36-14.61,[VMF94] Cha 16,,,,,
FeSt 2-153,193.71667,-58.52083,6,[DB2002b] G303.38+4.35,,,,,,
FeSt 1-222,193.80833,-61.48722,55,[DB2002b] G303.39+1.38,,,,,,
HMST 303.4-1.6,193.95833,-64.47056,12,[DB2002b] G303.4-1.6,,,,,,
[VMF94] 74,195.00417,-77.26944,7,[DB2002b] G303.42-14.41,[VMF94] Cha 17,,,,,
[VMF94] 75,195.02917,-77.19333,7,[DB2002b] G303.43-14.33,[VMF94] Cha 18,,,,,
FeSt 2-154,193.92917,-61.07056,6,[DB2002b] G303.45+1.79,,,,,,
[LM99] 122,195.2,-77.3125,9,[DB2002b] G303.46-14.45,,,,,,
FeSt 1-223,195.30833,-77.60222,53,[DB2002b] G303.47-14.74,IREC 445,,,,,
HMST 303.5-14.4,195.26667,-77.2675,13,[DB2002b] G303.48-14.4,,,,,,
[LM99] 123,195.3,-77.21944,9,[DB2002b] G303.49-14.36,,,,,,
FeSt 1-224,194.12083,-63.67028,36,[DB2002b] G303.5-0.81,,,,,,
[VMF94] 76,195.39167,-77.28861,7,[DB2002b] G303.51-14.43,[VMF94] Cha 19,,,,,
HMST 303.6+1.4,194.20417,-61.47528,5,[DB2002b] G303.57+1.38,,,,,,
FeSt 1-225,194.2125,-61.53694,19,[DB2002b] G303.58+1.33,,,,,,
HMST 303.6-14.5,195.79583,-77.38417,3,[DB2002b] G303.59-14.53,[LM99] 124,[VMF94] 77,[VMF94] Cha 20,,,
Sandqvist 157,194.25833,-61.94194,9,[DB2002b] G303.59+0.92,HMST 303.6+0.9,,,,,
[VMF94] 78,195.82083,-77.66583,7,[DB2002b] G303.59-14.81,[VMF94] Cha 21,,,,,
[VMF94] 79,195.95417,-77.98083,7,[DB2002b] G303.6-15.13,[VMF94] Cha 22,,,,,
HMST 303.6-3.3,194.59167,-66.13972,35,[DB2002b] G303.63-3.27,,,,,,
HMST 303.7-3.5,194.65833,-66.40972,5,[DB2002b] G303.65-3.54,[VMF94] 49,[VMF94] CoS 6,,,,
[VMF94] 80,196.07917,-77.35806,7,[DB2002b] G303.66-14.5,[VMF94] Cha 23,,,,,
FeSt 1-226,194.55,-63.31972,175,[DB2002b] G303.69-0.46,,,,,,
Sandqvist 158,196.275,-77.40111,8,[DB2002b] G303.7-14.55,FeSt 2-155,HMST 303.7-14.5,[LM99] 125,,,
Sandqvist 159,196.40417,-77.71472,5,[DB2002b] G303.71-14.86,HMST 303.7-14.8,[LM99] 126,,,,
HMST 303.7-15.2,196.4625,-78.01806,5,[DB2002b] G303.71-15.17,[LM99] 127,,,,,
[VMF94] 82,196.5,-78.06944,7,[DB2002b] G303.71-15.22,[VMF94] Cha 25,,,,,
FeSt 2-156,196.5,-77.88639,5,[DB2002b] G303.72-15.04,HMST 303.7-15.0,[LM99] 128,[VMF94] 81,[VMF94] Cha 24,,
[VMF94] 84,196.82917,-77.71722,7,[DB2002b] G303.81-14.87,[VMF94] Cha 27,,,,,
[VMF94] 85,196.95,-77.99611,7,[DB2002b] G303.81-15.15,[VMF94] Cha 28,,,,,
FeSt 1-244,203.59583,-65.05583,118,[DB2002b] G307.44-2.57,,,,,,
HMST 303.8+1.3C,194.7125,-61.54806,190,[DB2002b] G303.81+1.31,,,,,,
HMST 303.8+1.4,194.72917,-61.49306,8,[DB2002b] G303.82+1.36,,,,,,
HMST 303.8+1.5,194.725,-61.33806,5,[DB2002b] G303.82+1.52,[VMF94] 50,[VMF94] CoS 7,,,,
FeSt 1-227,195.12083,-66.70417,22,[DB2002b] G303.82-3.84,HMST 303.8-3.8,,,,,
Sandqvist 160,196.87917,-77.01389,11,[DB2002b] G303.86-14.17,HMST 303.8-14.2,BHR 86,[LM99] 129,[VMF94] 83,[VMF94] Cha 26,
HMST 303.9-1.3,195.02917,-64.1575,12,[DB2002b] G303.87-1.3,,,,,,
FeSt 1-228,194.7875,-55.48611,42,[DB2002b] G304.03+7.37,,,,,,
HMST 304.1-1.5,195.44167,-64.31028,5,[DB2002b] G304.05-1.46,,,,,,
HMST 304.1-1.1,195.52917,-63.91694,7,[DB2002b] G304.1-1.06,,,,,,
FeSt 2-157,195.15833,-59.2525,6,[DB2002b] G304.11+3.6,,,,,,
HMST 304.2-0.7,195.7875,-63.555,8,[DB2002b] G304.23-0.71,,,,,,
Sandqvist 162,195.57083,-61.12861,10,[DB2002b] G304.24+1.71,FeSt 2-158,HMST 304.2+1.7,,,,
Sandqvist 161,195.64583,-61.61667,14,[DB2002b] G304.25+1.22,HMST 304.3+1.2,,,,,
FeSt 1-230,196.0125,-62.58972,35,[DB2002b] G304.38+0.24,HMST 304.4+0.2,,,,,
IREC 446,356.10417,-85.24722,53,[DB2002b] G304.54-31.67,,,,,,
FeSt 1-229,196.30417,-61.55083,44,[DB2002b] G304.57+1.27,,,,,,
HMST 304.7-0.3C,196.82917,-63.11528,100,[DB2002b] G304.72-0.29,,,,,,
HMST 304.8+1.5,196.84167,-61.35361,7,[DB2002b] G304.84+1.45,,,,,,
FeSt 1-231,198.3125,-69.18139,34,[DB2002b] G304.88-6.39,,,,,,
FeSt 2-159,204.075,-80.28861,6,[DB2002b] G304.9-17.59,,,,,,
HMST 304.9+0.6,197.13333,-62.23472,22,[DB2002b] G304.92+0.57,,,,,,
FeSt 2-160,197.19167,-62.29972,6,[DB2002b] G304.95+0.5,,,,,,
FeSt 1-232,198.62083,-69.51444,46,[DB2002b] G304.96-6.74,,,,,,
HMST 305.0-3.6,197.97083,-66.39194,12,[DB2002b] G304.98-3.6,,,,,,
FeSt 2-161,197.97083,-66.39194,3,[DB2002b] G304.98-3.6,,,,,,
FeSt 1-233,198.12917,-66.315,31,[DB2002b] G305.05-3.53,,,,,,
HMST 305.1-3.3,198.13333,-66.07,5,[DB2002b] G305.07-3.28,,,,,,
IREC 448,194.70833,-24.17083,75,[DB2002b] G305.09+38.67,,,,,,
FeSt 2-162,198.1,-65.08167,3,[DB2002b] G305.13-2.3,HMST 305.1-2.3,[VMF94] 52,[VMF94] CoS 9,,,
HMST 305.2+1.2,197.6,-61.5725,14,[DB2002b] G305.18+1.21,,,,,,
HMST 305.2-1.6,198.07083,-64.42861,12,[DB2002b] G305.18-1.64,[VMF94] 51,[VMF94] CoS 8,,,,
FeSt 1-234,197.35,-59.74944,141,[DB2002b] G305.2+3.04,,,,,,
FeSt 2-163,198.7875,-63.33083,6,[DB2002b] G305.59-0.58,,,,,,
IREC 449,352.05,-83.69139,120,[DB2002b] G305.6-33,,,,,,
FeSt 1-235,198.62083,-61.21417,57,[DB2002b] G305.7+1.53,,,,,,
HMST 305.8-1.3,199.44167,-64.07306,16,[DB2002b] G305.8-1.34,,,,,,
FeSt 2-164,199.2125,-62.88,6,[DB2002b] G305.82-0.15,,,,,,
DBDN 305.85-1.65,199.625,-64.36722,3,[DB2002b] G305.85-1.65,,,,,,
FeSt 1-236,200.33333,-66.67833,34,[DB2002b] G305.89-3.98,,,,,,
FeSt 2-165,199.85417,-64.5875,7,[DB2002b] G305.92-1.87,HMST 305.9-1.9,[VMF94] 54,[VMF94] CoS 11,,,
IREC 450,353.8625,-82.34944,69,[DB2002b] G305.94-34.33,,,,,,
DBDN 305.95-1.66,199.84583,-64.36778,2,[DB2002b] G305.95-1.66,,,,,,
HMST 306.0-2.5,200.09167,-65.21694,5,[DB2002b] G305.96-2.51,[VMF94] 56,[VMF94] CoS 13,,,,
HMST 306.1+0.0,199.69583,-62.69944,6,[DB2002b] G306.06+0,[VMF94] 53,[VMF94] CoS 10,,,,
FeSt 2-166,199.37083,-60.41306,6,[DB2002b] G306.15+2.3,,,,,,
HMST 306.2+0.1,199.87917,-62.55722,6,[DB2002b] G306.16+0.13,[VMF94] 55,[VMF94] CoS 12,,,,
FeSt 1-237,199.70833,-61.62917,100,[DB2002b] G306.18+1.08,,,,,,
HMST 306.2-0.3,200.09583,-62.98694,12,[DB2002b] G306.21-0.3,,,,,,
IREC 451,198.35417,-53.73139,80,[DB2002b] G306.22+9,,,,,,
HMST 306.3+0.2C,200.2125,-62.52694,35,[DB2002b] G306.31+0.15,,,,,,
FeSt 1-238,199.35833,-57.94639,42,[DB2002b] G306.38+4.75,,,,,,
Sandqvist 163,199.45,-57.67472,12,[DB2002b] G306.46+5.01,FeSt 2-167,HMST 306.5+5.0,,,,
FeSt 1-239,200.75,-62.7275,34,[DB2002b] G306.54-0.07,,,,,,
FeSt 2-168,201.21667,-63.715,6,[DB2002b] G306.62-1.08,HMST 306.6-1.1,[VMF94] 57,[VMF94] CoS 14,,,
FeSt 2-169,200.95,-62.64389,6,[DB2002b] G306.64-0.01,,,,,,
FeSt 1-240,203.57083,-69.0225,58,[DB2002b] G306.77-6.47,,,,,,
HMST 306.8+0.6,201.17917,-61.98694,6,[DB2002b] G306.82+0.63,,,,,,
FeSt 1-241,199.87917,-56.49556,100,[DB2002b] G306.82+6.16,,,,,,
FeSt 1-242,201.25,-62.12667,48,[DB2002b] G306.84+0.48,,,,,,
HMST 306.9-1.4,201.84583,-64.0225,22,[DB2002b] G306.85-1.42,,,,,,
HMST 306.9-0.1,201.4625,-62.65806,28,[DB2002b] G306.87-0.05,,,,,,
HMST 306.9-1.8,202.1375,-64.42694,35,[DB2002b] G306.92-1.84,,,,,,
HMST 307.1+6.5,200.38333,-56.13806,5,[DB2002b] G307.14+6.48,,,,,,
HMST 307.2-1.0,202.37083,-63.56972,5,[DB2002b] G307.15-1.01,,,,,,
FeSt 1-243,200.40417,-56.09472,41,[DB2002b] G307.16+6.53,,,,,,
HMST 307.2+1.3,201.78333,-61.2475,16,[DB2002b] G307.21+1.32,,,,,,
HMST 307.2+0.1,202.21667,-62.45833,4,[DB2002b] G307.24+0.09,,,,,,
HMST 307.3+2.9,201.45,-59.71472,3,[DB2002b] G307.25+2.86,BHR 87,,,,,
FeSt 2-170,201.45833,-59.74306,6,[DB2002b] G307.26+2.84,,,,,,
FeSt 2-171,200.63333,-56.19444,6,[DB2002b] G307.28+6.41,,,,,,
FeSt 2-172,202.3625,-62.50806,6,[DB2002b] G307.3+0.04,,,,,,
HMST 307.4+6.6,200.78333,-55.99417,7,[DB2002b] G307.38+6.6,,,,,,
HMST 307.4+6.4,200.87083,-56.24056,4,[DB2002b] G307.4+6.35,,,,,,
HMST 307.4+4.4,201.34583,-58.185,6,[DB2002b] G307.4+4.39,,,,,,
HMST 307.4+5.3,201.13333,-57.28361,1.5,[DB2002b] G307.41+5.29,,,,,,
FeSt 2-173,202.875,-63.27389,6,[DB2002b] G307.42-0.75,,,,,,
IREC 452,6.45417,-64.22944,80,[DB2002b] G307.52-52.67,,,,,,
FeSt 1-245,203.17917,-63.42333,67,[DB2002b] G307.53-0.93,,,,,,
FeSt 1-246,202.8625,-61.97389,67,[DB2002b] G307.62+0.53,,,,,,
HMST 307.7-1.4,203.7125,-63.85389,12,[DB2002b] G307.69-1.38,,,,,,
HMST 307.9-0.8,203.875,-63.20694,4,[DB2002b] G307.87-0.75,,,,,,
HMST 308.0+2.1,203.07917,-60.345,16,[DB2002b] G307.97+2.12,,,,,,
FeSt 1-247,203.1,-60.30667,16,[DB2002b] G307.99+2.16,,,,,,
HMST 308.0-1.2,204.33333,-63.62111,22,[DB2002b] G308-1.2,,,,,,
IREC 453,210.36667,-73.17639,87,[DB2002b] G308.02-11,,,,,,
FeSt 1-248,204.03333,-62.61167,16,[DB2002b] G308.04-0.18,HMST 308.0-0.2,,,,,
HMST 308.1+14.2,200.45833,-48.35639,12,[DB2002b] G308.13+14.2,,,,,,
HMST 308.2-0.8,204.67917,-63.14528,35,[DB2002b] G308.24-0.76,,,,,,
HMST 308.3+5.8,202.525,-56.67278,22,[DB2002b] G308.25+5.79,,,,,,
FeSt 2-174,205.225,-63.98583,6,[DB2002b] G308.33-1.64,,,,,,
FeSt 1-249,202.775,-56.64056,62,[DB2002b] G308.4+5.81,,,,,,
HMST 308.4-0.2,204.79167,-62.54861,3,[DB2002b] G308.4-0.18,,,,,,
HMST 308.5+1.3,204.32917,-61.06111,12,[DB2002b] G308.45+1.31,,,,,,
FeSt 1-250,204.1625,-60.62139,48,[DB2002b] G308.45+1.77,,,,,,
HMST 308.5+0.3,204.72083,-62.03361,22,[DB2002b] G308.46+0.32,,,,,,
FeSt 1-251,205.75,-63.85167,65,[DB2002b] G308.57-1.54,HMST 308.6-1.5,,,,,
HMST 308.6+0.1,205.0375,-62.21306,35,[DB2002b] G308.57+0.12,,,,,,
[KM86] 308.9-24.3,256.43333,-83.92583,45,[DB2002b] G308.9-24.3,,,,,,
HMST 309.0+2.9,204.87083,-59.41333,8,[DB2002b] G309.01+2.88,,,,,,
HMST 309.3+6.2,204.23333,-56.15444,22,[DB2002b] G309.27+6.15,,,,,,
FeSt 1-252,205.7125,-60.03167,35,[DB2002b] G309.31+2.2,HMST 309.3+2.2,,,,,
HMST 309.3+7.2,204.0125,-55.12833,28,[DB2002b] G309.33+7.18,,,,,,
FeSt 2-175,207.57083,-63.84778,6,[DB2002b] G309.36-1.71,,,,,,
HMST 309.4-1.9,207.75417,-64.01222,16,[DB2002b] G309.4-1.89,,,,,,
HMST 309.5-0.9,207.35,-63.02139,45,[DB2002b] G309.45-0.88,,,,,,
FeSt 1-253,212.96667,-70.95139,43,[DB2002b] G309.46-9.11,,,,,,
FeSt 1-254,209.62917,-66.85972,16,[DB2002b] G309.46-4.85,,,,,,
FeSt 1-255,212.12917,-69.65361,32,[DB2002b] G309.58-7.79,,,,,,
IREC 454,204.22083,-54.2825,89,[DB2002b] G309.6+8,,,,,,
FeSt 1-256,208.2,-63.92944,69,[DB2002b] G309.61-1.85,,,,,,
HMST 309.7-5.4,210.5,-67.3275,4,[DB2002b] G309.67-5.38,,,,,,
FeSt 2-176,208.6875,-64.29528,6,[DB2002b] G309.73-2.27,,,,,,
HMST 309.7-0.0,208.00417,-63.06167,5,[DB2002b] G309.73-0.99,,,,,,
Stark4,356.91667,-71.73806,20,[DB2002b] G309.87-44.52,,,,,,
IREC 455,198.84583,-23.54278,115,[DB2002b] G310+39,DIR 310+39,,,,,
HMST 310.2-1.6,209.275,-63.58056,5,[DB2002b] G310.15-1.63,,,,,,
HMST 310.2-1.9,209.5625,-63.85472,8,[DB2002b] G310.21-1.93,,,,,,
HMST 310.4-22.2,248.44583,-81.6525,22,[DB2002b] G310.36-22.21,,,,,,
HMST 310.4+2.3,207.79167,-59.75056,12,[DB2002b] G310.39+2.25,,,,,,
HMST 310.4+3.9,207.15833,-58.11528,14,[DB2002b] G310.44+3.91,,,,,,
HMST 310.5+5.8,206.4875,-56.27,22,[DB2002b] G310.48+5.79,,,,,,
HMST 310.5-2.0,210.2625,-63.88806,22,[DB2002b] G310.5-2.04,,,,,,
FeSt 2-177,210.32083,-63.80806,6,[DB2002b] G310.54-1.98,,,,,,
HMST 310.6-2.4,210.80833,-64.19194,5,[DB2002b] G310.64-2.4,,,,,,
HMST 310.6+5.3,206.97083,-56.77389,22,[DB2002b] G310.64+5.25,,,,,,
HMST 310.7-21.0,243.56667,-80.60667,16,[DB2002b] G310.7-20.97,,,,,,
FeSt 1-257,210.15417,-62.80833,57,[DB2002b] G310.74-0.98,,,,,,
HMST 310.9-1.4,210.60833,-63.14556,3,[DB2002b] G310.85-1.37,,,,,,
FeSt 1-258,211.25,-63.80583,95,[DB2002b] G310.94-2.08,,,,,,
FeSt 1-259,207.575,-56.1475,80,[DB2002b] G311.12+5.78,,,,,,
FeSt 1-260,215.69167,-68.44417,45,[DB2002b] G311.19-7.05,,,,,,
HMST 311.3+6.1,207.77083,-55.83889,22,[DB2002b] G311.28+6.06,,,,,,
HMST 311.4-19.4,239.8125,-79.04389,22,[DB2002b] G311.4-19.4,,,,,,
HMST 311.5+2.6,209.65417,-59.13278,3,[DB2002b] G311.46+2.62,,,,,,
FeSt 1-261,211.32917,-62.00556,40,[DB2002b] G311.48-0.37,,,,,,
FeSt 2-178,215.2875,-67.16194,6,[DB2002b] G311.49-5.8,,,,,,
HMST 311.6-21.8,250.64583,-80.49889,12,[DB2002b] G311.58-21.8,,,,,,
FeSt 1-262,212.07083,-62.75361,34,[DB2002b] G311.6-1.17,,,,,,
HMST 311.7-0.3,211.77083,-61.89778,12,[DB2002b] G311.71-0.32,,,,,,
HMST 311.9+2.6,210.375,-59.00778,8,[DB2002b] G311.85+2.64,,,,,,
HMST 311.9+8.4,207.92917,-53.42667,28,[DB2002b] G311.94+8.38,,,,,,
FeSt 1-263,218.79167,-69.20194,18,[DB2002b] G311.96-8.17,,,,,,
FeSt 1-264,210.775,-59.24028,59,[DB2002b] G311.99+2.37,,,,,,
FeSt 1-265,210.62083,-58.92389,16,[DB2002b] G312+2.69,,,,,,
HMST 312.1+2.8,210.75417,-58.76028,14,[DB2002b] G312.11+2.82,,,,,,
FeSt 1-266,211.74167,-60.38778,320,[DB2002b] G312.14+1.13,,,,,,
HMST 312.3+3.1,211.05833,-58.46778,7,[DB2002b] G312.34+3.06,,,,,,
HMST 312.5+3.0,211.38333,-58.52361,7,[DB2002b] G312.49+2.96,,,,,,
HMST 312.5-22.6,257.6875,-80.19278,35,[DB2002b] G312.54-22.63,,,,,,
IREC 456,297.45417,-81.24278,180,[DB2002b] G312.63-29,DIR 313-28,,,,,
FeSt 1-267,211.69583,-58.47111,24,[DB2002b] G312.67+2.97,,,,,,
HMST 312.8+3.2,211.8125,-58.2425,6,[DB2002b] G312.79+3.17,,,,,,
HMST 313.1-28.7,294.96667,-80.86222,60,[DB2002b] G313.12-28.67,,,,,,
FeSt 1-268,215.54583,-62.64444,60,[DB2002b] G313.14-1.58,,,,,,
HMST 313.3+3.7,212.4,-57.63111,3,[DB2002b] G313.26+3.66,,,,,,
FeSt 1-269,214.49167,-60.78056,125,[DB2002b] G313.3+0.34,,,,,,
HMST 313.3-0.3,215.00833,-61.37417,20,[DB2002b] G313.33-0.3,,,,,,
FeSt 2-179,215,-61.39583,6,[DB2002b] G313.33-0.33,,,,,,
IREC 458,322.12083,-78.775,90,[DB2002b] G313.38-33.84,DIR 313-34,,,,,
FeSt 1-270,223.66667,-69.40306,18,[DB2002b] G313.45-9.08,,,,,,
IREC 457,202.35833,-26.09139,83,[DB2002b] G313.49+36,,,,,,
HMST 313.6+3.6C,213.00833,-57.54278,35,[DB2002b] G313.6+3.64,,,,,,
HMST 313.6+3.7,212.99167,-57.44444,14,[DB2002b] G313.63+3.74,,,,,,
Sandqvist 164,213.325,-57.62861,7,[DB2002b] G313.74+3.51,FeSt 2-180,HMST 313.7+3.5,,,,
IREC 459,205.4625,-37.46667,87,[DB2002b] G313.89+24.33,,,,,,
HMST 314.0-22.3,259.72083,-78.88278,16,[DB2002b] G313.98-22.33,,,,,,
HMST 314.0-22.3C,259.72083,-78.88278,220,[DB2002b] G313.98-22.33,,,,,,
DIR 314-47,351.47917,-68.7475,265,[DB2002b] G314-46.5,,,,,,
FeSt 1-271,212.19583,-54.72,29,[DB2002b] G314.03+6.47,,,,,,
HMST 314.1+3.6,213.87917,-57.45889,12,[DB2002b] G314.07+3.58,,,,,,
FeSt 1-272,217.97083,-61.1875,48,[DB2002b] G314.74-0.63,,,,,,
Sandqvist 165,222.16667,-65.26472,9,[DB2002b] G314.8-5.13,BDN 314.79-5.12,FeSt 2-181,HMST 314.8-5.1,BHR 88,[LM99] 131  rel RN,
FeSt 1-273,222.51667,-65.27333,39,[DB2002b] G314.93-5.21,,,,,,
IREC 461,210.07083,-46.57278,87,[DB2002b] G315.07+14.67,,,,,,
FeSt 1-274,215.2,-56.46194,97,[DB2002b] G315.09+4.28,,,,,,
HMST 315.1-29.0,295.71667,-79.06667,28,[DB2002b] G315.14-29.03,,,,,,
FeSt 1-275,233.15,-70.96917,37,[DB2002b] G315.39-12.1,,,,,,
HMST 315.6+4.8,215.79583,-55.76361,14,[DB2002b] G315.64+4.82,,,,,,
FeSt 2-182,221.9,-63.02528,6,[DB2002b] G315.66-3.07,,,,,,
HMST 315.7-2.4,221.34167,-62.43056,22,[DB2002b] G315.69-2.41,,,,,,
HMST 315.7-3.1,221.98333,-63.00333,18,[DB2002b] G315.71-3.06,,,,,,
HMST 315.8-27.5B,287.7375,-78.60139,3,[DB2002b] G315.76-27.51,BHR 90,,,,,
HMST 315.8-27.5A,287.53333,-78.60056,2,[DB2002b] G315.76-27.47,BHR 89,,,,,
IREC 462,196.37917,11.81056,111,[DB2002b] G315.78+74.33,,,,,,
FeSt 1-276,222.63333,-63.28972,90,[DB2002b] G315.85-3.45,,,,,,
FeSt 1-277,215.5125,-54.67778,30,[DB2002b] G315.88+5.91,,,,,,
FeSt 2-183,221.02083,-61.66139,6,[DB2002b] G315.88-1.65,,,,,,
HMST 316.0+4.9,216.3,-55.58722,16,[DB2002b] G315.97+4.89,,,,,,
Sandqvist 166,223.52083,-63.73667,5,[DB2002b] G316.01-4.02,FeSt 2-184,,,,,
HMST 316.0-4.0,223.5375,-63.67,16,[DB2002b] G316.04-3.96,,,,,,
HMST 316.1+4.7,216.63333,-55.76278,12,[DB2002b] G316.08+4.66,,,,,,
FeSt 1-278,216.45,-55.50833,22,[DB2002b] G316.08+4.94,,,,,,
HMST 316.1-3.1,222.725,-62.83111,14,[DB2002b] G316.09-3.05,,,,,,
DIR 316+39,204.04583,-23.225,85,[DB2002b] G316.1+38.5,,,,,,
IREC 463,201.275,-11.00694,110,[DB2002b] G316.13+51,,,,,,
IREC 464,212.27083,-47.8675,53,[DB2002b] G316.16+13,,,,,,
Sandqvist 167,216.51667,-55.34278,12,[DB2002b] G316.18+5.08,HMST 316.2+5.1,FeSt 2-185,[LM99] 130,,,
Spica Dark Nebula,201.3375,-11.12056,1900,[DB2002b] G316.19+50.88,,,,,,
HMST 316.3+4.9,216.7375,-55.45917,4,[DB2002b] G316.25+4.92,BHR 91,,,,,
HMST 316.3+4.8,216.975,-55.56028,12,[DB2002b] G316.34+4.77,,,,,,
FeSt 1-279,224.83333,-63.96583,36,[DB2002b] G316.41-4.5,,,,,,
CG 12 DN,209.4,-39.99333,60,[DB2002b] G316.46+21.13,BDN 316.46+21.13,HMST 316.5+21.2,[KM86] 316.5+21.0 rel RN,,,
CG 12 Head DN,209.39583,-39.92361,4,[DB2002b] G316.47+21.2,BHR 92,,,,,
FeSt 1-280,220.64583,-59.7125,128,[DB2002b] G316.52+0.19,,,,,,
HMST 316.5+3.2,218.40833,-56.97611,5,[DB2002b] G316.54+3.16,,,,,,
HMST 316.5-4.0,224.5625,-63.46167,16,[DB2002b] G316.54-3.99,BHR 93,,,,,
HMST 316.6-5.2,225.90417,-64.53056,4,[DB2002b] G316.55-5.21,,,,,,
Sandqvist 168,263.24167,-76.57028,7,[DB2002b] G316.58-21.97,,,,,,
HMST 316.7-4.7,225.63333,-63.95306,5,[DB2002b] G316.72-4.65,,,,,,
FeSt 1-281,226.30417,-64.36083,33,[DB2002b] G316.79-5.14,,,,,,
HMST 316.8-3.6,224.675,-62.93778,12,[DB2002b] G316.83-3.55,,,,,,
FeSt 2-186,226.78333,-64.57583,6,[DB2002b] G316.86-5.44,,,,,,
HMST 316.9-4.5,225.73333,-63.70944,3,[DB2002b] G316.88-4.45,,,,,,
HMST 316.9-4.9,226.3,-64.1325,4,[DB2002b] G316.89-4.94,BHR 94,,,,,
HMST 316.9-2.1,223.3375,-61.60056,5,[DB2002b] G316.9-2.08,BHR 95,,,,,
FeSt 1-282,226.80417,-64.50722,40,[DB2002b] G316.9-5.38,HMST 316.9-5.4,,,,,
Sandqvist 169,225.07917,-63.12333,18,[DB2002b] G316.91-3.8,HMST 316.9-3.8,,,,,
IREC 465,264.01667,-76.2525,66,[DB2002b] G316.97-22,,,,,,
HMST 317.0-4.6,226.16667,-63.80111,6,[DB2002b] G317-4.63,BHR 96,,,,,
Sandqvist 170,226.95833,-64.40833,14,[DB2002b] G317.01-5.33,,,,,,
Sandqvist 171,225.65,-63.35139,12,[DB2002b] G317.02-4.12,FeSt 2-187,HMST 317.0-4.1,,,,
HMST 317.1-4.3,225.98333,-63.51667,14,[DB2002b] G317.07-4.34,,,,,,
HMST 317.1-2.6,224.16667,-61.96139,12,[DB2002b] G317.08-2.58,,,,,,
FeSt 1-283,227.77083,-64.68889,35,[DB2002b] G317.16-5.76,,,,,,
HMST 317.2-5.1,227.175,-64.11944,7,[DB2002b] G317.23-5.12,,,,,,
FeSt 2-188,226.02917,-63.21167,6,[DB2002b] G317.24-4.09,,,,,,
HMST 317.2+6.1,217.58333,-54.015,26,[DB2002b] G317.24+6.08,,,,,,
FeSt 1-284,226.4625,-63.52667,65,[DB2002b] G317.25-4.47,,,,,,
HMST 317.3+3.1,219.69583,-56.69556,22,[DB2002b] G317.3+3.14,,,,,,
HMST 317.3-4.8,227.04583,-63.79972,22,[DB2002b] G317.34-4.82,,,,,,
IREC 466,216.02083,-50.90444,102,[DB2002b] G317.49+9.33,,,,,,
G317-4 CO Complex,226.425,-63.00972,300,[DB2002b] G317.5-4,Circinus DN Complex,,,,,
FeSt 1-285,220.10833,-56.66417,45,[DB2002b] G317.53+3.08,,,,,,
FeSt 1-286,225.96667,-62.51167,58,[DB2002b] G317.56-3.46,,,,,,
HMST 317.6-28.7,293.2125,-76.9575,5,[DB2002b] G317.59-28.7,,,,,,
HMST 317.7+2.3,220.95417,-57.26833,9,[DB2002b] G317.69+2.34,,,,,,
HMST 317.8-1.1,224.04583,-60.305,16,[DB2002b] G317.79-1.08,,,,,,
HMST 317.9+7.1,217.95417,-52.84722,22,[DB2002b] G317.89+7.08,,,,,,
HMST 317.9-1.3,224.5,-60.42,22,[DB2002b] G317.94-1.29,,,,,,
HMST 318.0+3.8,220.425,-55.82,3,[DB2002b] G318.03+3.78,,,,,,
FeSt 1-287,222.89167,-58.42194,94,[DB2002b] G318.13+0.86,,,,,,
HMST 318.2-2.3,225.96667,-61.23667,24,[DB2002b] G318.18-2.34,,,,,,
HMST 318.2-0.6,224.35,-59.65389,14,[DB2002b] G318.23-0.57,,,,,,
HMST 318.2-4.3C,228.1375,-62.8725,100,[DB2002b] G318.24-4.27,,,,,,
HMST 318.3-0.7,224.58333,-59.75806,5,[DB2002b] G318.29-0.72,,,,,,
Sandqvist 172,228.2875,-62.68694,64,[DB2002b] G318.4-4.15,FeSt 1-288,,,,,
IREC 467,203.79583,-14.88111,69,[DB2002b] G318.43+46.67,,,,,,
HMST 318.7+2.0,222.86667,-57.11222,12,[DB2002b] G318.69+2.03,,,,,,
HMST 318.7+16.9,213.8125,-43.35556,26,[DB2002b] G318.7+16.93,,,,,,
IREC 468,217.9875,-50.76694,96,[DB2002b] G318.71+9,,,,,,
HMST 318.8-4.4,229.37917,-62.65806,3,[DB2002b] G318.84-4.39,,,,,,
FeSt 1-289,228.67917,-62.05222,41,[DB2002b] G318.88-3.71,,,,,,
FeSt 2-189,220.17917,-53.43056,6,[DB2002b] G318.89+6.02,,,,,,
FeSt 2-190,222.89583,-56.62194,6,[DB2002b] G318.93+2.47,,,,,,
FeSt 1-290,220.9875,-54.16139,33,[DB2002b] G319.02+5.15,,,,,,
FeSt 1-291,229.45833,-62.18278,102,[DB2002b] G319.13-4.01,,,,,,
HMST 319.2+1.6,224,-57.30667,22,[DB2002b] G319.15+1.58,,,,,,
HMST 319.3-5.2,231.125,-63.05667,3,[DB2002b] G319.29-5.15,,,,,,
HMST 319.3-3.5,229.18333,-61.64361,16,[DB2002b] G319.3-3.48,,,,,,
FeSt 1-292,223.80833,-56.62722,22,[DB2002b] G319.37+2.23,HMST 319.4+2.2,,,,,
HMST 319.6+2.3,224.14583,-56.49611,4,[DB2002b] G319.6+2.26,,,,,,
HMST 319.6-4.4,230.76667,-62.22111,6,[DB2002b] G319.62-4.36,,,,,,
FeSt 2-191,225.0125,-57.03167,6,[DB2002b] G319.77+1.57,,,,,,
FeSt 1-293,225.07917,-56.99306,18,[DB2002b] G319.82+1.59,HMST 319.8+1.6,,,,,
HMST 319.9-1.8,228.375,-59.93667,20,[DB2002b] G319.85-1.81,,,,,,
HMST 319.9-2.2,228.80417,-60.22667,3,[DB2002b] G319.89-2.17,,,,,,
HMST 319.9-4.8,231.8,-62.3875,3,[DB2002b] G319.92-4.77,BHR 97,,,,,
FeSt 2-192,228.26667,-59.73694,6,[DB2002b] G319.92-1.63,,,,,,
HMST 320.1-1.5,228.475,-59.54944,8,[DB2002b] G320.1-1.51,,,,,,
HMST 320.1-4.3,231.60833,-61.93306,3,[DB2002b] G320.11-4.34,BHR 98,,,,,
FeSt 1-294,222.71667,-53.6225,69,[DB2002b] G320.17+5.2,,,,,,
HMST 320.2+0.4,226.82083,-57.80861,3,[DB2002b] G320.24+0.42,,,,,,
IREC 469,317.74583,-72.895,130,[DB2002b] G320.25-35.84,DIR 321-36,,,,,
FeSt 1-295,228.8125,-59.40167,31,[DB2002b] G320.33-1.49,,,,,,
HMST 320.4-0.0,227.56667,-58.11278,16,[DB2002b] G320.43-0.03,,,,,,
HMST 320.5-3.5,231.25833,-61.02778,2,[DB2002b] G320.47-3.5,BHR 99,,,,,
HMST 320.5-3.6,231.4375,-61.11861,3,[DB2002b] G320.49-3.62,BHR 100,,,,,
FeSt 1-296,225.70833,-56.24583,121,[DB2002b] G320.49+2.09,,,,,,
FeSt 1-297,223.21667,-53.42083,90,[DB2002b] G320.53+5.24,,,,,,
Sandqvist 173,231.75,-61.04083,14,[DB2002b] G320.66-3.64,HMST 320.7-3.6,,,,,
FeSt 2-193,223.775,-53.81917,6,[DB2002b] G320.66+4.74,,,,,,
HMST 320.7-4.4,232.6375,-61.64083,12,[DB2002b] G320.67-4.38,,,,,,
FeSt 2-194,229.70833,-59.36194,5,[DB2002b] G320.73-1.68,BHR 101,,,,,
HMST 320.7-1.7,229.70417,-59.36167,14,[DB2002b] G320.73-1.68,,,,,,
HMST 320.7-2.0,230.06667,-59.63389,6,[DB2002b] G320.74-2.01,BHR 102,,,,,
FeSt 2-195,231.97917,-60.89,6,[DB2002b] G320.84-3.59,,,,,,
HMST 320.8+5.1,223.775,-53.39917,3,[DB2002b] G320.84+5.11,,,,,,
IREC 470,279.35833,-73.76944,72,[DB2002b] G320.86-25,,,,,,
HMST 320.9-2.1,230.39583,-59.5975,3,[DB2002b] G320.9-2.07,BHR 103,,,,,
HMST 321.0-3.8,232.44583,-61.015,12,[DB2002b] G320.96-3.81,,,,,,
HMST 321.0-4.7,233.55417,-61.67889,16,[DB2002b] G321.01-4.66,,,,,,
HMST 321.1+1.3,227.39167,-56.61333,35,[DB2002b] G321.11+1.3,,,,,,
IREC 471,4.53333,-44.92222,80,[DB2002b] G321.29-71,,,,,,
Sandqvist 174,231.30833,-59.06083,9,[DB2002b] G321.58-1.87,FeSt 2-196,HMST 321.6-1.9,,,,
FeSt 1-298,234.11667,-61.03167,70,[DB2002b] G321.61-4.3,,,,,,
FeSt 1-299,231.47083,-58.97528,48,[DB2002b] G321.71-1.85,,,,,,
HMST 321.8-1.9,231.65,-59.01111,8,[DB2002b] G321.76-1.93,,,,,,
IREC 472,218.1125,-43.13417,78,[DB2002b] G321.83+16,,,,,,
HMST 321.8-0.7,230.45,-57.92889,22,[DB2002b] G321.83-0.68,,,,,,
HMST 321.9-4.6,234.87083,-61.10722,8,[DB2002b] G321.86-4.57,,,,,,
HMST 321.9-3.7,233.79583,-60.35806,5,[DB2002b] G321.88-3.65,,,,,,
FeSt 1-300,230.45,-57.86222,26,[DB2002b] G321.88-0.63,,,,,,
HMST 322.0+3.4,226.97917,-54.36806,12,[DB2002b] G322.03+3.36,,,,,,
FeSt 2-197,234.99167,-60.77833,6,[DB2002b] G322.1-4.34,,,,,,
FeSt 1-301,225.16667,-52.24778,28,[DB2002b] G322.14+5.73,,,,,,
HMST 322.2-2.0,232.4,-58.87167,4,[DB2002b] G322.16-2.03,,,,,,
HMST 322.2-4.5,235.32083,-60.85194,22,[DB2002b] G322.19-4.49,,,,,,
IREC 473,207.3875,-16.31111,85,[DB2002b] G322.6+44.33,,,,,,
BHR 104,227.42917,-53.51389,1,[DB2002b] G322.7+3.96,,,,,,
BHR 105,227.49583,-53.55111,2,[DB2002b] G322.71+3.91,,,,,,
IREC 474,206.60833,-13.7475,102,[DB2002b] G322.72+47,,,,,,
HMST 323.0+4.0,227.80417,-53.30694,3,[DB2002b] G322.99+4.02,BHR 106,[LM99] 132,,,,
HMST 323.0-2.7,234.53333,-58.96333,45,[DB2002b] G323-2.74,,,,,,
HMST 323.0+3.9,227.96667,-53.38806,3,[DB2002b] G323.04+3.9,,,,,,
HMST 323.1-1.0,232.725,-57.53028,12,[DB2002b] G323.06-1.03,,,,,,
HMST 323.1+4.0,227.975,-53.25944,3,[DB2002b] G323.11+4.01,,,,,,
FeSt 1-302,232.75833,-57.43694,42,[DB2002b] G323.13-0.97,,,,,,
FeSt 1-303,233.79583,-57.99972,72,[DB2002b] G323.26-1.74,,,,,,
HMST 323.4+7.4,225.625,-50.13778,16,[DB2002b] G323.4+7.44,,,,,,
FeSt 1-304,236.025,-59.3075,107,[DB2002b] G323.41-3.48,,,,,,
FeSt 1-306,227.52083,-51.58278,45,[DB2002b] G323.73+5.6,FeSt 1-305,HMST 323.7+5.6,,,,
IREC 475,244.1375,-63.23556,102,[DB2002b] G323.77-9,,,,,,
IREC 476,216.8875,-36.28222,85,[DB2002b] G323.77+22.67,,,,,,
FeSt 2-198,227.62083,-51.55583,6,[DB2002b] G323.8+5.59,,,,,,
FeSt 1-307,225.75833,-48.84222,12,[DB2002b] G324.12+8.53,HMST 324.1+8.5,,,,,
HMST 324.3-3.8,237.7375,-59.03556,22,[DB2002b] G324.26-3.81,,,,,,
HMST 324.5+10.2,225.04167,-47.18472,14,[DB2002b] G324.51+10.22,,,,,,
HMST 325.1-10.1,247.92083,-63.04222,14,[DB2002b] G325.11-10.1,,,,,,
HMST 325.1-1.9,236.775,-57.02944,9,[DB2002b] G325.12-1.92,,,,,,
HMST 325.2-2.6,237.5875,-57.47944,8,[DB2002b] G325.18-2.55,,,,,,
HMST 325.2+5.8,229.3,-50.61139,3,[DB2002b] G325.19+5.84,BHR 107,,,,,
HMST 325.3-2.8,238.0375,-57.62778,14,[DB2002b] G325.28-2.82,,,,,,
HMST 325.3-0.3,235.22083,-55.58556,16,[DB2002b] G325.31-0.25,,,,,,
FeSt 2-199,235.29583,-55.57694,6,[DB2002b] G325.35-0.28,,,,,,
FeSt 2-200,234.875,-55.11861,12,[DB2002b] G325.43+0.23,HMST 325.4+0.2,,,,,
Sandqvist 175,229.75417,-50.44139,28,[DB2002b] G325.53+5.83,HMST 325.5+5.8,,,,,
FeSt 2-201,229.74167,-50.41472,6,[DB2002b] G325.54+5.86,,,,,,
HMST 325.6-3.0,238.60833,-57.54194,28,[DB2002b] G325.57-2.95,,,,,,
IREC 478,216.29167,-30.69083,69,[DB2002b] G325.72+28,,,,,,
IREC 479,227.47917,-47.26389,122,[DB2002b] G325.93+9.33,,,,,,
HMST 325.9+5.9,230.25417,-50.20444,3,[DB2002b] G325.93+5.86,BHR 108,,,,,
FeSt 1-308,235.10417,-54.46111,450,[DB2002b] G325.94+0.69,,,,,,
FeSt 1-309,237.7625,-56.33361,55,[DB2002b] G325.98-1.72,,,,,,
HMST 326.0-0.9,236.90833,-55.69556,35,[DB2002b] G326-0.92,,,,,,
FeSt 1-310,230.66667,-50.01139,60,[DB2002b] G326.26+5.88,,,,,,
FeSt 1-311,236.99583,-55.22028,51,[DB2002b] G326.34-0.58,,,,,,
HMST 326.4-0.1,236.60833,-54.785,22,[DB2002b] G326.43-0.1,,,,,,
FeSt 2-202,230.85833,-49.80389,12,[DB2002b] G326.48+5.98,HMST 326.5+6.0,,,,,
FeSt 2-203,236.325,-54.06278,14,[DB2002b] G326.74+0.56,HMST 326.7+0.6,,,,,
HMST 326.8+5.6,231.57083,-49.99139,3,[DB2002b] G326.76+5.57,BHR 109,,,,,
Sandqvist 176,231.75833,-50.01056,5,[DB2002b] G326.85+5.49,HMST 326.9+5.5,BHR 110,,,,
HMST 326.9-3.2,240.78333,-56.83444,8,[DB2002b] G326.92-3.17,N2,,,,,
HMST 326.9-1.6,238.925,-55.61556,35,[DB2002b] G326.93-1.58,,,,,,
DIR 327-30,296.30417,-68.70722,180,[DB2002b] G327-30,,,,,,
Sandqvist 177,235.58333,-52.79833,10,[DB2002b] G327.16+1.84,HMST 327.2+1.8,BHR 111,[LM99] 135,,,
IREC 480,229.74167,-47.08667,66,[DB2002b] G327.35+8.67,,,,,,
FeSt 1-313,240.00417,-54.82444,89,[DB2002b] G327.92-1.37,,,,,,
FeSt 2-204,239.36667,-53.94361,6,[DB2002b] G328.21-0.46,,,,,,
HMST 328.3-0.0,239.99583,-54.29278,35,[DB2002b] G328.26-0.97,,,,,,
FeSt 2-205,240.28333,-53.775,3,[DB2002b] G328.73-0.68,HMST 328.7-0.7,N1,,,,
FeSt 1-314,243.45,-55.64306,43,[DB2002b] G328.83-3.29,,,,,,
FeSt 2-206,240.79167,-53.38722,5,[DB2002b] G329.21-0.59,,,,,,
HMST 329.2-0.7,240.98333,-53.48194,8,[DB2002b] G329.23-0.74,N3,,,,,
IREC 481,214.56667,-19.69472,85,[DB2002b] G329.42+38.67,,,,,,
HMST 329.6-0.5,241.20417,-53.01444,20,[DB2002b] G329.64-0.48,,,,,,
HMST 329.8-2.7,243.8875,-54.51111,14,[DB2002b] G329.79-2.65,,,,,,
FeSt 1-315,242.49583,-53.59722,83,[DB2002b] G329.83-1.43,,,,,,
HMST 330.0+0.2,240.87083,-52.23917,28,[DB2002b] G330+0.23,,,,,,
HMST 330.3-3.1,245.01667,-54.42972,12,[DB2002b] G330.32-3.05,,,,,,
HMST 330.5-1.8,243.65417,-53.41556,9,[DB2002b] G330.45-1.76,N6,,,,,
FeSt 2-207,243.60417,-53.2725,3,[DB2002b] G330.52-1.64,HMST 330.5-1.6,,,,,
HMST 330.5-0.4,242.24167,-52.38167,22,[DB2002b] G330.53-0.43,,,,,,
HMST 330.6+4.1,237.57083,-48.91278,16,[DB2002b] G330.55+4.12,,,,,,
HMST 330.6-3.1,245.39583,-54.22472,28,[DB2002b] G330.62-3.06,,,,,,
Sandqvist 178,243.45833,-52.89083,7,[DB2002b] G330.73-1.31,HMST 330.7-1.3,BHR 112,N5,,,
DIR 331-34,304.50417,-65.03139,130,[DB2002b] G331-33.5,,,,,,
HMST 331.0-0.7,243.17917,-52.25917,7,[DB2002b] G331.03-0.73,BHR 113,N4,,,,
HMST 331.1-2.3,245.01667,-53.30639,3,[DB2002b] G331.11-2.25,BHR 114,,,,,
FeSt 2-208,236.6125,-46.98833,6,[DB2002b] G331.24+6.03,,,,,,
HMST 331.7+1.7,241.37083,-50.03194,35,[DB2002b] G331.7+1.67,,,,,,
HMST 331.7+7.0,236.24583,-45.94306,24,[DB2002b] G331.7+7.01,,,,,,
HMST 331.7+0.7,242.44583,-50.78556,35,[DB2002b] G331.71+0.65,,,,,,
FeSt 2-209,236.375,-46.0225,6,[DB2002b] G331.73+6.89,,,,,,
FeSt 1-316,241.3,-49.88556,116,[DB2002b] G331.77+1.81,,,,,,
HMST 332.0-1.3,244.95,-52.05306,8,[DB2002b] G331.96-1.33,N8,,,,,
FeSt 2-210,236.27083,-45.43944,6,[DB2002b] G332.03+7.39,,,,,,
HMST 332.1-0.1,243.64583,-51.04889,6,[DB2002b] G332.08-0.05,N7,,,,,
HMST 332.4-1.0,245.0875,-51.5225,16,[DB2002b] G332.39-1.01,,,,,,
HMST 332.4-3.3C,247.78333,-53.06556,220,[DB2002b] G332.44-3.27,,,,,,
FeSt 1-317,245.225,-51.18528,82,[DB2002b] G332.69-0.84,,,,,,
FeSt 2-211,237.58333,-45.50778,6,[DB2002b] G332.71+6.77,HMST 332.7+6.8,BHR  115,,,,
DBDN 332.8-22.1,279.14583,-62.39194,70,[DB2002b] G332.89-22.17,,,,,,
FeSt 2-212,242.62083,-49.04667,6,[DB2002b] G332.96+1.85,,,,,,
DIR 333-36,309.55833,-63.0175,115,[DB2002b] G333-36,,,,,,
HMST 333.1+5.5,239.2,-46.21917,6,[DB2002b] G333.12+5.5,,,,,,
FeSt 1-318,245.0625,-49.80278,36,[DB2002b] G333.6+0.22,,,,,,
HMST 333.7+0.5,244.79167,-49.53056,16,[DB2002b] G333.66+0.53,,,,,,
IREC 482,330.97917,-58.45472,78,[DB2002b] G333.95-47.33,,,,,,
HMST 334.2+0.0,245.90417,-49.54889,3,[DB2002b] G334.16+0,BHR 116,N9,,,,
HMST 334.2+11.3,235.275,-41.04333,28,[DB2002b] G334.18+11.31,,,,,,
IREC 483,281.56667,-61.39778,80,[DB2002b] G334.26-23,,,,,,
FeSt 1-319,248.90833,-51.10222,77,[DB2002b] G334.35-2.46,,,,,,
FeSt 1-320,247.24583,-50.12639,36,[DB2002b] G334.35-1.01,,,,,,
FeSt 1-321,230.44167,-35.44028,28,[DB2002b] G334.44+18.07,HMST 334.4+18.1,,,,,
HMST 334.5+17.2,231.09583,-36.11611,16,[DB2002b] G334.49+17.21,,,,,,
DIR 335-40,317.24583,-60.92472,80,[DB2002b] G334.5-40,,,,,,
IREC 484,233.99583,-39.25139,85,[DB2002b] G334.5+13.33,,,,,,
Sandqvist 179,241.575,-45.92083,8,[DB2002b] G334.56+4.64,FeSt 2-213,HMST 334.6+4.6,BHR  117,[LM99] 158,,
HMST 334.6-0.6,247.04583,-49.68056,12,[DB2002b] G334.58-0.61,,,,,,
FeSt 2-214,247.61667,-49.92472,6,[DB2002b] G334.67-1.04,,,,,,
HMST 334.6-1.4,247.9875,-50.13361,8,[DB2002b] G334.67-1.37,BHR 118,,,,,
FeSt 1-322,245.85,-48.7825,34,[DB2002b] G334.68+0.56,,,,,,
HMST 334.7-1.6,248.27917,-50.25667,16,[DB2002b] G334.7-1.58,,,,,,
FeSt 1-323,246.9125,-49.42778,75,[DB2002b] G334.71-0.38,,,,,,
HMST 334.7+11.9,235.39583,-40.28306,14,[DB2002b] G334.73+11.85,,,,,,
HMST 334.7-1.0,247.69167,-49.86111,28,[DB2002b] G334.74-1.04,,,,,,
HMST 334.8+19.1,230.08333,-34.41,22,[DB2002b] G334.81+19.08,,,,,,
HMST 334.8+1.4,245.1,-48.08583,12,[DB2002b] G334.82+1.41,,,,,,
FeSt 1-324,251.09167,-51.47556,53,[DB2002b] G334.98-3.72,,,,,,
HMST 335.0-2.1C,249.16667,-50.37278,270,[DB2002b] G335-2.08,,,,,,
FeSt 1-325,241.7875,-45.43333,78,[DB2002b] G335+4.91,,,,,,
HMST 335.0-1.5,248.49583,-49.9575,12,[DB2002b] G335.02-1.48,,,,,,
HMST 335.1-2.8,250.05,-50.80528,24,[DB2002b] G335.05-2.78,,,,,,
HMST 335.1+0.2,246.7125,-48.78194,65,[DB2002b] G335.07+0.16,,,,,,
FeSt 1-326,246.82917,-48.86139,27,[DB2002b] G335.07+0.06,,,,,,
HMST 335.1+20.1,229.6125,-33.41167,5,[DB2002b] G335.07+20.12,,,,,,
HMST 335.2-1.0,248.17083,-49.53556,12,[DB2002b] G335.18-1.04,,,,,,
FeSt 1-327,243.775,-46.54139,53,[DB2002b] G335.26+3.15,,,,,,
Sandqvist 180,243.2625,-46.14694,28,[DB2002b] G335.27+3.67,HMST 335.3+3.7,,,,,
FeSt 1-328,248.46667,-49.47083,125,[DB2002b] G335.37-1.14,,,,,,
HMST 335.5-0.0,248.41667,-49.24778,20,[DB2002b] G335.5-0.96,,,,,,
FeSt 1-329,248.30833,-49.03806,60,[DB2002b] G335.61-0.77,,,,,,
Sandqvist  6,239.425,-42.59,16,[DB2002b] G335.62+8.15,HMST 335.6+8.2,,,,,
[LM99] 151,239.53333,-42.59222,7,[DB2002b] G335.68+8.1,,,,,,
FeSt 1-330,236.65833,-39.95444,115,[DB2002b] G335.71+11.5,IREC 485,,,,,
HMST 335.7-2.7,250.64167,-50.24278,110,[DB2002b] G335.72-2.69,,,,,,
FeSt 1-331,238.625,-41.69667,18,[DB2002b] G335.74+9.23,,,,,,
Sandqvist 181,240.775,-43.29611,7,[DB2002b] G335.9+6.97,FeSt 2-216,HMST 335.9+7.0,BHR  119,,,
HMST 335.9+11.3,237.02917,-39.99639,12,[DB2002b] G335.91+11.3,,,,,,
HMST 335.9+7.9,239.92917,-42.56278,7,[DB2002b] G335.92+7.93,,,,,,
HMST 336.0+8.1,239.84583,-42.39472,9,[DB2002b] G335.98+8.1,[VMF2000] Lu 22,,,,,
HMST 336.0+4.9,242.78333,-44.72583,22,[DB2002b] G336+4.94,,,,,,
HMST 336.0-3.1,251.3875,-50.2575,22,[DB2002b] G336.03-3.07,,,,,,
HMST 336.1+19.6C,230.89167,-33.30528,150,[DB2002b] G336.06+19.6,,,,,,
FeSt 1-332,250.57083,-49.69472,75,[DB2002b] G336.12-2.3,,,,,,
Sandqvist 183,252.2,-50.44556,7,[DB2002b] G336.22-3.58,HMST 336.2-3.6,,,,,
HMST 336.2-1.0,249.2625,-48.75889,12,[DB2002b] G336.24-1.04,,,,,,
FeSt 1-333,244.04167,-45.27361,130,[DB2002b] G336.27+3.94,,,,,,
Sandqvist 182,249.50417,-48.84944,26,[DB2002b] G336.28-1.22,HMST 336.3-1.2,,,,,
HMST 336.3-0.3,248.54583,-48.21389,14,[DB2002b] G336.32-0.32,,,,,,
[VMF2000] Lu 24,240.075,-42.06306,13,[DB2002b] G336.34+8.24,,,,,,
HMST 336.4-1.5,249.83333,-48.95306,35,[DB2002b] G336.35-1.45,,,,,,
FeSt 1-334,237.48333,-39.70111,24,[DB2002b] G336.38+11.32,,,,,,
HMST 336.4+14.8,234.71667,-36.99222,55,[DB2002b] G336.38+14.77,,,,,,
FeSt 1-335,251.625,-49.90639,77,[DB2002b] G336.4-2.95,,,,,,
HMST 336.4+8.2,240.25417,-42.05806,16,[DB2002b] G336.44+8.15,[LM99] 154,[VMF2000] Lu 23,,,,
HMST 336.5-1.9C,250.4875,-49.14333,80,[DB2002b] G336.49-1.9,,,,,,
Sandqvist 184,250.0125,-48.84722,10,[DB2002b] G336.51-1.47,,,,,,
FeSt 1-336,231.63333,-33.42417,35,[DB2002b] G336.52+19.14,,,,,,
HMST 336.6+7.8,240.70417,-42.22806,3,[DB2002b] G336.57+7.8,,,,,,
HMST 336.6+0.2,248.29167,-47.68333,22,[DB2002b] G336.6+0.15,,,,,,
HMST 336.6+19.8,231.2375,-32.83056,8,[DB2002b] G336.61+19.81,,,,,,
HMST 336.6-0.6,249.12917,-48.16778,3.5,[DB2002b] G336.62-0.58,,,,,,
Sandqvist  7,240.40417,-41.85917,20,[DB2002b] G336.65+8.22,HMST 336.7+8.2,[LM99] 155,,,,
HMST 336.7-2.3,251.075,-49.24389,5,[DB2002b] G336.66-2.25,,,,,,
HMST 336.7+16.9,233.45417,-35.12222,12,[DB2002b] G336.72+16.88,,,,,,
HMST 336.7+7.8,240.8125,-42.1075,4,[DB2002b] G336.72+7.84,BHR 120,,,,,
Lupus IV,240.75,-41.95028,180,[DB2002b] G336.79+7.99,,,,,,
FeSt 1-337,249.75417,-48.265,28,[DB2002b] G336.84-0.96,,,,,,
HMST 336.8-3.1,252.27083,-49.66861,16,[DB2002b] G336.84-3.12,,,,,,
FeSt 2-218,243.45417,-44.01917,11,[DB2002b] G336.84+5.13,[LM99] 168,,,,,
HMST 336.9-1.7,250.65,-48.74417,16,[DB2002b] G336.86-1.71,,,,,,
Sandqvist  8,243.5375,-44.03917,24,[DB2002b] G336.87+5.07,FeSt 1-339,HMST 336.9+5.1,,,,
HMST 336.9+8.3,240.625,-41.685,7,[DB2002b] G336.9+8.25,[LM99] 156,[VMF2000] Lu 25,,,,
[VMF2000] Lu 26,241.04167,-42.01111,1.5,[DB2002b] G336.91+7.8,,,,,,
HMST 336.9+7.8,241.04583,-41.99972,16,[DB2002b] G336.92+7.8,,,,,,
HMST 336.9+11.6,237.7625,-39.09,5,[DB2002b] G336.94+11.63,,,,,,
FeSt 1-338,246.075,-45.73139,66,[DB2002b] G336.96+2.61,,,,,,
FeSt 2-217,239.8875,-40.92306,6,[DB2002b] G336.99+9.18,HMST 337.0+9.2,,,,,
HMST 337.0+14.5,235.50833,-36.80583,16,[DB2002b] G337.01+14.53,,,,,,
HMST 337.0+18.1,232.87083,-33.98444,14,[DB2002b] G337.04+18.07,,,,,,
HMST 337.1+0.6,248.2375,-47.02194,3,[DB2002b] G337.06+0.63,,,,,,
HMST 337.1-0.8,249.78333,-47.97306,55,[DB2002b] G337.06-0.77,,,,,,
FeSt 2-220,255.42917,-50.99056,16,[DB2002b] G337.07-5.52,HMST 337.1-5.5,,,,,
Sandqvist 185,254.67083,-50.59583,8,[DB2002b] G337.09-4.9,FeSt 2-219,HMST 337.1-4.9,BHR 121,,,
FeSt 1-340,238.3375,-39.38278,28,[DB2002b] G337.1+11.12,HMST 337.1+11.1,,,,,
HMST 337.1-0.4,249.38333,-47.67333,22,[DB2002b] G337.1-0.37,,,,,,
HMST 337.1-1.5,250.68333,-48.4025,7,[DB2002b] G337.13-1.51,,,,,,
HMST 337.2-1.4,250.56667,-48.25139,4,[DB2002b] G337.19-1.35,,,,,,
FeSt 2-221,241.58333,-42.05083,6,[DB2002b] G337.19+7.51,,,,,,
FeSt 2-222,250.15417,-47.92972,6,[DB2002b] G337.26-0.93,,,,,,
FeSt 2-223,255.94583,-50.99139,14,[DB2002b] G337.27-5.78,HMST 337.3-5.8,,,,,
HMST 337.3+7.7,241.48333,-41.84972,14,[DB2002b] G337.27+7.69,,,,,,
HMST 337.3-2.0,251.35,-48.59278,14,[DB2002b] G337.28-1.96,,,,,,
HMST 337.3-2.2,251.65417,-48.71472,5,[DB2002b] G337.31-2.2,,,,,,
[VMF2000] Lu 27,241.6125,-41.8125,7,[DB2002b] G337.37+7.66,,,,,,
FeSt 1-341,234.27083,-34.86389,24,[DB2002b] G337.44+16.69,,,,,,
HMST 337.5-1.0,250.45417,-47.84,4,[DB2002b] G337.45-1.02,,,,,,
HMST 337.5-35.3,306.9375,-59.51611,7,[DB2002b] G337.48-35.25,,,,,,
HMST 337.5-1.1,250.65,-47.84083,8,[DB2002b] G337.54-1.12,,,,,,
HMST 337.6+16.4,234.58333,-34.98778,16,[DB2002b] G337.57+16.42,,,,,,
HMST 337.6-1.9,251.575,-48.32,28,[DB2002b] G337.58-1.9,,,,,,
Sandqvist  9,241.89167,-41.68111,28,[DB2002b] G337.61+7.61,HMST 337.6+7.6,,,,,
HMST 337.7-35.4,307.18333,-59.34861,4,[DB2002b] G337.67-35.39,,,,,,
Sandqvist 186,254.15833,-49.59333,4,[DB2002b] G337.68-4.02,HMST 337.7-4.0,BHR 122,,,,
FeSt 2-224,234.62083,-34.79583,6,[DB2002b] G337.73+16.56,,,,,,
[LM99] 160,242.10417,-41.68056,8,[DB2002b] G337.73+7.51,[VMF2000] Lu 28,,,,,
HMST 337.7+7.3,242.32083,-41.83278,12,[DB2002b] G337.74+7.28,,,,,,
HMST 337.8-1.6,251.46667,-47.99222,6,[DB2002b] G337.78-1.63,BHR 123,,,,,
HMST 337.8+18.9,232.95417,-32.88083,22,[DB2002b] G337.8+18.91,,,,,,
HMST 337.9-35.5,307.32083,-59.17972,6,[DB2002b] G337.86-35.48,,,,,,
HMST 337.9-1.4,251.23333,-47.75333,9,[DB2002b] G337.87-1.36,BHR 124,,,,,
HMST 337.9+16.4,234.85417,-34.78,20,[DB2002b] G337.89+16.44,,,,,,
FeSt 1-342,234.85417,-34.78,65,[DB2002b] G337.89+16.44,HMST 337.9+16.4C,,,,,
[LM99] 133,234.9,-34.775,7,[DB2002b] G337.93+16.43,[VMF2000] Lu 1,,,,,
HMST 338.0-1.7,251.73333,-47.92417,14,[DB2002b] G337.95-1.73,,,,,,
FeSt 1-343,253.89583,-49.07917,108,[DB2002b] G337.98-3.58,,,,,,
IREC 487,309.27083,-58.95694,180,[DB2002b] G338-36.5,DIR 338-36,,,,,
HMST 338.0-2.0C,252.15417,-48.07889,60,[DB2002b] G338.01-2.04,,,,,,
[VMF2000] Lu 2,234.98333,-34.71389,3.5,[DB2002b] G338.02+16.43,,,,,,
HMST 338.0-26.9,290.72083,-58.83556,50,[DB2002b] G338.03-26.94,,,,,,
FeSt 1-363,245.61667,-38.63333,52,[DB2002b] G341.8+7.82,,,,,,
IREC 486,290.51667,-58.78,110,[DB2002b] G338.08-26.84,DIR 338-27,,,,,
Sandqvist  10,242.85417,-41.70083,15,[DB2002b] G338.13+7.11,HMST 338.1+7.1,[LM99] 164,,,,
[LM99] 134,235.13333,-34.64889,4.5,[DB2002b] G338.16+16.4,[VMF2000] Lu 4,,,,,
HMST 338.2+16.4,235.13333,-34.64889,12,[DB2002b] G338.16+16.4,,,,,,
HMST 338.2+0.8,249.16667,-46.02083,2,[DB2002b] G338.22+0.84,BHR 125,,,,,
HMST 338.3-2.0,252.3625,-47.86139,24,[DB2002b] G338.27-2.01,,,,,,
HMST 338.5+12.1,238.875,-37.80222,7,[DB2002b] G338.47+12.05,[VMF2000] Lu 15,,,,,
FeSt 1-344,247.1125,-44.34333,59,[DB2002b] G338.47+3.05,,,,,,
FeSt 1-345,242.15,-40.615,119,[DB2002b] G338.48+8.28,,,,,,
Lupus I,235.75,-34.785,410,[DB2002b] G338.49+15.99,,,,,,
HMST 338.5+9.7,240.90417,-39.56361,6,[DB2002b] G338.49+9.68,,,,,,
HMST 338.6+2.5,247.76667,-44.65722,7,[DB2002b] G338.56+2.48,N10,,,,,
[VMF2000] Lu 16,239.175,-37.94667,3.5,[DB2002b] G338.56+11.79,,,,,,
Sandqvist 187,248.2625,-44.975,11,[DB2002b] G338.57+2.01,HMST 338.6+2.0,N11,,,,
HMST 338.6+9.5,241.11667,-39.62944,5,[DB2002b] G338.57+9.52,BHR 126,[LM99] 157,,,,
HMST 338.6+11.9-1,239.17917,-37.90194,6.5,[DB2002b] G338.6+11.82,[LM99] 149,,,,,
[VMF2000] Lu 17,239.15,-37.85167,2.5,[DB2002b] G338.61+11.88,,,,,,
FeSt 2-225,248.775,-45.23611,4,[DB2002b] G338.62+1.57,N12,,,,,
HMST 338.6-1.9,252.55417,-47.50222,22,[DB2002b] G338.63-1.88,,,,,,
FeSt 1-346,243.30417,-41.32667,92,[DB2002b] G338.64+7.15,,,,,,
HMST 338.7+17.5,234.75,-33.46056,45,[DB2002b] G338.67+17.53,,,,,,
Sandqvist  11,239.23333,-37.80833,14,[DB2002b] G338.69+11.86,HMST 338.6+11.9,BHR 127,[LM99] 150,,,
Lupus II,239.25,-37.83056,160,[DB2002b] G338.69+11.84,,,,,,
[VMF2000] Lu 18,239.29167,-37.82778,5,[DB2002b] G338.71+11.82,,,,,,
Sandqvist 188,248.65417,-45.04167,15,[DB2002b] G338.71+1.76,HMST 338.7+1.8,[LM99] 186,,,,
HMST 338.7+15.6,236.2625,-34.91444,8,[DB2002b] G338.73+15.61,[VMF2000] Lu 11,,,,,
[LM99] 145,236.64167,-35.22333,7.5,[DB2002b] G338.78+15.18,[VMF2000] Lu 13,,,,,
[VMF2000] Lu 7,235.6,-34.15056,12,[DB2002b] G338.8+16.56,,,,,,
HMST 338.8+0.8,249.8125,-45.61472,3,[DB2002b] G338.83+0.77,,,,,,
HMST 338.8+16.5,235.64583,-34.14194,35,[DB2002b] G338.84+16.53,,,,,,
Barnard 228,235.64583,-34.14194,310,[DB2002b] G338.84+16.53,HMST 338.8+16.5C,,,,,
HMST 338.8-3.0,254.07083,-48.06,8,[DB2002b] G338.84-3.02,,,,,,
HMST 338.9+15.1,236.75417,-35.22917,16,[DB2002b] G338.85+15.11,,,,,,
Sandqvist  12,235.67917,-34.15417,15,[DB2002b] G338.85+16.51,[LM99] 138,,,,,
[VMF2000] Lu 3,235.04167,-33.50472,8,[DB2002b] G338.85+17.35,,,,,,
FeSt 2-226,239.575,-37.85917,6,[DB2002b] G338.86+11.64,,,,,,
FeSt 1-347,239.575,-37.85917,36,[DB2002b] G338.86+11.64,,,,,,
HMST 338.9+9.5,241.46667,-39.46472,6,[DB2002b] G338.88+9.46,,,,,,
HMST 338.8+16.5-6,235.825,-34.225,2.5,[DB2002b] G338.9+16.38,[LM99] 140,[VMF2000] Lu 9,,,,
HMST 338.8+16.5-5,235.75417,-34.14667,9,[DB2002b] G338.91+16.48,[LM99] 139,,,,,
FeSt 2-227,241.49167,-39.42194,2,[DB2002b] G338.93+9.49,[VMF2000] Lu 29,,,,,
FeSt 1-348,241.4875,-39.40111,71,[DB2002b] G338.95+9.5,,,,,,
[VMF2000] Lu 6,235.51667,-33.84333,2,[DB2002b] G338.95+16.84,,,,,,
HMST 339.0+3.1,247.57083,-43.94972,8,[DB2002b] G338.98+3.07,,,,,,
[VMF2000] Lu 5,235.5125,-33.77583,2,[DB2002b] G338.99+16.89,,,,,,
HMST 338.8+16.5-2,235.57917,-33.84972,4,[DB2002b] G338.99+16.8,[LM99] 136,,,,,
HMST 339.0+15.8,236.39583,-34.64889,7,[DB2002b] G339+15.75,[VMF2000] Lu 12,,,,,
FeSt 1-349,236.07083,-34.34028,66,[DB2002b] G339+16.17,,,,,,
FeSt 2-228,236.07083,-34.34028,6,[DB2002b] G339+16.17,,,,,,
Sandqvist 189,250.42083,-45.73694,45,[DB2002b] G339.02+0.38,HMST 339.0+0.4,,,,,
FeSt 1-350,240.52917,-38.45528,106,[DB2002b] G339.02+10.7,,,,,,
HMST 339.0+15.0,236.99583,-35.21139,6,[DB2002b] G339.02+15.01,[LM99] 146,[VMF2000] Lu 14,,,,
HMST 338.8+16.5-3,235.6625,-33.86694,6,[DB2002b] G339.03+16.74,[VMF2000] Lu 8,[LM99] 137,,,,
Sandqvist 190,251.6875,-46.45611,2,[DB2002b] G339.05-0.75,HMST 339.1-0.8,BHR  130,,,,
HMST 339.1+14.5,237.42917,-35.58472,22,[DB2002b] G339.05+14.49,,,,,,
HMST 339.1+11.7A,239.66667,-37.66222,4,[DB2002b] G339.05+11.75,BHR 128,[LM99] 152,[VMF2000] Lu 19,,,
HMST 339.1+11.7,239.66667,-37.66222,16,[DB2002b] G339.05+11.75,,,,,,
HMST 339.1+15.4,236.75,-34.89083,28,[DB2002b] G339.07+15.38,,,,,,
HMST 339.2+16.1-1,236.225,-34.2925,10,[DB2002b] G339.13+16.12,[LM99] 141,[VMF2000] Lu 10,,,,
Sandqvist  13,236.34583,-34.4725,16,[DB2002b] G339.14+15.88,,,,,,
HMST 339.2+16.1-4,236.37083,-34.41111,6.5,[DB2002b] G339.14+15.95,[LM99] 144,,,,,
[LM99] 143,236.30833,-34.34528,3,[DB2002b] G339.15+16.03,,,,,,
HMST 339.1+11.7B,239.77083,-37.60611,5,[DB2002b] G339.15+11.74,BHR 129,HMST 339.1+11.7-2,[LM99] 153 in HMST 339.1+11.7,Lupus II,,
BDN 339.15+15.95,236.3,-34.28917,35,[DB2002b] G339.17+16.08,HMST 339.2+16.1,,,,,
HMST 339.2+18.5,234.50417,-32.43139,12,[DB2002b] G339.18+18.46,,,,,,
HMST 339.2+1.2,249.74167,-45.09333,16,[DB2002b] G339.18+1.16,,,,,,
HMST 339.2+16.1-2,236.3,-34.2225,4,[DB2002b] G339.22+16.13,[LM99] 142,,,,,
[VMF2000] Lu 32,241.825,-39.20778,5,[DB2002b] G339.27+9.47,,,,,,
Sandqvist 191,251.50417,-45.98028,7,[DB2002b] G339.33-0.34,FeSt 2-229,HMST 339.3-0.3,BHR 131,[LM99] 199,,
[LM99] 159,241.95417,-39.20111,4,[DB2002b] G339.35+9.41,[VMF2000] Lu 30,,,,,
HMST 339.4+9.5,241.93333,-39.13611,12,[DB2002b] G339.38+9.46,,,,,,
DIR 340-43,321.275,-56.40083,85,[DB2002b] G339.5-43.3,,,,,,
Sandqvist 192,252.2125,-46.17194,16,[DB2002b] G339.5-0.84,HMST 339.5-0.8,,,,,
[VMF2000] Lu 20,240.3,-37.53028,4.5,[DB2002b] G339.52+11.51,,,,,,
FeSt 2-230,245.1875,-41.48528,6,[DB2002b] G339.54+6.06,,,,,,
HMST 339.5-2.8,254.42083,-47.35194,35,[DB2002b] G339.54-2.76,,,,,,
HMST 339.6+5.6,245.64583,-41.74,5,[DB2002b] G339.59+5.62,,,,,,
HMST 339.6+16.9,236.00833,-33.36222,8,[DB2002b] G339.6+16.94,,,,,,
HMST 339.6+11.5,240.375,-37.4525,14,[DB2002b] G339.62+11.52,,,,,,
BDN 339.62+9.25,242.3375,-39.13083,60,[DB2002b] G339.62+9.25,,,,,,
[VMF2000] Lu 31,242.28333,-39.06528,5,[DB2002b] G339.63+9.33,,,,,,
[LM99] 161,242.425,-39.15778,6,[DB2002b] G339.65+9.19,,,,,,
Lupus III,242.375,-39.09,260,[DB2002b] G339.67+9.26,,,,,,
[LM99] 163,242.6,-39.18,12,[DB2002b] G339.73+9.08,,,,,,
Sandqvist  14,242.525,-39.10333,22,[DB2002b] G339.74+9.17,HMST 339.7+9.2,,,,,
[VMF2000] Lu 21,240.50833,-37.38611,3.5,[DB2002b] G339.75+11.51,,,,,,
[LM99] 162,242.52917,-39.06306,10,[DB2002b] G339.77+9.2,[VMF2000] Lu 33,,,,,
HMST 339.9-3.4,255.4875,-47.51528,22,[DB2002b] G339.86-3.43,,,,,,
[LM99] 165,242.84583,-39.02583,4,[DB2002b] G339.98+9.06,[VMF2000] Lu 34,,,,,
HMST 340.0+6.0,245.6875,-41.16806,8,[DB2002b] G340.02+6,,,,,,
[LM99] 167,242.9375,-39.0275,5,[DB2002b] G340.03+9.01,[VMF2000] Lu 35,,,,,
[LM99] 166,242.90417,-38.9725,5,[DB2002b] G340.05+9.07,[VMF2000] Lu 36,,,,,
FeSt 2-231,256.10833,-47.56889,6,[DB2002b] G340.07-3.81,,,,,,
FeSt 1-351,244.17083,-39.90639,19,[DB2002b] G340.11+7.72,,,,,,
HMST 340.2+4.5,247.2625,-42.12944,22,[DB2002b] G340.15+4.49,,,,,,
HMST 340.2+9.0,243.06667,-38.92444,28,[DB2002b] G340.17+9.01,,,,,,
HMST 340.2-4.1,256.56667,-47.59861,16,[DB2002b] G340.24-4.06,,,,,,
FeSt 2-232,247.29167,-42.00917,6,[DB2002b] G340.27+4.56,,,,,,
HMST 340.3+5.5,246.37917,-41.33861,8,[DB2002b] G340.27+5.51,,,,,,
HMST 340.4+6.1,245.91667,-40.85889,8,[DB2002b] G340.37+6.1,,,,,,
HMST 340.4+5.5,246.52083,-41.25611,3,[DB2002b] G340.4+5.49,BHR 132,,,,,
FeSt 1-352,254.59583,-46.35917,87,[DB2002b] G340.41-2.25,,,,,,
FeSt 1-353,251.49583,-44.57361,134,[DB2002b] G340.41+0.56,,,,,,
FeSt 2-233,246.5625,-41.1625,6,[DB2002b] G340.49+5.54,,,,,,
HMST 340.5+3.4,248.725,-42.62944,4,[DB2002b] G340.52+3.35,,,,,,
HMST 340.5+5.6,246.5625,-41.12083,6,[DB2002b] G340.52+5.56,,,,,,
Barnard 235,251.68333,-44.51278,7,[DB2002b] G340.53+0.5,Sandqvist  15,FeSt 2-234,HMST 340.5+0.5,BHR  133,[LM99] 200 in FeSt 1-353,
Lupus DN Complex,242,-37.51667,1100,[DB2002b] G340.55+10.61,Lupus CO Complex,,,,,
HMST 340.6+6.6,245.68333,-40.38639,5,[DB2002b] G340.58+6.55,,,,,,
HMST 340.6+9.0,243.5125,-38.65083,8,[DB2002b] G340.62+8.96,,,,,,
HMST 340.6+6.4,245.90833,-40.49528,14,[DB2002b] G340.62+6.35,,,,,,
HMST 340.7+0.0,242.67083,-37.87278,3,[DB2002b] G340.68+9.98,,,,,,
FeSt 1-359,255.03333,-46.18889,250,[DB2002b] G340.72-2.37,HMST 340.7-2.4C,,,,,
HMST 340.7+9.7,242.97083,-38.06306,16,[DB2002b] G340.72+9.68,,,,,,
HMST 340.7+6.6,245.8,-40.25583,12,[DB2002b] G340.74+6.58,,,,,,
FeSt 1-354,248.09583,-41.90556,47,[DB2002b] G340.74+4.19,,,,,,
HMST 340.8+4.7,247.56667,-41.52639,14,[DB2002b] G340.75+4.74,,,,,,
HMST 340.8+3.3,248.9875,-42.46,12,[DB2002b] G340.78+3.33,,,,,,
FeSt 1-355,244.82083,-39.43694,53,[DB2002b] G340.8+7.69,,,,,,
HMST 340.9+9.2,243.48333,-38.27778,7,[DB2002b] G340.87+9.24,BHR 134,,,,,
FeSt 2-235,243.20833,-38.04389,6,[DB2002b] G340.88+9.57,,,,,,
Lupus VI,247.125,-41.02611,375,[DB2002b] G340.89+5.33,,,,,,
FeSt 1-356,249.50417,-42.64944,100,[DB2002b] G340.89+2.92,,,,,,
DIR 340-36,307.87917,-56.68333,130,[DB2002b] G340.9-36,,,,,,
FeSt 2-236,246.20417,-40.31417,6,[DB2002b] G340.91+6.32,,,,,,
HMST 341.0+3.1,249.45417,-42.49278,4,[DB2002b] G340.98+3.05,,,,,,
FeSt 1-357,246.125,-40.14778,37,[DB2002b] G340.99+6.48,,,,,,
HMST 341.1+5.9,246.75417,-40.52833,3,[DB2002b] G341.05+5.87,,,,,,
HMST 341.1+10.2,242.80833,-37.46889,35,[DB2002b] G341.05+10.2,,,,,,
FeSt 2-237,249.95417,-42.63056,6,[DB2002b] G341.13+2.69,,,,,,
HMST 341.1+6.2,246.50417,-40.21444,18,[DB2002b] G341.14+6.22,,,,,,
Sandqvist  16,246.2875,-39.99111,14,[DB2002b] G341.2+6.5,HMST 341.2+6.5,[LM99] 170,,,,
FeSt 1-358,247.48333,-40.84167,51,[DB2002b] G341.21+5.24,,,,,,
FeSt 2-238,255.2125,-45.63972,6,[DB2002b] G341.23-2.14,,,,,,
FeSt 2-239,251.79167,-43.63889,6,[DB2002b] G341.24+1.01,,,,,,
HMST 341.3+3.9,248.95417,-41.67861,8,[DB2002b] G341.34+3.87,,,,,,
FeSt 1-360,250.70833,-42.59889,16,[DB2002b] G341.52+2.29,HMST 341.5+2.3,,,,,
HMST 341.6+3.1,250.04583,-42.00528,35,[DB2002b] G341.64+3.05,,,,,,
FeSt 2-240,254.40417,-44.66028,6,[DB2002b] G341.65-1.08,,,,,,
HMST 341.7+8.5,244.91667,-38.19472,6,[DB2002b] G341.73+8.51,,,,,,
FeSt 1-361,246.975,-39.74389,49,[DB2002b] G341.74+6.28,,,,,,
FeSt 1-362,244.00417,-37.42361,88,[DB2002b] G341.79+9.57,,,,,,
IREC 488,197.80417,21.34528,96,[DB2002b] G341.91+82.67,,,,,,
HMST 341.9-3.0,256.75,-45.58417,8,[DB2002b] G341.93-2.95,,,,,,
HMST 342.0+0.3,253.22083,-43.57889,20,[DB2002b] G341.95+0.25,,,,,,
FeSt 1-364,258.04583,-46.20972,106,[DB2002b] G341.96-4.06,,,,,,
Sandqvist  17,253.24167,-43.58222,6,[DB2002b] G341.96+0.24,FeSt 2-241,,,,,
[LM99] 169,244.45417,-37.51972,4.5,[DB2002b] G341.96+9.25,,,,,,
HMST 342.0+9.4,244.375,-37.43722,22,[DB2002b] G341.97+9.35,,,,,,
FeSt 2-242,261.76667,-47.82528,6,[DB2002b] G342.07-7.05,,,,,,
FeSt 1-365,257.74167,-45.92778,19,[DB2002b] G342.07-3.72,,,,,,
HMST 342.1+5.9C,247.60833,-39.72944,120,[DB2002b] G342.09+5.94,,,,,,
HMST 342.1-3.8,257.82083,-45.92583,35,[DB2002b] G342.1-3.76,,,,,,
HMST 342.1-7.1,261.87083,-47.83306,16,[DB2002b] G342.1-7.12,,,,,,
HMST 342.1+9.7,244.18333,-37.09611,22,[DB2002b] G342.11+9.7,,,,,,
FeSt 2-243,256.25833,-45.06806,6,[DB2002b] G342.14-2.37,,,,,,
FeSt 1-366,262.01667,-47.82417,38,[DB2002b] G342.17-7.19,,,,,,
HMST 342.2+8.1,245.70417,-38.13306,16,[DB2002b] G342.22+8.11,,,,,,
HMST 342.3+8.9,245.0125,-37.53944,28,[DB2002b] G342.26+8.92,,,,,,
FeSt 2-244,245.05417,-37.51917,6,[DB2002b] G342.31+8.91,,,,,,
FeSt 1-367,259.15,-46.28778,51,[DB2002b] G342.34-4.71,,,,,,
HMST 342.4+8.1,245.92083,-38.04861,45,[DB2002b] G342.4+8.05,,,,,,
HMST 342.4+9.6,244.52083,-36.92306,6,[DB2002b] G342.42+9.63,,,,,,
FeSt 1-368,256.30417,-44.71778,48,[DB2002b] G342.43-2.19,,,,,,
HMST 342.5+6.4,247.5125,-39.15,5,[DB2002b] G342.46+6.39,,,,,,
IREC 489,9.91667,-30.18222,87,[DB2002b] G342.47-86,,,,,,
HMST 342.5+7.4,246.55,-38.41917,3,[DB2002b] G342.47+7.44,,,,,,
FeSt 2-245,263.72083,-48.1825,6,[DB2002b] G342.48-8.35,,,,,,
HMST 342.5+9.9,244.375,-36.71361,8,[DB2002b] G342.49+9.86,,,,,,
FeSt 1-369,250.69583,-41.10056,22,[DB2002b] G342.64+3.28,HMST 342.6+3.3,,,,,
Lupus V,244.75,-36.78,350,[DB2002b] G342.66+9.61,,,,,,
HMST 342.7+9.7,244.69167,-36.71083,7,[DB2002b] G342.67+9.68,,,,,,
HMST 342.8+9.3,245.09583,-36.90222,9,[DB2002b] G342.77+9.32,,,,,,
HMST 342.8+8.7,245.65,-37.30472,14,[DB2002b] G342.79+8.72,,,,,,
FeSt 2-246,251.31667,-41.17444,6,[DB2002b] G342.9+2.87,,,,,,
HMST 342.9+9.0,245.51667,-37.02194,5,[DB2002b] G342.92+9,,,,,,
IREC 490,223.89167,-14.02972,102,[DB2002b] G342.99+39,,,,,,
HMST 343.0+2.8,251.5375,-41.14667,28,[DB2002b] G343.02+2.76,,,,,,
FeSt 2-247,247.97083,-38.65611,6,[DB2002b] G343.08+6.48,,,,,,
FeSt 1-370,248.75,-39.18611,91,[DB2002b] G343.09+5.67,,,,,,
HMST 343.3-3.8,258.88333,-45.03583,35,[DB2002b] G343.25-3.84,,,,,,
FeSt 2-248,258.95833,-44.90528,6,[DB2002b] G343.4-3.82,,,,,,
Barnard 44a,251.20833,-40.385,7,[DB2002b] G343.44+3.45,Sandqvist  18,FeSt 2-249,HMST 343.4+3.5,BHR  135,,
HMST 343.4-0.6C,255.4,-42.94556,120,[DB2002b] G343.44-0.58,,,,,,
HMST 343.5-3.7,258.9,-44.76889,22,[DB2002b] G343.48-3.7,,,,,,
Sandqvist  19,254.7625,-42.42333,14,[DB2002b] G343.56+0.1,HMST 343.6+0.1,FeSt 2-251,,,,
FeSt 2-250,256.41667,-43.33389,6,[DB2002b] G343.59-1.41,,,,,,
Barnard 232,250.90417,-39.85306,9,[DB2002b] G343.69+3.97,FeSt 2-252,HMST 343.7+4.0,,,,
HMST 343.7-2.3,257.54167,-43.77694,150,[DB2002b] G343.71-2.33,,,,,,
HMST 343.7+10.6,244.83333,-35.35333,55,[DB2002b] G343.74+10.56,,,,,,
HMST 343.8+7.0,248.09167,-37.82889,3,[DB2002b] G343.75+6.95,,,,,,
HMST 344.0+1.7,253.4125,-41.10972,14,[DB2002b] G343.95+1.7,,,,,,
HMST 344.0+2.3,252.82917,-40.74083,16,[DB2002b] G343.96+2.28,,,,,,
FeSt 1-371,245.59583,-35.61667,46,[DB2002b] G343.98+9.94,,,,,,
HMST 344.0+1.2,253.94583,-41.37222,20,[DB2002b] G344+1.23,,,,,,
FeSt 1-372,255.70833,-42.35389,41,[DB2002b] G344.05-0.42,,,,,,
HMST 344.1+1.6,253.62917,-41.05861,12,[DB2002b] G344.1+1.61,,,,,,
IREC 491,226.09167,-15.34583,92,[DB2002b] G344.15+36.67,,,,,,
FeSt 1-373,257.92083,-43.37694,62,[DB2002b] G344.21-2.32,,,,,,
FeSt 2-253,256.5375,-42.51667,6,[DB2002b] G344.29-0.99,,,,,,
HMST 344.3-1.1,256.6625,-42.55611,12,[DB2002b] G344.31-1.08,,,,,,
HMST 344.3+2.1,253.3,-40.56194,8,[DB2002b] G344.32+2.12,,,,,,
FeSt 2-254,251.6125,-39.42306,8,[DB2002b] G344.37+3.84,HMST 344.4+3.8,,,,,
HMST 344.4+0.6,254.90833,-41.45778,24,[DB2002b] G344.38+0.61,,,,,,
FeSt 1-374,259.275,-43.83722,31,[DB2002b] G344.4-3.39,,,,,,
HMST 344.5+3.2,252.2875,-39.75167,3,[DB2002b] G344.46+3.23,[VMF2000] Sc 1,,,,,
HMST 344.5+2.0,253.63333,-40.51861,5,[DB2002b] G344.52+1.95,[VMF2000] Sc 2,,,,,
BHR 136,253.63333,-40.51472,1,[DB2002b] G344.53+1.95,,,,,,
HMST 344.5+6.7,248.9625,-37.40667,12,[DB2002b] G344.53+6.73,,,,,,
FeSt 2-255,259.7,-43.885,6,[DB2002b] G344.54-3.67,,,,,,
IREC 492,247.19583,-36.08639,60,[DB2002b] G344.55+8.67,,,,,,
HMST 344.6-3.7,259.81667,-43.88444,75,[DB2002b] G344.58-3.73,,,,,,
BDN 344.64-4.27,260.44583,-44.14667,5,[DB2002b] G344.62-4.25,HMST 344.6-4.3,BHR 137,[VMF2000] Sc 22,,,
IREC 493,214.10833,1.17778,80,[DB2002b] G344.64+57,,,,,,
FeSt 1-375,251.6,-39.07306,36,[DB2002b] G344.64+4.07,,,,,,
HMST 344.7+10.5,245.7,-34.67278,12,[DB2002b] G344.74+10.52,,,,,,
G344.8+24.0,235.02917,-24.86417,60,[DB2002b] G344.75+24,,,,,,
HMST 344.8+10.4,245.86667,-34.76056,12,[DB2002b] G344.77+10.36,,,,,,
HMST 344.8+3.6,252.19167,-39.28028,12,[DB2002b] G344.77+3.59,,,,,,
FeSt 1-376,252.71667,-39.61278,27,[DB2002b] G344.78+3.06,HMST 344.8+3.1,,,,,
HMST 344.8+4.0,251.85417,-39.03861,7,[DB2002b] G344.79+3.95,,,,,,
HMST 344.8+7.6,248.35833,-36.60944,4,[DB2002b] G344.8+7.62,,,,,,
FeSt 2-256,246.11667,-34.88111,6,[DB2002b] G344.83+10.14,,,,,,
FeSt 1-377,246.11667,-34.88111,35,[DB2002b] G344.83+10.14,,,,,,
HMST 344.9+4.3,251.5875,-38.78472,12,[DB2002b] G344.85+4.27,,,,,,
HMST 344.9+2.6,253.2875,-39.87361,22,[DB2002b] G344.85+2.56,,,,,,
HMST 344.9+10.4C,245.90417,-34.66861,22,[DB2002b] G344.86+10.4,,,,,,
HMST 344.9+10.3,246.05417,-34.67639,16,[DB2002b] G344.94+10.31,,,,,,
HMST 345.0-3.5,259.89583,-43.45083,2,[DB2002b] G344.97-3.52,BHR 138,[VMF2000] Sc 19,,,,
HMST 345.0+10.1,246.3375,-34.805,4,[DB2002b] G345.01+10.05,,,,,,
IREC 494,218.2625,-4.05056,80,[DB2002b] G345.02+50.33,,,,,,
IREC 495,290.99167,-52.49806,72,[DB2002b] G345.04-26,,,,,,
Lower Scorpius DN Complex,256.52917,-41.56667,588,[DB2002b] G345.04-0.41,FeSt 1-378,,,,,
HMST 345.0+3.9,252.12917,-38.89222,16,[DB2002b] G345.04+3.87,,,,,,
FeSt 2-257,254.64167,-40.40889,6,[DB2002b] G345.09+1.43,,,,,,
HMST 345.1+3.2,252.8875,-39.28889,20,[DB2002b] G345.11+3.17,,,,,,
Barnard 48,255.28333,-40.74278,28,[DB2002b] G345.12+0.83,Sandqvist  20,HMST 345.1+0.8,,,,
FeSt 2-258,255.27083,-40.72278,6,[DB2002b] G345.14+0.86,,,,,,
HMST 345.2-4.1,260.6875,-43.63028,6,[DB2002b] G345.15-4.1,[VMF2000] Sc 23,,,,,
HMST 345.2-2.9,259.34167,-42.93361,28,[DB2002b] G345.16-2.9,,,,,,
FeSt 2-259,259.31667,-42.92028,6,[DB2002b] G345.18-2.87,,,,,,
HMST 345.2-3.6,260.2125,-43.34111,6,[DB2002b] G345.2-3.65,BHR 139,[VMF2000] Sc 20,,,,
HMST 345.4-5.1,262.03333,-44.04056,12,[DB2002b] G345.35-5.13,,,,,,
HMST 345.4-4.9,261.82917,-43.91,3,[DB2002b] G345.38-4.94,,,,,,
HMST 345.4-4.0,260.725,-43.38167,10,[DB2002b] G345.38-3.98,BHR 140,,,,,
FeSt 1-379,255.14167,-40.25667,116,[DB2002b] G345.44+1.23,,,,,,
FeSt 1-380,257.77917,-41.74417,40,[DB2002b] G345.46-1.27,,,,,,
IREC 496,268.92083,-46.73889,72,[DB2002b] G345.53-10.67,,,,,,
HMST 345.6-0.0,257.52083,-41.47056,6,[DB2002b] G345.56-0.95,,,,,,
FeSt 2-261,261.975,-43.69083,6,[DB2002b] G345.62-4.91,,,,,,
HMST 345.7-5.0,262.1875,-43.65333,16,[DB2002b] G345.74-5.01,,,,,,
HMST 345.8+7.6,249.2125,-35.94222,3,[DB2002b] G345.76+7.55,BHR 141,,,,,
HMST 345.8+3.9,252.67917,-38.30639,22,[DB2002b] G345.77+3.92,,,,,,
HMST 345.8-2.3,259.19167,-42.1125,22,[DB2002b] G345.77-2.33,,,,,,
HMST 345.8+3.0,253.63333,-38.90361,50,[DB2002b] G345.78+2.96,,,,,,
FeSt 1-381,258.95833,-41.70528,46,[DB2002b] G346-1.96,,,,,,
FeSt 2-262,258.95833,-41.70528,6,[DB2002b] G346-1.96,,,,,,
Sandqvist  21,249.22083,-35.60806,5,[DB2002b] G346.02+7.78,HMST 346.0+7.8,[LM99] 193,,,,
HMST 346.1+7.3,249.71667,-35.83,2,[DB2002b] G346.12+7.32,,,,,,
HMST 346.1+7.8,249.31667,-35.52667,5,[DB2002b] G346.13+7.77,,,,,,
Sandqvist 193,270.75833,-46.66333,4,[DB2002b] G346.19-11.74,FeSt 2-263,HMST 346.2-11.7,BHR 142,,,
Barnard 231,249.40833,-35.48639,35,[DB2002b] G346.21+7.74,HMST 346.2+7.7C,,,,,
FeSt 1-382,249.8,-35.73111,96,[DB2002b] G346.24+7.34,,,,,,
HMST 346.3+7.8,249.44167,-35.43944,7,[DB2002b] G346.27+7.75,[LM99] 195,,,,,
IREC 497,228.37083,-15.31611,72,[DB2002b] G346.3+35.33,,,,,,
Barnard 263,261.56667,-42.64611,18,[DB2002b] G346.33-4.08,Sandqvist  22,FeSt 2-264,HMST 346.3-4.1,[LM99] 238,,
IREC 498,310.2375,-52.23417,85,[DB2002b] G346.33-37.67,,,,,,
HMST 346.4-5.0,262.65417,-43.14083,2,[DB2002b] G346.35-5.02,BHR 143,[VMF2000] Sc 27,,,,
HMST 346.4-2.2,259.44583,-41.53139,16,[DB2002b] G346.36-2.15,,,,,,
Sandqvist  23,257.79583,-40.61083,11,[DB2002b] G346.38-0.61,HMST 346.4-0.6,,,,,
Sandqvist  24,249.3625,-35.23139,4,[DB2002b] G346.38+7.93,FeSt 2-260,HMST 346.4+7.9,[LM99] 194,BHR 144,,
HMST 346.4+2.7,254.42083,-38.62,22,[DB2002b] G346.38+2.66,,,,,,
HMST 346.4-0.5,257.68333,-40.52639,5,[DB2002b] G346.39-0.48,[VMF2000] Sc 11,,,,,
FeSt 2-215,257.84583,-40.62611,6,[DB2002b] G346.39-0.65,[VMF2000] Sc 12,,,,,
HMST 346.5+0.1,257.14167,-40.12056,40,[DB2002b] G346.47+0.08,,,,,,
HMST 346.5+7.8,249.5625,-35.23889,4,[DB2002b] G346.49+7.81,,,,,,
Barnard 58,257.81667,-40.41583,35,[DB2002b] G346.54-0.5,HMST 346.5-0.5C,,,,,
FeSt 1-383,268.49583,-45.30944,14,[DB2002b] G346.66-9.73,,,,,,
Sandqvist 194,266.59167,-44.51361,4,[DB2002b] G346.68-8.15,FeSt 2-265,HMST 346.7-8.2,[VMF2000] Sc 31,,,
HMST 346.8-0.4,257.9125,-40.21861,5,[DB2002b] G346.75-0.44,[VMF2000] Sc 13,,,,,
FeSt 1-384,258.54583,-40.54056,29,[DB2002b] G346.77-1.02,,,,,,
HMST 346.8+10.4,247.4625,-33.26,22,[DB2002b] G346.8+10.42,,,,,,
FeSt 1-385,266.58333,-44.36861,12,[DB2002b] G346.81-8.08,,,,,,
FeSt 1-386,258.37083,-40.37472,70,[DB2002b] G346.83-0.81,,,,,,
HMST 346.9+0.3,257.23333,-39.67667,5,[DB2002b] G346.87+0.29,,,,,,
HMST 346.9-5.1,263.12083,-42.75361,22,[DB2002b] G346.87-5.09,,,,,,
FeSt 2-266,257.2375,-39.64667,6,[DB2002b] G346.9+0.3,,,,,,
FeSt 1-387,253.97083,-37.66194,80,[DB2002b] G346.92+3.53,,,,,,
FeSt 1-388,257.0875,-39.46417,39,[DB2002b] G346.98+0.51,,,,,,
HMST 347.2+1.8,255.8625,-38.51,4,[DB2002b] G347.16+1.84,,,,,,
FeSt 1-389,260.62917,-41.18056,28,[DB2002b] G347.16-2.68,,,,,,
HMST 347.2-3.4,261.44167,-41.56167,20,[DB2002b] G347.18-3.4,,,,,,
Barnard 233,251.0375,-35.36056,20,[DB2002b] G347.19+6.82,Sandqvist  25,FeSt 2-267,HMST 347.2+6.8,,,
HMST 347.2+2.2,255.52917,-38.25139,12,[DB2002b] G347.21+2.2,,,,,,
HMST 347.4-4.0,262.27917,-41.68944,16,[DB2002b] G347.42-3.99,,,,,,
HMST 347.4+1.8,256.1125,-38.31028,5,[DB2002b] G347.44+1.8,,,,,,
HMST 347.5-3.2,261.425,-41.14028,28,[DB2002b] G347.52-3.15,,,,,,
Sandqvist 195,267,-43.72,6,[DB2002b] G347.52-8.01,FeSt 2-268,HMST 347.5-8.0,BHR 145,[LM99] 241,[VMF2000] Sc 32,
HMST 347.5-2.3,260.47917,-40.64472,22,[DB2002b] G347.53-2.28,,,,,,
FeSt 1-390,267.22917,-43.71556,28,[DB2002b] G347.61-8.16,,,,,,
HMST 347.6+7.0,251.17083,-34.89833,22,[DB2002b] G347.61+7.03,,,,,,
FeSt 2-269,262.25833,-41.40611,6,[DB2002b] G347.66-3.83,,,,,,
HMST 347.7-4.3,262.8,-41.64028,26,[DB2002b] G347.67-4.29,,,,,,
FeSt 1-391,259.61667,-39.85222,62,[DB2002b] G347.81-1.29,,,,,,
HMST 347.9-4.4,263.09167,-41.57389,7,[DB2002b] G347.85-4.44,BHR 146,[LM99] 239,,,,
HMST 347.9-3.0,261.52083,-40.72472,12,[DB2002b] G347.91-2.98,,,,,,
HMST 348.0+3.4,254.95,-36.95583,55,[DB2002b] G347.95+3.36,,,,,,
FeSt 1-392,255.14167,-37.09,21,[DB2002b] G347.95+3.17,,,,,,
HMST 348.0+3.7,254.60417,-36.70417,4,[DB2002b] G347.98+3.73,BHR 147,[VMF2000] Sc 3,,,,
FeSt 1-393,252.725,-35.25111,42.3,[DB2002b] G348.16+5.84,,,,,,
HMST 348.2-2.6,261.29583,-40.27417,4,[DB2002b] G348.19-2.59,[VMF2000] Sc 24,,,,,
FeSt 1-394,268.82917,-43.69111,19,[DB2002b] G348.21-9.16,,,,,,
HMST 348.2+2.2,256.2875,-37.43444,14,[DB2002b] G348.22+2.23,,,,,,
FeSt 2-270,262.225,-40.50639,6,[DB2002b] G348.4-3.31,,,,,,
HMST 348.4+1.5,257.125,-37.69722,18,[DB2002b] G348.41+1.54,,,,,,
DIR 349-46,323.00833,-49.53583,115,[DB2002b] G348.5-46,,,,,,
HMST 348.6+3.6,255.1875,-36.26639,14,[DB2002b] G348.61+3.63,,,,,,
HMST 348.6-50.6,329.8,-48.32694,14,[DB2002b] G348.61-50.61,,,,,,
HMST 348.7-1.6,260.57083,-39.31083,3,[DB2002b] G348.67-1.58,,,,,,
FeSt 1-395,255.40833,-36.15528,40,[DB2002b] G348.8+3.57,,,,,,
HMST 348.9-46.2,323.2,-49.22972,12,[DB2002b] G348.89-46.18,,,,,,
HMST 348.9+2.9,256.17917,-36.50333,5,[DB2002b] G348.91+2.86,,,,,,
FeSt 2-271,255.9875,-36.26917,6,[DB2002b] G349+3.13,,,,,,
IREC 499,234.275,-18.35861,123,[DB2002b] G349+29.33,,,,,,
Sandqvist  27,255.73333,-36.10556,11,[DB2002b] G349.01+3.38,HMST 349.0+3.4,,,,,
Sandqvist  26,263.54167,-40.42,16,[DB2002b] G349.01-4.1,HMST 349.0-4.1,,,,,
HMST 349.0+3.0,256.10833,-36.31361,2.5,[DB2002b] G349.03+3.02,BHR 148,,,,,
FeSt 2-272,261.2125,-39.19444,6,[DB2002b] G349.04-1.93,,,,,,
HMST 349.2+3.1,256.10833,-36.14028,3,[DB2002b] G349.17+3.12,HMST 349.2+3.1A,BHR 149,[VMF2000] Sc 4,,,
HMST 349.2+3.1B,256.19167,-36.17167,1,[DB2002b] G349.18+3.05,BHR 150,[VMF2000] Sc 5,,,,
Barnard 240,254.98333,-35.39889,6,[DB2002b] G349.2+4.3,FeSt 2-273,HMST 349.2+4.3,,,,
HMST 349.2+1.8,257.47083,-36.89389,4,[DB2002b] G349.22+1.79,,,,,,
HMST 349.3+3.1,256.2,-36.06,2,[DB2002b] G349.28+3.11,BHR 151,[VMF2000] Sc 6,,,,
HMST 349.3-2.2,261.64167,-39.1075,28,[DB2002b] G349.3-2.16,,,,,,
Barnard 229,244.25,-27.3,50,[DB2002b] G349.34+16.52,,,,,,
HMST 349.3+2.3,257.0875,-36.51417,3,[DB2002b] G349.34+2.27,[VMF2000] Sc 9,,,,,
LDN 1672,245.27083,-28.11806,52,[DB2002b] G349.37+15.3,,,,,,
FeSt 1-396,272.40417,-43.59028,28,[DB2002b] G349.53-11.39,,,,,,
IREC 501,281.89583,-46.44139,113,[DB2002b] G349.59-18.67,,,,,,
HMST 349.7-3.9,263.8375,-39.73861,20,[DB2002b] G349.7-3.92,,,,,,
LDN 1673,247.53333,-29.44139,17,[DB2002b] G349.74+12.94,,,,,,
BDN 349.84-3.57,263.49167,-39.44194,18,[DB2002b] G349.81-3.54,FeSt 2-274,HMST 349.8-3.5,,,,
HMST 349.9-1.8,261.69167,-38.40889,22,[DB2002b] G349.9-1.8,,,,,,
IREC 502,226.45,-8.6025,87,[DB2002b] G350.01+41.67,,,,,,
FeSt 2-275,254.19167,-33.84417,6,[DB2002b] G350.03+5.78,,,,,,
Sandqvist  28,263.85,-39.22333,6,[DB2002b] G350.15-3.65,,,,,,
Sandqvist  29,263.85,-39.22333,12,[DB2002b] G350.15-3.65,HMST 350.2-3.7,,,,,
LDN 1674,247.45417,-28.775,6,[DB2002b] G350.2+13.44,,,,,,
HMST 350.2-4.8,265.12917,-39.73389,20,[DB2002b] G350.24-4.76,,,,,,
HMST 350.3-3.5,263.79583,-38.98361,9,[DB2002b] G350.32-3.49,,,,,,
FeSt 1-397,264.84167,-39.47694,112,[DB2002b] G350.34-4.43,,,,,,
Barnard 50,255.74583,-34.43694,13,[DB2002b] G350.35+4.39,Sandqvist  30,HMST 350.4+4.4,[LM99] 227,,,
HMST 350.4+1.4,258.75833,-36.17111,12,[DB2002b] G350.41+1.38,,,,,,
LDN 1675,244.5125,-26.12139,63,[DB2002b] G350.41+17.16,,,,,,
HMST 350.5-4.3,264.76667,-39.2725,5,[DB2002b] G350.48-4.28,[VMF2000] Sc 30,,,,,
FeSt 1-398,257.725,-35.29278,45,[DB2002b] G350.63+2.58,HMST 350.6+2.6,,,,,
FeSt 1-399,263.75833,-38.48222,63,[DB2002b] G350.74-3.2,,,,,,
FeSt 1-400,259.4125,-36.01972,62,[DB2002b] G350.85+1.04,,,,,,
HMST 350.9-4.0,264.77083,-38.81389,4,[DB2002b] G350.87-4.04,,,,,,
HMST 350.9-1.4,261.99167,-37.38417,14,[DB2002b] G350.89-1.43,,,,,,
LDN 1676,245.2625,-26.11806,115,[DB2002b] G350.89+16.67,FeSt 1-402,,,,,
FeSt 1-401,253.05417,-31.93278,28,[DB2002b] G350.93+7.72,,,,,,
LDN 1677,253.30417,-32.08167,190,[DB2002b] G350.95+7.45,,,,,,
Barnard 54,256.6625,-34.23111,4,[DB2002b] G350.97+3.91,HMST 351.0+3.9,BHR  152,[VMF2000] Sc 7,,,
HMST 351.0-3.7,264.49167,-38.55528,6,[DB2002b] G350.98-3.72,[VMF2000] Sc 29,,,,,
FeSt 2-276,244.70833,-25.53722,6,[DB2002b] G350.98+17.43,,,,,,
FeSt 2-277,244.80833,-25.38667,6,[DB2002b] G351.16+17.47,,,,,,
HMST 351.2+5.2,255.58333,-33.27611,2,[DB2002b] G351.19+5.2,BHR 154,,,,,
HMST 351.2+0.0,260.69583,-36.28694,28,[DB2002b] G351.22+0.04,,,,,,
FeSt 2-278,259.8875,-35.83417,6,[DB2002b] G351.22+0.83,,,,,,
LDN 1678,244.00417,-24.62361,22,[DB2002b] G351.23+18.52,,,,,,
Barnard 49,255.68333,-33.27389,7,[DB2002b] G351.24+5.14,Sandqvist  31,HMST 351.2+5.1,[CB88] 69,BHR  153,,
G351.2+26.2,238.04167,-19.21583,20,[DB2002b] G351.25+26.25,,,,,,
HMST 351.3+4.3,256.51667,-33.745,12,[DB2002b] G351.28+4.3,,,,,,
FeSt 2-279,244.40417,-24.88833,6,[DB2002b] G351.28+18.07,,,,,,
Barnard 234,251.60833,-30.46667,18,[DB2002b] G351.29+9.6,,,,,,
HMST 351.3-3.4,264.35833,-38.07083,12,[DB2002b] G351.33-3.37,,,,,,
Barnard 53,256.52083,-33.50167,14,[DB2002b] G351.48+4.44,Sandqvist  32,HMST 351.5+4.4,,,,
FeSt 2-280,260.7125,-35.98,6,[DB2002b] G351.48+0.21,,,,,,
LDN 1679,255.6875,-32.90389,6,[DB2002b] G351.54+5.36,,,,,,
HMST 351.6-1.0,262.04583,-36.60389,5,[DB2002b] G351.56-1.03,[VMF2000] Sc 26,,,,,
HMST 351.6-0.6,261.5875,-36.33417,6,[DB2002b] G351.58-0.57,[VMF2000] Sc 25,,,,,
HMST 351.6-3.7,264.9,-38.00833,12,[DB2002b] G351.61-3.7,,,,,,
Barnard 257,260.52083,-35.58917,11,[DB2002b] G351.71+0.56,Sandqvist  33,BDN351.72+0.57,HMST 351.7+0.5,BHR  155,,
HMST 351.8+1.6,259.52917,-34.9825,35,[DB2002b] G351.75+1.56,,,,,,
Sandqvist  34,259.55417,-34.96889,6,[DB2002b] G351.77+1.56,FeSt 2-281,,,,,
HMST 351.8+2.8,258.37083,-34.25639,2,[DB2002b] G351.78+2.76,BHR 156,[VMF2000] Sc 14,,,,
HMST 351.8+2.9,258.20833,-34.14694,14,[DB2002b] G351.79+2.93,,,,,,
FeSt 2-282,258.65,-34.42333,6,[DB2002b] G351.79+2.48,,,,,,
HMST 351.8-3.6,264.87083,-37.76194,6,[DB2002b] G351.81-3.55,,,,,,
HMST 351.9+2.3,258.91667,-34.50028,2,[DB2002b] G351.85+2.25,,,,,,
Barnard 239,253.75,-31.11667,15,[DB2002b] G351.95+7.76,,,,,,
Sandqvist  35,259.425,-34.66306,28,[DB2002b] G351.96+1.82,HMST 352.0+1.8,,,,,
Barnard 236,252,-29.8,10,[DB2002b] G352.03+9.76,,,,,,
Barnard 237,252.22917,-29.96667,37,[DB2002b] G352.03+9.5,,,,,,
FeSt 1-403,246.38333,-25.52972,32,[DB2002b] G352.04+16.32,,,,,,
IREC 503,283.03333,-44.25194,163,[DB2002b] G352.05-18.67,,,,,,
HMST 352.2+3.1,258.33333,-33.77139,22,[DB2002b] G352.16+3.07,,,,,,
Barnard 242,256.275,-32.41667,20,[DB2002b] G352.23+5.27,,,,,,
FeSt 1-405,266.3375,-37.97306,50,[DB2002b] G352.24-4.65,HMST 352.2-4.7,,,,,
FeSt 1-404,247.2125,-25.89278,72,[DB2002b] G352.28+15.52,,,,,,
HMST 352.5+0.9,260.75,-34.775,12,[DB2002b] G352.49+0.86,,,,,,
HMST 352.5+1.2,260.44583,-34.57139,22,[DB2002b] G352.51+1.18,,,,,,
HMST 352.5+3.3,258.32917,-33.32139,22,[DB2002b] G352.52+3.33,,,,,,
Barnard 258,260.74167,-34.71667,40,[DB2002b] G352.53+0.9,,,,,,
HMST 352.6+2.1,259.61667,-34.03861,40,[DB2002b] G352.56+2.05,,,,,,
FeSt 1-406,260.65417,-34.61361,22,[DB2002b] G352.58+1.01,,,,,,
FeSt 1-407,260.80417,-34.59639,73,[DB2002b] G352.67+0.92,,,,,,
HMST 352.7+2.3,259.4625,-33.78778,35,[DB2002b] G352.69+2.29,,,,,,
Barnard 55,256.85833,-32.13167,16,[DB2002b] G352.75+5.03,LDN 1682,HMST 352.8+5.0,,,,
FeSt 2-283,261.00417,-34.54528,6,[DB2002b] G352.81+0.82,,,,,,
HMST 352.8+1.2,260.62917,-34.28889,14,[DB2002b] G352.83+1.21,,,,,,
FeSt 2-284,246.12917,-24.2975,6,[DB2002b] G352.85+17.3,,,,,,
LDN 1681,246.75417,-24.77806,27,[DB2002b] G352.87+16.56,,,,,,
FeSt 1-409,246.45417,-24.52944,25,[DB2002b] G352.88+16.93,,,,,,
FeSt 1-410,267.20417,-37.63222,31,[DB2002b] G352.89-5.06,,,,,,
HMST 352.9+5.0,257.00833,-32.04778,2.5,[DB2002b] G352.9+4.98,BHR 158,[VMF2000] Sc 8,,,,
HMST 352.9+3.3,258.65,-33.04167,28,[DB2002b] G352.91+3.28,,,,,,
LDN 1683,247.25833,-25.10917,94,[DB2002b] G352.92+16,,,,,,
Barnard 56,257.1875,-32.11361,6,[DB2002b] G352.93+4.82,LDN 1685,HMST 352.9+4.8,[CB88] 73,BHR 157,[VMF2000] Sc 10,
MLB 46,246.6125,-24.55444,2,[DB2002b] G352.95+16.81,LDN 1681A,,,,,
MLB 47,246.8625,-24.74083,10,[DB2002b] G352.96+16.51,LDN 1681B,,,,,
LDN 1684,247.75833,-25.44028,17,[DB2002b] G352.97+15.44,,,,,,
BDN 352.97+16.95,246.50417,-24.44583,200,[DB2002b] G352.97+16.95,,,,,,
LDN 1680,245.45,-24.04167,110,[DB2002b] G353.01+17.31,FeSt 1-408,,,,,
HMST 353.0+1.4,260.58333,-34.04417,14,[DB2002b] G353.01+1.39,,,,,,
P 135,246.6625,-24.51611,8,[DB2002b] G353.01+16.8,,,,,,
[LM99] 171,246.75417,-24.5725,27,[DB2002b] G353.03+16.7,LDN 1681A,,,,,
HMST 353.0-4.2,266.32917,-37.02972,8,[DB2002b] G353.04-4.15,,,,,,
LDN 1686,246.48333,-24.31472,6,[DB2002b] G353.06+17.05,MLB 45,,,,,
FeSt 2-285,266.65,-37.11806,6,[DB2002b] G353.11-4.43,,,,,,
FeSt 2-286,259.80417,-33.44778,4,[DB2002b] G353.13+2.26,HMST 353.1+2.3,BHR  159,[VMF2000] Sc 18,,,
FeSt 2-287,257.45833,-31.91222,6,[DB2002b] G353.23+4.76,,,,,,
LDN 1688,246.50417,-24.1125,52,[DB2002b] G353.23+17.17,rho Oph Dark Nebula,,,,,
HMST 353.3+2.4,259.72917,-33.26639,2.5,[DB2002b] G353.25+2.41,BHR 160,[VMF2000] Sc 17,,,,
HMST 353.3+1.9,260.23333,-33.5225,4,[DB2002b] G353.28+1.92,[VMF2000] Sc 21,,,,,
Barnard 241,254.8625,-30.18333,12,[DB2002b] G353.28+7.58,,,,,,
HMST 353.3+3.6,258.59583,-32.54694,22,[DB2002b] G353.28+3.6,,,,,,
HMST 353.3+0.4,261.79167,-34.335,5,[DB2002b] G353.33+0.39,,,,,,
FeSt 2-288,246.94167,-24.28306,15,[DB2002b] G353.37+16.76,MLB 48,[LM99] 172,LDN 1696B-1,,,
LDN 1691,258.8125,-32.55583,60,[DB2002b] G353.39+3.46,,,,,,
LDN 1690,246.7,-24.045,10,[DB2002b] G353.41+17.08,,,,,,
LDN 1693,258.30833,-32.22472,7,[DB2002b] G353.41+3.99,,,,,,
LDN 1694,257.55417,-31.72833,44,[DB2002b] G353.44+4.8,,,,,,
LDN 1692,246.625,-23.94528,5,[DB2002b] G353.44+17.2,,,,,,
LDN 1689,248.04167,-25.05167,4,[DB2002b] G353.45+15.5,P 136,MLB53,[LM99] 180,LDN 1689A,,
LDN 1695,255.79583,-30.57,44,[DB2002b] G353.47+6.7,,,,,,
LDN 1697,258.30833,-32.14167,10,[DB2002b] G353.48+4.04,,,,,,
LDN 1696,247.12917,-24.30222,11,[DB2002b] G353.48+16.62,P 137,MLB49,[LM99] 173,LDN 1696A,,
G353.5+25.5,240.10417,-18.29528,20,[DB2002b] G353.5+25.5,,,,,,
MLB 50,247.25833,-24.35944,5,[DB2002b] G353.51+16.49,,,,,,
HMST 353.5+3.5,258.875,-32.41556,3,[DB2002b] G353.53+3.49,BHR 161,[VMF2000] Sc 15,,,,
FeSt 1-411,247.88333,-24.78972,44,[DB2002b] G353.56+15.78,,,,,,
HMST 353.6-2.7,265.1625,-35.83361,20,[DB2002b] G353.57-2.73,,,,,,
[LM99] 174,247.29167,-24.22111,7,[DB2002b] G353.64+16.56,LDN 1696B-2,,,,,
Barnard 252,258.79167,-32.17083,20,[DB2002b] G353.69+3.69,LDN 1698,LDN 1699,HMST 353.7+3.7,,,
IREC 504,211.57917,10.82528,98,[DB2002b] G353.74+66,,,,,,
FeSt 1-412,258.30833,-31.75833,130,[DB2002b] G353.78+4.27,,,,,,
FeSt 2-289,259.05833,-32.22139,6,[DB2002b] G353.79+3.47,,,,,,
LDN 1700,258.05417,-31.55944,44,[DB2002b] G353.82+4.56,,,,,,
HMST 353.8-5.9,268.68333,-37.22667,3,[DB2002b] G353.83-5.87,,,,,,
[LM99] 184,248.37083,-24.73028,9.5,[DB2002b] G353.9+15.48,LDN 1689B3,,,,,
Barnard 42,246.075,-23.36667,90,[DB2002b] G353.93+17.37,LDN 1687,FeSt 1-413,,,,
HMST 354.0-3.7,266.47083,-36.03083,16,[DB2002b] G353.96-3.73,,,,,,
[LM99] 181,248.05417,-24.41778,10,[DB2002b] G353.96+15.91,in LDN 1689B2,,,,,
HMST 354.0-3.4,266.075,-35.8275,5,[DB2002b] G353.97-3.35,,,,,,
LDN 1701,259.19167,-32.06556,4,[DB2002b] G353.97+3.47,HMST 354.0+3.5,[VMF2000] Sc 16,,,,
DIR 354+37,232.31667,-10.27306,100,[DB2002b] G354+36.5,,,,,,
HMST 354.1+2.9B,259.74583,-32.31139,3,[DB2002b] G354.04+2.95,BHR 163,,,,,
HMST 354.1+2.9A,259.8,-32.26444,1.5,[DB2002b] G354.06+2.91,BHR 162,,,,,
HMST 354.1+2.9C,259.74583,-32.26472,3,[DB2002b] G354.08+2.98,BHR 164,,,,,
HMST 354.1+2.9,259.8,-32.26444,16,[DB2002b] G354.1+2.94,,,,,,
[LM99] 188,248.49167,-24.575,17,[DB2002b] G354.1+15.5,LDN 1689B5,,,,,
[LM99] 185,248.37083,-24.46972,8,[DB2002b] G354.11+15.65,LDN 1689B4,,,,,
LDN 1702,259.05833,-31.80472,15,[DB2002b] G354.12+3.72,,,,,,
HMST 354.1+2.9E,259.77917,-32.19028,4,[DB2002b] G354.16+3,BHR 166,,,,,
IREC 505,237.89583,-15.44306,35,[DB2002b] G354.17+29,,,,,,
LDN 1703,259.6125,-32.07694,14,[DB2002b] G354.17+3.17,HMST 354.2+3.2,BHR  167,,,,
MLB 56,248.65417,-24.59944,10,[DB2002b] G354.18+15.37,LDN 1689B,[LM99] 191,LDN 1689B1,,,
HMST 354.1+2.9D,259.92083,-32.24528,3,[DB2002b] G354.18+2.87,BHR 165,,,,,
MLB 52,247.9125,-24.02306,10,[DB2002b] G354.18+16.26,[LM99] 177,,,,,
Barnard 271,263.5,-34.25,120,[DB2002b] G354.18-0.73,,,,,,
FeSt 2-290,247.5,-23.67472,6,[DB2002b] G354.2+16.78,,,,,,
rho Ophiuchus DN Complex,248.125,-24.08333,670,[DB2002b] G354.26+16.07,IREC 500,,,,,
MLB 51,247.7125,-23.70417,5,[DB2002b] G354.31+16.61,P 138,[LM99] 175,,,,
Barnard 288,269.575,-37.07056,5,[DB2002b] G354.32-6.41,FeSt 2-291,,,,,
DBDN 354.3+45.0,226.42917,-3.96611,300,[DB2002b] G354.32+45.09,,,,,,
Barnard 290,269.83333,-37.17111,12,[DB2002b] G354.33-6.64,HMST 354.3-6.6,,,,,
LDN 1705,260.05833,-32.13306,11,[DB2002b] G354.34+2.84,,,,,,
IREC 507,243.3875,-20.10139,35,[DB2002b] G354.36+22,,,,,,
LDN 1706,258.05,-30.89278,59,[DB2002b] G354.36+4.95,,,,,,
[LM99] 176,247.79167,-23.68167,3.5,[DB2002b] G354.38+16.57,,,,,,
LDN 1704,247.82917,-23.68917,10,[DB2002b] G354.39+16.54,[CB88] 65 inc MLB 51,[LM99] 176,,,,
FeSt 2-292,266.7375,-35.61778,6,[DB2002b] G354.42-3.71,,,,,,
LDN 1707,258.3,-30.975,10,[DB2002b] G354.42+4.73,,,,,,
FeSt 1-415,264.7375,-34.62083,26,[DB2002b] G354.42-1.79,HMST 354.4-1.8,,,,,
[LM99] 182,248.15417,-23.89278,19,[DB2002b] G354.43+16.18,P 183,,,,,
LDN 1708,257.54583,-30.395,13,[DB2002b] G354.51+5.59,,,,,,
HMST 354.5-2.6,265.64583,-34.95472,7,[DB2002b] G354.53-2.6,,,,,,
LDN 1710,260.18333,-31.94917,19.5,[DB2002b] G354.55+2.85,,,,,,
FeSt 1-416,258.5,-30.85722,15,[DB2002b] G354.63+4.66,,,,,,
LDN 1709,248.32917,-23.77139,44,[DB2002b] G354.64+16.13,FeSt 1-414,The Streamers,,,,
[LM99] 183,248.32917,-23.77139,8,[DB2002b] G354.64+16.13,,,,,,
IREC 508,303.96667,-45.25194,72,[DB2002b] G354.75-33.33,,,,,,
HMST 354.8-2.7,265.89583,-34.81694,45,[DB2002b] G354.75-2.7,,,,,,
FeSt 1-417,269.04167,-36.32667,40,[DB2002b] G354.76-5.67,HMST 354.8-5.7,,,,,
LDN 1711,257.79583,-30.22722,12,[DB2002b] G354.78+5.52,,,,,,
LDN 1713,257.79583,-30.19389,5,[DB2002b] G354.8+5.54,,,,,,
MLB 54,248.47083,-23.64222,10,[DB2002b] G354.83+16.12,[LM99] 187,,,,,
Barnard 44,249.50833,-24.4325,90,[DB2002b] G354.83+14.88,LDN 1712,FeSt 1-418,IREC 506,,,
LDN 1714,258.04583,-30.30944,4.5,[DB2002b] G354.84+5.29,,,,,,
FeSt 1-419,248.6,-23.68639,60,[DB2002b] G354.87+16,,,,,,
LDN 1715,258.04583,-30.22611,3.5,[DB2002b] G354.9+5.34,,,,,,
HMST 354.9-0.6,263.79167,-33.54361,4,[DB2002b] G354.91-0.55,[VMF2000] Sc 28,,,,,
IREC 509,326.6375,-44.65833,94,[DB2002b] G354.94-49.33,,,,,,
Barnard 247,258.26667,-30.26194,5,[DB2002b] G354.99+5.17,[CB88] 75,,,,,
Barnard 286,268.32917,-35.615,40,[DB2002b] G355.09-4.82,HMST 355.1-4.8,,,,,
HMST 355.1-0.5,263.85833,-33.36,5,[DB2002b] G355.09-0.5,,,,,,
Barnard 243,257.44167,-29.57889,30,[DB2002b] G355.12+6.14,LDN 1716,FeSt 1-420,,,,
IREC 510,298.45417,-44.35028,100,[DB2002b] G355.12-29.33,,,,,,
FeSt 1-421,261.7875,-32.15833,40,[DB2002b] G355.15+1.61,,,,,,
FeSt 2-293,264.12083,-33.41528,8,[DB2002b] G355.16-0.71,HMST 355.2-0.7,,,,,
LDN 1717,244.72917,-20.12028,36,[DB2002b] G355.25+21.04,,,,,,
LDN 1718,258.79583,-30.23917,4,[DB2002b] G355.27+4.81,,,,,,
LDN 1720,259.04583,-30.22139,18,[DB2002b] G355.41+4.64,,,,,,
Barnard 273,264.62083,-33.33333,15,[DB2002b] G355.46-1.02,,,,,,
MLB 42,243.61667,-18.91222,5,[DB2002b] G355.47+22.63,,,,,,
FeSt 1-422,247.69167,-22.24056,23,[DB2002b] G355.47+17.57,,,,,,
Barnard 245,257.97917,-29.4,8,[DB2002b] G355.54+5.88,,,,,,
LDN 1722,259.04583,-30.05472,167,[DB2002b] G355.55+4.74,,,,,,
Barnard 40,243.975,-19.12361,25,[DB2002b] G355.55+22.24,LDN 1721,,,,,
FeSt 2-294,268.53333,-35.14222,6,[DB2002b] G355.58-4.74,,,,,,
LDN 1723,262.8125,-32.20333,4,[DB2002b] G355.59+0.87,,,,,,
LDN 1719,245.275,-20.11806,46,[DB2002b] G355.61+20.66,BDN 355.67+20.60,,,,,
Barnard 287,268.60417,-35.14694,28,[DB2002b] G355.61-4.78,HMST 355.6-4.8,,,,,
FeSt 2-295,266.70417,-34.21778,6,[DB2002b] G355.61-2.96,,,,,,
MLB 43,245.275,-20.11806,10,[DB2002b] G355.61+20.66,,,,,,
LDN 1724,262.9375,-32.21944,3,[DB2002b] G355.63+0.77,,,,,,
LDN 1725,259.8,-30.38444,11,[DB2002b] G355.65+4.02,,,,,,
HMST 355.7-2.1,265.90833,-33.70833,45,[DB2002b] G355.7-2.13,,,,,,
LDN 1726,258.04167,-29.22611,18,[DB2002b] G355.72+5.93,,,,,,
LDN 1727,258.04167,-29.22611,3,[DB2002b] G355.72+5.93,,,,,,
LDN 1728,257.7875,-29.02722,8.5,[DB2002b] G355.75+6.23,,,,,,
IREC 511,220.36667,3.51194,96,[DB2002b] G355.79+54.67,,,,,,
FeSt 2-296,262.9125,-32.00278,6,[DB2002b] G355.8+0.91,,,,,,
LDN 1730,263.3125,-32.20083,78,[DB2002b] G355.82+0.51,,,,,,
LDN 1729,250.75417,-24.09333,57,[DB2002b] G355.85+14.22,,,,,,
LDN 1731,256.53333,-28.06667,69,[DB2002b] G355.88+7.68,,,,,,
Barnard 249,258.27083,-29.15,13,[DB2002b] G355.89+5.81,,,,,,
LDN 1732,262.30833,-31.53917,57,[DB2002b] G355.91+1.59,,,,,,
Barnard 248,258.1125,-29.00917,10,[DB2002b] G355.93+6.01,LDN 1733,,,,,
Sandqvist  36,265.94583,-33.42167,6,[DB2002b] G355.97-2.01,,,,,,
Sandqvist  37,266.725,-33.81778,18,[DB2002b] G355.97-2.77,,,,,,
LDN 1734,263.10833,-31.86861,4.5,[DB2002b] G356.01+0.84,,,,,,
HMST 356.0-2.8,266.74167,-33.76778,55,[DB2002b] G356.01-2.75,,,,,,
Barnard 254,260.12083,-30.11667,40,[DB2002b] G356.03+3.94,,,,,,
HMST 356.1-1.6,265.60833,-33.10806,45,[DB2002b] G356.08-1.6,,,,,,
LDN 1735,263.03333,-31.71889,3,[DB2002b] G356.1+0.97,,,,,,
IREC 512,281.9625,-39.79833,35,[DB2002b] G356.11-16.33,,,,,,
Barnard 244,257.53333,-28.39528,20,[DB2002b] G356.13+6.78,LDN 1736,,,,,
Barnard 293,270.3,-35.33333,20,[DB2002b] G356.14-6.08,,,,,,
FeSt 1-423,251.38333,-24.19056,52,[DB2002b] G356.14+13.72,,,,,,
MLB 44,245.55,-19.64472,8,[DB2002b] G356.18+20.78,,,,,,
LDN 1738,263.23333,-31.71806,3.5,[DB2002b] G356.19+0.83,,,,,,
Barnard 41,245.57083,-19.61667,45,[DB2002b] G356.21+20.78,,,,,,
FeSt 2-297,257.8875,-28.46028,6,[DB2002b] G356.26+6.5,,,,,,
LDN 1737,257.8875,-28.46028,27,[DB2002b] G356.26+6.5,FeSt 1-424,,,,,
HMST 356.3-4.0,268.19167,-34.18222,12,[DB2002b] G356.27-4,,,,,,
LDN 1739,248.74167,-22.01917,18,[DB2002b] G356.3+16.96,,,,,,
LDN 1741,260.54583,-30.0475,250,[DB2002b] G356.3+3.68,,,,,,
LDN 1740,249.04583,-22.21778,17,[DB2002b] G356.32+16.62,,,,,,
FeSt 1-425,248.94167,-22.085,15,[DB2002b] G356.36+16.79,,,,,,
Barnard 275,264.74583,-32.31667,13,[DB2002b] G356.37-0.57,,,,,,
Barnard 283,267.67917,-33.80139,40,[DB2002b] G356.39-3.44,HMST 356.4-3.4,,,,,
Barnard 250,258.03333,-28.39278,13,[DB2002b] G356.4+6.42,LDN 1742,,,,,
HMST 356.5-4.5,268.7875,-34.23306,4,[DB2002b] G356.48-4.45,BHR 168,,,,,
HMST 356.5-4.4,268.775,-34.20778,22,[DB2002b] G356.49-4.43,,,,,,
HMST 356.6-2.9,267.27083,-33.40833,12,[DB2002b] G356.55-2.94,,,,,,
LDN 1743,258.03333,-28.05944,43,[DB2002b] G356.67+6.62,,,,,,
HMST 356.7-2.7,267.07917,-33.16611,7,[DB2002b] G356.68-2.68,,,,,,
Sandqvist  38,266.74167,-32.93444,15,[DB2002b] G356.73-2.33,,,,,,
FeSt 1-426,249.62083,-22.11528,49,[DB2002b] G356.76+16.28,,,,,,
Barnard 278,265.6625,-32.3,15,[DB2002b] G356.8-1.22,,,,,,
LDN 1745,252.25417,-23.91972,30,[DB2002b] G356.87+13.25,,,,,,
LDN 1744,249.99583,-22.26333,18,[DB2002b] G356.87+15.91,FeSt 1-427,,,,,
HMST 356.9-2.9,267.47917,-33.07583,5,[DB2002b] G356.93-2.92,,,,,,
HMST 357.0-5.6,270.24583,-34.34056,3,[DB2002b] G356.98-5.55,,,,,,
DIR 357-29,298.4375,-42.67583,80,[DB2002b] G357-29,,,,,,
Barnard 59,257.77917,-27.39389,50,[DB2002b] G357.08+7.19,LDN 1746,,,,,
FeSt 1-428,252.32917,-23.68611,65,[DB2002b] G357.09+13.35,,,,,,
LDN 1747,252.75417,-23.83417,32,[DB2002b] G357.22+12.95,,,,,,
FeSt 1-430,268.14583,-33.06083,214,[DB2002b] G357.23-3.4,,,,,,
Barnard 291,269.92917,-33.88333,7,[DB2002b] G357.26-5.1,,,,,,
LDN 1748,252.25417,-23.41972,22,[DB2002b] G357.27+13.56,,,,,,
FeSt 1-431,263.82917,-30.73167,440,[DB2002b] G357.29+0.93,,,,,,
LDN 1750,253.00417,-23.91639,32,[DB2002b] G357.3+12.71,,,,,,
Barnard 256,260.55,-28.81667,40,[DB2002b] G357.32+4.37,LDN 1749,FeSt 1-429,,,,
LDN 1751,262.79583,-30.03667,66,[DB2002b] G357.39+2.06,,,,,,
HMST 357.4-5.8,270.72917,-34.08833,14,[DB2002b] G357.4-5.78,,,,,,
LDN 1753,268.57083,-33.00889,68,[DB2002b] G357.45-3.68,,,,,,
Barnard 43,247.47917,-19.60806,80,[DB2002b] G357.46+19.41,LDN 1752,,,,,
FeSt 1-432,254.3375,-24.66,32,[DB2002b] G357.46+11.3,,,,,,
Ophiuchus CO Complex,252.4625,-23.28194,1260,[DB2002b] G357.5+13.5,,,,,,
LDN 1754,263.05,-30.03556,34,[DB2002b] G357.51+1.88,,,,,,
FeSt 1-433,258.50417,-27.30722,57,[DB2002b] G357.52+6.72,,,,,,
FeSt 1-434,261.21667,-28.94417,102,[DB2002b] G357.55+3.81,,,,,,
[LM99] 179,248.02083,-19.80722,11,[DB2002b] G357.64+18.89,LDN 1757-2,,,,,
LDN 1757,248.00417,-19.76417,18,[DB2002b] G357.66+18.93,P 140,,,,,
HMST 357.7-4.7,269.81667,-33.32111,16,[DB2002b] G357.7-4.74,,,,,,
[LM99] 178,247.99167,-19.69611,11,[DB2002b] G357.71+18.99,LDN 1757-1,,,,,
LDN 1756,259.02917,-27.38806,32,[DB2002b] G357.73+6.29,,,,,,
IREC 513,276.22083,-36.04889,83,[DB2002b] G357.74-10.67,,,,,,
LDN 1755,250.99583,-21.92556,49,[DB2002b] G357.74+15.4,,,,,,
LDN 1758,268.775,-32.61778,5,[DB2002b] G357.87-3.63,HMST 357.9-3.6,,,,,
FeSt 1-435,267.0625,-31.76611,49,[DB2002b] G357.88-1.95,,,,,,
Barnard 238,253.07083,-23.12028,9,[DB2002b] G357.98+13.16,LDN 1759,FeSt 2-298,P 141,,,
HMST 358.0-4.8,270.02917,-33.08,8,[DB2002b] G358-4.77,,,,,,
Barnard 292,270.27083,-33.19389,90,[DB2002b] G358-5.01,HMST 358.0-5.0C,,,,,
FeSt 1-436,261.4125,-28.46,132,[DB2002b] G358.05+3.94,,,,,,
FeSt 2-299,268.86667,-32.45722,6,[DB2002b] G358.05-3.63,,,,,,
LDN 1762,270.4625,-33.20139,16,[DB2002b] G358.07-5.15,HMST 358.1-5.2,,,,,
LDN 1760,270.07083,-33.00139,14,[DB2002b] G358.09-4.77,,,,,,
LDN 1761,254.00417,-23.57833,38,[DB2002b] G358.14+12.19,LDN 1763,,,,,
FeSt 1-437,251.14167,-21.525,41,[DB2002b] G358.15+15.54,,,,,,
FeSt 2-300,259.30417,-27.00333,6,[DB2002b] G358.19+6.3,,,,,,
HMST 358.2-4.9,270.32083,-32.97028,5,[DB2002b] G358.21-4.93,,,,,,
LDN 1764,262.0375,-28.54028,88,[DB2002b] G358.28+3.44,,,,,,
Barnard 45,251.5,-21.58333,120,[DB2002b] G358.32+15.24,,,,,,
HMST 358.3-4.8,270.2875,-32.82889,5,[DB2002b] G358.32-4.84,,,,,,
FeSt 2-301,270.8125,-33.01806,3,[DB2002b] G358.37-5.32,HMST 358.4-5.3,,,,,
LDN 1765,251.24167,-21.25778,17,[DB2002b] G358.43+15.63,,,,,,
LDN 1766,269.56667,-32.33722,18,[DB2002b] G358.46-4.07,,,,,,
FeSt 1-438,254.32917,-23.36028,55,[DB2002b] G358.51+12.08,,,,,,
Barnard 66,259.925,-26.93306,12,[DB2002b] G358.56+5.89,LDN 1768,P 142,[LM99] 232,,,
LDN 1767,259.65,-26.75167,5,[DB2002b] G358.57+6.19,,,,,,
FeSt 1-439,251.59167,-21.27278,42,[DB2002b] G358.62+15.36,,,,,,
HMST 358.6-4.8,270.47083,-32.54778,14,[DB2002b] G358.64-4.84,,,,,,
LDN 1769,265.55,-30.02333,212,[DB2002b] G358.68+0.06,,,,,,
FeSt 1-440,258.47083,-25.89056,23,[DB2002b] G358.68+7.56,,,,,,
Barnard 65,259.93333,-26.71722,10,[DB2002b] G358.75+6.01,LDN 1772,[CB88] 79,P 143,[LM99] 231,,
LDN 1770,248.225,-18.60472,54,[DB2002b] G358.75+19.5,,,,,,
Barnard 67,260.25833,-26.86556,12,[DB2002b] G358.79+5.68,LDN 1773,P 144,[LM99] 233,,,
LDN 1774,260.65417,-27.08389,11,[DB2002b] G358.81+5.27,[CB88] 81,P 145,[LM99] 234,,,
Parrot's Head,271.07917,-32.55333,28,[DB2002b] G358.89-5.29,Barnard 87,LDN 1771,HMST 358.9-5.3,,,
LDN 1776,263.2875,-28.53417,94,[DB2002b] G358.89+2.53,,,,,,
FeSt 1-441,269.6125,-31.87028,25,[DB2002b] G358.89-3.87,,,,,,
LDN 1775,254.33333,-22.84361,4,[DB2002b] G358.93+12.4,P 146,,,,,
Barnard 46,254.25,-22.74389,13,[DB2002b] G358.97+12.52,LDN 1777,FeSt 2-302,,,,
MLB 38,234.8625,-7.16917,5,[DB2002b] G358.97+36.82,LDN 1778A,,,,,
DBIRDN3,265.7125,-29.75417,3,[DB2002b] G358.99+0.09,,,,,,
IREC 514,316.69167,-42.395,85,[DB2002b] G359.01-42.33,,,,,,
LDN 1788,234.96667,-7.16111,19,[DB2002b] G359.06+36.75,MBM 33,,,,,
Upper Scorpius-Ophiuchus DN Complex,247,-17.26667,650,[DB2002b] G359.07+21.25,,,,,,
Barnard 300,271.7375,-32.655,28,[DB2002b] G359.07-5.82,HMST 359.1-5.8,,,,,
LDN 1779,254.75,-22.90806,18,[DB2002b] G359.11+12.05,,,,,,
IREC 515,235.05,-7.18194,78,[DB2002b] G359.11+36.67,,,,,,
MLB 39,235.00833,-7.1225,5,[DB2002b] G359.13+36.74,LDN 1778B,,,,,
FeSt 2-303,256.38333,-23.96722,6,[DB2002b] G359.15+10.21,,,,,,
LDN 1783,269.55833,-31.50389,17,[DB2002b] G359.18-3.65,,,,,,
Barnard 230,246.96667,-17.11028,66,[DB2002b] G359.18+21.38,LDN 1781,,,,,
FeSt 1-442,261.37917,-27.06,95,[DB2002b] G359.19+4.74,,,,,,
LDN 1780,235.16667,-7.16028,27,[DB2002b] G359.23+36.6,,,,,,
LDN 1784,254.95,-22.90722,10,[DB2002b] G359.23+11.9,LDN 1785,,,,,
LDN 1782,250.5625,-19.74444,13,[DB2002b] G359.26+17.07,P 147,,,,,
[LM99] 197,250.5375,-19.70056,6,[DB2002b] G359.28+17.11,LDN 1782-1,,,,,
LDN 1786,271.66667,-32.37694,6,[DB2002b] G359.29-5.64,,,,,,
[LM99] 198,250.63333,-19.72722,4,[DB2002b] G359.32+17.03,LDN 1782-2,,,,,
DBIRDN4,265.725,-29.35,5,[DB2002b] G359.34+0.29,,,,,,
LDN 1789,272.06667,-32.49167,53,[DB2002b] G359.35-5.99,,,,,,
LDN 1788,268.30417,-30.67667,17,[DB2002b] G359.35-2.31,,,,,,
HMST 359.4-19.6,287.34167,-38.06722,28,[DB2002b] G359.37-19.63,,,,,,
HMST 359.4-20.2,288.00417,-38.24917,20,[DB2002b] G359.37-20.17,,,,,,
LDN 1787,255,-22.74028,18,[DB2002b] G359.39+11.96,,,,,,
LDN 1790,257.7625,-24.56056,62,[DB2002b] G359.4+8.85,FeSt 1-443,,,,,
Barnard 47,254.9,-22.59083,8,[DB2002b] G359.46+12.13,LDN 1791,LDN 1792,,,,
HMST 359.5-20.4,288.34167,-38.20417,22,[DB2002b] G359.51-20.41,[VMF2000] CoA  8,,,,,
FeSt 1-444,269.75833,-31.15306,28,[DB2002b] G359.57-3.63,,,,,,
HMST 359.6-6.3,272.5625,-32.43444,2,[DB2002b] G359.6-6.33,,,,,,
FeSt 1-445,285.24167,-37.19528,20,[DB2002b] G359.62-17.76,,,,,,
HMST 359.6-18.0,285.49167,-37.2775,9,[DB2002b] G359.62-17.98,[VMF2000] CoA  3,,,,,
HMST 359.6-18.4,285.98333,-37.40861,12,[DB2002b] G359.63-18.39,[VMF2000] CoA  5,,,,,
LDN 1793,261.4,-26.54333,62,[DB2002b] G359.63+5.02,,,,,,
FeSt 2-304,255.15,-22.53972,6,[DB2002b] G359.64+11.97,,,,,,
LDN 1794,261.6,-26.6425,4.5,[DB2002b] G359.65+4.81,,,,,,
HMST 359.7-20.3,288.22083,-38.01972,12,[DB2002b] G359.66-20.26,,,,,,
LDN 1795,268.67917,-30.50833,17,[DB2002b] G359.66-2.5,,,,,,
Sandqvist  39,285.775,-37.27611,12,[DB2002b] G359.7-18.19,HMST 359.7-18.2,[VMF2000] CoA 4,,,,
DBDN 359.7+43.2,230.45833,-2.47417,240,[DB2002b] G359.7+43.22,,,,,,
LDN 1796,250.47917,-19.09444,35,[DB2002b] G359.75+17.53,,,,,,
FeSt 1-446,285.94167,-37.25861,42,[DB2002b] G359.78-18.3,,,,,,
HMST 359.8-17.6,285.09583,-36.96944,35,[DB2002b] G359.8-17.57,[VMF2000] CoA  1,,,,,
LDN 1798,271.05833,-31.49667,8,[DB2002b] G359.81-4.76,,,,,,
LDN 1797,255.5,-22.57139,23,[DB2002b] G359.81+11.69,,,,,,
BDN 359.84-18.10,285.71667,-37.12639,55,[DB2002b] G359.84-18.1,FeSt 1-447,,,,,
R Cr A DN Complex,285.54583,-37.06222,110,[DB2002b] G359.84-17.94,HMST 359.8-17.9C,IREC 516,,,,
Sandqvist  40,285.71667,-37.10972,15,[DB2002b] G359.85-18.09,,,,,,
HMST 359.9-17.9,285.4625,-36.98083,4,[DB2002b] G359.9-17.85,[VMF2000] CoA  2,,,,,
Sandqvist  41,285.29167,-36.91167,11,[DB2002b] G359.92-17.7,,,,,,
HMST 359.9-6.6,272.99583,-32.24389,28,[DB2002b] G359.94-6.56,,,,,,
DBIRDN5,266.20417,-28.90278,10,[DB2002b] G359.94+0.17,,,,,,
