idPNMain,PNGId,PNstat,id,alpha,delta,diamArcSeconds,diameter,axisRatio,posAngle,Catalogue,Common name,Caldwell-Messier
8,PN G000.0+02.0,T,K 6-4,264.42886,-27.81932,6.9,0.115,1.68,,2001A&A...378..843K,,
9,PN G000.1-01.9,T,JaSt 93,268.34908,-29.82931,14,0.233,,,2001A&A...378..843K,,
10,PN G000.1-08.0,T,SB 1,274.702,-32.7987,29.4,0.49,1.02,,2001A&A...378..843K,,
11,PN G000.1-01.1,T,M 3-43,267.60123,-29.42186,3.5,0.058,1.3,,1992secg.book.....A,,
12,PN G000.1+02.6,T,Al 2-J,263.89753,-27.40138,10.5,0.175,,,1992secg.book.....A,,
13,PN G000.1-05.6,T,H 2-40,272.128,-31.6099,18.3,0.305,1.08,,1992secg.book.....A,,
14,PN G000.1+17.2,T,PC 12,250.97409,-18.9533,2.3,0.038,1.05,20,1992secg.book.....A,,
15,PN G000.0-01.0,T,JaSt 69,267.54154,-29.31816,14,0.233,,,2001A&A...378..843K,,
16,PN G000.1+04.3,T,H 1-16,262.34732,-26.43455,5,0.083,,,1992secg.book.....A,,
17,PN G000.1-02.3,T,Bl 3-10,268.83557,-29.96004,7.2,0.12,1.04,,1992secg.book.....A,,
19,PN G000.2-01.9,T,M 2-19,268.44009,-29.72954,20,0.333,,110,1992secg.book.....A,,
20,PN G000.2-04.6,T,Wray 16-363,271.18369,-31.04671,6.4,0.107,,,1992secg.book.....A,,
21,PN G000.2+01.7,T,JaSt 19,264.91371,-27.78942,7.2,0.12,1.13,,2001A&A...378..843K,,
22,PN G000.3-04.6,T,M 2-28,271.26123,-30.9715,5.5,0.092,,,1992secg.book.....A,,
23,PN G000.3+12.2,T,IC 4634,255.38988,-21.82577,20.5,0.342,3.11,153,1992secg.book.....A,,
24,PN G000.3+06.9,T,Terz N 41,260.09152,-24.86451,15.2,0.253,,,1992secg.book.....A,,
25,PN G000.3-02.8,T,M 3-47,269.43069,-30.04164,9,0.15,1.13,,1992secg.book.....A,,
26,PN G000.4-01.9,T,M 2-20,268.60571,-29.60244,6,0.1,,,1992secg.book.....A,,
27,PN G000.4-02.9,T,M 3-19,269.58057,-30.01092,7.2,0.12,1.09,,1992secg.book.....A,,
28,PN G000.4+01.1,T,JaSt 36,265.60461,-27.92665,5,0.083,,,2001A&A...378..843K,,
29,PN G000.5+01.9,T,JaSt 17,264.88007,-27.46299,9.1,0.152,1.38,,2001A&A...378..843K,,
30,PN G000.5-03.1,T,KFL 1,269.81494,-30.04643,8,0.133,1.01,,1992secg.book.....A,,
31,PN G000.5-01.6,T,Al 2-Q,268.35434,-29.28576,9.2,0.153,,,1992secg.book.....A,,
32,PN G000.5-01.7,T,JaSt 96,268.49,-29.3377,25,0.417,,,2001A&A...378..843K,,
34,PN G000.6-01.0,T,JaSt 77,267.79794,-28.9406,10,0.167,,,2001A&A...378..843K,,
35,PN G000.6-01.3,T,Bl 3-15,268.15021,-29.111,6,0.1,1.33,,1992secg.book.....A,,
37,PN G000.7-02.7,T,M 2-21,269.53986,-29.73891,2.8,0.047,1,,1992secg.book.....A,,
38,PN G000.7-03.7,T,M 3-22,270.58017,-30.24038,6,0.1,1,,1992secg.book.....A,,
39,PN G000.7+04.7,T,H 2-11,262.35812,-25.81851,2,0.033,1,,1992secg.book.....A,,
40,PN G000.7+03.2,T,M 4-5,263.72797,-26.59914,6.7,0.112,1.37,,1992secg.book.....A,,
41,PN G000.7-00.8,T,JaSt 74,267.69483,-28.74311,5,0.083,,,2001A&A...378..843K,,
42,PN G000.7-07.4,T,M 2-35,274.40497,-31.94635,5,0.083,,,1992secg.book.....A,,
43,PN G000.8+01.3,T,JaSt 38,265.635,-27.5544,10.9,0.182,1.14,,2001A&A...378..843K,,
44,PN G000.0-01.2,T,JaSt 71,267.59651,-28.55288,5,0.083,,,2001A&A...378..843K,,
45,PN G000.8-01.5,T,Sa 3-90,268.45715,-28.98646,2,0.033,1.11,,1992secg.book.....A,,
46,PN G000.8-07.6,T,H 2-46,274.65601,-31.91262,4,0.067,,,1992secg.book.....A,,
47,PN G000.9+01.1,T,JaSt 44,265.84733,-27.56811,8.5,0.142,1.7,,2001A&A...378..843K,,
48,PN G000.9-04.8,T,M 3-23,271.7756,-30.57138,13.6,0.227,1.09,,1992secg.book.....A,,
49,PN G000.9-00.9,T,JaSt 78,267.853,-28.5946,11,0.183,,,2001A&A...378..843K,,
50,PN G000.9-02.0,T,Bl 3-13,269.01151,-29.18784,4.2,0.07,1.08,,1992secg.book.....A,,
51,PN G001.0+01.9,T,K 1-4,265.11417,-27.01722,48.1,0.802,1.43,155,1992secg.book.....A,,
52,PN G001.1-06.4,T,SB 4,273.55908,-31.18586,33,0.55,1.17,,2001A&A...378..843K,,
54,PN G001.1-01.6,T,Sa 3-92,268.71692,-28.81537,6.4,0.107,1.12,,1992secg.book.....A,,
58,PN G001.2+02.1,T,Hen 2-262,265.05341,-26.73927,4.6,0.077,1.02,21,1992secg.book.....A,,
59,PN G001.2-01.2a,T,JaSt 95,268.397,-28.4808,9,0.15,,,2001A&A...378..843K,,
60,PN G001.2-03.0,T,H 1-47,270.15665,-29.36395,2.5,0.042,1,,1992secg.book.....A,,
61,PN G001.3-05.6,L,SB 5,272.81421,-30.63056,20,0.333,1.43,,2001A&A...378..843K,,
62,PN G001.3-01.2,T,Bl M,268.44667,-28.455,4,0.067,,,1992secg.book.....A,,
63,PN G001.3-01.0,T,JaSt 89,268.27747,-28.3031,7,0.117,,,2001A&A...378..843K,,
64,PN G001.4+05.3,T,H 1-15,262.15674,-24.85183,5,0.083,,,1992secg.book.....A,,
65,PN G001.4-03.4,T,ShWi 2-1,270.61,-29.4182,13,0.217,,,1992secg.book.....A,,
66,PN G001.5-00.7,T,K 6-17,268.03638,-28.03808,3,0.05,,,2001A&A...378..843K,,
67,PN G001.5+03.6,T,K 5-5,263.84217,-25.71307,2,0.033,,,2001A&A...378..843K,,
68,PN G001.5-06.7,T,SwSt 1,274.05112,-30.86882,5.6,0.093,1.08,126,1992secg.book.....A,,
69,PN G001.6+01.5,T,K 6-10,265.82062,-26.73821,4.5,0.075,,,2001A&A...378..843K,,
70,PN G001.6-01.3,T,Bl Q,268.64526,-28.21196,3.8,0.063,1.06,,1992secg.book.....A,,
71,PN G001.6+00.1,T,JaSt 63,267.19245,-27.4269,10,0.167,,,2001A&A...378..843K,,
72,PN G001.6-05.9,T,SB 6,273.316,-30.4336,26.4,0.44,1.33,,2001A&A...378..843K,,
73,PN G001.7+05.7,T,H 1-14,262.00732,-24.42306,6.6,0.11,,,1992secg.book.....A,,
74,PN G001.7-04.4,T,H 1-55,271.81063,-29.69012,3,0.05,1.07,90,1992secg.book.....A,,
75,PN G001.7+01.3,T,JaSt 52,266.155,-26.7904,5,0.083,1,,2001A&A...378..843K,,
76,PN G001.7-04.6,T,H 1-56,271.97449,-29.74285,4.2,0.07,1,,1992secg.book.....A,,
77,PN G001.7-01.6,T,H 2-31,269.00996,-28.23671,10.2,0.17,,,1992secg.book.....A,,
78,PN G001.7-03.8,T,ShWi 2-7,271.273,-29.3376,28,0.467,3.11,,1992secg.book.....A,,
79,PN G001.9+02.3,T,K 5-10,265.352,-26.0648,7.9,0.132,,,2001A&A...378..843K,,
81,PN G002.0-06.2,T,M 2-33,273.77722,-30.25914,5.4,0.09,1.08,,1992secg.book.....A,,
82,PN G002.1-04.2,T,H 1-54,271.78015,-29.21843,1.9,0.032,1.19,137,1992secg.book.....A,,
83,PN G002.1-02.2,T,M 3-20,269.83051,-28.23001,6.6,0.11,1,,1992secg.book.....A,,
84,PN G002.1+03.3,T,PBOZ 24,264.46292,-25.34572,10,0.167,,,1992secg.book.....A,,
85,PN G002.1+01.7,T,JaFu 1,265.98836,-26.1982,6,0.1,1,,2001A&A...378..843K,,
86,PN G002.2-02.7,T,M 2-23,270.42755,-28.42886,4,0.067,1,,1992secg.book.....A,,
87,PN G002.2+00.5,T,Terz N 2337,267.188,-26.7235,35.1,0.585,,,1992secg.book.....A,,
88,PN G002.2-06.3,T,H 1-63,274.08057,-30.12666,3.8,0.063,1.19,,1992secg.book.....A,,
89,PN G002.2-02.5,T,KFL 2,270.249,-28.2719,8.2,0.137,1.39,,1992secg.book.....A,,
90,PN G002.2-09.4,T,Cn 1-5,277.29854,-31.49978,7.2,0.12,1.2,162,1992secg.book.....A,,
91,PN G002.3+02.2,T,K 5-11,265.625,-25.75752,12,0.2,1.2,,1992secg.book.....A,,
92,PN G002.3-07.8,T,M 2-41,275.644,-30.7249,14,0.233,1,,1992secg.book.....A,,
93,PN G002.3-03.4,T,H 2-37,271.12,-28.6273,6,0.1,1.71,71,1992secg.book.....A,,
94,PN G002.4+05.8,T,NGC 6369,262.33517,-23.75951,72,1.2,,135,1992secg.book.....A,Little Ghost Nebula,
95,PN G002.4-03.2,T,Wray 17-107,271.02264,-28.46414,18.6,0.31,1.21,,1992secg.book.....A,,
96,PN G002.4-03.7,T,M 1-38,271.52389,-28.675,3.5,0.058,1,,1992secg.book.....A,,
98,PN G002.5-01.7,T,Pe 2-11,269.63007,-27.61816,7.8,0.13,1.2,,1992secg.book.....A,,
100,PN G002.6+05.5,T,K 5-3,262.67166,-23.75011,16,0.267,1.6,,2001A&A...378..843K,,
101,PN G002.6+08.1,T,H 1-11,260.32373,-22.30981,6,0.1,1,,1992secg.book.....A,,
102,PN G002.6-03.4,T,M 1-37,271.35751,-28.36783,0.8,0.013,1.14,,1992secg.book.....A,,
103,PN G002.6+04.2,T,Th 3-27,263.99362,-24.42476,2.1,0.035,1.11,,1992secg.book.....A,,
104,PN G002.7-52.4,T,IC 5148/50,329.89667,-39.38556,132.5,2.208,1.04,,1992secg.book.....A,,
105,PN G002.7-04.8,T,M 1-42,272.77094,-28.98315,13.1,0.218,1.16,21,1992secg.book.....A,,
106,PN G002.8+01.7,T,H 2-20,266.41571,-25.66668,2.8,0.047,1.04,,1992secg.book.....A,,
107,PN G002.8+01.8,T,Terz N 1567,266.368,-25.6368,11.8,0.197,1.33,0,1992secg.book.....A,,
108,PN G002.8-02.2,T,Pe 2-12,270.292,-27.64061,10.5,0.175,2.1,,1992secg.book.....A,,
109,PN G002.9-03.9,T,H 2-39,272.02404,-28.43633,6.9,0.115,1.47,,1992secg.book.....A,,
110,PN G002.9+06.5,T,PM 1-149,261.97375,-22.95524,5,0.083,,,1992secg.book.....A,,
111,PN G003.0-02.6,T,KFL 4,270.71442,-27.68354,3,0.05,,,1992secg.book.....A,,
112,PN G003.1+04.1,T,K 5-7,264.334,-24.0582,10.3,0.172,,,2001A&A...378..843K,,
113,PN G003.1+02.9,T,Hb 4,265.47,-24.70233,11.1,0.185,1.63,140,1992secg.book.....A,,
114,PN G003.1+03.4,T,H 2-17,265.03094,-24.42849,4.8,0.08,1.23,,1992secg.book.....A,,
115,PN G003.2-04.4,T,KFL 12,272.62836,-28.32303,3.4,0.057,1.1,,1992secg.book.....A,,
116,PN G003.2-06.2,T,M 2-36,274.42258,-29.13877,8.1,0.135,,,1992secg.book.....A,,
117,PN G003.3-07.5,T,KFL 19,275.78705,-29.72366,7.8,0.13,,,1992secg.book.....A,,
118,PN G003.3-06.1,L,SB 7,274.44318,-29.10209,10.2,0.17,1.7,,2001A&A...378..843K,,
119,PN G003.3-04.6,T,Ap 1-12,272.89621,-28.37695,12,0.2,1.33,,1992secg.book.....A,,
123,PN G003.5-04.6,T,NGC 6565,272.96863,-28.17841,18,0.3,1.38,,1992secg.book.....A,,
124,PN G003.5-02.4,T,IC 4673,270.82669,-27.10628,22,0.367,1.45,126,1992secg.book.....A,,
125,PN G003.6+03.1,T,M 2-14,265.48856,-24.18768,2.2,0.037,1,,1992secg.book.....A,,
126,PN G003.6-02.3,T,M 2-26,270.79935,-26.97506,10.5,0.175,1.01,,1992secg.book.....A,,
127,PN G003.6+04.9,T,K 5-6,263.88,-23.19656,22.6,0.377,2.33,,2001A&A...378..843K,,
128,PN G003.7+07.9,T,H 2-8,261.18951,-21.55979,11.9,0.198,1.78,,1992secg.book.....A,,
129,PN G003.7-04.6,T,M 2-30,273.14331,-27.96962,5.1,0.085,1.02,,1992secg.book.....A,,
130,PN G003.8+05.3,T,H 2-15,263.61172,-22.88881,4.4,0.073,,0,1992secg.book.....A,,
131,PN G003.8-04.3,T,H 1-59,272.87192,-27.77102,6.6,0.11,1.1,71,1992secg.book.....A,,
132,PN G003.8-04.5,T,H 2-41,273.09903,-27.87052,9.3,0.155,1.01,,1992secg.book.....A,,
133,PN G003.9-02.3,T,M 1-35,270.91379,-26.72603,7.3,0.122,1.07,,1992secg.book.....A,,
134,PN G003.9-03.1,T,KFL 7,271.70838,-27.10542,8.1,0.135,1.62,,1992secg.book.....A,,
135,PN G003.9+01.6,T,Terz N 2111,267.1185,-24.68998,8,0.133,,,1992secg.book.....A,,
136,PN G003.9-14.9,T,Hb 7,283.9077,-32.26348,3.5,0.058,1,,1992secg.book.....A,,
137,PN G004.0-11.1,T,M 3-29,279.85739,-30.67686,9.7,0.162,1.13,,1992secg.book.....A,,
138,PN G004.0-05.8,T,Pe 1-12,274.42624,-28.28772,10,0.167,1.11,,1992secg.book.....A,,
139,PN G004.0-03.0,L,M 2-29,271.67026,-26.91554,4.8,0.08,1.33,,1992secg.book.....A,,
140,PN G004.1-03.8,T,KFL 11,272.55103,-27.27639,3,0.05,1.3,,1992secg.book.....A,,
141,PN G004.2-04.3,T,H 1-60,273.1048,-27.48693,6,0.1,1,,1992secg.book.....A,,
142,PN G004.2-03.2,T,KFL 10,272.00546,-26.90042,7.1,0.118,1.27,,1992secg.book.....A,,
143,PN G004.2-05.9,L,M 2-37,274.65977,-28.13293,7.2,0.12,,,1992secg.book.....A,,
145,PN G004.3-02.6,T,H 1-53,271.4892,-26.49486,2.3,0.038,1.35,,1992secg.book.....A,,
147,PN G004.6-09.9,L,SB 9,278.92633,-29.63974,13.2,0.22,1,,2001A&A...378..843K,,
148,PN G004.6+06.0,T,H 1-24,263.40652,-21.77355,9,0.15,1.8,,1992secg.book.....A,,
149,PN G004.7-11.8,T,Hen 2-418,281.06082,-30.32688,14,0.233,1.65,,1992secg.book.....A,,
150,PN G004.8-05.0,T,M 3-26,274.04752,-27.24929,11,0.183,1.16,,1992secg.book.....A,,
151,PN G004.8+02.0,T,H 2-25,267.25201,-23.71516,3.1,0.052,1.03,41,1992secg.book.....A,,
152,PN G004.8-22.7,T,Hen 2-436,293.02792,-34.21595,0.6,0.01,1,,1992secg.book.....A,,
153,PN G004.9+04.9,T,M 1-25,264.62628,-22.14413,5,0.083,1.67,40,1992secg.book.....A,,
154,PN G004.9-04.9,T,M 1-44,274.07229,-27.07628,6,0.1,1.11,,1992secg.book.....A,,
155,PN G005.0+04.4,T,H 1-27,265.07471,-22.32157,5.2,0.087,,,1992secg.book.....A,,
156,PN G005.0-03.9,T,H 2-42,273.09572,-26.54844,13,0.217,1.09,,1992secg.book.....A,,
157,PN G005.0+03.0,T,Pe 1-9,266.403,-23.0404,13.6,0.227,1.01,,1992secg.book.....A,,
158,PN G005.1-03.0,T,H 1-58,272.30765,-26.04133,6,0.1,1,,1992secg.book.....A,,
159,PN G005.1-08.9,T,Hf 2-2,278.12846,-28.72222,21.7,0.362,1,,1992secg.book.....A,,
160,PN G005.1+02.0,T,K 5-19,267.46368,-23.4623,8.5,0.142,,,2001A&A...378..843K,,
161,PN G005.2-18.6,T,StWr 2-21,288.59723,-32.57132,2.7,0.045,1,,1992secg.book.....A,,
162,PN G005.2+05.6,T,M 3-12,264.0943,-21.52006,6,0.1,,,1992secg.book.....A,,
163,PN G005.2+04.2,L,M 3-13,265.40247,-22.21735,9.8,0.163,,,1992secg.book.....A,,
164,PN G005.4-01.9,T,PBOZ 34,271.35573,-25.22656,8.8,0.147,,,1992secg.book.....A,,
165,PN G005.5-04.0,T,H 2-44,273.41901,-26.14409,6.6,0.11,,,1992secg.book.....A,,
166,PN G005.5-02.5,T,M 3-24,271.97464,-25.40075,10.2,0.17,,,1992secg.book.....A,,
167,PN G005.5+02.7,T,H 1-34,267.03195,-22.77987,2,0.033,,,1992secg.book.....A,,
168,PN G005.6-04.7,T,KFL 16,274.225,-26.3892,12.4,0.207,,,1992secg.book.....A,,
169,PN G005.7-05.3,T,M 2-38,274.85483,-26.58887,9.3,0.155,,,1992secg.book.....A,,
170,PN G005.7-03.6,T,KFL 13,273.186,-25.7388,14.2,0.237,,,1992secg.book.....A,,
171,PN G005.8-06.1,T,NGC 6620,275.72577,-26.82139,7.4,0.123,1.37,,1992secg.book.....A,,
172,PN G005.8+05.1,T,H 2-16,264.981,-21.2365,23.6,0.393,,,1992secg.book.....A,,
174,PN G006.0-03.6,T,M 2-31,273.31677,-25.50138,4,0.067,1.08,,1992secg.book.....A,,
176,PN G006.0-41.9,T,PRMG 1,316.47314,-37.14452,8.2,0.137,1,,1992secg.book.....A,,
177,PN G006.2-03.7,T,KFL 15,273.581,-25.3471,8.5,0.142,,,1992secg.book.....A,,
178,PN G006.2+01.0,T,HaTr 8,268.983,-22.98361,13,0.217,,,1992secg.book.....A,,
179,PN G006.3+03.3,T,H 2-22,266.89136,-21.78975,8,0.133,,,1992secg.book.....A,,
180,PN G006.3+04.4,T,H 2-18,265.86978,-21.16425,3.8,0.063,,,1992secg.book.....A,,
181,PN G006.4-04.6,T,Pe 2-13,274.55566,-25.63581,8,0.133,,,1992secg.book.....A,,
182,PN G006.4+02.0,T,M 1-31,268.17267,-22.36579,3.5,0.058,1.17,,1992secg.book.....A,,
183,PN G006.5-05.8,T,SB 13,275.751,-26.0877,37.8,0.63,1.03,,2001A&A...378..843K,,
184,PN G006.5-03.1,T,H 1-61,273.14157,-24.83341,2,0.033,1,,1992secg.book.....A,,
185,PN G006.5+03.4,T,PN PBOZ 29,266.95443,-21.53947,9.1,0.152,,,1992secg.book.....A,,
186,PN G006.7-02.2,T,M 1-41,272.37733,-24.20833,108,1.8,2.04,,1992secg.book.....A,,
187,PN G006.8-08.6,T,Al 1,278.73022,-27.10503,14.5,0.242,1.18,,1992secg.book.....A,,
188,PN G006.8-03.4,T,H 2-45,273.61976,-24.72721,4.6,0.077,,,1992secg.book.....A,,
189,PN G006.8+02.3,T,Th 4-7,268.09425,-21.85381,4,0.067,,,1992secg.book.....A,,
190,PN G006.8-19.8,T,Wray 16-423,290.54428,-31.51074,1.4,0.023,1,,1992secg.book.....A,,
191,PN G006.8+02.0,T,Pe 2-10,268.40461,-21.97865,3.8,0.063,,,1992secg.book.....A,,
192,PN G007.0-06.8,T,Vy 2-1,276.99835,-26.11341,4,0.067,1,,1992secg.book.....A,,
193,PN G007.0+06.3,T,M 1-24,264.54828,-19.62712,6.4,0.107,,,1992secg.book.....A,,
194,PN G007.0-06.0,T,H 1-66,276.239,-25.6986,8.2,0.137,,,1992secg.book.....A,,
195,PN G007.2+01.8,T,IC 4670,268.77929,-21.7445,7.7,0.128,1.13,,1992secg.book.....A,,
197,PN G007.5+07.4,T,M 1-22,263.79266,-18.57234,9,0.15,,,1992secg.book.....A,,
198,PN G007.6+06.9,T,M 1-23,264.34167,-18.7783,7,0.117,,,1992secg.book.....A,,
199,PN G007.7-05.3,T,SB 14,275.927,-24.7912,19.2,0.32,1.03,,2001A&A...378..843K,,
200,PN G007.8-03.7,T,M 2-34,274.31644,-23.98181,8,0.133,1,177,1992secg.book.....A,,
201,PN G007.8-04.4,T,H 1-65,275.03687,-24.25141,8,0.133,2.67,0,1992secg.book.....A,,
202,PN G008.0+03.9,T,NGC 6445,267.31363,-20.00957,224,3.733,,149,1992secg.book.....A,,
204,PN G008.1-04.7,T,M 2-39,275.50479,-24.17783,3.2,0.053,1,,1992secg.book.....A,,
205,PN G008.2-04.8,T,M 2-42,275.63368,-24.15767,3.8,0.063,,,1992secg.book.....A,,
206,PN G008.3-01.1,T,M 1-40,272.10831,-22.28146,15.5,0.258,,44,1992secg.book.....A,,
207,PN G008.3-07.3,T,NGC 6644,278.14435,-25.12889,4.4,0.073,1.02,,1992secg.book.....A,,
208,PN G008.4-03.6,T,H 1-64,274.59961,-23.41587,7.6,0.127,,,1992secg.book.....A,,
209,PN G008.6-07.0,T,Hen 2-406,277.97018,-24.77126,8,0.133,1.07,,1992secg.book.....A,,
210,PN G008.6-02.6,T,MaC 1-11,273.71204,-22.73206,8.4,0.14,,,1992secg.book.....A,,
211,PN G008.8+05.2,T,Th 4-2,266.54025,-18.65842,19,0.317,,,1992secg.book.....A,,
212,PN G009.0+00.4,T,GLMP 707,271.035,-20.9515,4,0.067,,,2003A&A...408.1029K,,
214,PN G009.3+02.8,T,Th 4-9,269.00244,-19.49072,9.3,0.155,,,1992secg.book.....A,,
215,PN G009.3+04.1,T,Th 4-6,267.7384,-18.78004,4,0.067,,,1992secg.book.....A,,
217,PN G009.4-09.8,T,M 3-32,281.17969,-25.3594,8.1,0.135,1.19,,1992secg.book.....A,,
218,PN G009.4-05.0,T,NGC 6629,276.42688,-23.20294,16.6,0.277,1.07,,1992secg.book.....A,,
219,PN G009.4-05.6,L,SB 16,277.08859,-23.42376,35.4,0.59,1.09,,2001A&A...378..843K,,
220,PN G009.6-10.6,T,M 3-33,282.05054,-25.48122,7.4,0.123,1.01,,1992secg.book.....A,,
221,PN G009.6+14.8,T,NGC 6309,258.51801,-12.91047,22.8,0.38,1.84,56,1992secg.book.....A,,
222,PN G009.6+10.5,T,Abell 41,262.25815,-15.21811,20.2,0.337,1.17,143,1992secg.book.....A,,
223,PN G009.8-04.6,T,H 1-67,276.27072,-22.58129,7,0.117,1.17,,1992secg.book.....A,,
224,PN G010.1+00.7,T,NGC 6537,271.30441,-19.84302,245,4.083,,38,1992secg.book.....A,,
226,PN G010.4+04.5,T,M 2-17,268.02,-17.6016,6.4,0.107,,,1992secg.book.....A,,
227,PN G010.6+03.2,T,Th 4-10,269.277,-18.1115,13.5,0.225,,,1992secg.book.....A,,
228,PN G010.7+07.4,T,Sa 2-230,265.50836,-15.93541,10,0.167,,,1992secg.book.....A,,
229,PN G010.7-06.4,T,IC 4732,278.47763,-22.6447,1.4,0.023,1,0,1992secg.book.....A,,
230,PN G010.7-06.7,T,Pe 1-13,278.71524,-22.72138,7.6,0.127,,,1992secg.book.....A,,
231,PN G010.8-01.8,T,NGC 6578,274.06882,-20.45074,12.1,0.202,1.03,144,1992secg.book.....A,,
233,PN G011.0+06.2,T,M 2-15,266.72687,-16.29022,7.5,0.125,,,1992secg.book.....A,,
234,PN G011.0+05.8,T,NGC 6439,267.08249,-16.47895,7,0.117,,,1992secg.book.....A,,
235,PN G011.0-05.1,T,M 1-47,277.29648,-21.78151,6.2,0.103,1.17,,1992secg.book.....A,,
236,PN G011.1+11.5,T,M 2-13,262.14246,-13.43912,3,0.05,1.25,40,1992secg.book.....A,,
238,PN G011.1-07.9,L,SB 17,280.08304,-22.90814,19.8,0.33,1.03,,1992secg.book.....A,,
239,PN G011.3-09.4,T,My 121,281.6463,-23.44675,3,0.05,1,,1992secg.book.....A,,
241,PN G011.4+17.9,T,DeHt 10,256.73,-9.78366,32,0.533,1.68,175,1992secg.book.....A,,
242,PN G011.4-07.3,T,SB 18,279.67938,-22.40388,12.6,0.21,1.11,,2001A&A...378..843K,,
243,PN G011.7-00.6,T,NGC 6567,273.43817,-19.07614,8.1,0.135,1.27,107,1992secg.book.....A,,
244,PN G011.7+00.0,T,M 1-43,272.9537,-18.77269,7,0.117,1.27,,1992secg.book.....A,,
246,PN G011.9+04.2,T,M 1-32,269.08325,-16.48443,9.1,0.152,1.14,,1992secg.book.....A,,
247,PN G012.2+04.9,T,PM 1-188,268.58792,-15.93105,16,0.267,1.07,0,1992secg.book.....A,,
248,PN G012.5-09.8,T,M 1-62,282.60846,-22.57293,4.8,0.08,1.04,,1992secg.book.....A,,
249,PN G012.6-02.7,T,M 1-45,275.78326,-19.28479,9,0.15,,,1992secg.book.....A,,
250,PN G013.0-04.3,T,Pe 2-14,277.49768,-19.67713,5.5,0.092,1.04,,1992secg.book.....A,,
251,PN G013.1+04.1,T,M 1-33,269.74496,-15.53744,4.8,0.08,,30,1992secg.book.....A,,
253,PN G013.3+32.7,T,Sn 1,245.26842,-0.26959,5.9,0.098,1.18,,1992secg.book.....A,,
255,PN G013.4-03.9,T,M 1-48,277.37497,-19.09572,4.8,0.08,,,1992secg.book.....A,,
256,PN G013.7-15.3,L,We 4-5,288.5465,-23.69,45,0.75,1.29,141,2001A&A...378..843K,,
257,PN G013.8-07.9,T,PC 21,281.39704,-20.58322,13.2,0.22,,,1992secg.book.....A,,
258,PN G013.8-02.8,T,SaWe 3,276.51533,-18.20958,110,1.833,1.38,133,1992secg.book.....A,,
259,PN G014.0-05.5,T,V-V 3-5,279.13475,-19.32422,10,0.167,1,,1992secg.book.....A,,
260,PN G014.2-07.3,T,M 3-31,281.00735,-19.91459,7,0.117,,,1992secg.book.....A,,
261,PN G014.3-05.5,T,V-V 3-6,279.2962,-19.03932,11.9,0.198,,,1992secg.book.....A,,
262,PN G014.4-06.1,T,SB 19,279.9169,-19.23668,10.7,0.178,1,,2001A&A...378..843K,,
263,PN G014.6-04.3,T,M 1-50,278.33704,-18.27691,5.6,0.093,,,1992secg.book.....A,,
263,PN G014.6-04.3,T,M 1-50,278.33704,-18.27691,4.2,0.07,1.08,,1992secg.book.....A,,
265,PN G014.9-03.1,T,SaSt 3-166,277.29694,-17.45358,13,0.217,,,1992secg.book.....A,,
266,PN G014.9+06.4,T,K 2-5,268.60971,-12.80944,52,0.867,,,1992secg.book.....A,,
267,PN G015.4-04.5,T,M 1-53,278.9514,-17.6023,6,0.1,1,,1992secg.book.....A,,
268,PN G015.6-03.0,T,Abell 44,277.545,-16.7557,67,1.117,1.43,131,1992secg.book.....A,,
269,PN G015.9+03.3,T,M 1-39,271.8779,-13.47989,5,0.083,,80,1992secg.book.....A,,
270,PN G016.0+13.5,T,Abell 42,262.87112,-8.31949,60,1,1,,1992secg.book.....A,,
271,PN G016.0-04.3,T,M 1-54,279.03482,-16.99917,16.5,0.275,,104,1992secg.book.....A,,
272,PN G016.1-04.7,T,M 1-56,279.44272,-17.09626,10,0.167,,,1992secg.book.....A,,
273,PN G016.4-01.9,T,M 1-46,276.98474,-15.54845,12.1,0.202,1.07,,1992secg.book.....A,,
274,PN G016.7-07.3,L,SB 22,282.12668,-17.73188,7.8,0.13,1,,2001A&A...378..843K,,
275,PN G016.9-02.0,T,Sa 3-134,277.33261,-15.12777,10.8,0.18,,,1992secg.book.....A,,
276,PN G017.0+11.1,T,GLMP 621,265.56012,-8.72184,13,0.217,1,,2001A&A...378..843K,,
277,PN G017.3-21.9,T,Abell 65,296.64254,-23.13697,152,2.533,1.77,,1992secg.book.....A,,
279,PN G017.6-01.1,T,VSP 2-18,276.80579,-14.14294,12.4,0.207,,,2001A&A...378..843K,,
280,PN G017.6-10.2,T,Abell 51,285.25579,-18.20431,59.2,0.987,1,,1992secg.book.....A,,
281,PN G017.7-02.9,T,M 1-52,278.49393,-14.87362,6.6,0.11,,,1992secg.book.....A,,
282,PN G017.9-04.8,T,M 3-30,280.312,-15.5615,19.1,0.318,1.04,,1992secg.book.....A,,
283,PN G018.0+20.1,T,Na 1,258.21625,-3.2667,10,0.167,1,,1992secg.book.....A,,
284,PN G018.6-02.2,T,M 3-54,278.26559,-13.73888,4.4,0.073,1.05,,1992secg.book.....A,,
285,PN G018.9+03.6,T,M 4-8,273.03995,-10.71619,5,0.083,,,1992secg.book.....A,,
286,PN G018.9+04.1,T,M 3-52,272.61005,-10.48466,11.6,0.193,,,1992secg.book.....A,,
287,PN G019.2-04.4,T,PM 1-251,280.60321,-14.25328,18.5,0.308,,,2001A&A...378..843K,,
288,PN G019.2-02.2,T,M 4-10,278.55775,-13.20685,12.3,0.205,,,1992secg.book.....A,,
289,PN G019.4-05.3,T,M 1-61,281.47969,-14.46053,1.8,0.03,1,,1992secg.book.....A,,
290,PN G019.4-19.6,T,K 2-7,295.12304,-20.452,159,2.65,1.1,,1992secg.book.....A,,
291,PN G019.4-13.6,T,DeHt 3,289.26713,-18.02661,33,0.55,1.03,13,1992secg.book.....A,,
292,PN G019.7+03.2,T,M 3-25,273.82071,-10.1693,3.9,0.065,,,1992secg.book.....A,,
293,PN G019.7-04.5,T,M 1-60,280.90878,-13.74684,2.5,0.042,1,,1992secg.book.....A,,
294,PN G019.8-23.7,T,Abell 66,299.38125,-21.61286,312,5.2,1.27,,1992secg.book.....A,,
295,PN G019.8+05.6,T,CTS 1,271.74911,-8.92578,3,0.05,,102,1992secg.book.....A,,
296,PN G019.9+00.9,T,M 3-53,276.03287,-11.11169,5,0.083,1,,1992secg.book.....A,,
297,PN G020.2-00.6,L,Abell 45,277.56427,-11.61595,302,5.033,1.07,,1992secg.book.....A,,
298,PN G020.4+00.6,T,PM 1-231,276.492,-10.75791,4.5,0.075,,,2001A&A...378..843K,,
299,PN G020.7-05.9,T,Sa 1-8,282.68463,-13.51727,8,0.133,1.33,,1992secg.book.....A,,
300,PN G020.9-01.1,T,M 1-51,278.37083,-11.124,19.9,0.332,,29,1992secg.book.....A,,
301,PN G021.1-05.9,T,M 1-63,282.87891,-13.17689,4.2,0.07,,,1992secg.book.....A,,
302,PN G021.2-03.9,T,We 1-7,281.0257,-12.2154,20.5,0.342,1.04,,1992secg.book.....A,,
303,PN G021.7-00.6,T,M 3-55,278.31155,-10.2554,12.2,0.203,1.31,57,1992secg.book.....A,,
304,PN G021.8-00.4,T,M 3-28,278.17203,-10.09723,24.1,0.402,1.99,2,1992secg.book.....A,,
305,PN G021.9+02.7,T,MaC 1-12,275.33798,-8.52842,5,0.083,1.25,,1992secg.book.....A,,
306,PN G022.0-04.3,T,AS 321,281.76648,-11.68659,4,0.067,1,,2001A&A...378..843K,,
307,PN G022.0-03.1,T,M 1-58,280.73743,-11.11475,6.4,0.107,,78,1992secg.book.....A,,
308,PN G022.1-02.4,L,M 1-57,280.08438,-10.6631,12,0.2,2.4,137,1992secg.book.....A,,
309,PN G022.5+01.0,T,MaC 1-13,277.14685,-8.72301,18,0.3,1.29,8,1992secg.book.....A,,
310,PN G022.5+04.8,T,MA 2,273.80579,-6.95339,10,0.167,,,1992secg.book.....A,,
311,PN G023.0+04.3,T,MA 3,274.45575,-6.80599,5,0.083,,,1992secg.book.....A,,
312,PN G023.3-07.6,T,MaC 1-16,285.3407,-11.97222,10,0.167,,,1992secg.book.....A,,
313,PN G023.8-01.7,T,K 3-11,280.28046,-8.93305,11.1,0.185,,,1992secg.book.....A,,
314,PN G023.9+01.2,T,MA 13,277.62662,-7.46064,7.7,0.128,,,1992secg.book.....A,,
315,PN G023.9-02.3,T,M 1-59,280.83408,-9.08018,6.7,0.112,1.12,116,1992secg.book.....A,,
316,PN G024.1+03.8,T,M 2-40,275.34937,-6.03216,5.5,0.092,1.1,80,1992secg.book.....A,,
317,PN G024.2+05.9,T,M 4-9,273.57651,-4.98925,47.9,0.798,1.12,167,1992secg.book.....A,,
318,PN G024.2-05.2,T,M 4-11,283.574,-10.0869,29,0.483,1.12,,1992secg.book.....A,,
319,PN G024.3-03.3,T,Pe 1-17,281.95334,-9.15193,14.7,0.245,1.93,45,1992secg.book.....A,,
320,PN G024.8-02.7,T,M 2-46,281.64426,-8.46718,4.4,0.073,,,1992secg.book.....A,,
321,PN G025.0-11.6,T,Abell 60,289.824,-12.24333,94,1.567,1.31,103,1992secg.book.....A,,
322,PN G025.3+40.8,T,IC 4593,242.93561,12.07141,15.3,0.255,1.04,,1992secg.book.....A,,
323,PN G025.3-04.6,T,K 4-8,283.58334,-8.79255,9.5,0.158,,,1992secg.book.....A,,
324,PN G025.4-04.7,T,IC 1295,283.65423,-8.82732,110,1.833,1.24,69,1992secg.book.....A,,
325,PN G025.8-17.9,T,NGC 6818,295.99043,-14.15324,24.7,0.412,1,13,1992secg.book.....A,,
326,PN G025.9-02.1,T,Pe 1-15,281.6025,-7.24286,5,0.083,,,1992secg.book.....A,,
327,PN G025.9-00.9,T,Pe 1-14,280.53351,-6.68203,5,0.083,1,45,1992secg.book.....A,,
328,PN G025.9-10.9,T,Na 2,289.58133,-11.10429,6.3,0.105,1.11,,1992secg.book.....A,,
329,PN G026.0-01.8,T,Pe 2-15,281.36475,-6.94929,3,0.05,,,1992secg.book.....A,,
330,PN G026.3-02.2,T,Pe 1-16,281.88437,-6.90098,7.6,0.127,,,1992secg.book.....A,,
331,PN G026.5-03.0,T,Pe 1-19,282.436,-7.0264,4.4,0.073,,,1992secg.book.....A,,
332,PN G026.6-01.5,T,K 4-5,281.40231,-6.30954,64,1.067,,,1992secg.book.....A,,
334,PN G027.3-02.1,T,Pe 1-18,282.19357,-5.9353,6.8,0.113,,,1992secg.book.....A,,
335,PN G027.3-03.4,T,Abell 49,283.36792,-6.47875,56,0.933,1.47,31,1992secg.book.....A,,
336,PN G027.4-03.5,T,Vy 1-4,283.5079,-6.43884,15,0.25,,,1992secg.book.....A,,
337,PN G027.6-09.6,T,IC 4846,289.11758,-9.04349,3,0.05,1,,1992secg.book.....A,,
338,PN G027.6+16.9,T,DeHt 2,265.42101,3.11525,94,1.567,,44,1992secg.book.....A,,
339,PN G027.6+04.2,T,M 2-43,276.66687,-2.71601,2,0.033,1.67,,1992secg.book.....A,,
340,PN G027.7+00.7,T,M 2-45,279.84097,-4.33081,9.4,0.157,1.24,,1992secg.book.....A,,
341,PN G028.0+10.2,T,WeSb 3,271.5032,0.37738,50.7,0.845,1.18,145,1992secg.book.....A,,
342,PN G028.2-04.0,T,Pe 1-20,284.3223,-5.99772,6.4,0.107,,12,1992secg.book.....A,,
343,PN G028.5+05.1,T,K 3-2,276.25241,-1.51462,3,0.05,1,0,1992secg.book.....A,,
344,PN G028.5+01.6,T,M 2-44,279.40378,-3.09888,11.3,0.188,1.09,,1992secg.book.....A,,
345,PN G028.7+02.7,T,K 3-7,278.55671,-2.46028,8,0.133,,,1992secg.book.....A,,
346,PN G028.7-03.9,T,Pe 1-21,284.45709,-5.46115,11.1,0.185,1.07,,1992secg.book.....A,,
347,PN G029.0+00.4,T,Abell 48,280.69547,-3.22147,43.5,0.725,1.13,37,1992secg.book.....A,,
348,PN G029.2+00.0,T,TDC 1,281.22244,-3.34247,5.6,0.093,,,1992secg.book.....A,,
349,PN G029.2-05.9,T,NGC 6751,286.48151,-5.99248,24.1,0.402,1.04,81,1992secg.book.....A,,
350,PN G029.8-07.8,T,LSA 1,288.48206,-6.3145,14,0.233,1,,1992secg.book.....A,,
352,PN G030.8+03.4,T,Abell 47,278.84402,-0.23047,17.5,0.292,1.42,,1992secg.book.....A,,
353,PN G031.0+04.1,T,K 3-6,278.32288,0.19644,0.7,0.012,,,1992secg.book.....A,,
354,PN G031.0-10.8,T,M 3-34,291.7579,-6.58462,7.4,0.123,1.16,,1992secg.book.....A,,
355,PN G031.2+05.9,T,K 3-3,276.78874,1.24073,9.5,0.158,1.36,,1992secg.book.....A,,
356,PN G031.3-00.5,T,HaTr 10,282.6027,-1.67166,32,0.533,1.64,,1992secg.book.....A,,
357,PN G031.7+01.7,T,PC 20,280.76438,-0.27708,12,0.2,2.4,,1992secg.book.....A,,
358,PN G031.9-00.3,T,WeSb 4,282.66794,-1.0531,42,0.7,1.27,,1992secg.book.....A,,
360,PN G032.0-01.7,T,CBSS 2,284.06534,-1.56675,4.9,0.082,1.36,,2001A&A...378..843K,,
361,PN G032.1+07.0,T,PC 19,276.18552,2.49114,3,0.05,1,,1992secg.book.....A,,
363,PN G032.7+05.6,T,K 3-4,277.75095,2.42426,19.7,0.328,,,1992secg.book.....A,,
364,PN G032.7-02.0,T,M 1-66,284.60938,-1.06269,3,0.05,1,,1992secg.book.....A,,
365,PN G032.9-02.8,T,K 3-19,285.4024,-1.31885,10,0.167,,,1992secg.book.....A,,
366,PN G032.9-00.7,T,CBSS 3,283.52847,-0.33413,6.5,0.108,1.25,,2001A&A...378..843K,,
367,PN G032.9+07.8,T,K 3-1,275.84052,3.60772,8,0.133,,,1992secg.book.....A,,
368,PN G033.0-05.3,T,Abell 55,287.60736,-2.33985,56.8,0.947,1.09,,1992secg.book.....A,,
369,PN G033.1-06.3,T,NGC 6772,288.65155,-2.70696,80.7,1.345,1.14,,1992secg.book.....A,,
370,PN G033.2-01.9,T,Sa 3-151,284.71559,-0.5493,13,0.217,1.44,,1992secg.book.....A,,
371,PN G033.7-02.0,T,CBSS 1,285.06723,-0.24239,4.9,0.082,1.2,,2001A&A...378..843K,,
372,PN G033.8-02.6,T,NGC 6741,285.65454,-0.44916,9.1,0.152,1.4,,1992secg.book.....A,,
374,PN G034.1-10.5,T,HaWe 13,292.78,-3.70875,86,1.433,1.19,,1992secg.book.....A,,
375,PN G034.3+06.2,T,K 3-5,277.94098,4.08587,10,0.167,1.25,,1992secg.book.....A,,
376,PN G034.5-11.7,T,PM 1-308,294.07306,-3.89035,1.8,0.03,1.38,,2001A&A...378..843K,,
377,PN G034.5-06.7,T,NGC 6778,289.60396,-1.59644,21.4,0.357,1.38,,1992secg.book.....A,,
378,PN G034.6+11.8,T,NGC 6572,273.02636,6.85359,15,0.25,1.15,,1992secg.book.....A,,
381,PN G035.7-05.0,T,K 3-26,288.66324,0.22675,18,0.3,1.2,,1992secg.book.....A,,
382,PN G035.9-01.1,T,Sh 2-71,285.49983,2.15447,132.4,2.207,1.77,,1992secg.book.....A,,
383,PN G036.0+17.6,T,Abell 43,268.38446,10.62326,80,1.333,1,,1992secg.book.....A,,
384,PN G036.1-57.1,T,NGC 7293,337.41058,-20.83711,970,16.167,1.32,,1992secg.book.....A,Helix Nebula,
385,PN G036.9-02.6,T,HaTr 13,287.00894,2.35674,21,0.35,,,1992secg.book.....A,,
386,PN G036.9-01.1,T,HaTr 11,285.74729,3.03925,21,0.35,1,,1992secg.book.....A,,
387,PN G037.5-05.1,T,Abell 58,289.58533,1.78323,44,0.733,1.22,,1992secg.book.....A,,
388,PN G037.7-34.5,T,NGC 7009,316.04532,-11.3634,28,0.467,1.27,,1992secg.book.....A,Saturn Nebula,
389,PN G037.8-06.3,T,NGC 6790,290.73737,1.5129,4.4,0.073,1.29,,1992secg.book.....A,,
390,PN G037.9-03.4,T,Abell 56,288.27554,2.87997,206,3.433,1.13,,1992secg.book.....A,,
391,PN G038.1-25.4,T,Abell 70,307.88833,-7.08836,45.2,0.753,1.2,,1992secg.book.....A,,
392,PN G038.2+12.0,T,Cn 3-1,274.39213,10.15097,5.7,0.095,1.24,,1992secg.book.....A,,
394,PN G038.4+01.8,T,PM 1-264,283.72559,5.80314,3,0.05,,,2003A&A...408.1029K,,
395,PN G038.7+01.9,T,YM 16,283.73877,6.04196,375,6.25,1.32,,1992secg.book.....A,,
396,PN G038.7-03.3,T,M 1-69,288.47458,3.62824,9.4,0.157,,,1992secg.book.....A,,
398,PN G039.1-02.2,T,PM 1-285,287.72254,4.45789,11.2,0.187,,,2001A&A...378..843K,,
399,PN G039.5-02.7,T,M 2-47,288.39398,4.63457,6.9,0.115,1.41,,1992secg.book.....A,,
400,PN G039.8+02.1,T,K 3-17,284.07567,7.12394,18.6,0.31,1.56,,1992secg.book.....A,,
401,PN G040.3-00.4,T,Abell 53,286.69128,6.39791,31.9,0.532,1.03,,1992secg.book.....A,,
402,PN G040.4-03.1,T,K 3-30,289.11539,5.22207,3,0.05,1,,1992secg.book.....A,,
403,PN G041.2-00.6,T,HaTr 14,287.30683,7.09556,19,0.317,1.12,,1992secg.book.....A,,
406,PN G041.8-02.9,T,NGC 6781,289.61703,6.53869,141,2.35,1.29,,1992secg.book.....A,,
408,PN G042.5-14.5,T,NGC 6852,300.16338,1.72803,28,0.467,1.08,,1992secg.book.....A,,
409,PN G042.9-06.9,T,NGC 6807,293.63972,5.68401,2,0.033,1.05,,1992secg.book.....A,,
410,PN G043.0-03.0,T,M 4-14,290.25299,7.61455,28,0.467,2,,1992secg.book.....A,,
411,PN G043.1+37.7,T,NGC 6210,251.123,23.79988,52,0.867,,,1992secg.book.....A,,
412,PN G043.1+03.8,T,M 1-65,284.14017,10.86946,4.2,0.07,1.05,,1992secg.book.....A,,
414,PN G043.3+02.2,T,PM 1-276,285.574,10.2925,15,0.25,1.15,,1992secg.book.....A,,
415,PN G043.3+11.6,T,M 3-27,276.95114,14.48502,2.8,0.047,1.22,,1992secg.book.....A,,
416,PN G043.5-13.4,T,Abell 67,299.613,3.04977,74,1.233,1.21,,1992secg.book.....A,,
417,PN G044.0+05.2,T,K 3-16,283.25679,12.26664,8,0.133,,,1992secg.book.....A,,
420,PN G044.3-05.6,T,K 3-36,293.16483,7.46432,12,0.2,1.5,,1992secg.book.....A,,
421,PN G044.3+10.4,T,We 3-1,278.51104,14.82206,175,2.917,1.09,,1992secg.book.....A,,
422,PN G045.4-02.7,T,Vy 2-2,291.09259,9.89896,3.1,0.052,1.19,,1992secg.book.....A,,
423,PN G045.6+24.3,T,K 1-14,265.65216,21.44982,54,0.9,1.05,,1992secg.book.....A,,
425,PN G045.7-04.5,T,NGC 6804,292.89642,9.22533,58.3,0.972,1.2,,1992secg.book.....A,,
426,PN G045.9-01.9,T,K 3-33,290.61111,10.68927,4.5,0.075,,,1992secg.book.....A,,
427,PN G046.3-03.1,T,PB 9,291.93674,10.40578,13,0.217,1.18,,1992secg.book.....A,,
428,PN G046.4-04.1,T,NGC 6803,292.81867,10.05597,8.2,0.137,,,1992secg.book.....A,,
429,PN G046.7-01.6,T,PM 1-301,290.70976,11.46539,9,0.15,,,2001A&A...378..843K,,
430,PN G046.8+03.8,T,Sh 2-78,285.79205,14.11636,655,10.917,1.22,,1992secg.book.....A,,
431,PN G046.8+02.9,T,CTSS 4,286.5955,13.74614,10,0.167,,,1992secg.book.....A,,
432,PN G047.0+42.4,T,Abell 39,246.89056,27.90929,162,2.7,1,,1992secg.book.....A,,
433,PN G047.1+04.1,T,K 3-21,285.66803,14.48066,10,0.167,1.43,,1992secg.book.....A,,
434,PN G047.1-04.2,T,Abell 62,293.32454,10.61658,166,2.767,1.06,,1992secg.book.....A,,
436,PN G048.0-02.3,T,PB 10,292.05997,12.32671,11,0.183,1.22,,1992secg.book.....A,,
437,PN G048.1+01.1,T,K 3-29,288.8773,14.06384,2.5,0.042,,,1992secg.book.....A,,
438,PN G048.5+04.2,T,K 4-16,286.2142,15.79352,3,0.05,1,,1992secg.book.....A,,
439,PN G048.7+02.3,T,K 3-24,288.02417,15.15124,12,0.2,1.5,,1992secg.book.....A,,
440,PN G048.7-01.5,L,DeHt 4,291.61693,13.32424,94,1.567,,,1992secg.book.....A,,
441,PN G048.7+01.9,T,M 4-13,288.4101,14.98867,7,0.117,1.67,,1992secg.book.....A,,
442,PN G049.3+88.1,T,H 4-1,194.86575,27.63628,2.7,0.045,1,,1992secg.book.....A,,
444,PN G049.4+02.4,T,Hen 2-428,288.27275,15.7776,40,0.667,2.67,,1992secg.book.....A,,
446,PN G050.4+05.2,T,Abell 52,286.13475,17.95214,37,0.617,1,,1992secg.book.....A,,
450,PN G051.0-04.5,T,PC 22,295.5145,13.84372,20,0.333,1.67,,1992secg.book.....A,,
451,PN G051.0+03.0,T,Hen 2-430,288.51721,17.52569,5,0.083,2.5,,1992secg.book.....A,,
452,PN G051.3+01.8,L,PM 1-295,289.82816,17.19669,20,0.333,,,1992secg.book.....A,,
453,PN G051.4+09.6,T,Hu 2-1,282.44818,20.84429,8,0.133,2.86,,1992secg.book.....A,,
454,PN G051.5+00.2,T,KLW 1,291.41876,16.55138,12,0.2,,,2001A&A...378..843K,,
455,PN G051.5+06.1,T,K 1-17,285.90567,19.35628,56,0.933,1.24,,1992secg.book.....A,,
456,PN G051.9-03.8,T,M 1-73,295.28885,14.94983,8.8,0.147,1.47,,1992secg.book.....A,,
458,PN G052.2-04.0,T,M 1-74,295.57813,15.15229,5,0.083,,,1992secg.book.....A,,
458,PN G052.2-04.0,T,M 1-74,295.57813,15.15229,3,0.05,1,,1992secg.book.....A,,
459,PN G052.5-02.9,T,Me 2-2,294.79089,15.9467,9,0.15,,,1992secg.book.....A,,
461,PN G052.9-02.7,T,K 3-41,294.81616,16.34681,7.5,0.125,1.15,,1992secg.book.....A,,
462,PN G052.9+02.7,T,K 3-31,289.76104,19.03917,2,0.033,1,,1992secg.book.....A,,
463,PN G053.0+01.7,T,KLSS 1-1,290.72888,18.70224,19,0.317,,,2001A&A...378..843K,,
464,PN G053.2-01.5,T,K 3-38,293.82648,17.21686,4,0.067,,,1992secg.book.....A,,
465,PN G053.3+24.0,T,Vy 1-2,268.59579,27.99944,6,0.1,1.5,,1992secg.book.....A,,
466,PN G053.3+03.0,T,Abell 59,289.66679,19.57583,94,1.567,1.18,,1992secg.book.....A,,
467,PN G053.8-03.0,T,Abell 63,295.54283,17.08733,48,0.8,1.14,,1992secg.book.....A,,
468,PN G054.1-12.1,T,NGC 6891,303.78683,12.70434,13.5,0.225,1.06,,1992secg.book.....A,,
469,PN G054.4-02.5,T,M 1-72,295.39156,17.75485,4,0.067,,,1992secg.book.....A,,
471,PN G055.1-01.8,T,K 3-43,295.10768,18.82007,8.8,0.147,1,,1992secg.book.....A,,
472,PN G055.2+02.8,T,Hen 2-432,290.85342,21.13347,5,0.083,,,1992secg.book.....A,,
473,PN G055.3+02.7,T,Hen 1-1,290.94529,21.11061,8,0.133,1.33,,1992secg.book.....A,,
474,PN G055.3+06.6,T,Abell 54,287.16492,22.98288,67,1.117,1.43,,1992secg.book.....A,,
475,PN G055.4+16.0,T,Abell 46,277.82621,26.93692,97,1.617,1.15,,1992secg.book.....A,,
476,PN G055.5-00.5,T,M 1-71,294.11218,19.70666,6,0.1,1.62,,1992secg.book.....A,,
477,PN G055.6+02.1,T,Hen 1-2,291.65732,21.15751,5,0.083,1,,1992secg.book.....A,,
478,PN G056.0+02.0,T,K 3-35,291.93347,21.50106,6,0.1,2,,1992secg.book.....A,,
479,PN G056.4-00.9,T,K 3-42,294.89916,20.31719,3.4,0.057,1,,1992secg.book.....A,,
480,PN G056.8-06.9,T,K 3-51,300.65143,17.61416,10,0.167,1,,1992secg.book.....A,,
481,PN G057.2-08.9,T,NGC 6879,302.61118,16.92258,5,0.083,1,,1992secg.book.....A,,
482,PN G057.9-01.5,T,Hen 2-447,296.34235,21.33445,3,0.05,2.5,,1992secg.book.....A,,
483,PN G058.3-10.9,T,IC 4997,305.03646,16.73156,2.5,0.042,1.47,,1992secg.book.....A,,
484,PN G058.6+06.1,T,Abell 57,289.2739,25.62595,40,0.667,1.18,,1992secg.book.....A,,
485,PN G058.6-05.5,L,WeSb 5,300.42504,19.91114,176,2.933,1.19,,1992secg.book.....A,,
486,PN G058.9+09.0,T,Si 1-2,286.53,27.21625,60,1,1,,2001A&A...378..843K,,
487,PN G058.9+01.3,T,K 3-40,294.09094,23.66331,4,0.067,1,,1992secg.book.....A,,
488,PN G059.0-01.7,T,Hen 1-3,297.11,22.14369,8,0.133,1,,1992secg.book.....A,,
489,PN G059.0+04.6,T,K 3-34,291.01138,25.31321,12,0.2,1.25,,1992secg.book.....A,,
491,PN G059.4-00.7,T,PM 1-313,296.3925,22.97572,4,0.067,,,2001A&A...378..843K,,
492,PN G059.4+02.3,T,K 3-37,293.44479,24.54086,2.5,0.042,1,,1992secg.book.....A,,
493,PN G059.7-18.7,T,Abell 72,312.50858,13.55823,154,2.567,1.31,,1992secg.book.....A,,
494,PN G059.9+02.0,T,K 3-39,293.9768,24.91389,7,0.117,,,1992secg.book.....A,,
495,PN G060.0-04.3,T,Abell 68,300.04417,21.71556,38,0.633,,13,1992secg.book.....A,,
496,PN G060.1-07.7,T,NGC 6886,303.17838,19.98963,9.3,0.155,2.07,54,1992secg.book.....A,,
497,PN G060.3-07.3,T,Hen 1-5,302.98358,20.33456,32,0.533,1,,1992secg.book.....A,,
498,PN G060.4+01.5,T,HuDo 1,294.71722,25.0924,2.1,0.035,1.05,,1992secg.book.....A,,
499,PN G060.5-00.3,T,K 3-45,296.56512,24.18435,7,0.117,1,18,1992secg.book.....A,,
500,PN G060.5+01.8,T,Hen 2-440,294.53482,25.26131,3,0.05,,,1992secg.book.....A,,
501,PN G060.8-03.6,T,NGC 6853,299.90158,22.72111,475,7.917,1.4,129,1992secg.book.....A,Dumbbell Nebula,M 27
502,PN G061.0+08.0,T,K 3-27,288.62488,28.6793,16.4,0.273,1,,1992secg.book.....A,,
504,PN G061.4-09.5,T,NGC 6905,305.59558,20.10467,43.3,0.722,1.22,161,1992secg.book.....A,,
506,PN G061.9+41.3,T,DdDm 1,250.07565,38.70553,1.4,0.023,1,,1992secg.book.....A,,
507,PN G062.4+09.5,T,NGC 6765,287.77729,30.54547,40,0.667,1.43,,1992secg.book.....A,,
508,PN G062.4-00.2,T,M 2-48,297.61893,25.90839,19.4,0.323,1.72,67,1992secg.book.....A,,
509,PN G063.1+13.9,T,NGC 6720,283.39615,33.02917,89,1.483,1.35,57,1992secg.book.....A,Ring Nebula,M 57
511,PN G064.6+48.2,T,NGC 6058,241.11061,40.68307,36,0.6,1.29,,1992secg.book.....A,,
512,PN G064.7+05.0,T,BD+30 3639,293.68848,30.51637,6.2,0.103,1.11,0,1992secg.book.....A,,
513,PN G064.9-02.1,T,K 3-53,300.84354,27.01524,6,0.1,,,1992secg.book.....A,,
514,PN G064.9+15.5,T,M 1-64,282.5087,35.24336,17.2,0.287,,,1992secg.book.....A,,
515,PN G065.1-03.5,T,We 1-9,302.2695,26.44889,24,0.4,,70,1992secg.book.....A,,
516,PN G065.2-05.6,T,Hen 1-6,304.33926,25.36299,40.5,0.675,1.88,122,1992secg.book.....A,,
517,PN G065.4+03.1,T,TaWe 2,295.94998,30.23539,17,0.283,1.13,,2001A&A...378..843K,,
518,PN G065.9+00.5,T,NGC 6842,298.75967,29.28831,55,0.917,1.04,,1992secg.book.....A,,
519,PN G066.7-28.2,T,NGC 7094,324.22073,12.7887,102.5,1.708,1.04,,1992secg.book.....A,,
520,PN G066.9-05.2,T,Hen 1-7,304.90887,27.00312,5,0.083,,,1992secg.book.....A,,
521,PN G066.9+02.2,T,K 4-37,297.75281,31.04132,12,0.2,,,1992secg.book.....A,,
522,PN G067.9-00.2,T,K 3-52,300.7977,30.54279,2.5,0.042,1.14,,1992secg.book.....A,,
523,PN G068.3-02.7,T,Hen 2-459,303.49124,29.56554,3,0.05,1.5,57,1992secg.book.....A,,
524,PN G068.6+01.1,T,Hen 1-4,299.826,31.9107,22,0.367,1,,1992secg.book.....A,,
525,PN G068.7+01.9,T,K 4-41,299.14178,32.37027,3,0.05,1,,1992secg.book.....A,,
526,PN G068.7+03.0,T,PC 23,297.96967,32.98831,5,0.083,2.5,,1992secg.book.....A,,
528,PN G068.8-00.0,T,M 1-75,301.18369,31.45678,63,1.05,2.74,152,1992secg.book.....A,,
529,PN G069.2+03.8,T,K 3-46,297.50083,33.76422,36.2,0.603,1.54,110,1992secg.book.....A,,
531,PN G069.2+02.8,T,K 3-49,298.5026,33.37014,3,0.05,,,1992secg.book.....A,,
532,PN G069.4-02.6,T,NGC 6894,304.09985,30.56477,56.4,0.94,1.06,145,1992secg.book.....A,,
533,PN G069.6-03.9,T,K 3-58,305.49301,29.98949,20,0.333,2,83,1992secg.book.....A,,
534,PN G069.7+00.0,T,K 3-55,301.73417,32.27586,9,0.15,1,,1992secg.book.....A,,
535,PN G070.8+03.7,T,TaWe 4,298.5716,35.11762,13,0.217,,,2001A&A...378..843K,,
537,PN G071.6-02.3,T,M 3-35,305.2657,32.49004,4.6,0.077,1.15,48,1992secg.book.....A,,
538,PN G072.1+00.1,T,K 3-57,303.19867,34.34237,6.3,0.105,1,33,1992secg.book.....A,,
540,PN G072.7-17.1,T,Abell 74,319.2178,24.14772,828,13.8,1.07,52,1992secg.book.....A,,
541,PN G073.0-02.4,T,K 3-76,306.27026,33.58075,4.3,0.072,,134,1992secg.book.....A,,
542,PN G074.5+02.1,T,NGC 6881,302.7186,37.41186,16.8,0.28,,139,1992secg.book.....A,,
543,PN G075.6+04.3,T,ARO 342,301.06708,39.59247,28,0.467,1,109,1992secg.book.....A,,
544,PN G075.7+35.8,T,Sa 4-1,258.45981,49.26979,15,0.25,1,,1992secg.book.....A,,
545,PN G076.3+14.1,T,Pa 5,289.87701,44.762,157,2.617,1.02,,2006A&A...447..921K,,
546,PN G076.3+01.1,T,Abell 69,304.99275,38.40078,23,0.383,1.1,54,1992secg.book.....A,,
549,PN G077.5+03.7,T,KjPn 1,303.10003,40.7582,5.6,0.093,1,,1992secg.book.....A,,
550,PN G077.7+03.1,L,KjPn 2,303.84253,40.5791,3.5,0.058,1,,1992secg.book.....A,,
551,PN G077.6+14.7,T,Abell 61,289.7926,46.24779,203,3.383,1.04,,1992secg.book.....A,,
552,PN G078.3-02.7,T,K 4-53,310.568,37.6748,20,0.333,,,1992secg.book.....A,,
553,PN G078.5+18.7,T,NGC 6742,284.8327,48.46542,33,0.55,1.03,,1992secg.book.....A,,
554,PN G078.6+05.2,T,Dd 1,302.17924,42.50261,20,0.333,1,81,1992secg.book.....A,,
555,PN G078.9+00.7,T,Sd 1,307.32889,40.25572,13,0.217,1.08,,1992secg.book.....A,,
556,PN G079.6+05.8,T,M 4-17,302.25803,43.72876,31,0.517,,118,1992secg.book.....A,,
557,PN G079.9+06.4,T,K 3-56,301.73077,44.23851,4,0.067,,,1992secg.book.....A,,
558,PN G080.3-10.4,L,MWP 1,319.28455,34.20756,840,14,1.66,,2001A&A...378..843K,Methuselah Nebula,
559,PN G081.2-14.9,T,Abell 78,323.87189,31.69615,128,2.133,1.19,146,1992secg.book.....A,,
560,PN G082.1-07.8,T,Kn 24,318.40701,37.2604,190,3.167,1,,2010PASA...27..156J,,
561,PN G082.1+07.0,T,NGC 6884,302.59863,46.46098,7.5,0.125,1.07,174,1992secg.book.....A,,
562,PN G082.5+11.3,T,NGC 6833,297.44406,48.96114,0.6,0.01,1.2,,1992secg.book.....A,,
563,PN G083.5+12.7,T,NGC 6826,296.20068,50.52509,27,0.45,1.13,,1992secg.book.....A,Blinking Planetary,Caldwell 15
564,PN G083.7+05.7,T,KLSS 2-5,305.56818,47.06554,16.4,0.273,,,2001A&A...378..843K,,
565,PN G083.9-08.4,T,K 3-81,320.56409,38.12088,10,0.167,,,1992secg.book.....A,,
567,PN G084.2+01.0,T,K 4-55,311.29175,44.65405,71,1.183,2.37,85,1992secg.book.....A,,
568,PN G084.9-03.4,T,NGC 7027,316.75733,42.23603,15.6,0.26,1.3,,1992secg.book.....A,Jewel Bug Nebula,
569,PN G084.9+04.4,T,Abell 71,308.09787,47.34767,168,2.8,1.14,15,1992secg.book.....A,,
570,PN G085.3+52.3,T,Jacoby 1,230.444,52.36781,660,11,1,,2001A&A...378..843K,,
571,PN G086.1+05.4,T,We 1-10,307.96817,48.88047,195,3.25,1.05,,1992secg.book.....A,,
572,PN G086.5+01.8,T,IPHASX J205013.6+465515,312.55701,46.9209,77,1.283,1.24,,2014MNRAS.443.3388S,,
573,PN G086.5-08.8,T,Hu 1-2,323.28479,39.63599,8,0.133,2.67,129,1992secg.book.....A,,
575,PN G088.7+04.6,T,K 3-78,311.34464,50.37775,6,0.1,1.2,,1992secg.book.....A,,
576,PN G088.7-01.6,T,NGC 7048,318.56345,46.2882,63,1.05,1.05,15,1992secg.book.....A,,
577,PN G089.0+00.3,T,NGC 7026,316.57738,47.85186,39,0.65,2.17,4,1992secg.book.....A,,
578,PN G089.3-02.2,T,M 1-77,319.78067,46.31312,8,0.133,1.07,,1992secg.book.....A,,
579,PN G089.8-00.6,T,Sh 1-89,318.53146,47.77256,68,1.133,1.42,50,1992secg.book.....A,,
580,PN G089.8-05.1,T,IC 5117,323.129,44.59655,3.5,0.058,2.19,,1992secg.book.....A,,
581,PN G091.6-04.8,T,K 3-84,324.70419,46.00772,8,0.133,1,3,1992secg.book.....A,,
582,PN G091.6+01.8,T,We 1-11,317.71778,50.78744,27,0.45,1.13,49,1992secg.book.....A,,
583,PN G092.1+05.8,T,K 3-79,313.30656,53.76171,11.5,0.192,,132,1992secg.book.....A,,
584,PN G093.3-00.9,T,K 3-82,322.71468,50.00235,24,0.4,1.12,,1992secg.book.....A,,
585,PN G093.3-02.4,T,M 1-79,324.25542,48.93444,46,0.767,1.7,88,1992secg.book.....A,,
586,PN G093.4+05.4,T,NGC 7008,315.13688,54.54317,99,1.65,1.21,38,1992secg.book.....A,,
588,PN G094.0+27.4,T,K 1-16,275.46713,64.36483,123,2.05,1.19,,1992secg.book.....A,,
589,PN G094.5-00.8,T,K 3-83,323.93283,50.90471,6,0.1,,100,1992secg.book.....A,,
591,PN G095.1-02.0,T,M 2-49,325.82343,50.42072,3,0.05,1,,1992secg.book.....A,,
592,PN G095.2+00.7,T,K 3-62,322.95917,52.56434,5,0.083,1.67,,1992secg.book.....A,,
593,PN G095.2+07.8,T,Abell 73,314.11264,57.43418,80,1.333,1.19,38,1992secg.book.....A,,
594,PN G096.3+02.3,T,K 3-61,322.50296,54.45763,8,0.133,1.33,164,1992secg.book.....A,,
595,PN G096.4+29.9,T,NGC 6543,269.63919,66.633,30.5,0.508,1.67,,1992secg.book.....A,Cat’s Eye Nebula,
598,PN G097.6-02.4,T,M 2-50,329.42422,51.69417,16,0.267,2.29,52,1992secg.book.....A,,
599,PN G098.1+02.4,T,K 3-63,324.7999,55.76776,7,0.117,1,,1992secg.book.....A,,
600,PN G098.2+04.9,T,K 3-60,321.86032,57.65179,3,0.05,1.5,,1992secg.book.....A,,
602,PN G099.7-08.8,T,HaWe 15,337.63929,47.52314,295,4.917,1.64,,1992secg.book.....A,,
603,PN G100.0-08.7,T,Me 1-1,337.93204,47.8011,3.1,0.052,2.58,0,1992secg.book.....A,,
604,PN G100.6-05.4,T,IC 5217,335.98218,50.96679,7,0.117,1,90,1992secg.book.....A,,
605,PN G101.8+08.7,T,NGC 7076,321.59808,62.89217,67,1.117,1.43,94,1992secg.book.....A,,
606,PN G102.8-05.0,T,Abell 80,338.68997,52.43506,169,2.817,1.42,19,1992secg.book.....A,,
607,PN G102.9-02.3,T,Abell 79,336.5719,54.82724,59,0.983,1.2,20,1992secg.book.....A,,
608,PN G103.2+00.6,T,M 2-51,334.0162,57.47604,64,1.067,1.33,151,1992secg.book.....A,,
609,PN G103.7+00.4,T,M 2-52,335.12811,57.60601,24,0.4,,116,1992secg.book.....A,,
610,PN G104.1+01.0,T,Bl 2-1,335.06934,58.23794,1.6,0.027,1,,1992secg.book.....A,,
610,PN G104.1+01.0,T,Bl 2-1,335.06934,58.23794,10,0.167,,,1992secg.book.....A,,
611,PN G104.1+07.9,T,NGC 7139,326.53577,63.79152,86,1.433,1.28,47,1992secg.book.....A,,
612,PN G104.1-01.4,T,KLSS 2-6,337.52841,56.19828,17,0.283,,40,2001A&A...378..843K,,
613,PN G104.2-29.6,T,Jn 1,353.97221,30.46844,354,5.9,1.19,,1992secg.book.....A,,
614,PN G104.4-01.6,T,M 2-53,338.07382,56.17392,20,0.333,1.33,95,1992secg.book.....A,,
616,PN G106.5-17.6,T,NGC 7662,351.47485,42.53473,30.5,0.508,1.09,,1992secg.book.....A,Blue Snowball Nebula,
618,PN G107.4-02.6,T,K 3-87,343.77911,56.70865,6,0.1,1,,1992secg.book.....A,,
620,PN G107.6-13.3,T,Vy 2-3,350.74146,46.89951,4.6,0.077,1,,1992secg.book.....A,,
621,PN G107.7+07.8,T,IsWe 2,333.34383,65.89872,950,15.833,1.22,,1992secg.book.....A,,
622,PN G107.7-02.2,T,M 1-80,344.08252,57.15574,8,0.133,1,,1992secg.book.....A,,
623,PN G107.8+02.3,T,NGC 7354,340.08279,61.28575,33,0.55,1.06,17,1992secg.book.....A,,
624,PN G108.4-76.1,T,BoBn 1,9.31678,-13.71624,2.2,0.037,1.47,,1992secg.book.....A,,
625,PN G110.1+01.9,T,PM 1-339,344.715,61.9622,5.5,0.092,,121,1992secg.book.....A,,
626,PN G110.6-12.9,T,K 1-20,354.79517,48.20808,33,0.55,,154,1992secg.book.....A,,
628,PN G111.2+07.0,T,KjPn 6,342.25906,67.02747,6,0.1,,4,1992secg.book.....A,,
629,PN G111.8-02.8,L,Hb 12,351.56175,58.18181,10.8,0.18,2.16,,1992secg.book.....A,,
630,PN G112.5-00.1,L,KjPn 8,351.04364,60.95854,458.3,7.638,,72,1992secg.book.....A,,
631,PN G112.5+03.7,T,K 3-88,348.06454,64.65492,5.1,0.085,,45,1992secg.book.....A,,
632,PN G112.9-10.2,T,Abell 84,356.93457,51.39897,146,2.433,1.26,172,1992secg.book.....A,,
633,PN G113.6-06.9,T,Abell 83,356.69461,54.7438,47,0.783,1.12,34,1992secg.book.....A,,
634,PN G114.0-04.6,T,Abell 82,356.44922,57.06645,133,2.217,1.41,46,1992secg.book.....A,,
635,PN G116.2+08.5,T,M 2-55,352.964,70.3706,58,0.967,1.45,38,1992secg.book.....A,,
636,PN G117.5+18.9,T,IC 1454,340.60361,80.44202,34,0.567,1,,1992secg.book.....A,,
637,PN G118.0-08.6,T,PN VV 2,4.6757,53.87223,5.2,0.087,1,,1992secg.book.....A,,
638,PN G118.7+08.2,T,Abell 86,0.37906,70.70831,70,1.167,1,115,1992secg.book.....A,,
639,PN G118.8-74.7,T,NGC 246,11.76395,-11.87196,260,4.333,1.15,,1992secg.book.....A,,
640,PN G119.3+00.3,T,BV 5-1,4.99478,62.9838,42,0.7,4.2,53,1992secg.book.....A,,
641,PN G119.6-06.1,T,Hu 1-1,7.06506,55.9652,8,0.133,1.6,9,1992secg.book.....A,,
642,PN G120.0+09.8,T,NGC 40,3.25426,72.52197,56,0.933,1.65,15,1992secg.book.....A,Bow-Tie Nebula,Caldwell 2
644,PN G120.2-05.3,T,Sh 2-176,7.9523,57.38288,660,11,1.1,,1992secg.book.....A,,
646,PN G121.6+03.5,T,We 1-1,9.72521,66.39703,22,0.367,1.1,,1992secg.book.....A,,
647,PN G122.1-04.9,T,Abell 2,11.39449,57.95969,36.5,0.608,1.22,,1992secg.book.....A,,
648,PN G123.6+34.5,T,IC 3568,188.27847,82.56397,17.8,0.297,1,,1992secg.book.....A,,
649,PN G124.0+02.9,T,KLSS 2-7,15.60203,65.77578,20,0.333,1.18,,2001A&A...378..843K,,
651,PN G124.3-07.7,L,WeSb 1,15.22542,55.06667,185,3.083,1.06,,1992secg.book.....A,,
653,PN G126.3+02.9,T,K 3-90,21.24428,65.64337,10,0.167,1.11,,1992secg.book.....A,,
654,PN G128.0-04.1,T,Sh 2-188,22.58333,58.44139,702,11.7,1.15,,1992secg.book.....A,,
655,PN G129.2-02.0,T,We 2-5,25.65783,60.16311,210,3.5,1.27,,1992secg.book.....A,,
656,PN G129.5+04.5,T,K 3-91,29.6477,66.5668,10,0.167,1,,1992secg.book.....A,,
657,PN G129.6+03.4,T,IPHASX J015624.9+652830,29.10392,65.4751,212,3.533,1.07,,2014MNRAS.443.3388S,,
658,PN G129.6-05.6,T,KLSS 2-8,25.02433,56.58183,90,1.5,1.2,,2001A&A...378..843K,,
659,PN G130.2+01.3,T,IC 1747,29.399,63.3217,13,0.217,1,,1992secg.book.....A,,
660,PN G130.3-11.7,T,M 1-1,24.33096,50.46986,7,0.117,1.17,,1992secg.book.....A,,
661,PN G130.4+03.1,T,K 3-92,30.92204,64.96087,18,0.3,1.5,,1992secg.book.....A,,
662,PN G130.9-10.5,T,NGC 650-1,25.58312,51.57532,168,2.8,1.51,,1992secg.book.....A,Little Dumbbell Nebula,M 76
663,PN G131.4-05.4,T,BV 5-3,28.26217,56.4055,24,0.4,1,,1992secg.book.....A,,
664,PN G131.5+02.6,T,Abell 3,33.02748,64.15026,63,1.05,1.11,,1992secg.book.....A,,
665,PN G132.4+04.7,T,K 3-93,36.62506,65.79813,10,0.167,1,,1992secg.book.....A,,
667,PN G135.6+01.0,T,WeBo 1,40.05988,61.15464,65,1.083,3.25,,1996AAS...189.9704B,,
668,PN G136.1+04.9,T,Abell 6,44.67447,64.50175,188,3.133,1.04,,1992secg.book.....A,,
669,PN G136.3+05.5,T,HFG 1,45.94596,64.90983,500,8.333,1.09,,1992secg.book.....A,,
670,PN G138.1+04.1,T,Sh 2-200,47.74525,62.79858,360,6,1.04,,1992secg.book.....A,,
671,PN G138.8+02.8,T,IC 289,47.5803,61.31692,46,0.767,1.05,,1992secg.book.....A,,
672,PN G141.7-07.8,T,Abell 5,43.0628,50.59835,136,2.267,1.07,,1992secg.book.....A,,
673,PN G142.1+03.4,T,K 3-94,54.03369,60.06286,10,0.167,1.43,,1992secg.book.....A,,
675,PN G144.3-15.5,T,Abell 4,41.34861,42.55137,20,0.333,1,,1992secg.book.....A,,
676,PN G144.1+06.1,T,NGC 1501,61.7475,60.92061,57,0.95,1.14,,1992secg.book.....A,,
677,PN G144.8+65.8,T,LTNF 1,179.43681,48.93844,230,3.833,1.07,,2001A&A...378..843K,,
678,PN G146.7+07.6,T,M 4-18,66.4618,60.1202,3.7,0.062,1.06,,1992secg.book.....A,,
679,PN G147.4-02.3,T,M 1-4,55.43095,52.28341,4.2,0.07,1,,1992secg.book.....A,,
680,PN G147.8+04.1,T,M 2-2,63.31269,56.94947,13,0.217,,,1992secg.book.....A,,
681,PN G148.4+57.0,T,NGC 3587,168.6989,55.01903,208,3.467,1.03,,1992secg.book.....A,Owl Nebula,M 97
682,PN G149.0+04.4,T,K 4-47,65.1886,56.3035,12.2,0.203,,,1992secg.book.....A,,
683,PN G149.4-09.2,T,HaWe 4,51.81432,45.40569,620,10.333,1.29,,1992secg.book.....A,,
684,PN G149.7-03.3,L,IsWe 1,57.27453,50.00412,750,12.5,1.07,,1992secg.book.....A,,
685,PN G151.4+00.5,T,K 3-64,63.36356,51.85026,7.5,0.125,1,120,1992secg.book.....A,,
686,PN G153.7+22.8,T,Abell 16,100.98109,61.79019,148,2.467,1.06,,1992secg.book.....A,,
687,PN G153.7-01.4,T,K 3-65,63.97729,48.82795,7,0.117,,,1992secg.book.....A,,
690,PN G158.6+00.7,T,Sh 2-216,70.83862,46.70161,6000,100,1.01,,1992secg.book.....A,,
691,PN G158.8+37.1,L,Abell 28,130.39819,58.23012,330,5.5,1.04,,1992secg.book.....A,,
692,PN G158.9+17.8,T,PuWe 1,94.89146,55.61217,1240,20.667,1.05,,1992secg.book.....A,,
693,PN G159.0-15.1,T,IC 351,56.8875,35.04686,7.5,0.125,1.25,3,1992secg.book.....A,,
694,PN G160.7-02.9,T,WSLS 1,69.33892,42.78624,27,0.45,,,2001A&A...378..843K,,
695,PN G161.2-14.8,T,IC 2003,59.0916,33.87516,10,0.167,1.23,,1992secg.book.....A,,
696,PN G163.1-00.8,T,We 1-3,73.6291,42.27803,123,2.05,1.03,,1992secg.book.....A,,
697,PN G164.8+31.1,T,JnEr 1,119.46512,53.42138,394,6.567,1.14,,1992secg.book.....A,,
698,PN G165.5-15.2,T,NGC 1514,62.32079,30.77597,188,3.133,1.03,,1992secg.book.....A,,
699,PN G165.5-06.5,T,K 3-67,69.9496,36.7619,7,0.117,1.4,,1992secg.book.....A,,
700,PN G166.1+10.4,T,IC 2149,89.09962,46.10481,12.5,0.208,1.56,73,1992secg.book.....A,,
702,PN G167.0-00.9,T,Abell 8,76.66008,39.13572,60,1,1,,1992secg.book.....A,,
703,PN G167.4-09.1,T,K 3-66,69.15518,33.6583,2.1,0.035,1,,1992secg.book.....A,,
704,PN G170.3+15.8,T,NGC 2242,98.53067,44.77725,20,0.333,1,,1992secg.book.....A,,
706,PN G171.3-25.8,T,Ba 1,58.4018,19.49415,54,0.9,1.02,,1992secg.book.....A,,
707,PN G173.5+03.2,T,Pu 2,85.64229,36.15206,22,0.367,1,47,1992secg.book.....A,,
709,PN G173.7-05.8,T,K 2-1,76.78458,30.82178,126,2.1,1.1,,1992secg.book.....A,,
710,PN G174.2-14.6,T,H 3-29,69.34758,25.04414,23.8,0.397,1.03,158,1992secg.book.....A,,
711,PN G178.3-02.5,T,K 3-68,82.8994,28.97821,12,0.2,1,,1992secg.book.....A,,
712,PN G181.5+00.9,T,Pu 1,88.20192,28.09978,73,1.217,1.28,50,1992secg.book.....A,,
713,PN G183.8+05.5,T,WeSb 2,94.04903,28.37044,160,2.667,1.08,33,1992secg.book.....A,,
714,PN G184.0-02.1,T,M 1-5,86.70833,24.36748,2.8,0.047,1.22,,1992secg.book.....A,,
715,PN G184.6+00.6,T,K 3-70,89.68896,25.31218,5.5,0.092,,,1992secg.book.....A,,
715,PN G184.6+00.6,T,K 3-70,89.68896,25.31218,5.5,0.092,,,1992secg.book.....A,,
716,PN G184.8+04.4,T,K 3-71,93.4791,26.8825,3,0.05,1,,1992secg.book.....A,,
717,PN G189.1+19.8,T,NGC 2371-72,111.3945,29.49067,130,2.167,,129,1992secg.book.....A,,
718,PN G189.8+07.7,T,M 1-7,99.33725,24.00989,26,0.433,,153,1992secg.book.....A,,
719,PN G190.3-17.7,T,J 320,76.39297,10.70631,9.4,0.157,1.49,174,1992secg.book.....A,,
720,PN G191.4+33.1,L,TK 1,126.77313,31.50236,2360,39.333,1.4,,2001A&A...378..843K,,
721,PN G192.5+07.2,T,HaWe 8,100.04038,21.41714,105,1.75,1.5,134,1992secg.book.....A,,
722,PN G193.0-04.5,T,KLSS 1-5,89.28325,15.42528,72,1.2,1.2,,2001A&A...378..843K,,
723,PN G193.6-09.5,T,H 3-75,85.18764,12.35646,31,0.517,1.03,,1992secg.book.....A,,
724,PN G194.2+02.5,T,J 900,96.48865,17.79089,8.2,0.137,1.05,83,1992secg.book.....A,,
725,PN G196.6-10.9,T,NGC 2022,85.52579,9.08625,27.9,0.465,1.09,32,1992secg.book.....A,,
726,PN G197.0+05.8,T,KLSS 1-6,100.85893,16.81421,35,0.583,,,2001A&A...378..843K,,
727,PN G197.2-14.2,T,Abell 10,82.94038,6.93389,37.2,0.62,1.03,,1992secg.book.....A,,
728,PN G197.4-06.4,L,WeDe 1,89.85363,10.69456,1020,17,1.21,,1992secg.book.....A,,
729,PN G197.8-03.3,T,Abell 14,92.78615,11.77871,40,0.667,1.57,175,1992secg.book.....A,,
730,PN G197.8+17.3,T,NGC 2392,112.29487,20.91179,46,0.767,1.05,,1992secg.book.....A,Eskimo Nebula,
731,PN G198.6-06.3,T,Abell 12,90.58352,9.65391,44.1,0.735,1.15,15,1992secg.book.....A,,
733,PN G200.7+08.4,L,Abell 19,104.98722,14.60925,75,1.25,1.44,65,1992secg.book.....A,,
734,PN G201.7+02.5,T,K 4-48,99.98283,11.10853,4,0.067,,,1992secg.book.....A,,
735,PN G201.9-04.6,T,We 1-4,93.64048,7.57496,41.4,0.69,1.1,104,1992secg.book.....A,,
736,PN G204.0-08.5,T,Abell 13,91.19957,3.94327,170,2.833,1.42,47,1992secg.book.....A,,
738,PN G204.8-03.5,T,K 3-72,95.97867,5.50358,22.9,0.382,1.27,139,1992secg.book.....A,,
739,PN G205.1+14.2,T,Abell 21,112.26128,13.24688,750,12.5,1.46,136,1992secg.book.....A,Medusa Nebula,
740,PN G205.8-26.7,T,MaC 2-1,75.92438,-6.16749,4,0.067,1,,1992secg.book.....A,,
741,PN G206.4-40.5,T,NGC 1535,63.56567,-12.73945,33.3,0.555,1.04,,1992secg.book.....A,,
742,PN G208.5+33.2,T,Abell 30,131.72298,17.8793,127,2.117,1,,1992secg.book.....A,,
743,PN G208.9-07.8,T,TaWe 1,94.06408,-0.00694,145,2.417,1.32,,2001A&A...378..843K,,
744,PN G209.4+09.4,L,EGB 9,109.741,7.37311,377,6.283,1.61,,DFrew,,
745,PN G210.0+03.9,T,We 2-34,105.11825,4.34181,345,5.75,1.4,,1992secg.book.....A,,
746,PN G210.3+01.9,T,M 1-8,103.39082,3.14082,21,0.35,1.31,,1992secg.book.....A,,
747,PN G211.2-03.5,T,M 1-6,98.93808,-0.09371,4,0.067,1.48,,1992secg.book.....A,,
747,PN G211.2-03.5,T,M 1-6,98.93808,-0.09371,4,0.067,1.48,,1992secg.book.....A,,
748,PN G211.4+18.4,T,HaWe 10,118.79708,9.55256,105,1.75,1,,1992secg.book.....A,,
750,PN G212.0+04.3,T,M 1-9,106.33002,2.7831,2.7,0.045,1,,1992secg.book.....A,,
751,PN G214.9+07.8,T,Abell 20,110.74059,1.75912,67.3,1.122,1.11,,1992secg.book.....A,,
752,PN G215.2-24.2,T,IC 418,81.86752,-12.69729,14,0.233,1.27,,1992secg.book.....A,,
753,PN G215.5-30.8,T,Abell 7,75.78133,-15.60634,790,13.167,1.02,,1992secg.book.....A,,
754,PN G215.6+11.1,T,Abell 22,114.03307,2.70771,125,2.083,1.52,,1992secg.book.....A,,
755,PN G215.6+03.6,T,NGC 2346,107.34395,-0.80638,124,2.067,2.1,,1992secg.book.....A,,
756,PN G216.0-00.2,T,Abell 18,104.06017,-2.88558,80,1.333,1.19,,1992secg.book.....A,,
757,PN G216.3-04.4,T,We 1-5,100.39413,-5.04322,24,0.4,1,,1992secg.book.....A,,
758,PN G217.1+14.7,T,Abell 24,117.90658,3.00561,396,6.6,1.1,12,1992secg.book.....A,,
759,PN G217.4+02.0,T,St 3-1,106.71196,-3.08583,15,0.25,,,1992secg.book.....A,,
761,PN G219.1+31.2,T,Abell 31,133.55482,8.89806,970,16.167,1.09,,1992secg.book.....A,,
762,PN G220.3-53.9,T,NGC 1360,53.31102,-25.87165,440,7.333,,,1992secg.book.....A,Robin’s Egg Nebula,
763,PN G221.3-12.3,T,IC 2165,95.42823,-12.98721,9.3,0.155,1.04,,1992secg.book.....A,,
764,PN G221.6+46.4,T,EGB 6,148.25218,13.74636,780,13,1.18,,1992secg.book.....A,,
765,PN G221.7+05.3,T,M 3-3,111.64262,-5.36449,25,0.417,,,1992secg.book.....A,,
766,PN G224.3+15.3,T,Abell 25,121.69373,-2.87644,176,2.933,1.13,,1992secg.book.....A,,
767,PN G224.9+01.0,L,We 1-6,109.35779,-10.17604,95,1.583,1.53,,1992secg.book.....A,,
768,PN G226.4-03.7,T,PB 1,105.69483,-13.70986,10.6,0.177,1.12,,1992secg.book.....A,,
769,PN G226.7+05.6,T,M 1-16,114.32898,-9.64713,7.7,0.128,1.4,,1992secg.book.....A,,
770,PN G228.2-22.1,T,LoTr 1,88.77793,-22.90061,142,2.367,1,,1992secg.book.....A,,
771,PN G228.5-11.4,T,KLSS 1-7,99.41279,-18.95644,34,0.567,1.13,,2001A&A...378..843K,,
772,PN G228.8+05.3,T,M 1-17,115.09252,-11.54161,3.8,0.063,1,,1992secg.book.....A,,
773,PN G229.6-02.7,T,K 1-10,108.14789,-16.09992,62,1.033,1.29,,1992secg.book.....A,,
774,PN G231.4+04.3,T,M 1-18,115.517,-14.3547,34.9,0.582,1.06,,1992secg.book.....A,,
775,PN G231.8+04.1,T,NGC 2438,115.4605,-14.73542,80.7,1.345,1.03,,1992secg.book.....A,,
776,PN G232.0+05.7,T,SaSt 2-3,117.01534,-14.12789,2.5,0.042,1.25,,1992secg.book.....A,,
777,PN G232.4-01.8,T,M 1-13,110.3123,-18.14359,27,0.45,,,1992secg.book.....A,,
778,PN G232.8-04.7,T,M 1-11,107.81956,-19.8508,5.2,0.087,1.02,,1992secg.book.....A,,
779,PN G233.5-16.3,T,Abell 15,96.7585,-25.3805,36.6,0.61,1.05,,1992secg.book.....A,,
780,PN G234.8+02.4,T,NGC 2440,115.48075,-18.20869,72,1.2,,,1992secg.book.....A,,
781,PN G234.9-01.4,T,M 1-14,111.98546,-20.22302,5.7,0.095,1.1,,1992secg.book.....A,,
782,PN G235.3-03.9,T,M 1-12,109.83946,-21.73207,1.8,0.03,1,,1992secg.book.....A,,
783,PN G236.0-10.6,L,HaWe 9,103.58667,-25.40933,210,3.5,1.14,,1992secg.book.....A,,
785,PN G236.7+03.5,T,K 1-12,117.54778,-19.30447,44.1,0.735,1.21,,1992secg.book.....A,,
786,PN G238.0+34.8,T,Abell 33,144.78799,-2.80874,272,4.533,1.01,,1992secg.book.....A,,
787,PN G238.4-01.8,T,KLSS 1-8,113.355,-23.428,214.1,3.568,,,2001A&A...378..843K,,
788,PN G238.9+07.3,T,Sa 2-21,122.18443,-19.23364,40.3,0.672,1.17,,1992secg.book.....A,,
789,PN G239.6+13.9,T,NGC 2610,128.34758,-16.14939,49.7,0.828,1.04,,1992secg.book.....A,,
790,PN G239.6-12.0,T,ESO 427-19,103.80096,-29.12459,24.5,0.408,1,,1992secg.book.....A,,
791,PN G240.3+07.0,T,Y-C 2-5,122.67345,-20.5256,14,0.233,,,1992secg.book.....A,,
792,PN G240.3-07.6,T,M 3-2,108.70733,-27.83981,40,0.667,,42,1992secg.book.....A,,
793,PN G241.0+02.3,T,M 3-4,118.7975,-23.63683,33,0.55,1.1,141,1992secg.book.....A,,
795,PN G242.6-11.6,T,M 3-1,105.708,-31.5917,12.6,0.21,1.17,143,1992secg.book.....A,,
796,PN G243.3-01.0,T,NGC 2452,116.85937,-27.33532,33,0.55,,116,1992secg.book.....A,,
797,PN G243.8-37.1,T,PRTM 1,75.7572,-39.76235,21.3,0.355,1.04,,1992secg.book.....A,,
798,PN G244.5+12.5,T,Abell 29,130.07884,-20.91007,455,7.583,1.18,133,1992secg.book.....A,,
799,PN G245.4+01.6,T,M 3-5,120.62055,-27.69873,10,0.167,,,1992secg.book.....A,,
800,PN G248.7+29.5,T,Abell 34,146.39714,-13.171,290,4.833,1.02,,1992secg.book.....A,,
801,PN G248.8-08.5,T,M 4-2,112.2242,-35.75387,8.2,0.137,1.15,,1992secg.book.....A,,
803,PN G249.3-05.4,T,Abell 23,115.826,-34.7532,51.5,0.858,,,1992secg.book.....A,,
804,PN G250.3+00.1,T,Abell 26,122.25685,-32.67359,37.5,0.625,1.02,141,1992secg.book.....A,,
805,PN G251.1+00.7,T,WRAY 17-15,123.33955,-33.01762,25.8,0.43,,,1992secg.book.....A,,
806,PN G251.1-01.5,T,K 1-21,121.06,-34.2667,28,0.467,1,160,1992secg.book.....A,,
807,PN G251.9-03.7,T,CSST 1,119.27728,-36.11388,10.5,0.175,,,1992secg.book.....A,,
808,PN G252.6+04.4,T,Abell 27,127.96931,-32.10241,51.3,0.855,1.08,36,1992secg.book.....A,,
809,PN G253.5+10.7,T,K 1-2,134.44148,-28.95998,110,1.833,2.2,101,1992secg.book.....A,,
810,PN G253.9+05.7,T,M 3-6,130.16753,-32.37589,16,0.267,,,1992secg.book.....A,,
812,PN G255.3-59.6,T,Lo 1,44.24334,-44.17164,451,7.517,1.17,,1992secg.book.....A,,
813,PN G255.3-03.6,T,WRAY 15-158,121.61808,-38.88998,10,0.167,,,2001A&A...378..843K,,
814,PN G255.7+03.3,T,Wray 16-22,129.069,-35.2504,20,0.333,1,,1992secg.book.....A,,
815,PN G257.1-02.6,T,Vo 2,124.04166,-39.86407,8,0.133,,,1992secg.book.....A,,
816,PN G257.5+00.6,T,RCW 21,127.72582,-38.30194,114,1.9,1.43,118,1992secg.book.....A,,
817,PN G257.8-05.4,T,KLSS 1-10,121.39046,-41.93814,48,0.8,,,2001A&A...378..843K,,
818,PN G258.0-15.7,T,Lo 3,108.70565,-46.96102,108,1.8,1.35,,1992secg.book.....A,,
819,PN G258.1-00.3,T,Hen 2-9,127.1165,-39.39444,5.9,0.098,1.26,31,1992secg.book.....A,,
820,PN G259.1+00.9,T,Hen 2-11,129.28479,-39.41897,121.7,2.028,1.9,137,1992secg.book.....A,,
821,PN G260.1+00.2,T,Vo 3,129.35249,-40.63541,14,0.233,1.08,,2001A&A...378..843K,,
824,PN G261.0+32.0,T,NGC 3242,156.19225,-18.64229,31.5,0.525,1.03,,1992secg.book.....A,Ghost of Jupiter,
825,PN G261.6+03.0,T,Hen 2-15,133.37883,-40.06167,93,1.55,,33,1992secg.book.....A,,
826,PN G261.9+08.5,T,NGC 2818,139.0069,-36.62743,56.2,0.937,1.22,90,1992secg.book.....A,,
827,PN G262.6-04.6,T,Wray 17-18,125.97417,-45.51928,17.2,0.287,1.02,,1992secg.book.....A,,
828,PN G263.0-05.5,T,PB 2,125.16745,-46.38301,3,0.05,1,,1992secg.book.....A,,
829,PN G263.3-08.8,T,ESO 209-15,121.29577,-48.39219,20,0.333,,,1992secg.book.....A,,
830,PN G264.1-08.1,T,Hen 2-7,122.88283,-48.72147,22,0.367,1.47,161,1992secg.book.....A,,
831,PN G264.4-12.7,T,Hen 2-5,116.8335,-51.25094,3.8,0.063,1.06,,1992secg.book.....A,,
833,PN G265.1-04.2,T,LoTr 3,128.52838,-47.27736,28,0.467,1,,1992secg.book.....A,,
834,PN G265.1-02.2,T,Hen 2-13,130.867,-46.11108,5,0.083,,,1992secg.book.....A,,
835,PN G265.7+04.1,T,NGC 2792,138.11092,-42.42772,17.9,0.298,1.09,146,1992secg.book.....A,,
836,PN G268.4+02.4,T,PB 5,139.04005,-45.47855,1.7,0.028,1.06,,1992secg.book.....A,,
837,PN G269.7-03.6,T,PB 3,133.57634,-50.53954,8,0.133,1.14,,1992secg.book.....A,,
838,PN G270.1-02.9,T,Wray 17-23,134.76237,-50.39436,10,0.167,1.25,,1992secg.book.....A,,
839,PN G270.1+24.8,T,K 1-28,158.62749,-29.18755,54,0.9,1.15,,1992secg.book.....A,,
840,PN G272.1+12.3,T,NGC 3132,151.75696,-40.43672,86,1.433,1.43,167,1992secg.book.....A,,
841,PN G272.4-05.9,T,MeWe 1-1,133.4035,-54.08572,148,2.467,1.11,,1992secg.book.....A,,
842,PN G273.2-03.7,T,Hen 2-18,137.16687,-53.32053,16.4,0.273,1.2,75,1992secg.book.....A,,
843,PN G273.6+06.1,L,HbDs 1,148.18554,-46.27986,128,2.133,,,1992secg.book.....A,,
845,PN G274.3+09.1,T,Lo 4,151.44075,-44.35924,41.6,0.693,1.07,46,1992secg.book.....A,,
846,PN G274.6+02.1,T,Hen 2-35,145.40627,-49.96631,4,0.067,1.11,,1992secg.book.....A,,
846,PN G274.6+02.1,T,Hen 2-35,145.40627,-49.96631,4,0.067,1.11,,1992secg.book.....A,,
847,PN G274.6+03.5,T,Hen 2-37,146.85333,-48.97075,26.1,0.435,1.18,119,1992secg.book.....A,,
848,PN G275.0-04.1,T,PB 4,138.78227,-54.87883,12.2,0.203,1.2,35,1992secg.book.....A,,
850,PN G275.2-02.9,T,Hen 2-28,140.52844,-54.16072,10.8,0.18,1.08,,1992secg.book.....A,,
851,PN G275.3-04.7,T,Hen 2-21,138.47009,-55.47133,3,0.05,1.15,,1992secg.book.....A,,
852,PN G275.5-01.3,T,Pe 2-4,142.70168,-53.16648,7,0.117,1,,1992secg.book.....A,,
853,PN G275.8-02.9,T,Hen 2-29,141.19096,-54.60428,16,0.267,1.36,55,1992secg.book.....A,,
854,PN G275.9-01.0,T,NeVe 3-1,143.50503,-53.19958,40,0.667,1,,2001A&A...378..843K,,
855,PN G277.1-03.8,T,NGC 2899,141.76302,-56.10589,68.5,1.142,1.15,117,1992secg.book.....A,,
856,PN G277.1-01.5,T,IRAS 09362-5413,144.46608,-54.45238,10,0.167,,,1992secg.book.....A,,
857,PN G277.7-03.5,T,Wray 17-31,142.83536,-56.29427,149,2.483,1.03,90,1992secg.book.....A,,
858,PN G278.1-05.9,T,NGC 2867,140.35558,-58.3113,14.4,0.24,1.04,,1992secg.book.....A,,
859,PN G278.5-04.5,T,Hen 2-32,142.72824,-57.61469,45,0.75,1.25,159,1992secg.book.....A,,
860,PN G278.6-06.7,T,My 47,139.86449,-59.20011,2.5,0.042,1,,1992secg.book.....A,,
861,PN G278.8+04.9,T,PB 6,153.31645,-50.33313,12,0.2,1.09,,1992secg.book.....A,,
863,PN G279.6-03.1,T,Hen 2-36,145.85675,-57.28208,24.8,0.413,1.62,144,1992secg.book.....A,,
864,PN G280.0+02.9,T,Sa 2-56,152.99026,-52.63808,10,0.167,1,,1992secg.book.....A,,
865,PN G280.5+01.8,T,KLSS 1-12,152.64351,-53.93519,41,0.683,1.14,,2001A&A...378..843K,,
866,PN G281.0-05.6,T,IC 2501,144.69672,-60.09192,8,0.133,1,,1992secg.book.....A,,
867,PN G282.6-00.4,T,PM 1-51,153.33197,-56.92562,6.1,0.102,,,2001A&A...378..843K,,
868,PN G282.9+03.8,T,Hen 2-48,157.88346,-53.55836,32.6,0.543,,129,1992secg.book.....A,,
869,PN G283.3+03.9,T,Hen 2-50,158.57918,-53.68438,13.5,0.225,1.14,,1992secg.book.....A,,
871,PN G283.6+25.3,T,K 1-22,171.68245,-34.36973,200,3.333,1.08,,1992secg.book.....A,,
872,PN G283.8-04.2,T,Hen 2-39,150.95485,-60.73007,12.4,0.207,1.02,,1992secg.book.....A,,
873,PN G283.8+02.2,T,My 60,157.88925,-55.34744,10.1,0.168,1,,1992secg.book.....A,,
874,PN G283.9+09.7,T,DS 1,163.66905,-48.78412,354,5.9,1.12,143,1992secg.book.....A,,
876,PN G285.4+01.5,T,Pe 1-1,159.61504,-56.78511,3,0.05,1,105,1992secg.book.....A,,
878,PN G285.4-05.3,T,IC 2553,152.3369,-62.61345,11.5,0.192,1.55,7,1992secg.book.....A,,
879,PN G285.4+02.2,T,Pe 2-7,160.33156,-56.15454,5.6,0.093,1.27,,1992secg.book.....A,,
880,PN G285.6-02.7,T,My 59,155.7881,-60.54506,4.9,0.082,1.11,0,1992secg.book.....A,,
881,PN G285.4+01.2,T,Pe 1-2,159.88622,-57.10381,4,0.067,1.29,,1992secg.book.....A,,
882,PN G285.7-14.9,T,IC 2448,136.77609,-69.94187,22,0.367,1,137,1992secg.book.....A,,
883,PN G286.0-06.5,T,Hen 2-41,151.84837,-63.90835,4,0.067,1.14,,1992secg.book.....A,,
884,PN G286.2-06.9,T,Wray 17-40,151.74821,-64.36388,74,1.233,1.03,102,1992secg.book.....A,,
885,PN G286.3-04.8,T,NGC 3211,154.45953,-62.67068,16.1,0.268,1.01,,1992secg.book.....A,,
886,PN G286.3+02.8,T,Hen 2-55,162.18008,-56.05267,18,0.3,1,,1992secg.book.....A,,
887,PN G286.5+11.6,T,Lo 5,168.47563,-47.95017,152,2.533,1.01,,1992secg.book.....A,,
888,PN G286.8-29.5,T,K 1-27,89.2589,-75.67292,61,1.017,1.3,,1992secg.book.....A,,
889,PN G288.4-02.4,T,Pe 1-3,161.12965,-61.66069,10.9,0.182,1.24,,1992secg.book.....A,,
890,PN G288.7+08.1,T,ESO 216-2,169.54059,-52.16731,36,0.6,1.29,,1992secg.book.....A,,
891,PN G288.8-05.2,T,Hen 2-51,158.94092,-64.31993,16,0.267,,,1992secg.book.....A,,
894,PN G289.8+07.7,T,Hen 2-63,171.00436,-52.85538,3,0.05,1,,1992secg.book.....A,,
895,PN G290.1-00.4,T,Hf 48,165.98325,-60.60127,22,0.367,1.16,136,1992secg.book.....A,,
896,PN G290.5+07.9,T,Fg 1,172.15085,-52.93445,55,0.917,1.38,,1992secg.book.....A,,
900,PN G291.4+19.2,T,LoTr 4,178.12179,-42.29408,30.4,0.507,1.12,,1992secg.book.....A,,
902,PN G291.6-04.8,T,IC 2621,165.0838,-65.24938,4,0.067,1.11,,1992secg.book.....A,,
903,PN G291.7+03.7,T,Hen 2-64,171.85108,-57.29969,9.1,0.152,1.1,81,1992secg.book.....A,,
904,PN G292.4+04.1,T,PB 8,173.32382,-57.10389,6.6,0.11,1.02,,1992secg.book.....A,,
905,PN G292.6+01.2,T,NGC 3699,171.9906,-59.9577,47,0.783,1.27,,1992secg.book.....A,,
906,PN G292.7+01.9,T,Wray 16-93,172.702,-59.28497,11,0.183,1.38,134,1992secg.book.....A,,
907,PN G292.8+01.1,T,He 2-67,172.19737,-60.11036,5.2,0.087,1.86,120,1992secg.book.....A,,
908,PN G293.6+01.2,T,Hen 2-70,173.79567,-60.28361,34.6,0.577,2.54,137,1992secg.book.....A,,
909,PN G293.6+10.9,T,BlDz 1,178.27726,-50.84907,94,1.567,1,,1992secg.book.....A,,
910,PN G294.1+43.6,T,NGC 4361,186.12814,-18.78486,119,1.983,1.03,,1992secg.book.....A,,
911,PN G294.1+14.4,T,Lo 6,180.1795,-47.553,77,1.283,1.03,150,1992secg.book.....A,,
912,PN G294.6+04.7,T,NGC 3918,177.57387,-57.18247,18.7,0.312,1.09,138,1992secg.book.....A,,
913,PN G294.9-04.3,T,Hen 2-68,172.93929,-65.97047,2.5,0.042,1,,1992secg.book.....A,,
914,PN G294.9-00.6,T,Hf 69,175.40533,-62.48189,65,1.083,1.05,101,1992secg.book.....A,,
915,PN G295.3-09.3,T,Hen 2-62,169.42982,-70.82567,3,0.05,1,,1992secg.book.....A,,
916,PN G296.3-03.0,T,Hen 2-73,177.15913,-65.1437,3.3,0.055,1.32,,1992secg.book.....A,,
917,PN G296.4-06.9,T,Hen 2-71,174.79666,-68.86921,5,0.083,1.11,0,1992secg.book.....A,,
918,PN G296.6-20.0,T,NGC 3195,152.33683,-80.85842,39.5,0.658,1.17,13,1992secg.book.....A,,
919,PN G297.4+03.7,T,Hen 2-78,182.29248,-58.7104,3.5,0.058,1,,1992secg.book.....A,,
921,PN G298.2-01.7,T,Hen 2-76,182.10597,-64.20259,20.5,0.342,1.28,83,1992secg.book.....A,,
922,PN G298.3+06.6,T,Po 1,184.63642,-55.90128,22,0.367,,,2001A&A...378..843K,,
923,PN G298.3-04.8,T,NGC 4071,181.06117,-67.31014,72.4,1.207,1.37,43,1992secg.book.....A,,
924,PN G299.0+18.4,T,K 1-23,187.71873,-44.23775,64.3,1.072,1.14,3,1992secg.book.....A,,
925,PN G299.4-04.1,L,HaTr 1,184.13013,-66.7625,70,1.167,1.04,131,1992secg.book.....A,,
926,PN G299.8-01.3,T,Hen 2-81,185.75516,-64.02943,7.3,0.122,1.12,,1992secg.book.....A,,
927,PN G300.2+00.6,T,Hen 2-83,187.18332,-62.09307,4.7,0.078,1.04,,1992secg.book.....A,,
928,PN G300.4-00.9,T,Hen 2-84,187.19521,-63.74364,35.8,0.597,1.51,,1992secg.book.....A,,
929,PN G300.5-01.1,T,Hen 2-85,187.53152,-63.88342,9.2,0.153,1.16,,1992secg.book.....A,,
930,PN G300.7-02.0,T,He 2-86,187.62677,-64.86822,3.2,0.053,1,,1992secg.book.....A,,
931,PN G300.8-03.4,T,ESO 95-12,187.602,-66.2405,18,0.3,,,1992secg.book.....A,,
932,PN G301.1-01.4,L,PM 1-68,188.64987,-64.30472,12,0.2,1.2,,2001A&A...378..843K,,
933,PN G302.2+02.5,T,Wray 16-120,191.47723,-60.33766,15.5,0.258,1.24,,1992secg.book.....A,,
935,PN G302.6-00.9,T,VBRC 4,192.13158,-63.83322,65,1.083,1.55,,1992secg.book.....A,,
937,PN G304.2+05.9,T,Wray 16-122,195.17175,-56.89458,36,0.6,1,,1992secg.book.....A,,
938,PN G304.5-04.8,T,IC 4191,197.19727,-67.6438,5.3,0.088,1.18,,1992secg.book.....A,,
939,PN G304.8+05.1,T,Hen 2-88,196.45088,-57.65674,1.7,0.028,1,,1992secg.book.....A,,
941,PN G305.6-13.1,T,ESO 40-11,203.55887,-75.77537,70,1.167,1.17,,1992secg.book.....A,,
942,PN G305.7-03.4,T,Wray 17-59,199.87461,-66.15224,24,0.4,,,1992secg.book.....A,,
943,PN G306.4-00.6,T,Th 2-A,200.64146,-63.35056,27.3,0.455,1.1,,1992secg.book.....A,,
944,PN G307.2-03.4,T,NGC 5189,203.38739,-65.97408,163,2.717,1.51,,1992secg.book.....A,,
945,PN G307.2-09.0,T,Hen 2-97,206.34331,-71.48226,2.3,0.038,1,,1992secg.book.....A,,
946,PN G307.3+05.0,T,Wray 16-128,201.09134,-57.52203,18,0.3,,,1992secg.book.....A,,
947,PN G307.5-04.9,T,MyCn 18,204.896,-67.38106,17.3,0.288,1.77,,1992secg.book.....A,,
948,PN G307.5-03.6,T,WKG 1,204.384,-66.1443,25.8,0.43,,,2001A&A...378..843K,,
949,PN G308.2+07.7,T,MeWe 1-3,202.0205,-54.69969,19,0.317,1,,1992secg.book.....A,,
950,PN G308.4+00.4,T,WRAY 17-62,204.67751,-61.9298,34.9,0.582,,,1992secg.book.....A,,
952,PN G308.6-12.2,T,Hen 2-105,213.85335,-74.21294,41.5,0.692,1.02,,1992secg.book.....A,,
953,PN G309.0-04.2,T,Hen 2-99,208.12785,-66.39069,27.9,0.465,1.19,,1992secg.book.....A,,
954,PN G309.0+00.8,T,Hen 2-96,205.65062,-61.37477,2.8,0.047,1,,1992secg.book.....A,,
955,PN G309.1-04.3,T,NGC 5315,208.48738,-66.51415,10.7,0.178,1.16,,1992secg.book.....A,,
956,PN G309.2+01.3,T,VBRC 5,206.00012,-60.82968,93,1.55,,,1992secg.book.....A,,
957,PN G309.5-02.9,T,MaC 1-2,208.6143,-64.99227,11.2,0.187,,,1992secg.book.....A,,
958,PN G310.3+24.7,T,Lo 8,201.4063,-37.60415,132,2.2,1.2,,1992secg.book.....A,,
959,PN G310.4+01.3,T,Vo 4,208.34613,-60.56317,7,0.117,,,1992secg.book.....A,,
960,PN G310.6+01.4,T,WKG 3,208.60258,-60.45619,56.1,0.935,,,2001A&A...378..843K,,
961,PN G310.8-05.9,T,LoTr 7,213.85058,-67.53186,16,0.267,,,1992secg.book.....A,,
962,PN G311.0+02.4,T,SuWt 2,208.93011,-59.37778,86.5,1.442,1.99,,1992secg.book.....A,,
964,PN G311.4+02.8,T,Hen 2-102,209.55777,-58.90883,11.7,0.195,1.04,,1992secg.book.....A,,
965,PN G312.3+10.5,T,NGC 5307,207.76364,-51.20573,18.8,0.313,1.46,,1992secg.book.....A,,
966,PN G312.6-01.8,T,Hen 2-107,214.68057,-63.1193,10.7,0.178,1.29,,1992secg.book.....A,,
967,PN G313.3+01.1,T,WRAY 17-66,213.97202,-60.02716,4.5,0.075,,,1992secg.book.....A,,
969,PN G313.8-12.6,T,LoTr 11,230.29379,-72.22378,117,1.95,1.07,,1992secg.book.....A,,
970,PN G313.8+10.3,T,Fr 2-8,210.174,-51.041,115,1.917,1.05,,1997AJ....114.1313C,,
971,PN G314.0+10.6,T,MeWe 2-4,210.31438,-50.66942,422,7.033,1.15,,1992secg.book.....A,,
972,PN G314.4+02.2,T,PM 1-81,215.33295,-58.63947,4.7,0.078,,,2001A&A...378..843K,,
973,PN G315.0-00.3,T,Hen 2-111,218.32688,-60.82669,660,11,,,1992secg.book.....A,,
974,PN G315.1-13.0,T,Hen 2-131,234.29671,-71.91469,10,0.167,1.04,,1992secg.book.....A,,
975,PN G315.4+05.2,T,Hen 2-109,215.20381,-55.46645,11,0.183,1.47,,1992secg.book.....A,,
978,PN G315.7-01.2,T,LoTr 9,220.32417,-61.33178,28,0.467,,,1992secg.book.....A,,
979,PN G315.7+05.5,T,LoTr 8,215.49971,-55.03803,28.4,0.473,1.13,,1992secg.book.....A,,
980,PN G316.1+08.4,T,Hen 2-108,214.53703,-52.17771,13.6,0.227,1.11,,1992secg.book.....A,,
981,PN G316.2+00.8,T,GLMP 387,219.58325,-59.19614,6,0.1,1,,2001A&A...378..843K,,
982,PN G316.3-01.3,T,LoTr 10,221.58298,-61.22634,42,0.7,,,1992secg.book.....A,,
983,PN G317.1-05.7,T,NGC 5844,227.66988,-64.67386,118,1.967,1.87,,1992secg.book.....A,,
984,PN G317.8+03.3,T,WRAY 17-68,220.39927,-56.25325,67,1.117,1.29,,1992secg.book.....A,,
985,PN G318.3-02.5,T,Hen 2-116,226.50779,-61.35572,47.9,0.798,1.03,,1992secg.book.....A,,
986,PN G318.3-02.0,T,Hen 2-114,226.03588,-60.88894,26.1,0.435,1.22,,1992secg.book.....A,,
987,PN G318.4-03.0,T,ESO 135-04,227.18154,-61.73708,43.6,0.727,,,1992secg.book.....A,,
988,PN G318.4+41.4,T,Abell 36,205.17225,-19.88203,450,7.5,1.43,,1992secg.book.....A,,
989,PN G319.2+06.8,T,Hen 2-112,220.12885,-52.58241,6.9,0.115,1.1,,1992secg.book.....A,,
990,PN G319.6+15.7,T,IC 4406,215.609,-44.15067,46.4,0.773,1.55,,1992secg.book.....A,,
991,PN G320.1-09.6,T,Hen 2-138,239.007,-66.15258,6.7,0.112,1.12,,1992secg.book.....A,,
992,PN G320.3-28.8,T,Hen 2-434,293.4559,-74.54963,7.4,0.123,1.45,,1992secg.book.....A,,
993,PN G320.9+02.0,T,Hen 2-117,226.49664,-55.98793,5.4,0.09,1.23,,1992secg.book.....A,,
994,PN G321.0-03.8,T,HaTr 2,232.57742,-61.02758,12,0.2,,,1992secg.book.....A,,
995,PN G321.0+08.3,T,MeWe 1-5,221.64625,-50.39019,34,0.567,1.21,,1992secg.book.....A,,
996,PN G321.0+03.9,T,Hen 2-113,224.97301,-54.302,33,0.55,,,1992secg.book.....A,,
997,PN G321.3+02.8,T,Hen 2-115,226.3199,-55.18622,9,0.15,,,1992secg.book.....A,,
998,PN G321.3-16.7,T,He 2-185,255.3219,-70.10093,2.9,0.048,1.16,,1992secg.book.....A,,
999,PN G321.6+02.2,T,CVMP 1,227.35483,-55.55158,258,4.3,1.91,,2001A&A...378..843K,,
1000,PN G321.8+01.9,T,Hen 2-120,227.98433,-55.66297,36.1,0.602,1.36,,1992secg.book.....A,,
1001,PN G322.1-06.6,T,My 91,238.04463,-62.51294,7.3,0.122,1.52,,1992secg.book.....A,,
1002,PN G322.4-00.1,T,Pe 2-8,230.92859,-57.15695,2.5,0.042,,,1992secg.book.....A,,
1003,PN G322.4-02.6,T,Mz 1,233.56929,-59.15228,49.3,0.822,1.4,153,1992secg.book.....A,,
1004,PN G322.5-05.2,T,NGC 5979,236.92154,-61.21822,20.2,0.337,1.06,,1992secg.book.....A,,
1005,PN G323.1-02.5,T,Hen 2-132,234.50508,-58.74514,20.8,0.347,1.1,,1992secg.book.....A,,
1006,PN G323.9+02.4,T,Hen 2-123,230.58067,-54.13688,36.5,0.608,,,1992secg.book.....A,,
1007,PN G324.0+03.5,T,PM 1-89,229.78635,-53.1639,27,0.45,,,1992secg.book.....A,,
1008,PN G324.1+09.0,T,ESO 223-10,225.41969,-48.35056,18,0.3,1.06,,1992secg.book.....A,,
1009,PN G324.2+02.5,T,Hen 2-125,230.90135,-53.85777,3.8,0.063,1.31,,1992secg.book.....A,,
1010,PN G324.8-01.1,T,Hen 2-133,235.49504,-56.60714,1.8,0.03,,,1992secg.book.....A,,
1011,PN G325.0+03.2,T,Hen 2-129,231.38615,-52.84388,2.9,0.048,1,,1992secg.book.....A,,
1012,PN G325.4-04.0,T,Hen 2-141,239.78655,-58.3977,38,0.633,,,1992secg.book.....A,,
1013,PN G325.8-12.8,T,Hen 2-182,253.64653,-64.24123,3.1,0.052,1.11,,1992secg.book.....A,,
1014,PN G325.8+04.5,T,Hen 2-128,231.28267,-51.32841,1.7,0.028,,,1992secg.book.....A,,
1015,PN G326.0-06.5,T,Hen 2-151,243.92612,-59.90027,1.8,0.03,1.06,,1992secg.book.....A,,
1016,PN G326.1-01.9,T,vBe 3,238.246,-56.4072,12,0.2,1.2,,1992secg.book.....A,,
1017,PN G326.4+07.0,T,NeVe 3-2,229.93283,-48.99858,36,0.6,1.2,,2001A&A...378..843K,,
1019,PN G326.6+42.2,T,IC 972,211.10776,-17.22801,47,0.783,1,,1992secg.book.....A,,
1021,PN G327.1-01.8,T,He 2-140,239.5336,-55.69726,4.1,0.068,1,,1992secg.book.....A,,
1022,PN G327.1-02.2,T,Hen 2-142,239.99013,-55.92586,4.2,0.07,1.35,,1992secg.book.....A,,
1023,PN G327.5+13.3,T,Hen 2-118,226.55721,-42.99902,1.3,0.022,1,,1992secg.book.....A,,
1024,PN G327.7-05.4,T,KoRe 1,244.7932,-57.9819,14.2,0.237,1,,1992secg.book.....A,,
1025,PN G327.8+10.0,T,NGC 5882,229.20808,-45.64961,41,0.683,,,1992secg.book.....A,,
1026,PN G327.8-07.2,T,Hen 2-163,247.37973,-59.15681,22.1,0.368,1.01,,1992secg.book.....A,,
1027,PN G327.8-01.6,T,He 2-143,240.24635,-55.09437,3.7,0.062,1,,1992secg.book.....A,,
1028,PN G327.8-06.1,T,Hen 2-158,245.87752,-58.32296,8.5,0.142,,,1992secg.book.....A,,
1030,PN G328.0-01.6,T,PM 1-105,240.4617,-54.89434,1.8,0.03,,,2001A&A...378..843K,,
1031,PN G328.2+01.4,T,Lo 10,237.37137,-52.50458,28.1,0.468,1.12,,1992secg.book.....A,,
1034,PN G329.0+01.9,T,Sp 1,237.92056,-51.52455,72,1.2,1,,1992secg.book.....A,,
1035,PN G329.3-02.8,T,Mz 2,243.635,-54.95131,46,0.767,1.64,,1992secg.book.....A,,
1036,PN G329.4-02.7,T,Hen 2-149,243.6006,-54.7941,3,0.05,,,1992secg.book.....A,,
1037,PN G329.5+01.7,T,VBRC 7,238.71211,-51.37645,119,1.983,1.03,,1992secg.book.....A,,
1038,PN G330.2+05.9,T,Lo 9,235.55436,-47.67896,107,1.783,,82,1992secg.book.....A,,
1039,PN G330.6-03.6,T,Hen 2-159,246.08923,-54.60078,18,0.3,1.38,173,1992secg.book.....A,,
1040,PN G330.6-02.1,T,Hen 2-153,244.30961,-53.53477,18.9,0.315,1.44,41,1992secg.book.....A,,
1042,PN G330.9+04.3,T,Wray 16-189,237.83271,-48.43544,20,0.333,1.82,72,1992secg.book.....A,,
1043,PN G331.0+01.2,T,IRAS 16005-5041,241.06944,-50.83409,2.7,0.045,,,2001A&A...378..843K,,
1044,PN G331.0-02.7,T,Hen 2-157,245.5597,-53.68168,3,0.05,1,,1992secg.book.....A,,
1046,PN G331.3-12.1,T,Hen 3-1357,259.08779,-59.48986,4,0.067,1.21,,2001A&A...378..843K,,
1047,PN G331.3+16.8,T,NGC 5873,228.212,-38.1255,7.1,0.118,1.39,,1992secg.book.....A,,
1048,PN G331.4-03.5,T,Hen 2-162,246.96214,-54.02454,5,0.083,,,1992secg.book.....A,,
1049,PN G331.4+00.5,T,Pe 1-4,242.24449,-51.0324,16.8,0.28,1.08,113,1992secg.book.....A,,
1050,PN G331.5-03.9,T,Hen 2-165,247.49879,-54.15742,56.4,0.94,1.22,36,1992secg.book.....A,,
1051,PN G331.5-02.7,T,Hen 2-161,246.15771,-53.37608,16.3,0.272,1.68,48,1992secg.book.....A,,
1052,PN G331.7-01.0,L,Mz 3,244.30579,-51.98633,47.8,0.797,2.12,10,1992secg.book.....A,,
1053,PN G332.0-03.3,T,Hen 2-164,247.47225,-53.38732,17,0.283,1.11,82,1992secg.book.....A,,
1054,PN G332.2+03.5,T,Wra 16-199,240.09167,-48.2598,13,0.217,1.18,,1992secg.book.....A,,
1055,PN G332.3-04.2,T,Hen 2-170,248.83845,-53.83651,1.3,0.022,1,,1992secg.book.....A,,
1056,PN G332.5-16.9,T,HaTr 7,268.53942,-60.83269,188,3.133,1.04,,1992secg.book.....A,,
1057,PN G332.8-16.4,T,HaTr 6,267.97008,-60.38936,42,0.7,1.2,55,1992secg.book.....A,,
1058,PN G332.9-09.9,T,Hen 3-1333,257.25388,-56.9134,3.2,0.053,1.14,,1992secg.book.....A,,
1059,PN G333.4+01.1,T,Pe 1-5,243.83347,-49.22243,9.3,0.155,1.16,150,1992secg.book.....A,,
1060,PN G334.3-01.4,T,MeWe 1-6,247.77725,-50.44347,19.1,0.318,,125,1992secg.book.....A,,
1061,PN G334.3-09.3,T,IC 4642,257.93827,-55.40046,24.1,0.402,1.11,143,1992secg.book.....A,,
1062,PN G334.8-07.4,T,Hen 3-1312,255.76196,-53.93171,15.9,0.265,1.34,,1992secg.book.....A,,
1063,PN G335.2-03.6,T,HaTr 4,251.25075,-51.20586,26,0.433,1.13,94,1992secg.book.....A,,
1064,PN G335.4+09.2,T,K 1-31,238.30183,-41.84064,30.8,0.513,1.07,4,1992secg.book.....A,,
1065,PN G335.4-01.1,T,Hen 2-169,248.55592,-49.35336,33,0.55,1.74,3,1992secg.book.....A,,
1066,PN G335.5+12.4,T,DS 2,235.77101,-39.30404,186,3.1,1,115,1992secg.book.....A,,
1067,PN G335.6-04.0,T,MeWe 1-8,252.167,-51.15544,24,0.4,,,1992secg.book.....A,,
1068,PN G335.9-03.6,T,MeWe 1-7,251.98775,-50.71328,8.8,0.147,,,1992secg.book.....A,,
1069,PN G336.1+04.1,T,PM 2-17,243.76167,-45.19836,6.5,0.108,,,2001A&A...378..843K,,
1070,PN G336.2+01.9,T,Pe 1-6,245.97725,-46.70393,10.2,0.17,1.17,,1992secg.book.....A,,
1071,PN G336.2-06.9,T,PC 14,256.56152,-52.50011,7.2,0.12,1.41,106,1992secg.book.....A,,
1072,PN G336.3-05.6,T,Hen 2-186,254.90027,-51.70179,9,0.15,1.5,,1992secg.book.....A,,
1073,PN G336.8-07.2,T,K 2-17,257.39966,-52.21721,39.3,0.655,1.21,139,1992secg.book.....A,,
1075,PN G336.9-11.5,T,MeWe 1-10,263.6175,-54.48261,61.6,1.027,,,1992secg.book.....A,,
1076,PN G337.4+01.6,T,Pe 1-7,247.60771,-46.04753,2.4,0.04,,,1992secg.book.....A,,
1077,PN G337.4-09.1,T,Wray 16-266,260.65396,-52.77624,18,0.3,,,1992secg.book.....A,,
1078,PN G337.5-05.1,T,Hen 2-187,255.40407,-50.38264,12,0.2,1.2,,1992secg.book.....A,,
1079,PN G337.6-04.2,T,MeWe 1-9,254.37108,-49.78194,17,0.283,,,1992secg.book.....A,,
1080,PN G338.1-08.3,T,NGC 6326,260.19325,-51.75431,20.6,0.343,1.5,54,1992secg.book.....A,,
1081,PN G338.8+05.6,T,IC 4599,244.84671,-42.26019,18,0.3,1.13,61,1992secg.book.....A,,
1082,PN G339.9+88.4,T,LoTr 5,193.89058,25.89183,525,8.75,1.03,,1992secg.book.....A,,
1084,PN G340.4-14.1,T,Sa 1-6,270.24744,-52.73893,11,0.183,,42,1992secg.book.....A,,
1085,PN G340.8+10.8,T,Lo 12,242.10967,-37.14653,84.5,1.408,1.21,86,1992secg.book.....A,,
1086,PN G340.8+12.3,T,Lo 11,240.84254,-36.01492,65.7,1.095,1.15,61,1992secg.book.....A,,
1088,PN G341.0+09.4,T,SB 25,243.40974,-37.99958,16.2,0.27,1.04,,2001A&A...378..843K,,
1089,PN G341.2-24.6,T,Lo 18,287.44896,-55.58631,55,0.917,1.34,,1992secg.book.....A,,
1091,PN G341.5-09.1,T,Hen 2-248,264.0289,-49.42924,10,0.167,,,1992secg.book.....A,,
1092,PN G341.6+13.7,T,NGC 6026,240.33778,-34.54351,53,0.883,1.16,63,1992secg.book.....A,,
1093,PN G341.7-06.0,T,SB 26,260.26215,-47.59092,11.4,0.19,1,,2001A&A...378..843K,,
1094,PN G341.8+05.4,T,NGC 6153,247.877,-40.2535,27,0.45,1.12,,1992secg.book.....A,,
1096,PN G342.1+27.5,T,Me 2-1,230.58031,-23.62537,8.9,0.148,1.03,,1992secg.book.....A,,
1097,PN G342.1+10.8,T,NGC 6072,243.24321,-36.22983,74.3,1.238,1.14,71,1992secg.book.....A,,
1098,PN G342.2-00.3,T,PM 1-119,254.14158,-43.77077,4.7,0.078,,,2001A&A...378..843K,,
1099,PN G342.3-06.0,T,SB 28,260.71865,-47.0458,9,0.15,1.15,,2001A&A...378..843K,,
1100,PN G342.5-14.3,T,Sp 3,271.81583,-51.0195,36,0.6,1.03,144,1992secg.book.....A,,
1101,PN G342.7+00.7,T,H 1-3,253.38056,-42.65622,19,0.317,1.19,146,1992secg.book.....A,,
1102,PN G342.8-06.6,T,Cn 1-4,261.95329,-46.92814,8,0.133,,,1992secg.book.....A,,
1103,PN G342.9-02.0,T,Pe 1-8,256.59399,-44.21943,23,0.383,1.05,61,1992secg.book.....A,,
1104,PN G342.9-04.9,T,Hen 2-207,259.88563,-45.88751,37.7,0.628,1.45,56,1992secg.book.....A,,
1105,PN G343.3-00.6,L,HaTr 5,255.36875,-43.09986,112,1.867,1.17,,1992secg.book.....A,,
1106,PN G343.4+11.9,T,H 1-1,243.36734,-34.59423,3.1,0.052,1.15,,1992secg.book.....A,,
1107,PN G343.5-07.8,T,PC 17,263.92365,-46.99682,5,0.083,,,1992secg.book.....A,,
1108,PN G343.6+03.7,T,SuWt 3,251.10058,-40.05567,31.9,0.532,1.96,77,1992secg.book.....A,,
1110,PN G343.9-05.8,T,SB 30,261.75943,-45.54402,12.6,0.21,1.05,,2001A&A...378..843K,,
1111,PN G343.9+00.8,T,H 1-5,254.34892,-41.63274,5.2,0.087,,,1992secg.book.....A,,
1112,PN G344.2-01.2,T,H 1-6,256.74636,-42.68587,14,0.233,,145,1992secg.book.....A,,
1113,PN G344.2+04.7,T,Vd 1-1,250.63928,-38.90884,10,0.167,,,1992secg.book.....A,,
1115,PN G344.5+02.6,T,Vd 1-5,252.89021,-40.04879,11.6,0.193,,,1992secg.book.....A,,
1116,PN G344.8+03.4,T,Vd 1-3,252.38695,-39.35249,12,0.2,,,1992secg.book.....A,,
1117,PN G344.9-01.9,T,PM 1-131,258.09177,-42.51146,2.2,0.037,,,2001A&A...378..843K,,
1118,PN G345.0+04.3,T,Vd 1-2,251.68808,-38.61614,10,0.167,,,1992secg.book.....A,,
1119,PN G345.0-04.9,T,Cn 1-3,261.55135,-44.19047,2,0.033,1,,1992secg.book.....A,,
1120,PN G345.0+03.4,T,Vd 1-4,252.60551,-39.13858,5,0.083,,,1992secg.book.....A,,
1121,PN G345.2-08.8,T,Tc 1,266.39706,-46.08995,54,0.9,1,0,1992secg.book.....A,,
1122,PN G345.2-01.2,T,H 1-7,257.61414,-41.88039,10.6,0.177,1.22,66,1992secg.book.....A,,
1123,PN G345.3-10.2,T,MeWe 1-11,268.19608,-46.69983,69,1.15,1,41,1992secg.book.....A,,
1124,PN G345.4+00.1,T,IC 4637,256.29376,-40.88568,18.9,0.315,1.4,0,1992secg.book.....A,,
1125,PN G345.5+15.1,T,Lo 13,242.44131,-30.91879,75,1.25,1.04,,1992secg.book.....A,,
1126,PN G345.6+06.7,T,Hen 2-175,249.86713,-36.57122,6.6,0.11,,94,1992secg.book.....A,,
1127,PN G345.9+03.0,T,Vd 1-6,253.61377,-38.73622,16,0.267,1.6,110,1992secg.book.....A,,
1130,PN G346.2-08.2,T,IC 4663,266.369,-44.905,19.5,0.325,1.22,86,1992secg.book.....A,,
1131,PN G346.3-06.8,T,Fg 2,264.83275,-44.16042,6.5,0.108,1.18,,1992secg.book.....A,,
1132,PN G346.9+12.4,T,Abell 38,245.82924,-31.74971,156,2.6,1.64,83,1992secg.book.....A,,
1133,PN G347.4+05.8,T,H 1-2,252.22537,-35.78584,2,0.033,1,,1992secg.book.....A,,
1134,PN G347.7+02.0,T,Vd 1-8,256.14072,-37.88747,3,0.05,1,,1992secg.book.....A,,
1135,PN G347.9-06.0,T,SB 31,265.01389,-42.40155,16.8,0.28,1.22,,2001A&A...378..843K,,
1136,PN G348.0-13.8,T,IC 4699,274.63342,-45.98381,12.6,0.21,1.58,28,1992secg.book.....A,,
1137,PN G348.0+06.3,T,WRAY 15-1537,252.20229,-35.01594,10.7,0.178,,,1992secg.book.....A,,
1138,PN G348.4-04.1,T,H 1-21,263.19913,-40.97462,10,0.167,,,1992secg.book.....A,,
1139,PN G348.8-09.0,T,Hen 2-306,269.14044,-43.05525,3,0.05,,,1992secg.book.....A,,
1140,PN G348.9+04.6,T,KLSS 1-15,254.48798,-35.41504,19,0.317,,,2001A&A...378..843K,,
1141,PN G349.2-03.5,T,H 2-14,263.0836,-39.85618,14,0.233,,,1992secg.book.....A,,
1142,PN G349.3-01.1,T,NGC 6337,260.56549,-38.48339,47.6,0.793,1.02,139,1992secg.book.....A,,
1143,PN G349.3-04.2,T,Lo 16,263.92416,-40.19061,88,1.467,1.1,,1992secg.book.....A,,
1144,PN G349.5+01.0,T,NGC 6302,258.43539,-37.10322,390,6.5,,83,1992secg.book.....A,Bug Nebula,Caldwell 69
1145,PN G349.8+04.4,T,M 2-4,255.27596,-34.82738,3,0.05,1.5,,1992secg.book.....A,,
1146,PN G350.1-03.9,T,H 1-26,264.1245,-39.36571,23.4,0.39,1.3,88,1992secg.book.....A,,
1147,PN G350.5-05.0,T,H 1-28,265.72528,-39.60668,7.8,0.13,,,1992secg.book.....A,,
1148,PN G350.8-02.4,T,H 1-22,263.09225,-37.95662,3.5,0.058,1.09,,1992secg.book.....A,,
1149,PN G350.9+04.4,T,H 2-1,256.15106,-33.98854,4.3,0.072,1.16,7,1992secg.book.....A,,
1150,PN G351.0-10.4,T,HaTr 9,272.24533,-41.81047,160,2.667,1.05,,1992secg.book.....A,,
1151,PN G351.1+04.8,T,M 1-19,255.9452,-33.49567,8,0.133,2.67,0,1992secg.book.....A,,
1152,PN G351.2+05.2,T,M 2-5,255.57945,-33.16806,6.5,0.108,1,,1992secg.book.....A,,
1153,PN G351.2-06.3,T,SB 33,267.61503,-39.67121,22.2,0.37,1.23,,2001A&A...378..843K,,
1154,PN G351.3+07.6,T,H 1-4,253.40445,-31.67584,10,0.167,,,1992secg.book.....A,,
1155,PN G351.5-06.5,T,SB 34,268.03909,-39.53737,22.8,0.38,1.09,,2001A&A...378..843K,,
1156,PN G351.6-06.2,T,H 1-37,267.6857,-39.29055,8.6,0.143,,,1992secg.book.....A,,
1157,PN G351.7-10.9,T,Wray 16-385,273.22046,-41.50739,8,0.133,,,1992secg.book.....A,,
1158,PN G351.7-06.6,T,SB 35,268.26172,-39.4024,8,0.133,,,2001A&A...378..843K,,
1159,PN G351.9+09.0,T,PC 13,252.57129,-30.33208,10,0.167,1.18,,1992secg.book.....A,,
1160,PN G351.9-01.9,T,Wray 16-286,263.25278,-36.73126,10,0.167,,,1992secg.book.....A,,
1161,PN G352.0-04.6,T,H 1-30,266.27826,-38.14708,5.4,0.09,,,1992secg.book.....A,,
1163,PN G352.1+05.1,T,M 2-8,256.37781,-32.53564,5,0.083,1,,1992secg.book.....A,,
1164,PN G352.6+03.0,T,H 1-8,258.67877,-33.41311,3.4,0.057,,,1992secg.book.....A,,
1165,PN G352.6-04.9,T,SB 37,266.96948,-37.80086,13.2,0.22,1.22,,2001A&A...378..843K,,
1166,PN G352.6+00.1,T,H 1-12,261.60117,-35.02822,8.5,0.142,1.06,,1992secg.book.....A,,
1167,PN G352.7-08.4,T,SB 38,270.87151,-39.35783,15.6,0.26,1.08,,2001A&A...378..843K,,
1168,PN G352.8-00.2,T,H 1-13,262.11492,-35.12547,13.5,0.225,1.13,,1992secg.book.....A,,
1169,PN G352.9+11.4,T,K 2-16,251.20438,-28.06797,26.6,0.443,1.09,141,1992secg.book.....A,,
1170,PN G352.9-07.5,T,Fg 3,270.04925,-38.83128,4,0.067,2,,1992secg.book.....A,,
1171,PN G353.2-05.2,T,H 1-38,267.68853,-37.39808,14,0.233,1.17,,1992secg.book.....A,,
1172,PN G353.3+06.3,T,M 2-6,256.07635,-30.89131,8,0.133,,,1992secg.book.....A,,
1173,PN G353.3-08.3,T,SB 39,271.13174,-38.79436,103.2,1.72,1.08,,2001A&A...378..843K,,
1175,PN G353.4-04.5,T,K 6-13,267.00387,-36.83556,13.7,0.228,,,2001A&A...378..843K,,
1177,PN G353.6-03.6,T,K 6-11,266.1482,-36.23393,12.8,0.213,,,2001A&A...378..843K,,
1178,PN G353.7+06.3,T,M 2-7,256.308,-30.5388,7.8,0.13,,,1992secg.book.....A,,
1179,PN G353.7-12.8,T,Wray 16-411,276.67407,-40.49792,30,0.5,1,87,1992secg.book.....A,,
1181,PN G353.9+02.7,T,PM 1-140,259.93938,-32.50894,8.6,0.143,,,1992secg.book.....A,,
1182,PN G354.2+04.3,T,M 2-10,258.52927,-31.3285,6.5,0.108,1.18,,1992secg.book.....A,,
1183,PN G354.4-07.8,T,H 1-52,271.24004,-37.63554,15,0.25,,,1992secg.book.....A,,
1185,PN G354.5+03.3,T,Th 3-4,259.71634,-31.65176,14,0.233,,,1992secg.book.....A,,
1186,PN G354.6+04.9,T,Terz N 139,258.22243,-30.66899,16.2,0.27,,,2001A&A...378..843K,,
1187,PN G354.7-10.0,T,SB 41,273.91267,-38.46569,25.8,0.43,1.1,,2001A&A...378..843K,,
1188,PN G354.7-07.2,T,SB 40,270.73206,-37.13721,20.4,0.34,1.1,,2001A&A...378..843K,,
1190,PN G355.0-03.7,T,K 5-18,267.12288,-35.09144,11.1,0.185,1.11,,2001A&A...378..843K,,
1191,PN G355.1-06.9,T,M 3-21,270.63469,-36.65304,2.8,0.047,1,,1992secg.book.....A,,
1192,PN G355.1+04.7,T,Terz N 140,258.761,-30.3424,46,0.767,1.35,,2001A&A...378..843K,,
1193,PN G355.1-02.9,T,H 1-31,266.38451,-34.56551,1.8,0.03,1.06,,1992secg.book.....A,,
1194,PN G355.1+02.3,T,Th 3-11,261.1096,-31.7222,7.5,0.125,,,1992secg.book.....A,,
1195,PN G355.2+03.7,T,Terz N 137,259.76398,-30.89816,13.3,0.222,1.27,,1992secg.book.....A,,
1196,PN G355.2-02.5,T,H 1-29,266.0577,-34.29259,3,0.05,1,,1992secg.book.....A,,
1197,PN G355.3-07.5,T,SB 42,271.46893,-36.76015,21,0.35,1,,2001A&A...378..843K,,
1198,PN G355.4-01.4,T,K 6-9,265.00143,-33.5923,8.4,0.14,1.12,,2001A&A...378..843K,,
1199,PN G355.4-02.4,T,M 3-14,266.08582,-34.11127,8,0.133,1.6,164,1992secg.book.....A,,
1201,PN G355.4-04.0,T,Hf 2-1,267.80063,-34.923,25,0.417,,40,1992secg.book.....A,,
1202,PN G355.6-02.7,T,H 1-32,266.52636,-34.06265,2.3,0.038,1.05,,1992secg.book.....A,,
1203,PN G355.7-03.4,T,H 2-23,267.24164,-34.3648,3.4,0.057,1.26,,1992secg.book.....A,,
1204,PN G355.7-03.5,T,H 1-35,267.30807,-34.38138,3,0.05,1,,1992secg.book.....A,,
1205,PN G355.7-03.0,T,H 1-33,266.95588,-34.13472,4,0.067,1.25,,1992secg.book.....A,,
1206,PN G355.8-08.7,T,SB 43,273.09852,-36.88107,42,0.7,1.04,,2001A&A...378..843K,,
1207,PN G355.9-04.2,T,M 1-30,268.24561,-34.63972,3.5,0.058,1,98,1992secg.book.....A,,
1208,PN G355.9+02.7,T,Th 3-10,261.1702,-30.86652,3,0.05,1.15,,1992secg.book.....A,,
1209,PN G355.9+03.6,T,H 1-9,260.3829,-30.34676,5,0.083,1.25,0,1992secg.book.....A,,
1210,PN G356.0-07.4b,T,SB 45,271.71858,-36.11139,22.2,0.37,1,,2001A&A...378..843K,,
1211,PN G356.0-07.4a,T,SB 44,271.78258,-36.04606,28.2,0.47,1.09,,2001A&A...378..843K,,
1212,PN G356.1-03.3,T,H 2-26,267.46169,-34.00865,5.5,0.092,1.1,132,1992secg.book.....A,,
1213,PN G356.1+02.7,T,Th 3-13,261.3306,-30.67827,1.9,0.032,1.36,,1992secg.book.....A,,
1214,PN G356.1-08.6,T,SB 46,273.16614,-36.53032,14.4,0.24,1,,2001A&A...378..843K,,
1215,PN G356.2-04.4,T,Cn 2-1,268.63742,-34.37246,2.6,0.043,1,,1992secg.book.....A,,
1216,PN G356.3-07.3,T,SB 47,271.83948,-35.76223,30.6,0.51,1.06,,2001A&A...378..843K,,
1217,PN G356.3-06.2,T,M 3-49,270.63344,-35.22047,9.8,0.163,,,1992secg.book.....A,,
1218,PN G356.4-06.8,T,SB 48,271.31,-35.46876,15,0.25,1.09,,2001A&A...378..843K,,
1219,PN G356.5-03.6,T,H 2-27,267.96072,-33.79322,5.2,0.087,1.24,,1992secg.book.....A,,
1220,PN G356.5-02.3,T,M 1-27,266.68936,-33.14307,6.7,0.112,1.05,,1992secg.book.....A,,
1221,PN G356.5+01.5,T,Th 3-55,262.74515,-31.01826,8,0.133,,,1992secg.book.....A,,
1222,PN G356.5-03.9,T,H 1-39,268.33752,-33.9329,5.5,0.092,,31,1992secg.book.....A,,
1223,PN G356.5+05.1,T,Th 3-3,259.33553,-28.99115,17,0.283,,102,1992secg.book.....A,,
1224,PN G356.6-07.8,T,H 1-57,272.45514,-35.73691,12.6,0.21,,,1992secg.book.....A,,
1225,PN G356.7-04.8,T,H 1-41,269.32977,-34.16364,12,0.2,1.36,,1992secg.book.....A,,
1226,PN G356.7-06.4,T,H 1-51,271.1221,-34.96694,17.7,0.295,1.16,,1992secg.book.....A,,
1227,PN G356.8-05.4,T,H 2-35,270.07586,-34.461,7,0.117,1.08,,1992secg.book.....A,,
1228,PN G356.8-03.0,T,K 5-20,267.54474,-33.23832,5.3,0.088,1.02,,2001A&A...378..843K,,
1229,PN G356.8-11.7,T,Lo 17,276.9614,-37.26589,116,1.933,1.05,,1992secg.book.....A,,
1230,PN G356.8+03.3,T,Th 3-12,261.27539,-29.75469,2,0.033,1.54,,1992secg.book.....A,,
1231,PN G356.9+04.5,T,M 2-11,260.13855,-29.01074,6,0.1,1,,1992secg.book.....A,,
1232,PN G356.9+04.4,T,M 3-38,260.26859,-29.04978,1.6,0.027,1.33,,1992secg.book.....A,,
1234,PN G357.0+02.4,T,M 4-4,262.20978,-30.12902,6.3,0.105,1.24,,1992secg.book.....A,,
1235,PN G357.1+03.6,T,M 3-7,261.14346,-29.40541,6.5,0.108,1.08,0,1992secg.book.....A,,
1236,PN G357.1+01.2,T,K 6-2,263.46235,-30.71004,8.6,0.143,,,2001A&A...378..843K,,
1237,PN G357.1+01.9,T,Th 3-24,262.71358,-30.28676,8.6,0.143,1.18,,1992secg.book.....A,,
1238,PN G357.1-06.1,T,M 3-50,271.02167,-34.47708,8.5,0.142,2.43,,1992secg.book.....A,,
1239,PN G357.1-04.7,T,H 1-43,269.56012,-33.79375,2,0.033,1,,1992secg.book.....A,,
1240,PN G357.2+07.4,T,M 4-3,257.67395,-27.14549,2,0.033,1,,1992secg.book.....A,,
1242,PN G357.2+02.0,T,H 2-13,262.78369,-30.17444,5.6,0.093,1.04,,1992secg.book.....A,,
1243,PN G357.2-04.5,T,H 1-42,269.35486,-33.59526,4.3,0.072,1.16,,1992secg.book.....A,,
1244,PN G357.2+01.4,T,Al 2-H,263.321,-30.4414,7.6,0.127,,,1992secg.book.....A,,
1245,PN G357.3-06.5,T,SB 50,271.53458,-34.55853,24.6,0.41,1.08,,2001A&A...378..843K,,
1246,PN G357.3+04.0,T,H 2-7,260.85391,-28.98501,5.7,0.095,1.3,,1992secg.book.....A,,
1247,PN G357.3+03.3,T,M 3-41,261.49911,-29.36393,4.3,0.072,1,,1992secg.book.....A,,
1248,PN G357.4-03.5,T,M 2-18,268.40768,-32.97998,2.2,0.037,1.05,,1992secg.book.....A,,
1249,PN G357.4-07.2,L,SB 51,272.32,-34.7971,45.6,0.76,1.38,,2001A&A...378..843K,,
1250,PN G357.4-03.2,T,M 2-16,268.14319,-32.76419,5,0.083,1,,1992secg.book.....A,,
1251,PN G357.4-04.6,T,M 2-22,269.63588,-33.4768,5.8,0.097,1.12,,1992secg.book.....A,,
1252,PN G357.5+03.1,L,Th 3-16,261.85147,-29.35389,6,0.1,,,1992secg.book.....A,,
1253,PN G357.5+03.2,T,M 3-42,261.74915,-29.25885,7.2,0.12,1.64,,1992secg.book.....A,,
1254,PN G357.6+01.7,T,H 1-23,263.1954,-30.00419,3.5,0.058,1.35,,1992secg.book.....A,,
1255,PN G357.6+02.6,T,H 1-18,262.42816,-29.54728,3.5,0.058,,,1992secg.book.....A,,
1256,PN G357.6-03.3,T,H 2-29,268.31998,-32.67738,10.7,0.178,1.09,,1992secg.book.....A,,
1257,PN G357.6+01.0,T,Terz N 21,263.93106,-30.35734,31.5,0.525,1.18,26,1992secg.book.....A,,
1258,PN G358.0+09.3,T,Th 3-1,256.43549,-25.41715,10,0.167,,,1992secg.book.....A,,
1259,PN G357.9-03.8,T,H 2-30,269.058,-32.6228,13.3,0.222,1,,1992secg.book.....A,,
1260,PN G358.0-05.1,T,Pe 1-11,270.42818,-33.25687,8.8,0.147,,,1992secg.book.....A,,
1261,PN G358.0+02.6,T,Th 3-23,262.58893,-29.17016,5.8,0.097,,,1992secg.book.....A,,
1262,PN G358.0+07.5,T,Terz N 8,258.1398,-26.4226,31,0.517,1.48,,1992secg.book.....A,,
1263,PN G358.2+03.5,T,H 2-10,261.88687,-28.51858,3.7,0.062,1.23,,1992secg.book.....A,,
1264,PN G358.2-01.1,T,Bl D,266.51154,-31.06056,23.2,0.387,,149,1992secg.book.....A,,
1265,PN G358.2+03.6,T,M 3-10,261.83395,-28.46421,4.2,0.07,1.05,,1992secg.book.....A,,
1266,PN G358.2+04.2,T,M 3-8,261.21729,-28.0985,5,0.083,1,,1992secg.book.....A,,
1267,PN G358.3-21.6,T,IC 1297,289.34775,-39.61289,10.8,0.18,1.1,,1992secg.book.....A,,
1268,PN G358.3+03.0,T,H 1-17,262.4191,-28.67281,2.8,0.047,1,,1992secg.book.....A,,
1269,PN G358.3+01.2,T,Bl B,264.24933,-29.66915,2.4,0.04,1.2,,1992secg.book.....A,,
1271,PN G358.5-02.5,T,PN M 4-7,267.9361,-31.60005,6.9,0.115,1.05,,1992secg.book.....A,,
1272,PN G358.4+03.3,T,Th 3-19,262.1741,-28.45537,2.3,0.038,1,,1992secg.book.....A,,
1273,PN G358.4+01.6,T,JaSt 3,263.84476,-29.3715,5.5,0.092,,,2001A&A...378..843K,,
1274,PN G358.5-07.3,T,NGC 6563,273.01147,-33.86865,92,1.533,,60,1992secg.book.....A,,
1275,PN G358.5+02.9,T,Al 2-F,262.6268,-28.59858,4.2,0.07,1.2,,1992secg.book.....A,,
1276,PN G358.5-04.2,T,H 1-46,269.76038,-32.36206,3,0.05,1,,1992secg.book.....A,,
1278,PN G358.5+05.4,T,M 3-39,260.29784,-27.19362,25.9,0.432,1.43,35,1992secg.book.....A,,
1279,PN G358.5+02.6,T,M 3-57,262.94738,-28.70072,40,0.667,1.11,,1992secg.book.....A,,
1280,PN G358.6+07.8,T,M 3-36,258.16315,-25.72705,4.2,0.07,,,1992secg.book.....A,,
1281,PN G358.6-05.5,T,M 3-51,271.23431,-32.90034,20.9,0.348,1.44,,1992secg.book.....A,,
1282,PN G358.6-02.4,T,K 6-16,268.00143,-31.2972,8.9,0.148,1.09,,2001A&A...378..843K,,
1283,PN G358.6+01.8,T,M 4-6,263.80823,-29.05283,2.5,0.042,1.09,,1992secg.book.....A,,
1285,PN G358.7-05.2,T,H 1-50,270.97275,-32.69504,10,0.167,,,1992secg.book.....A,,
1286,PN G358.7+05.2,T,M 3-40,260.6178,-27.14511,2.2,0.037,,,1992secg.book.....A,,
1287,PN G358.7-05.1,T,SB 53,270.86874,-32.62388,16.8,0.28,1.17,,2001A&A...378..843K,,
1288,PN G358.7-02.7,T,Al 2-R,268.40096,-31.42355,8.3,0.138,,,1992secg.book.....A,,
1289,PN G358.8+04.0,T,Th 3-15,261.79442,-27.73267,7,0.117,,,1992secg.book.....A,,
1290,PN G358.8+01.7,T,JaSt 5,263.968,-28.9743,9.1,0.152,1.54,,2001A&A...378..843K,,
1291,PN G358.8+04.1,T,SaWe 2,261.75146,-27.67614,45,0.75,,,1992secg.book.....A,,
1293,PN G358.8+03.0,T,Th 3-26,262.78873,-28.24734,9.1,0.152,1.1,,1992secg.book.....A,,
1294,PN G358.9-00.7,T,M 1-26,266.49023,-30.20016,7.8,0.13,1.11,0,1992secg.book.....A,,
1295,PN G358.9+03.4,T,H 1-19,262.51062,-27.98821,2.6,0.043,1.3,,1992secg.book.....A,,
1296,PN G358.9+03.2,T,H 1-20,262.6825,-28.06852,4.4,0.073,1.16,,1992secg.book.....A,,
1297,PN G358.9-03.7,T,H 1-44,269.54434,-31.71558,3.5,0.058,1.06,,1992secg.book.....A,,
1298,PN G359.0-04.1,T,M 3-48,269.98659,-31.9077,5.4,0.09,1.23,,1992secg.book.....A,,
1299,PN G359.0+01.1,T,JaSt 9,264.68957,-29.14935,9,0.15,,,2001A&A...378..843K,,
1301,PN G359.0-04.8,T,M 2-25,270.69403,-32.15816,17.7,0.295,1.32,,1992secg.book.....A,,
1302,PN G359.1-02.9,T,M 3-46,268.77358,-31.20468,15.5,0.258,,,1992secg.book.....A,,
1303,PN G359.1-01.7,T,M 1-29,267.57501,-30.58192,7.6,0.127,1,,1992secg.book.....A,,
1304,PN G359.1+15.1,T,Abell 40,252.14373,-21.01404,34.3,0.572,1.13,72,1992secg.book.....A,,
1305,PN G359.1-02.3,T,M 3-16,268.19186,-30.82623,10,0.167,1.3,,1992secg.book.....A,,
1307,PN G359.2-33.5,T,Hen 3-1863,304.8696,-41.5243,17,0.283,1.31,,1992secg.book.....A,,
1308,PN G359.2+04.7,T,Th 3-14,261.43359,-26.96325,1.7,0.028,1.06,,1992secg.book.....A,,
1309,PN G359.3-00.9,T,Hb 5,266.98417,-29.99436,62,1.033,,76,1992secg.book.....A,,
1310,PN G359.3-03.1,T,M 3-17,269.10684,-31.07134,2.9,0.048,1,,1992secg.book.....A,,
1311,PN G359.3-06.0,T,SB 54,272.131,-32.4999,35.4,0.59,1.18,,2001A&A...378..843K,,
1312,PN G359.3-01.8,T,M 3-44,267.82874,-30.39805,4.4,0.073,1,,1992secg.book.....A,,
1313,PN G359.3+01.4,T,Th 3-35,264.67569,-28.71259,3.3,0.055,1.27,,1992secg.book.....A,,
1314,PN G359.3+03.6,T,Al 2-E,262.56,-27.50539,8.8,0.147,1.1,,1992secg.book.....A,,
1315,PN G359.4-08.5,T,SB 55,274.86079,-33.61864,16.2,0.27,1.17,,2001A&A...378..843K,,
1316,PN G359.4+02.3,T,Th 3-32,263.81473,-28.11714,3.5,0.058,1.17,,1992secg.book.....A,,
1317,PN G359.4-03.4,T,H 2-33,269.55222,-31.135,7.8,0.13,1.05,,1992secg.book.....A,,
1318,PN G359.5+02.6,T,Al 2-I,263.55759,-27.9336,5.6,0.093,1.17,,1992secg.book.....A,,
1319,PN G359.6-04.8,T,H 2-36,271.03203,-31.65296,17.7,0.295,1.22,,1992secg.book.....A,,
1320,PN G359.6+02.2,T,Al 2-K,264.05908,-28.01286,4.7,0.078,1.04,,1992secg.book.....A,,
1321,PN G359.7-02.6,T,H 1-40,268.90021,-30.55891,1.4,0.023,1,,1992secg.book.....A,,
1322,PN G359.7-01.8,T,M 3-45,268.02469,-30.08717,7.1,0.118,1.09,,1992secg.book.....A,,
1323,PN G359.7-04.4,T,KFL 3,270.72007,-31.39948,15.2,0.253,1.06,,1992secg.book.....A,,
1324,PN G359.8+03.7,T,Th 3-25,262.69464,-27.09976,3,0.05,1.15,,1992secg.book.....A,,
1326,PN G359.8+06.9,T,M 3-37,259.80579,-25.28821,10,0.167,,,1992secg.book.....A,,
1327,PN G359.8+02.4,T,Th 3-33,263.9505,-27.72233,6,0.1,,,1992secg.book.....A,,
1328,PN G359.8+05.2,T,Terz N 19,261.34829,-26.19806,19,0.317,,,1992secg.book.....A,,
1329,PN G359.8+05.6,T,M 2-12,261.00604,-25.98977,4.4,0.073,1,,1992secg.book.....A,,
1330,PN G359.8-07.2,T,M 2-32,273.71091,-32.61534,8,0.133,1,,1992secg.book.....A,,
1331,PN G359.9+05.1,T,M 3-9,261.43071,-26.19875,17.2,0.287,1.14,116,1992secg.book.....A,,
1332,PN G359.9-05.4,T,KFL 9,271.83036,-31.71559,11.8,0.197,,,1992secg.book.....A,,
1334,PN G359.9-04.5,T,M 2-27,270.96912,-31.29626,3.3,0.055,1.1,,1992secg.book.....A,,
1335,PN G000.0-06.8,T,H 1-62,273.3248,-32.32854,5,0.083,1.25,,1992secg.book.....A,,
2055,PN G000.0-01.8,T,PHR J1752-2953,268.24321,-29.88969,17,0.283,1.17,163,2006MNRAS.373...79P,,
2056,PN G000.0-02.1,T,MPA J1754-2957,268.51797,-29.95753,16,0.267,1,,2008MNRAS.384..525M,,
2057,PN G000.0-01.3,L,PPA J1751-2933,267.75171,-29.56416,12,0.2,1.2,,2006MNRAS.373...79P,,
2058,PN G000.1+01.9,T,PHR J1738-2748,264.56791,-27.80219,13,0.217,1.08,,2006MNRAS.373...79P,,
2059,PN G000.1+02.0,T,PHR J1738-2746,264.513,-27.7716,16,0.267,1,,2006MNRAS.373...79P,,
2060,PN G000.1+05.7,T,PHR J1724-2543,261.01793,-25.72054,11,0.183,1.1,,2006MNRAS.373...79P,,
2061,PN G000.1-01.7,T,JaSt 85,268.20379,-29.69973,16.7,0.278,1.37,,2006MNRAS.373...79P,,
2062,PN G000.2-03.4,T,PHR J1759-3030,269.948,-30.509,19,0.317,1.36,100,2006MNRAS.373...79P,,
2063,PN G000.3+07.3,T,PHR J1718-2441,259.67831,-24.69027,23,0.383,1.1,90,2006MNRAS.373...79P,,
2064,PN G000.3+04.5,T,PHR J1729-2614,262.28044,-26.24582,17,0.283,1.89,160,2006MNRAS.373...79P,,
2065,PN G000.3+03.2,L,PHR J1733-2655,263.469,-26.9242,9,0.15,1,,2006MNRAS.373...79P,,
2066,PN G000.3-01.6,T,PHR J1752-2930,268.21714,-29.50027,8.6,0.143,1.09,,2006MNRAS.373...79P,,
2067,PN G000.3-03.4,T,MPA J1800-3023,270.04626,-30.3969,5,0.083,1,,2008MNRAS.384..525M,,
2068,PN G000.3+04.2,T,PPA J1730-2621,262.55121,-26.3503,5,0.083,,,2006MNRAS.373...79P,,
2070,PN G000.3+03.4,L,PHR J1733-2647,263.364,-26.8001,15,0.25,1.07,,2006MNRAS.373...79P,,
2071,PN G000.3+05.6,T,PHR J1725-2534,261.30452,-25.57113,16,0.267,1.07,,2006MNRAS.373...79P,,
2072,PN G000.3-04.2,T,MPA J1803-3043,270.84042,-30.72659,36,0.6,1,,2008MNRAS.384..525M,,
2073,PN G000.4+04.4,T,K 5-1,262.46821,-26.18703,9,0.15,1,,2006MNRAS.373...79P,,
2075,PN G000.5+02.8,T,PHR J1735-2659,263.98169,-26.98803,23,0.383,1,,2006MNRAS.373...79P,,
2076,PN G000.6-03.2,T,MPA J1759-3004,269.98625,-30.07443,28,0.467,1,,2008MNRAS.384..525M,,
2077,PN G000.6+03.1,T,PHR J1734-2644,263.733,-26.7379,15,0.25,1,,2006MNRAS.373...79P,,
2078,PN G000.6-01.4,T,JaSt 88,268.2529,-29.09802,14,0.233,1.08,,2006MNRAS.373...79P,,
2079,PN G000.7+08.0,T,MPA J1717-2356,259.28769,-23.94146,12,0.2,1.2,,2008MNRAS.384..525M,,
2080,PN G000.8-05.7,T,PPA J1810-3104,272.602,-31.0679,31,0.517,1.11,,2006MNRAS.373...79P,,
2081,PN G000.9+02.1,T,MPA J1739-2702,264.87535,-27.0339,18,0.3,1.38,,2008MNRAS.384..525M,,
2082,PN G000.9-01.0,T,MPA J1751-2838,267.93033,-28.64969,6,0.1,1,,2008MNRAS.384..525M,,
2083,PN G000.9-04.2,T,PHR J1804-3016,271.20071,-30.28033,10,0.167,1,,2006MNRAS.373...79P,,
2084,PN G000.9+01.8,T,PPA J1740-2708,265.21567,-27.14674,7,0.117,1.27,,2006MNRAS.373...79P,,
2085,PN G000.9-03.3,T,PHR J1801-2947,270.30578,-29.78336,35.1,0.585,1.13,,2006MNRAS.373...79P,,
2086,PN G001.0+02.2,T,PPA J1739-2652,264.79712,-26.87226,6,0.1,1,,2006MNRAS.373...79P,,
2087,PN G001.0-01.9,T,K 6-35,268.93,-29.0677,14.5,0.242,1.16,,2006MNRAS.373...79P,,
2088,PN G001.1+02.2,T,MPA J1739-2648,264.95714,-26.81249,5,0.083,1,,2008MNRAS.384..525M,,
2090,PN G001.1-01.2,T,JaSt 2-10,268.32257,-28.60199,11.5,0.192,1.15,,2006MNRAS.373...79P,,
2091,PN G001.2+08.6,L,BMP J1716-2313,259.0872,-23.23241,178,2.967,1.38,,2008MNRAS.384..525M,,
2092,PN G001.2-02.0,T,JaSt 2-20,269.151,-28.9551,23,0.383,1.53,,2006MNRAS.373...79P,,
2093,PN G001.2-05.6,T,PHR J1811-3042,272.76128,-30.70331,32,0.533,1.39,138,2006MNRAS.373...79P,,
2094,PN G001.2-02.6,L,PHR J1759-2915,269.76172,-29.25027,33,0.55,1,,2006MNRAS.373...79P,,
2095,PN G001.2-03.8,T,PHR J1803-2947,270.874,-29.7826,47,0.783,1.18,,2006MNRAS.373...79P,,
2097,PN G001.4-04.4,T,BMP J1806-2958,271.66278,-29.98133,28,0.467,1.12,,2008MNRAS.384..525M,,
2098,PN G001.4+06.3,T,Bica 1,261.22413,-24.32247,55,0.917,1.49,,2006MNRAS.373...79P,,
2099,PN G001.4+04.3,T,PHR J1732-2522,263.11289,-25.38024,11,0.183,1,,2006MNRAS.373...79P,,
2100,PN G001.5-02.8,T,PPA J1800-2904,270.09335,-29.07746,8.5,0.142,1.13,,2006MNRAS.373...79P,,
2101,PN G001.5-02.4,T,PHR J1758-2852,269.70504,-28.8822,14,0.233,1.08,60,2006MNRAS.373...79P,,
2102,PN G001.5+03.1,T,PHR J1737-2559,264.31876,-25.99386,14.4,0.24,,,2006MNRAS.373...79P,,
2104,PN G001.6-02.6,T,PHR J1759-2853,269.99542,-28.89911,25,0.417,1.14,,2006MNRAS.373...79P,,
2105,PN G001.6-00.6,T,Sab 44,267.982,-27.8008,25,0.417,,,2006MNRAS.373...79P,,
2106,PN G001.6+01.6,T,MPA J1743-2636,265.77834,-26.60839,22,0.367,2.75,,2008MNRAS.384..525M,,
2107,PN G001.7-02.6,T,PPA J1800-2846,270.00255,-28.77418,16.5,0.275,1.27,,2006MNRAS.373...79P,,
2108,PN G001.7+03.6,T,PHR J1735-2527,263.94747,-25.46196,5.6,0.093,,,2006MNRAS.373...79P,,
2109,PN G001.8-05.0,T,PHR J1809-2952,272.4454,-29.88162,16,0.267,1.33,55,2006MNRAS.373...79P,,
2110,PN G001.8-02.0,T,PHR J1757-2824,269.42581,-28.40196,19.3,0.322,2.41,,2006MNRAS.373...79P,,
2111,PN G001.8-03.7,T,PHR J1804-2913,271.11879,-29.23261,8.3,0.138,1.14,,2006MNRAS.373...79P,,
2112,PN G001.8-03.2,T,MPA J1802-2900,270.70911,-29.00557,20,0.333,1,,2008MNRAS.384..525M,,
2113,PN G001.8-02.7,T,PHR J1800-2842,270.15019,-28.71397,11.3,0.188,1.12,,2006MNRAS.373...79P,,
2114,PN G001.9-02.5,T,PPA J1759-2834,269.9695,-28.57989,15.6,0.26,1.16,,2006MNRAS.373...79P,,
2115,PN G001.9+02.1,T,PHR J1741-2609,265.4362,-26.15554,13.5,0.225,1.23,80,2006MNRAS.373...79P,,
2117,PN G002.0-03.4,T,PPA J1803-2855,270.90807,-28.92823,16,0.267,1.19,,2006MNRAS.373...79P,,
2118,PN G002.0+00.7,T,MPA J1747-2649,266.868,-26.83018,4,0.067,1,,2008MNRAS.384..525M,,
2119,PN G002.0-03.1,T,PHR J1802-2847,270.70207,-28.79472,18.5,0.308,1.09,,2006MNRAS.373...79P,,
2120,PN G002.0+01.5,T,PHR J1744-2624,266.1396,-26.41499,16,0.267,1.33,115,2006MNRAS.373...79P,,
2121,PN G002.0+06.2,T,PHR J1726-2351,261.72673,-23.85776,22,0.367,1.05,,2006MNRAS.373...79P,,
2122,PN G002.0-03.2,T,PHR J1803-2848,270.793,-28.8145,31,0.517,1.27,95,2006MNRAS.373...79P,,
2123,PN G002.0-02.4,T,MPA J1800-2825,270.04044,-28.42363,11,0.183,1,,2008MNRAS.384..525M,,
2124,PN G002.0-02.5,T,PPA J1800-2826,270.0779,-28.43551,18,0.3,1.09,,2006MNRAS.373...79P,,
2125,PN G002.0+06.6,T,PHR J1725-2338,261.424,-23.6422,13.5,0.225,1.35,60,2006MNRAS.373...79P,,
2126,PN G002.1-02.8,T,PHR J1801-2831,270.38454,-28.52917,19,0.317,1.36,15,2006MNRAS.373...79P,,
2127,PN G002.1-00.9,L,K 5-35,268.5783,-27.61,6,0.1,1,,2006MNRAS.373...79P,,
2128,PN G002.1+02.6,T,Terz N 117,265.128,-25.7449,8,0.133,,,2006MNRAS.373...79P,,
2129,PN G002.1-04.1,T,PHR J1806-2909,271.7071,-29.16643,28,0.467,1.08,,2006MNRAS.373...79P,,
2130,PN G002.1-01.1,T,MPA J1755-2741,268.79333,-27.69437,8,0.133,1,,2008MNRAS.384..525M,,
2131,PN G002.1+01.2,L,MPA J1745-2626,266.47879,-26.44531,14,0.233,1.17,,2008MNRAS.384..525M,,
2132,PN G002.1-08.3,L,PPA J1824-3107,276.09062,-31.11933,9,0.15,1.29,,2006MNRAS.373...79P,,
2133,PN G002.1-02.4,T,PPA J1800-2818,270.07832,-28.30968,16,0.267,1.33,130,2006MNRAS.373...79P,,
2134,PN G002.2-04.3,T,K 6-40,272.027,-29.2196,6,0.1,1,,2006MNRAS.373...79P,,
2135,PN G002.2-01.2,T,PPA J1755-2739,268.93974,-27.66163,14.5,0.242,1.32,40,2006MNRAS.373...79P,,
2136,PN G002.2+01.7,T,PPA J1744-2605,266.0069,-26.09588,4,0.067,1,,2006MNRAS.373...79P,,
2137,PN G002.2+05.8,T,PHR J1729-2354,262.29419,-23.9084,12,0.2,1.33,5,2006MNRAS.373...79P,,
2139,PN G002.3-01.9,T,PHR J1758-2756,269.6463,-27.94889,20.5,0.342,1.28,,2006MNRAS.373...79P,,
2140,PN G002.3-05.9,L,PPA J1814-2951,273.61135,-29.86306,14,0.233,1.17,,2006MNRAS.373...79P,,
2141,PN G002.3+06.2,T,PPA J1727-2338,261.92373,-23.64807,7,0.117,1.4,,2006MNRAS.373...79P,,
2142,PN G002.3+01.7,T,PHR J1744-2603,266.14756,-26.05979,10,0.167,1.25,35,2006MNRAS.373...79P,,
2143,PN G002.3-06.2,T,PHR J1815-2957,273.938,-29.9623,22,0.367,1,,2006MNRAS.373...79P,,
2144,PN G002.3+03.6,L,PPA J1737-2501,264.34979,-25.02562,7,0.117,1,,2006MNRAS.373...79P,,
2145,PN G002.3+02.4,T,PPA J1741-2538,265.45171,-25.63832,8,0.133,1.33,,2006MNRAS.373...79P,,
2146,PN G002.3+06.5,T,PPA J1726-2325,261.64071,-23.42069,18,0.3,,,2006MNRAS.373...79P,,
2147,PN G002.4-03.1,T,PPA J1803-2826,270.85296,-28.44031,6,0.1,1,,2006MNRAS.373...79P,,
2148,PN G002.4-05.0,T,K 6-41,272.80209,-29.36668,23.5,0.392,1.12,15,2006MNRAS.373...79P,,
2149,PN G002.4+03.5,T,PHR J1738-2500,264.50127,-25.01281,17,0.283,1.21,46,2006MNRAS.373...79P,,
2150,PN G002.4-03.4,T,PHR J1804-2833,271.2308,-28.55219,16,0.267,1.07,,2006MNRAS.373...79P,,
2151,PN G002.4-02.6,T,PHR J1801-2809,270.4388,-28.16027,43,0.717,1.05,,2006MNRAS.373...79P,,
2152,PN G002.4+07.0,T,PHR J1724-2302,261.22168,-23.04279,13,0.217,1,,2006MNRAS.373...79P,,
2153,PN G002.4+01.1,T,PHR J1746-2611,266.71669,-26.19725,36,0.6,2.77,62,2006MNRAS.373...79P,,
2154,PN G002.4+02.1,T,PHR J1743-2541,265.80457,-25.69412,13,0.217,1.18,,2006MNRAS.373...79P,,
2155,PN G002.5+04.8,T,PPA J1733-2415,263.342,-24.2512,46,0.767,,16,2006MNRAS.373...79P,,
2156,PN G002.5+01.9,T,PHR J1744-2545,266.00121,-25.75998,14.5,0.242,1.32,,2006MNRAS.373...79P,,
2157,PN G002.5+04.9,T,PHR J1732-2408,263.24253,-24.14588,31,0.517,1,,2006MNRAS.373...79P,,
2158,PN G002.5+02.0,T,PHR J1743-2538,265.91438,-25.63796,2.5,0.042,,,2006MNRAS.373...79P,,
2159,PN G002.6-03.1,T,PHR J1804-2816,271.05455,-28.26998,13,0.217,1,,2006MNRAS.373...79P,,
2160,PN G002.6+04.8,L,PHR J1733-2407,263.40751,-24.1295,15,0.25,1,,2006MNRAS.373...79P,,
2161,PN G002.6+02.3,T,PHR J1742-2525,265.7171,-25.42857,11.5,0.192,1.21,,2006MNRAS.373...79P,,
2162,PN G002.6-01.7,T,PHR J1758-2729,269.62047,-27.49446,6.5,0.108,1.3,,2006MNRAS.373...79P,,
2163,PN G002.6-02.8,T,PHR J1803-2804,270.78541,-28.0708,19,0.317,1.12,,2006MNRAS.373...79P,,
2164,PN G002.7+01.7,T,PPA J1745-2542,266.32876,-25.70142,7,0.117,1,,2006MNRAS.373...79P,,
2165,PN G002.7+03.8,T,PHR J1737-2435,264.38342,-24.59475,18,0.3,1.5,,2006MNRAS.373...79P,,
2167,PN G002.7-03.7,T,PHR J1806-2824,271.63375,-28.40753,12,0.2,1,,2006MNRAS.373...79P,,
2168,PN G002.7-02.4,L,PPA J1801-2746,270.385,-27.76861,11.5,0.192,1.35,,2006MNRAS.373...79P,,
2169,PN G002.8-10.7,T,PHR J1835-3135,278.8901,-31.59566,15,0.25,1.15,,2006MNRAS.373...79P,,
2170,PN G002.8-04.1,T,PHR J1808-2835,272.1159,-28.59361,16,0.267,1.14,65,2006MNRAS.373...79P,,
2171,PN G002.9-03.0,T,PHR J1804-2757,271.072,-27.9547,37,0.617,1.68,15,2006MNRAS.373...79P,,
2172,PN G002.9-10.2,T,PHR J1833-3115,278.42834,-31.26193,25,0.417,1,,2006MNRAS.373...79P,,
2174,PN G002.9-03.3,T,PHR J1805-2804,271.43503,-28.07942,49,0.817,1.75,,2006MNRAS.373...79P,,
2175,PN G002.9-07.0,L,PPA J1820-2948,275.148,-29.8135,11,0.183,1.1,,2006MNRAS.373...79P,,
2176,PN G003.0-05.0,T,PHR J1812-2848,273.09754,-28.80275,14,0.233,1,,2006MNRAS.373...79P,,
2177,PN G003.0-01.7,T,PHR J1759-2712,269.88836,-27.21384,76,1.267,1.36,140,2006MNRAS.373...79P,,
2178,PN G003.1-01.6,L,PHR J1759-2706,269.85796,-27.10517,57.5,0.958,,100,2006MNRAS.373...79P,,
2180,PN G003.1+05.2,T,PHR1733-2327,263.27935,-23.46674,14,0.233,1.27,135,2006MNRAS.373...79P,,
2182,PN G003.1-02.1,T,PHR J1801-2718,270.35358,-27.30306,38.1,0.635,1.09,,2006MNRAS.373...79P,,
2183,PN G003.3-03.3,T,PHR J1806-2747,271.61665,-27.78772,21,0.35,1.17,,2006MNRAS.373...79P,,
2184,PN G003.3-04.4,T,PPA J1810-2813,272.65046,-28.22933,10.5,0.175,1,,2006MNRAS.373...79P,,
2185,PN G003.3-01.6,T,PHR J1759-2651,269.98035,-26.86362,11,0.183,1.57,30,2006MNRAS.373...79P,,
2186,PN G003.4-01.8,T,PHR J1800-2653,270.17628,-26.89357,12,0.2,1.09,,2006MNRAS.373...79P,,
2187,PN G003.4+01.4,L,PHR J1748-2515,267.06454,-25.2539,18,0.3,1.5,,2006MNRAS.373...79P,,
2188,PN G003.4+04.3,T,PHR J1737-2341,264.28753,-23.68999,16,0.267,1.14,,2006MNRAS.373...79P,,
2190,PN G003.5+02.7,T,PHR J1743-2431,265.91342,-24.53167,32,0.533,1.03,45,2006MNRAS.373...79P,,
2191,PN G003.5-02.9,T,MPA J1805-2721,271.30462,-27.35219,18,0.3,1,,2008MNRAS.384..525M,,
2192,PN G003.5+04.5,T,PHR J1736-2330,264.15212,-23.5058,13,0.217,1.3,35,2006MNRAS.373...79P,,
2195,PN G003.5-02.3,T,PHR J1803-2702,270.79086,-27.04607,32,0.533,1.23,,2006MNRAS.373...79P,,
2196,PN G003.6-03.0,T,PHR J1805-2723,271.49081,-27.38583,22,0.367,1.52,145,2006MNRAS.373...79P,,
2197,PN G003.6-01.3,T,PHR J1759-2630,269.8004,-26.50668,6.5,0.108,,,2006MNRAS.373...79P,,
2200,PN G003.6+02.7,T,PHR J1743-2424,265.956,-24.4007,22,0.367,1.29,,2006MNRAS.373...79P,,
2203,PN G003.8-02.4,T,PHR J1804-2653,271.01079,-26.89087,7,0.117,1.75,,2006MNRAS.373...79P,,
2204,PN G003.8-03.2,T,PHR J1807-2715,271.81252,-27.26423,17,0.283,1,,2006MNRAS.373...79P,,
2205,PN G003.8-01.9,T,PHR J1802-2637,270.54669,-26.61885,9,0.15,1.2,,2006MNRAS.373...79P,,
2207,PN G003.9+02.1,T,PHR J1746-2426,266.6625,-24.44092,34.5,0.575,,,2006MNRAS.373...79P,,
2208,PN G003.9+06.1,T,PHR J1731-2216,262.929,-22.2769,37,0.617,1.95,,2006MNRAS.373...79P,,
2209,PN G004.0+02.6,T,PHR J1744-2406,266.19292,-24.11636,19,0.317,1.06,,2006MNRAS.373...79P,,
2210,PN G004.0-02.7,T,PPA J1805-2649,271.35955,-26.81748,19,0.317,3.17,92,2006MNRAS.373...79P,,
2211,PN G004.0-02.6,T,PHR J1804-2645,271.24794,-26.75469,24.5,0.408,1.86,115,2006MNRAS.373...79P,,
2213,PN G004.0-02.5,T,PHR J1804-2643,271.24546,-26.70972,17,0.283,1.62,,2006MNRAS.373...79P,,
2214,PN G004.1+07.8,T,PHR J1726-2117,261.55126,-21.29861,11,0.183,1.57,,2006MNRAS.373...79P,,
2215,PN G004.1+03.6,T,PPA J1741-2332,265.37001,-23.53866,3,0.05,1,,2006MNRAS.373...79P,,
2216,PN G004.1-03.0,T,PHR J1806-2652,271.73331,-26.88167,20,0.333,2,,2006MNRAS.373...79P,,
2219,PN G004.2+02.0a,L,MPA J1747-2414,266.90853,-24.24068,27,0.45,1.08,,2008MNRAS.384..525M,,
2220,PN G004.2-02.5,T,PHR J1805-2631,271.33354,-26.52911,10.5,0.175,1.17,140,2006MNRAS.373...79P,,
2221,PN G004.3+01.8a,T,PHR J1748-2417,267.13752,-24.29334,14,0.233,1.08,,2006MNRAS.373...79P,,
2222,PN G004.3+06.4,L,G 4.4+6.4,262.96575,-21.82181,250,4.167,1.14,,2006MNRAS.373...79P,,
2223,PN G004.3-01.4,T,PPA J1801-2553,270.32875,-25.88918,4,0.067,,,2006MNRAS.373...79P,,
2225,PN G004.4-03.1,T,PHR J1807-2637,272.00085,-26.62723,25.5,0.425,1.09,,2006MNRAS.373...79P,,
2226,PN G004.5+02.0,L,MPA J1748-2402,267.08941,-24.03735,10,0.167,1.43,,2008MNRAS.384..525M,,
2227,PN G004.6+06.1,T,PHR J1733-2151,263.38753,-21.85639,30,0.5,1.5,60,2006MNRAS.373...79P,,
2228,PN G004.6+01.8,T,BMP J1749-2356,267.31144,-23.94497,30,0.5,1.36,,2008MNRAS.384..525M,,
2229,PN G004.8-01.1,T,PHR J1801-2522,270.32047,-25.37724,7,0.117,1.75,32,2006MNRAS.373...79P,,
2230,PN G004.8+05.7,T,PHR J1735-2146,263.82081,-21.77497,44,0.733,1.05,,2006MNRAS.373...79P,,
2231,PN G004.8-00.5,T,PHR J1759-2501,269.77043,-25.03023,88,1.467,1.42,,2006MNRAS.373...79P,,
2232,PN G004.8-04.6,T,PHR J1814-2659,273.70082,-26.98689,21,0.35,1.05,,2006MNRAS.373...79P,,
2233,PN G004.9-08.6,L,PPA J1831-2849,277.79667,-28.8203,4.5,0.075,1.13,,2006MNRAS.373...79P,,
2234,PN G004.9+03.4,T,PHR J1744-2254,266.07106,-22.91582,17,0.283,1,,2006MNRAS.373...79P,,
2236,PN G005.0+02.2,T,PHR J1748-2326,267.19173,-23.44083,13,0.217,1.63,166,2006MNRAS.373...79P,,
2237,PN G005.1+03.2,T,PHR J1745-2254,266.32083,-22.91608,17,0.283,1.06,,2006MNRAS.373...79P,,
2238,PN G005.1+02.6,L,PHR J1747-2311,266.87797,-23.19695,23,0.383,1.35,,2006MNRAS.373...79P,,
2239,PN G005.2-10.8,T,PPA J1840-2931,280.21086,-29.52311,17,0.283,1.03,,2006MNRAS.373...79P,,
2240,PN G005.2-01.6,T,PPA J1803-2516,270.96821,-25.28349,7,0.117,1.4,,2006MNRAS.373...79P,,
2242,PN G005.2-02.4a,T,PHR J1807-2535,271.76378,-25.59525,27,0.45,1.08,,2006MNRAS.373...79P,,
2243,PN G005.3-02.0,L,PHR J1805-2520,271.36713,-25.34055,16,0.267,1.14,,2006MNRAS.373...79P,,
2244,PN G005.4+04.0,T,PHR J1742-2214,265.72792,-22.23777,16.5,0.275,1.43,,2006MNRAS.373...79P,,
2245,PN G005.4-03.4,T,PHR J1811-2557,272.835,-25.9555,69,1.15,1.17,168,2006MNRAS.373...79P,,
2246,PN G005.4+05.4,T,PHR J1737-2126,264.42275,-21.44066,33,0.55,1.06,,2006MNRAS.373...79P,,
2250,PN G005.8-08.6,L,PPA J1832-2759,278.20983,-27.99039,6,0.1,1.09,,2006MNRAS.373...79P,,
2251,PN G005.8-09.2,L,PPA J1835-2811,278.83745,-28.1978,11,0.183,1,,2006MNRAS.373...79P,,
2252,PN G005.9-09.8,T,CGMW 4-2031,279.47752,-28.45867,49,0.817,1.4,140,2006MNRAS.373...79P,,
2253,PN G006.0+05.6,T,PHR J1738-2052,264.60713,-20.87165,19,0.317,1.06,,2006MNRAS.373...79P,,
2254,PN G006.0+01.2,T,PHR J1754-2309,268.68668,-23.15196,17,0.283,1.55,,2006MNRAS.373...79P,,
2255,PN G006.1+01.5,T,PHR J1753-2254,268.43876,-22.90033,25,0.417,1.47,65,2006MNRAS.373...79P,,
2256,PN G006.1+03.9,T,PHR J1745-2141,266.27708,-21.6992,19,0.317,1.19,0,2006MNRAS.373...79P,,
2257,PN G006.1+03.5,T,PHR J1746-2150,266.55586,-21.84699,18,0.3,1.13,,2006MNRAS.373...79P,,
2258,PN G006.1-02.1,T,PPA J1807-2439,271.92062,-24.65561,15.5,0.258,1.11,,2006MNRAS.373...79P,,
2259,PN G006.1+00.8,T,PPA J1756-2311,269.13837,-23.19639,9,0.15,1,,2006MNRAS.373...79P,,
2260,PN G006.2+06.9,T,PHR J1734-2000,263.55716,-20.01404,20,0.333,1.05,,2006MNRAS.373...79P,,
2261,PN G006.2-09.1,T,CGMW 4-1723,278.93578,-27.85585,23,0.383,1.1,,2006MNRAS.373...79P,,
2262,PN G006.3+02.2,T,MPA J1751-2223,267.9169,-22.38821,8,0.133,1,,2008MNRAS.384..525M,,
2263,PN G006.3+01.7,T,PHR J1753-2234,268.36797,-22.57305,72,1.2,1.14,170,2006MNRAS.373...79P,,
2264,PN G006.3-04.6,T,PPA J1818-2541,274.50624,-25.68419,16,0.267,1.07,,2006MNRAS.373...79P,,
2265,PN G006.4-03.4,T,PHR J1813-2505,273.36247,-25.09779,32,0.533,1.45,147,2006MNRAS.373...79P,,
2266,PN G006.4-05.5,T,PHR J1821-2601,275.44248,-26.02921,23,0.383,1.15,140,2006MNRAS.373...79P,,
2267,PN G006.5-03.9,T,PHR J1815-2513,273.849,-25.2291,30,0.5,1.25,20,2006MNRAS.373...79P,,
2268,PN G006.5+08.7,T,PHR J1728-1844,262.05839,-18.74196,51,0.85,1.19,54,2006MNRAS.373...79P,,
2269,PN G006.5+04.3,T,PHR J1744-2103,266.045,-21.0507,36,0.6,,,2006MNRAS.373...79P,,
2270,PN G006.6-04.7,T,PHR J1818-2531,274.71127,-25.52666,16,0.267,1,,2006MNRAS.373...79P,,
2271,PN G006.7+03.2,T,MPA J1749-2127,267.25992,-21.46847,21,0.35,1.4,,2008MNRAS.384..525M,,
2272,PN G006.8-07.5,L,PPA J1830-2637,277.61797,-26.62167,13.2,0.22,,,2006MNRAS.373...79P,,
2273,PN G006.9+01.5,T,MPA J1755-2212,268.90271,-22.21312,4,0.067,1,,2008MNRAS.384..525M,,
2274,PN G006.9-05.1,T,MPA J1820-2524,275.24028,-25.40623,21,0.35,1.31,,2008MNRAS.384..525M,,
2275,PN G007.1+07.4,T,PHR J1734-1901,263.62633,-19.01694,28,0.467,1.56,136,2006MNRAS.373...79P,,
2276,PN G007.1-05.0,T,PHR J1820-2510,275.24496,-25.17167,22,0.367,1.16,65,2006MNRAS.373...79P,,
2278,PN G007.2+04.9,T,PHR J1743-2013,265.89165,-20.23216,20,0.333,1.43,118,2006MNRAS.373...79P,,
2279,PN G007.2+03.4,T,PHR J1749-2101,267.30732,-21.02871,17,0.283,1,,2006MNRAS.373...79P,,
2280,PN G007.2-08.1,T,PHR J1833-2632,278.33954,-26.54111,28,0.467,1,,2006MNRAS.373...79P,,
2282,PN G007.2-03.6,T,MPA J1816-2427,274.00076,-24.45944,12,0.2,1.2,,2008MNRAS.384..525M,,
2283,PN G007.3+07.8,T,PHR J1733-1836,263.31623,-18.60448,35,0.583,1,,2006MNRAS.373...79P,,
2284,PN G007.3+01.7,T,PHR J1755-2142,268.89457,-21.71058,17,0.283,1.13,30,2006MNRAS.373...79P,,
2285,PN G007.3-10.1,T,PHR J1841-2716,280.47851,-27.27849,15,0.25,1.15,,2006MNRAS.373...79P,,
2286,PN G007.4+01.7,T,PHR J1755-2140,268.92694,-21.6718,20,0.333,1.43,13,2006MNRAS.373...79P,,
2288,PN G007.5-02.4,T,PPA J1811-2337,272.91894,-23.62114,11,0.183,1.22,,2006MNRAS.373...79P,,
2289,PN G007.5+02.7,T,PHR J1752-2102,268.12881,-21.0347,15.5,0.258,1.03,,2006MNRAS.373...79P,,
2291,PN G007.6+02.0,T,PHR J1755-2118,268.76498,-21.31059,15,0.25,1,,2006MNRAS.373...79P,,
2292,PN G007.7+01.2,T,PHR J1758-2139,269.60209,-21.66084,160,2.667,1.7,,2006MNRAS.373...79P,,
2293,PN G007.7-01.6,T,PHR J1809-2303,272.30271,-23.06576,14,0.233,1.27,,2006MNRAS.373...79P,,
2294,PN G007.7+03.9,T,PHR J1748-2016,267.11416,-20.27524,11,0.183,1,,2006MNRAS.373...79P,,
2295,PN G007.8+01.2,L,MPA J1758-2135,269.64104,-21.58747,5,0.083,1,,2008MNRAS.384..525M,,
2296,PN G007.9+04.3,T,PHR J1747-1957,266.81457,-19.95774,18,0.3,1.29,80,2006MNRAS.373...79P,,
2297,PN G007.9-12.5,T,PHR J1852-2749,283.21213,-27.81911,22,0.367,1,,2006MNRAS.373...79P,,
2298,PN G007.9+03.8,T,PHR J1748-2009,267.24256,-20.15833,23,0.383,1,,2006MNRAS.373...79P,,
2299,PN G007.9-04.1,T,PPA J1819-2405,274.8335,-24.08454,16,0.267,1.19,,2006MNRAS.373...79P,,
2300,PN G008.1+01.3,T,PHR J1758-2112,269.66919,-21.21278,11,0.183,1.22,,2006MNRAS.373...79P,,
2301,PN G008.3+07.1,T,BMP J1738-1808,264.56478,-18.1406,47,0.783,1.07,,2008MNRAS.384..525M,,
2302,PN G008.3+09.6,T,PTB 26,262.30533,-16.79544,30,0.5,2.14,120,2006MNRAS.373...79P,,
2303,PN G008.3-05.3,T,PHR J1824-2416,276.18041,-24.27523,21,0.35,1.05,,2006MNRAS.373...79P,,
2304,PN G008.4-02.8,T,PHR J1815-2300,273.80401,-23.01812,14,0.233,1.17,85,2006MNRAS.373...79P,,
2305,PN G008.4+01.7,T,BMP J1757-2044,269.49309,-20.74834,34,0.567,1.1,,2008MNRAS.384..525M,,
2306,PN G008.6-02.2,T,PPA J1813-2233,273.29444,-22.55751,7.5,0.125,1.07,,2006MNRAS.373...79P,,
2307,PN G008.6+01.0,T,PHR J1801-2057,270.25455,-20.95944,14,0.233,1.27,,2006MNRAS.373...79P,,
2308,PN G008.7+01.8,L,BMP J1758-2031,269.56477,-20.52698,35,0.583,1.09,,2008MNRAS.384..525M,,
2309,PN G008.7-04.2,T,PHR J1821-2324,275.28708,-23.4022,34,0.567,1.42,135,2006MNRAS.373...79P,,
2310,PN G008.8+03.8,T,PHR J1751-1925,267.78624,-19.42976,10,0.167,1,,2006MNRAS.373...79P,,
2311,PN G009.0-02.4,T,PHR J1814-2220,273.73413,-22.34359,13,0.217,1.3,18,2006MNRAS.373...79P,,
2312,PN G009.0-02.2,T,PPA J1814-2214,273.5505,-22.24697,11,0.183,1.47,15,2006MNRAS.373...79P,,
2313,PN G009.1-02.7,T,PHR J1816-2222,274.08225,-22.38035,24,0.4,1.26,,2006MNRAS.373...79P,,
2315,PN G009.4-06.6,T,PPA J1831-2356,277.98475,-23.93546,5.5,0.092,1.38,,2006MNRAS.373...79P,,
2316,PN G009.4-01.2,T,PHR J1811-2123,272.79417,-21.38717,17.5,0.292,1.17,53,2006MNRAS.373...79P,,
2317,PN G009.5-02.4,L,PHR J1816-2152,274.03804,-21.87033,40,0.667,1.11,,2006MNRAS.373...79P,,
2320,PN G009.8-01.1,T,PHR J1811-2100,272.91258,-21.01231,32,0.533,2.67,10,2006MNRAS.373...79P,,
2321,PN G009.9-04.3,T,PHR J1824-2226,276.03123,-22.43718,40,0.667,1,,2006MNRAS.373...79P,,
2322,PN G009.9+04.5,T,PHR J1750-1803,267.697,-18.0582,36,0.6,1.89,60,2006MNRAS.373...79P,,
2323,PN G010.1+04.4,T,PTB 30,267.94374,-18.06918,28,0.467,1.04,,2006MNRAS.373...79P,,
2324,PN G010.0-02.0,T,MPA J1815-2113,273.90399,-21.22259,8,0.133,1,,2008MNRAS.384..525M,,
2325,PN G010.0-01.5,T,Sab 88,273.39742,-20.95128,17,0.283,1.7,65,2006MNRAS.373...79P,,
2326,PN G010.1+07.4,T,Sab 21,265.26947,-16.41364,10,0.167,,,2006MNRAS.373...79P,,
2327,PN G010.2+00.3,T,PHR J1806-1956,271.73043,-19.93839,61,1.017,1.22,50,2006MNRAS.373...79P,,
2328,PN G010.2+02.4,T,PHR J1759-1853,269.77125,-18.88947,13,0.217,1.44,,2006MNRAS.373...79P,,
2329,PN G010.2+02.7,T,PHR J1758-1841,269.55983,-18.69044,8,0.133,1,,2006MNRAS.373...79P,,
2330,PN G010.5-04.0,T,PHR J1824-2144,276.05496,-21.74564,44,0.733,,,2006MNRAS.373...79P,,
2331,PN G010.6+02.4,T,MPA J1800-1834,270.03423,-18.576,9,0.15,1,,2008MNRAS.384..525M,,
2332,PN G010.7-02.3,T,MPA J1818-2044,274.51834,-20.73722,13,0.217,1.44,,2008MNRAS.384..525M,,
2333,PN G011.0+01.4,T,PHR J1804-1842,271.12172,-18.71137,18.5,0.308,1.12,60,2006MNRAS.373...79P,,
2334,PN G011.0-02.9,T,PTB 31,275.22433,-20.80344,14,0.233,1.17,,2006MNRAS.373...79P,,
2335,PN G011.0-06.4,T,MPA J1834-2222,278.61463,-22.36839,58,0.967,1.05,,2008MNRAS.384..525M,,
2336,PN G011.2-02.7,L,Sab 86,275.14874,-20.50694,38,0.633,1,,2006MNRAS.373...79P,,
2337,PN G011.4-05.3,T,PPA J1830-2130,277.67579,-21.53056,21,0.35,1.31,,2006MNRAS.373...79P,,
2340,PN G012.0+07.4,T,PHR J1745-1453,266.28086,-14.88969,23,0.383,1.28,165,2006MNRAS.373...79P,,
2341,PN G012.1-02.6,T,PTB 35,275.4325,-19.66333,15,0.25,1.5,,2006MNRAS.373...79P,,
2342,PN G012.1-02.1,T,PHR J1820-1926,275.07333,-19.44316,10.2,0.17,1,,2006MNRAS.373...79P,,
2343,PN G012.1-11.2,T,CGMW 4-3783,283.77033,-23.47019,20.5,0.342,1.14,,2006MNRAS.373...79P,,
2344,PN G012.1+02.8,T,PHR J1801-1701,270.48209,-17.03107,22,0.367,1.13,150,2006MNRAS.373...79P,,
2345,PN G012.2-01.9,L,PHR J1819-1916,274.84296,-19.26947,39.3,0.655,,,2006MNRAS.373...79P,,
2346,PN G012.4+02.4,T,MPA J1803-1657,270.97953,-16.95622,8,0.133,1.33,,2008MNRAS.384..525M,,
2347,PN G012.5+04.3,T,PHR J1757-1556,269.29376,-15.93836,29,0.483,1.16,113,2006MNRAS.373...79P,,
2348,PN G012.5+02.1,T,MPA J1804-1658,271.23949,-16.9813,8,0.133,1.6,,2008MNRAS.384..525M,,
2349,PN G012.8-04.7,T,MPA J1831-2002,277.84547,-20.03548,10,0.167,1.43,,2008MNRAS.384..525M,,
2351,PN G012.9+02.4,T,MPA J1804-1633,271.22034,-16.5641,6,0.1,1,,2008MNRAS.384..525M,,
2352,PN G012.9+02.6,T,MPA J1804-1627,271.04367,-16.46237,10,0.167,1,,2008MNRAS.384..525M,,
2353,PN G012.9+03.3,T,PHR J1801-1602,270.39488,-16.03858,51,0.85,1.55,,2006MNRAS.373...79P,,
2354,PN G013.1+05.0,T,Sa 3-96,268.94313,-15.04536,21,0.35,1.5,85,2006MNRAS.373...79P,,
2355,PN G013.2-05.0,T,PHR J1832-1949,278.19122,-19.8247,21,0.35,1.05,,2006MNRAS.373...79P,,
2356,PN G013.3+01.1,T,Sh 2-42,272.55654,-16.79467,164,2.733,1.43,,2006MNRAS.373...79P,,
2357,PN G013.4+08.8,T,PHR J1742-1256,265.74127,-12.9467,36,0.6,1,,2006MNRAS.373...79P,,
2358,PN G013.4-02.9,T,PHR J1825-1839,276.39798,-18.6622,30.5,0.508,1.09,,2006MNRAS.373...79P,,
2359,PN G013.7-04.7,T,PHR J1832-1914,278.14429,-19.23528,15.8,0.263,,90,2006MNRAS.373...79P,,
2360,PN G014.2+03.8,T,PM 1-205,270.65954,-14.70081,19,0.317,1,,2006MNRAS.373...79P,,
2361,PN G014.5+00.4,L,MPA J1815-1602,273.83817,-16.04888,6,0.1,1.2,,2008MNRAS.384..525M,,
2362,PN G014.6+02.3,T,PHR J1808-1506,272.13291,-15.11054,29,0.483,1.12,50,2006MNRAS.373...79P,,
2363,PN G014.6+01.0,T,PHR J1813-1543,273.37083,-15.72189,27,0.45,1.29,175,2006MNRAS.373...79P,,
2365,PN G014.7+04.3,L,MPA J1801-1402,270.44368,-14.03863,5,0.083,1,,2008MNRAS.384..525M,,
2366,PN G014.8-08.4,T,PHR J1849-1952,282.35075,-19.87039,19,0.317,1.12,,2006MNRAS.373...79P,,
2367,PN G015.1+02.8,T,MPA J1807-1425,271.91319,-14.4247,4,0.067,1,,2008MNRAS.384..525M,,
2368,PN G015.5+02.8,T,BMP J1808-1406,272.14614,-14.11195,540,9,1,,2008MNRAS.384..525M,,
2369,PN G015.5+01.0,T,PHR J1815-1457,273.77663,-14.95575,9,0.15,1.13,,2006MNRAS.373...79P,,
2370,PN G015.5-00.0,L,PHR J1818-1526,274.74666,-15.43919,55,0.917,5,,2006MNRAS.373...79P,,
2371,PN G015.5+06.0,T,PHR J1757-1230,269.2809,-12.50082,15,0.25,1.15,,2006MNRAS.373...79P,,
2372,PN G016.0-07.6,T,SB 21,282.04613,-18.49353,24.6,0.41,1.03,135,2006MNRAS.373...79P,,
2373,PN G016.3-02.3,T,PHR J1828-1549,277.23246,-15.82167,69,1.15,1.11,168,2006MNRAS.373...79P,,
2374,PN G016.4-00.9,T,PHR J1824-1505,276.00871,-15.09253,30,0.5,1.67,139,2006MNRAS.373...79P,,
2375,PN G016.6+03.1,T,PHR J1809-1300,272.40085,-12.99944,16,0.267,1.23,90,2006MNRAS.373...79P,,
2376,PN G016.6+04.8,T,PHR J1803-1209,270.91336,-12.16612,10,0.167,1.25,,2006MNRAS.373...79P,,
2377,PN G016.7-01.8,T,MPA J1828-1516,277.01088,-15.27267,20,0.333,1,,2008MNRAS.384..525M,,
2378,PN G016.8+07.0,T,PHR J1756-1057,269.08917,-10.95995,35.5,0.592,1.06,,2006MNRAS.373...79P,,
2379,PN G016.8-01.7,T,BMP J1827-1504,276.96143,-15.07332,8,0.133,1,,2008MNRAS.384..525M,,
2380,PN G017.2+00.1,L,PHR J1821-1353,275.43294,-13.88693,20,0.333,3.33,,2006MNRAS.373...79P,,
2381,PN G017.2-01.7,T,MPA J1828-1441,277.12747,-14.68944,5,0.083,1,,2008MNRAS.384..525M,,
2382,PN G017.5-09.2,T,SB 24,284.31888,-17.84694,15.3,0.255,1.8,,2006MNRAS.373...79P,,
2383,PN G017.5+01.0,T,MPA J1819-1307,274.75946,-13.11764,6,0.1,1.2,,2008MNRAS.384..525M,,
2384,PN G017.6+02.6,T,PHR J1813-1220,273.39021,-12.3465,8,0.133,1,,2006MNRAS.373...79P,,
2385,PN G018.0-02.2,T,PHR J1831-1415,277.96,-14.25575,54,0.9,1.29,56,2006MNRAS.373...79P,,
2386,PN G018.1+01.5,T,MPA J1818-1224,274.61225,-12.40424,16,0.267,1.45,,2008MNRAS.384..525M,,
2387,PN G018.2-00.9,T,MPA J1827-1328,276.87378,-13.47178,13.5,0.225,,,2008MNRAS.384..525M,,
2388,PN G018.4+05.3,T,PTB 24,271.36754,-10.34531,13,0.217,1,,2006MNRAS.373...79P,,
2389,PN G018.5-01.6,T,PHR J1830-1331,277.67668,-13.5192,20,0.333,1.18,160,2006MNRAS.373...79P,,
2390,PN G018.8-01.9,T,PHR J1832-1326,278.01896,-13.43756,42,0.7,1.17,,2006MNRAS.373...79P,,
2391,PN G018.8-01.6,T,MPA J1831-1319,277.83646,-13.32719,7,0.117,1.17,,2008MNRAS.384..525M,,
2392,PN G019.1+00.8,T,MPA J1822-1153,275.72356,-11.88593,11,0.183,1,,2008MNRAS.384..525M,,
2393,PN G019.2-01.6,T,MPA J1831-1256,277.97072,-12.93717,11,0.183,1,,2008MNRAS.384..525M,,
2395,PN G019.6+00.7,T,MPA J1824-1126,276.01674,-11.43755,13,0.217,1,,2008MNRAS.384..525M,,
2396,PN G019.7-10.7,L,MPA J1906-1634,286.63663,-16.56678,242,4.033,1.83,,2008MNRAS.384..525M,,
2397,PN G019.8+01.9,L,PHR J1820-1042,275.06492,-10.71342,25,0.417,1.04,,2006MNRAS.373...79P,,
2398,PN G019.9-02.8,T,PHR J1837-1249,279.45917,-12.82774,24,0.4,1.14,,2006MNRAS.373...79P,,
2399,PN G020.4+02.0,T,MPA J1820-1009,275.21199,-10.16187,6,0.1,1,,2008MNRAS.384..525M,,
2400,PN G020.4-07.0,T,MPA J1854-1420,283.56213,-14.33256,149,2.483,1.26,,2008MNRAS.384..525M,,
2401,PN G020.4+02.2,T,PHR J1820-1002,275.06414,-10.0414,24,0.4,1.3,115,2006MNRAS.373...79P,,
2402,PN G020.5-02.9,T,MPA J1839-1219,279.78692,-12.32004,7,0.117,1,,2008MNRAS.384..525M,,
2404,PN G020.7-08.0,L,MPA J1858-1430,284.58033,-14.50719,210,3.5,1,,2008MNRAS.384..525M,,
2405,PN G020.9-11.3,T,PHR J1911-1546,287.76833,-15.76858,157,2.617,1.02,,2006MNRAS.373...79P,,
2406,PN G021.0-04.0,T,PHR J1844-1226,281.03175,-12.44725,15,0.25,1.07,,2006MNRAS.373...79P,,
2407,PN G021.0+03.4,T,MPA J1817-0856,274.27175,-8.94706,10,0.167,1,,2008MNRAS.384..525M,,
2408,PN G021.0-04.3,T,PHR J1845-1231,281.317,-12.5277,17,0.283,1.06,,2006MNRAS.373...79P,,
2409,PN G021.1+03.1,L,PHR J1818-0902,274.61168,-9.03998,16,0.267,1.14,,2006MNRAS.373...79P,,
2410,PN G021.2+02.9,T,MPA J1819-0901,274.77776,-9.03063,7,0.117,1.17,,2008MNRAS.384..525M,,
2411,PN G021.2+00.9,T,PHR J1826-0953,276.60875,-9.89059,47.6,0.793,,,2006MNRAS.373...79P,,
2412,PN G021.3+02.2,T,MPA J1822-0914,275.52372,-9.23583,8,0.133,1,,2008MNRAS.384..525M,,
2413,PN G022.0+01.3,L,PHR J1826-0859,276.61792,-8.98888,51,0.85,1.34,,2006MNRAS.373...79P,,
2414,PN G022.1+03.0,L,PHR J1820-0810,275.1825,-8.16714,8,0.133,1,,2006MNRAS.373...79P,,
2415,PN G022.8-01.9,T,MPA J1839-0953,279.93611,-9.88761,11,0.183,1.38,,2008MNRAS.384..525M,,
2416,PN G023.2-02.6,T,MPA J1842-0949,280.74039,-9.83064,9,0.15,1,,2008MNRAS.384..525M,,
2417,PN G023.4+00.7,T,PHR J1831-0805,277.83168,-8.09524,12.5,0.208,1.39,145,2006MNRAS.373...79P,,
2418,PN G023.5-00.1,T,PHR J1834-0824,278.67328,-8.40558,31,0.517,1.19,,2006MNRAS.373...79P,,
2419,PN G023.7-01.9,T,MPA J1841-0904,280.34585,-9.06836,7,0.117,1,,2008MNRAS.384..525M,,
2420,PN G023.8-06.2,L,BMP J1857-1054,284.29083,-10.91417,195,3.25,1,,2008MNRAS.384..525M,,
2421,PN G023.9-01.2,T,MPA J1839-0837,279.86321,-8.61923,10,0.167,1.11,,2008MNRAS.384..525M,,
2422,PN G023.9-06.5,T,MPA J1858-1054,284.63657,-10.90814,7,0.117,1.17,,2008MNRAS.384..525M,,
2424,PN G024.2+01.8,T,MPA J1828-0652,277.20017,-6.86666,7,0.117,1,,2008MNRAS.384..525M,,
2425,PN G024.4-03.5,T,PHR J1848-0912,282.13628,-9.20053,19,0.317,1.27,60,2006MNRAS.373...79P,,
2426,PN G024.4+00.9,T,MPA J1832-0706,278.09541,-7.11592,11.9,0.198,,,2008MNRAS.384..525M,,
2429,PN G024.7+03.9,T,PHR J1822-0529,275.61337,-5.4878,27,0.45,1.8,,2006MNRAS.373...79P,,
2430,PN G025.1-08.4,T,MPA J1907-1043,286.88527,-10.72909,10,0.167,1,,2008MNRAS.384..525M,,
2431,PN G025.4-09.2,T,PHR J1911-1049,287.77783,-10.82147,30,0.5,1.11,,2006MNRAS.373...79P,,
2432,PN G025.5-06.8,T,MPA J1902-0940,285.65617,-9.66821,11,0.183,1,,2008MNRAS.384..525M,,
2433,PN G025.6+02.8,T,MPA J1827-0510,276.98916,-5.173,10,0.167,1,,2008MNRAS.384..525M,,
2435,PN G025.9+03.4,T,PHR J1826-0435,276.57333,-4.58975,18,0.3,1.06,,2006MNRAS.373...79P,,
2436,PN G026.0-01.0,T,PHR J1842-0637,280.665,-6.61701,24,0.4,,,2006MNRAS.373...79P,,
2438,PN G026.1-06.3,L,PHR J1901-0855,285.47871,-8.92228,41,0.683,1.21,,2006MNRAS.373...79P,,
2439,PN G026.2-03.4,T,PHR J1851-0732,282.88042,-7.54143,45,0.75,1.29,7,2006MNRAS.373...79P,,
2440,PN G026.4+02.7,T,PHR J1829-0431,277.3925,-4.52726,22,0.367,1.47,25,2006MNRAS.373...79P,,
2441,PN G026.7-01.2,T,PHR J1844-0603,281.12082,-6.05695,15,0.25,1.15,,2006MNRAS.373...79P,,
2442,PN G026.8-01.0,T,MPA J1843-0556,280.99114,-5.93897,5,0.083,,,2008MNRAS.384..525M,,
2443,PN G026.8-00.1,T,MPA J1840-0529,280.20542,-5.49565,4,0.067,,,2008MNRAS.384..525M,,
2444,PN G026.8-00.5,T,PHR J1842-0539,280.57596,-5.65164,90,1.5,1.38,,2006MNRAS.373...79P,,
2445,PN G026.9+04.4,T,FP J1824-0319,276.06708,-3.30556,1900,31.667,1.32,,2006MNRAS.373...79P,,
2446,PN G026.9-00.7,T,PHR J1843-0541,280.79438,-5.69697,48,0.8,1.23,56,2006MNRAS.373...79P,,
2447,PN G027.0+01.3,T,MPA J1835-0440,278.97434,-4.669,7,0.117,1,,2008MNRAS.384..525M,,
2448,PN G027.0+01.5,T,PHR J1835-0429,278.79831,-4.485,41,0.683,1.14,,2006MNRAS.373...79P,,
2449,PN G027.4-00.9,T,PHR J1844-0517,281.22721,-5.29211,128,2.133,2,,2006MNRAS.373...79P,,
2450,PN G027.5+01.0,L,PHR J1838-0417,279.50892,-4.29003,15,0.25,1.15,,2006MNRAS.373...79P,,
2451,PN G027.6-00.8,T,PHR J1844-0503,281.18992,-5.06517,35,0.583,2.92,40,2006MNRAS.373...79P,,
2452,PN G027.7-02.1,T,MPA J1849-0537,282.37202,-5.62669,11,0.183,1.38,,2008MNRAS.384..525M,,
2453,PN G027.7+05.1,L,PHR J1823-0214,275.94808,-2.24203,33,0.55,1.38,,2006MNRAS.373...79P,,
2454,PN G027.7-00.6,T,PHR J1844-0452,281.06842,-4.88153,38,0.633,1,,2006MNRAS.373...79P,,
2455,PN G027.8-00.7,T,MPA J1844-0454,281.20681,-4.89991,7,0.117,1,,2008MNRAS.384..525M,,
2456,PN G027.8+02.7,T,PHR J1832-0317,278.12992,-3.29575,34.3,0.572,,50,2006MNRAS.373...79P,,
2457,PN G027.8+02.3,T,MPA J1833-0325,278.40968,-3.43218,10,0.167,1,,2008MNRAS.384..525M,,
2458,PN G027.8+00.5,T,MPA J1840-0415,280.1055,-4.25935,6.3,0.105,,,2008MNRAS.384..525M,,
2459,PN G027.9-01.4,L,PHR J1847-0507,281.86879,-5.12333,103,1.717,1.02,,2006MNRAS.373...79P,,
2460,PN G028.5-01.4,T,PHR J1848-0435,282.169,-4.59842,44,0.733,1.05,,2006MNRAS.373...79P,,
2461,PN G028.7-03.2,T,PHR J1855-0510,283.83096,-5.17436,16.5,0.275,1.1,40,2006MNRAS.373...79P,,
2462,PN G028.8-00.2,L,PHR J1845-0343,281.27583,-3.72678,51,0.85,1.7,,2006MNRAS.373...79P,,
2463,PN G028.9+00.2,T,PHR J1843-0325,280.81377,-3.42414,10,0.167,1.11,,2006MNRAS.373...79P,,
2464,PN G029.0+02.2,T,MPA J1836-0227,279.04452,-2.4538,10,0.167,1,,2008MNRAS.384..525M,,
2465,PN G029.2-01.8,T,PHR J1851-0408,282.80071,-4.14858,11,0.183,1,,2006MNRAS.373...79P,,
2467,PN G029.4-02.3,T,MPA J1853-0414,283.37769,-4.23576,3.2,0.053,,,2008MNRAS.384..525M,,
2468,PN G029.5+00.6,T,PHR J1842-0246,280.73763,-2.76664,24,0.4,1.85,,2006MNRAS.373...79P,,
2469,PN G029.8+00.5,T,PHR J1843-0232,280.98708,-2.53555,61,1.017,1.13,20,2006MNRAS.373...79P,,
2470,PN G030.0-04.2,T,PHR J1901-0429,285.31081,-4.49246,13,0.217,1,,2006MNRAS.373...79P,,
2471,PN G030.0+00.0,T,PHR J1846-0233,281.51127,-2.55223,36,0.6,1.16,,2006MNRAS.373...79P,,
2472,PN G030.2+01.5,T,MPA J1841-0140,280.26896,-1.68044,10,0.167,1.25,,2008MNRAS.384..525M,,
2473,PN G030.5-00.2,T,PHR J1847-0215,281.94767,-2.25825,20,0.333,1.43,,2006MNRAS.373...79P,,
2474,PN G031.0-02.1,T,MPA J1855-0240,283.89397,-2.67404,8,0.133,1.14,,2008MNRAS.384..525M,,
2475,PN G031.1-01.3,T,MPA J1852-0210,283.23268,-2.18236,8,0.133,1.14,,2008MNRAS.384..525M,,
2476,PN G031.6-01.5,T,PHR J1854-0151,283.672,-1.85428,21,0.35,1.4,,2006MNRAS.373...79P,,
2477,PN G031.8-01.5,T,MPA J1854-0139,283.70097,-1.65611,6,0.1,1.2,,2008MNRAS.384..525M,,
2478,PN G032.0+01.7,T,PHR J1843+0002,280.938,0.03939,13.5,0.225,1.08,,2006MNRAS.373...79P,,
2479,PN G032.2-01.4,T,PHR J1855-0116,283.82045,-1.28252,47,0.783,1.04,,2006MNRAS.373...79P,,
2480,PN G032.3-00.5,T,MPA J1852-0044,283.10056,-0.74621,5,0.083,1,,2008MNRAS.384..525M,,
2481,PN G032.5+01.5,T,PHR J1845+0021,281.25295,0.3564,33,0.55,1.14,,2006MNRAS.373...79P,,
2482,PN G032.5+03.2,T,MPA J1839+0106,279.79926,1.10697,10,0.167,1,,2008MNRAS.384..525M,,
2483,PN G032.5-00.0,T,PHR J1850-0021,282.71313,-0.35839,9.9,0.165,,,2006MNRAS.373...79P,,
2484,PN G032.5-00.4,T,MPA J1852-0033,283.10634,-0.55728,3,0.05,,,2008MNRAS.384..525M,,
2485,PN G032.5-00.3,T,Te 7,282.94793,-0.47477,15,0.25,1.25,,2006A&A...447..921K,,
2486,PN G032.5-05.2,T,MPA J1909-0242,287.38192,-2.70829,10,0.167,1,,2008MNRAS.384..525M,,
2487,PN G032.6+02.4,T,MPA J1842+0050,280.5475,0.84216,6,0.1,1,,2008MNRAS.384..525M,,
2488,PN G032.6-01.2,T,MPA J1855-0048,283.85711,-0.80632,8,0.133,,,2008MNRAS.384..525M,,
2489,PN G032.7-02.9,T,PHR J1901-0129,285.43033,-1.49356,10,0.167,3.33,,2006MNRAS.373...79P,,
2490,PN G033.2-04.0,T,PHR J1906-0133,286.56371,-1.556,158,2.633,1.68,,2006MNRAS.373...79P,,
2491,PN G033.4-06.9,T,PHR J1917-0240,289.31919,-2.67388,16,0.267,1.07,,2006MNRAS.373...79P,,
2492,PN G033.7-02.0a,T,PHR J1900-0014,285.01388,-0.23367,48,0.8,1.37,,2006MNRAS.373...79P,,
2493,PN G033.8+01.5,T,PHR J1847+0132,281.93912,1.54639,51,0.85,1.38,,2006MNRAS.373...79P,,
2494,PN G033.9-02.9,T,PHR J1903-0027,285.93071,-0.45003,15,0.25,1.15,,2006MNRAS.373...79P,,
2495,PN G033.9-00.9,T,PHR J1856+0028,284.21313,0.48158,8,0.133,1.14,,2006MNRAS.373...79P,,
2496,PN G034.0-02.2,T,MPA J1901+0000,285.40012,0.00302,7,0.117,1,,2008MNRAS.384..525M,,
2497,PN G034.1-01.6,L,MPA J1859+0017,284.85745,0.29301,10,0.167,1.25,,2008MNRAS.384..525M,,
2498,PN G034.7-06.2,T,PHR J1917-0112,289.28129,-1.20697,20,0.333,,,2006MNRAS.373...79P,,
2499,PN G035.5-00.4,T,PHR J1857+0207,284.49821,2.11872,11,0.183,1,,2006MNRAS.373...79P,,
2500,PN G035.6-04.2,T,MPA J1911+0027,287.85319,0.46255,66,1.1,,,2008MNRAS.384..525M,,
2501,PN G037.3-07.1,T,MPA J1924+0038,291.2404,0.64428,7,0.117,1,,2008MNRAS.384..525M,,
2502,PN G037.6-04.7,T,BMP J1917+0200,289.28038,2.00282,76,1.267,1.19,,2008MNRAS.384..525M,,
2503,PN G037.7-06.0,T,MPA J1921+0132,290.43542,1.54461,3.5,0.058,,,2008MNRAS.384..525M,,
2504,PN G037.7-05.9,T,PHR J1921+0136,290.33707,1.60394,16,0.267,1,,2006MNRAS.373...79P,,
2505,PN G039.8-06.9,T,PHR J1928+0253,292.21367,2.89861,40.6,0.677,,,2006MNRAS.373...79P,,
2506,PN G209.1-08.2,T,PHR J0615-0025,93.83483,-0.43042,104,1.733,1.02,,2006MNRAS.373...79P,,
2507,PN G212.2-04.7,L,PHR J0633-0135,98.28992,-1.58622,60,1,1,,2006MNRAS.373...79P,,
2508,PN G212.6-00.0,T,PHR J0650+0013,102.66872,0.2278,40,0.667,1.6,,2006MNRAS.373...79P,,
2510,PN G214.6+02.9,T,PHR J0704-0011,106.2358,-0.18748,14,0.233,1,,2006MNRAS.373...79P,,
2512,PN G215.5-01.4,T,PHR J0651-0257,102.78038,-2.95197,8.5,0.142,1,,2006MNRAS.373...79P,,
2513,PN G215.7-03.9,T,BMP J0642-0417,100.57667,-4.29684,700,11.667,1.3,,2008MNRAS.384..525M,,
2514,PN G216.0+07.4,L,PHR J0723+0036,110.95108,0.60875,80,1.333,1.33,,2006MNRAS.373...79P,,
2515,PN G216.9-05.2,T,MPA J0639-0554,99.99207,-5.91575,5,0.083,,,2008MNRAS.384..525M,,
2516,PN G217.2+00.9,T,PHR J0702-0324,105.64338,-3.409,52,0.867,1.17,,2006MNRAS.373...79P,,
2517,PN G219.1+03.0,T,MPA J0713-0405,108.44972,-4.0855,66,1.1,1.2,,2008MNRAS.384..525M,,
2519,PN G219.5+02.8,T,BMP J0713-0432,108.46299,-4.54952,125,2.083,,,2008MNRAS.384..525M,,
2520,PN G221.0-01.4,T,PHR J0701-0749,105.28921,-7.82331,67,1.117,1.02,,2006MNRAS.373...79P,,
2522,PN G222.1+03.9,T,PFP 1,110.58446,-6.36556,1150,19.167,1.05,,2006MNRAS.373...79P,,
2523,PN G222.5+07.6,T,BMP J0736-0500,114.09607,-5.00563,88,1.467,1.6,,2008MNRAS.384..525M,,
2524,PN G222.8-04.2,T,PM 1-23,103.556,-10.76064,27,0.45,1.69,,2006MNRAS.373...79P,,
2525,PN G222.9-01.1,T,PHR J0705-0924,106.46475,-9.40511,85,1.417,1.06,,2006MNRAS.373...79P,,
2526,PN G223.1+01.4,T,BMP J0715-0826,108.88521,-8.44696,30,0.5,1.07,,2008MNRAS.384..525M,,
2527,PN G223.6-06.8,L,PHR J0646-1235,101.60578,-12.59887,40,0.667,1.08,,2006MNRAS.373...79P,,
2528,PN G224.3-05.5,L,PHR J0652-1240,103.08225,-12.67814,187,3.117,1.04,,2006MNRAS.373...79P,,
2529,PN G224.3-03.4,T,PHR J0700-1144,105.02392,-11.73017,49,0.817,1.04,,2006MNRAS.373...79P,,
2530,PN G225.2+00.1,T,PHR J0714-1051,108.62,-10.86217,7,0.117,1.4,,2006MNRAS.373...79P,,
2531,PN G225.4+00.4,T,PN We 2-37,109.03392,-10.88358,104.5,1.742,1.47,,2006MNRAS.373...79P,,
2532,PN G225.5-02.5,L,MPA J0705-1224,106.40499,-12.41442,20,0.333,1,,2008MNRAS.384..525M,,
2533,PN G226.4-01.3,T,PHR J0711-1238,107.935,-12.6347,56.5,0.942,1.03,,2006MNRAS.373...79P,,
2534,PN G227.1+00.5,T,PHR J0719-1222,109.94456,-12.37974,193,3.217,1.03,,2006MNRAS.373...79P,,
2535,PN G227.2-03.4,T,PHR J0705-1419,106.41125,-14.31769,15,0.25,1,,2006MNRAS.373...79P,,
2537,PN G228.0-00.4,T,MPA J0717-1334,109.4895,-13.56881,192,3.2,2.13,,2008MNRAS.384..525M,,
2539,PN G228.6+01.9,T,PHR J0727-1259,111.95416,-12.99172,48.5,0.808,1.03,,2006MNRAS.373...79P,,
2540,PN G229.0-08.7,T,MPA J0649-1816,102.26137,-18.2772,12,0.2,1.33,,2008MNRAS.384..525M,,
2542,PN G229.3+00.0,T,PHR J0722-1434,110.56204,-14.58028,93,1.55,1.55,,2006MNRAS.373...79P,,
2543,PN G230.0+00.5,L,PHR J0725-1457,111.34835,-14.95281,93,1.55,1.48,,2006MNRAS.373...79P,,
2544,PN G231.1+03.9,T,BMP J0739-1418,114.96061,-14.30715,153,2.55,1.02,,2008MNRAS.384..525M,,
2545,PN G232.1-00.1,T,PHR J0727-1707,111.78454,-17.12057,44,0.733,1.4,,2006MNRAS.373...79P,,
2546,PN G232.6-01.0,T,PHR J0724-1757,111.1805,-17.96139,171,2.85,1.02,,2006MNRAS.373...79P,,
2547,PN G234.3-07.2,T,MPA J0704-2221,106.09585,-22.36446,190,3.167,1,,2008MNRAS.384..525M,,
2549,PN G234.9-09.7,T,MPA J0656-2356,103.99973,-23.94697,170,2.833,1.01,,2008MNRAS.384..525M,,
2550,PN G235.7+07.1,T,PHR J0800-1635,120.24625,-16.59369,157,2.617,1.05,,2006MNRAS.373...79P,,
2551,PN G236.5+02.0,T,PHR J0743-1951,115.97979,-19.86611,402,6.7,1.13,,2006MNRAS.373...79P,,
2552,PN G236.7-01.6,T,PHR J0730-2151,112.69546,-21.86221,27.5,0.458,1.02,,2006MNRAS.373...79P,,
2553,PN G236.8-00.4,L,PHR J0735-2122,113.84708,-21.37838,60,1,1.05,,2006MNRAS.373...79P,,
2554,PN G236.9+08.6,T,PHR J0809-1650,122.25596,-16.83383,14,0.233,,,2006MNRAS.373...79P,,
2555,PN G237.0+00.7,L,PHR J0740-2055,115.09733,-20.93125,240,4,1,,2006MNRAS.373...79P,,
2556,PN G237.3-08.4,L,BMP J0705-2528,106.43975,-25.48039,124,2.067,2.76,,2008MNRAS.384..525M,,
2557,PN G237.4-09.6,L,BMP J0700-2607,105.21579,-26.12183,204,3.4,1.02,,2008MNRAS.384..525M,,
2558,PN G237.6-00.1,T,BMP J0738-2155,114.52711,-21.92527,5,0.083,,,2008MNRAS.384..525M,,
2560,PN G238.1-04.6,T,PHR J0722-2431,110.55955,-24.5172,21,0.35,1.05,,2006MNRAS.373...79P,,
2561,PN G238.5+01.7,T,PHR J0747-2146,116.8275,-21.78028,143,2.383,1.02,,2006MNRAS.373...79P,,
2563,PN G240.6-07.7,T,BMP J0715-2805,108.75948,-28.09548,19,0.317,1,,2008MNRAS.384..525M,,
2564,PN G242.3-02.4,T,FP J0739-2709,114.90883,-27.15842,382,6.367,,,2006MNRAS.373...79P,,
2565,PN G242.5-05.9,T,PHR J0726-2858,111.51999,-28.97308,32,0.533,1,,2006MNRAS.373...79P,,
2566,PN G242.6-04.4,T,PHR J0732-2825,113.07292,-28.4215,32,0.533,1.78,98,2006MNRAS.373...79P,,
2567,PN G243.5-01.1,T,PHR J0747-2729,116.83925,-27.48781,20,0.333,1,,2006MNRAS.373...79P,,
2568,PN G244.2+06.2,L,PHR J0816-2410,124.2221,-24.18221,93,1.55,2.66,,2006MNRAS.373...79P,,
2569,PN G244.6-00.3,T,PHR J0753-2803,118.29163,-28.05186,65,1.083,,0,2006MNRAS.373...79P,,
2571,PN G245.1-05.5,T,BMP J0733-3108,113.3503,-31.13463,697,11.617,1.42,,2008MNRAS.384..525M,,
2572,PN G247.5-04.7,T,HFG 2,115.59904,-32.79747,180.5,3.008,1.18,,2006MNRAS.373...79P,,
2573,PN G247.8+04.9,T,FP J0821-2755,125.32628,-27.92663,305,5.083,1.27,,2006MNRAS.373...79P,,
2575,PN G248.5+10.5,T,PHR J0843-2514,130.83253,-25.24163,83.5,1.392,1.06,,2006MNRAS.373...79P,,
2576,PN G249.0-01.1,T,PHR J0800-3212,120.12417,-32.20894,12,0.2,1,,2006MNRAS.373...79P,,
2577,PN G249.8-02.7,L,PHR J0755-3346,118.98549,-33.76692,100,1.667,1.11,,2006MNRAS.373...79P,,
2578,PN G249.8+07.1,T,PHR J0834-2819,128.57533,-28.31758,161.5,2.692,1.14,55,2006MNRAS.373...79P,,
2579,PN G250.3-05.4,T,PHR J0745-3535,116.41955,-35.58902,56,0.933,1.2,148,2006MNRAS.373...79P,,
2580,PN G250.4-01.3,T,NeVe 3-3,120.80275,-33.51722,60,1,1.2,105,2006MNRAS.373...79P,,
2581,PN G250.5-05.8,T,PHR J0744-3553,116.14204,-35.89915,26,0.433,1.04,,2006MNRAS.373...79P,,
2582,PN G250.5+01.9,T,BMP J0816-3150,124.0867,-31.84984,44,0.733,1,,2008MNRAS.384..525M,,
2584,PN G250.6+09.3,T,BMP J0844-2737,131.1577,-27.62081,120,2,1.02,,2008MNRAS.384..525M,,
2586,PN G252.4-08.7,T,PHR J0736-3901,114.10493,-39.02525,28,0.467,1.1,,2006MNRAS.373...79P,,
2587,PN G253.9+00.7,T,MeWe 2-1,125.21908,-35.27561,21,0.35,,,2006MNRAS.373...79P,,
2588,PN G254.1+00.5,T,BMP J0820-3536,125.21007,-35.60036,12,0.2,1.2,,2008MNRAS.384..525M,,
2590,PN G255.8+10.9,T,FP J0905-3033,136.21704,-30.53983,882,14.7,1.34,,2006MNRAS.373...79P,,
2591,PN G257.8-06.9,T,PHR J0758-4243,119.60959,-42.73139,25,0.417,1,,2006MNRAS.373...79P,,
2592,PN G258.0-03.2,L,BMP J0815-4053,123.98683,-40.88547,407,6.783,1.66,,2008MNRAS.384..525M,,
2593,PN G258.4+02.3,L,PHR J0840-3801,130.12455,-38.02389,42.5,0.708,1.21,,2006MNRAS.373...79P,,
2594,PN G258.5-01.3,T,RCW 24,126.44825,-40.21944,720,12,1.97,,2006MNRAS.373...79P,,
2595,PN G261.2-04.6,T,PHR J0819-4423,124.8321,-44.38527,60,1,1.03,,2006MNRAS.373...79P,,
2596,PN G261.9-05.3,T,BMP J0818-4517,124.57002,-45.29921,57,0.95,2.59,,2008MNRAS.384..525M,,
2597,PN G262.6-01.4,T,PHR J0838-4340,129.60574,-43.67665,13,0.217,1.08,,2006MNRAS.373...79P,,
2599,PN G264.5+05.0,T,FP J0911-4051,137.94013,-40.86625,160,2.667,1.45,,2008MNRAS.384..525M,,
2600,PN G264.6+03.8,T,BMP J0907-4146,136.8512,-41.77049,280,4.667,1,,2008MNRAS.384..525M,,
2601,PN G265.4+04.2,T,PHR J0911-4205,137.95205,-42.08608,30,0.5,1.07,,2006MNRAS.373...79P,,
2602,PN G265.5-02.6,T,MPA J0842-4641,130.74928,-46.69036,8,0.133,1,,2008MNRAS.384..525M,,
2603,PN G265.6+09.5,T,MPA J0932-3827,143.07429,-38.45792,6,0.1,1,,2008MNRAS.384..525M,,
2604,PN G265.8-05.2,T,BMP J0831-4831,127.90233,-48.52301,9,0.15,1.13,,2008MNRAS.384..525M,,
2605,PN G266.8-04.2,T,PHR J0840-4842,130.09292,-48.70839,30,0.5,,125,2006MNRAS.373...79P,,
2606,PN G266.9-03.5,T,MPA J0843-4821,130.97371,-48.35627,16,0.267,1.6,,2008MNRAS.384..525M,,
2610,PN G267.5+04.6,T,PHR J0921-4322,140.38251,-43.36836,40,0.667,1.33,142,2006MNRAS.373...79P,,
2611,PN G268.2+03.1,L,PHR J0918-4454,139.506,-44.9109,47,0.783,1.62,,2006MNRAS.373...79P,,
2612,PN G268.6+05.0,T,PHR J0927-4347,141.869,-43.7961,51,0.85,1.19,50,2006MNRAS.373...79P,,
2613,PN G268.9-00.4,T,BRAN 229,136.42088,-47.90172,147,2.45,1.19,,2006MNRAS.373...79P,,
2614,PN G269.3-00.8,T,PHR J0905-4822,136.36838,-48.38226,28,0.467,1.47,80,2006MNRAS.373...79P,,
2616,PN G271.7-07.1,T,PHR J0844-5419,131.04925,-54.32555,12,0.2,1,,2006MNRAS.373...79P,,
2617,PN G271.7-07.1a,T,PHR J0855-5310,133.83808,-53.17711,29.9,0.498,,,2006MNRAS.373...79P,,
2618,PN G272.8+01.0,T,PHR J0928-4936,142.17071,-49.61297,87,1.45,1.04,,2006MNRAS.373...79P,,
2619,PN G273.2-00.3,T,PHR J0924-5053,141.02782,-50.89028,27,0.45,1.69,123,2006MNRAS.373...79P,,
2620,PN G273.2-02.6,T,PHR J0914-5232,138.53534,-52.53886,15,0.25,1.25,,2006MNRAS.373...79P,,
2621,PN G273.5+08.7,L,PHR J1001-4411,150.25917,-44.18534,61,1.017,1.05,,2006MNRAS.373...79P,,
2623,PN G274.7-05.2,T,PHR J0908-5522,137.00876,-55.37218,41.5,0.692,1.05,,2006MNRAS.373...79P,,
2624,PN G274.8-04.2,T,MPA J0913-5445,138.33589,-54.76009,7,0.117,1,,2008MNRAS.384..525M,,
2625,PN G274.8-05.7,T,PHR J0905-5548,136.42374,-55.81505,50,0.833,1.16,57,2006MNRAS.373...79P,,
2626,PN G275.0+01.5,T,PHR J0940-5042,145.17038,-50.70635,81,1.35,1.98,13,2006MNRAS.373...79P,,
2627,PN G275.1-03.5,T,PHR J0918-5431,139.61037,-54.52695,40,0.667,1.07,137,2006MNRAS.373...79P,,
2629,PN G275.6-00.5,T,PHR J0935-5239,143.75547,-52.65504,86,1.433,1.61,128,2006MNRAS.373...79P,,
2630,PN G275.7-04.9,T,PHR J0914-5555,138.51448,-55.92278,28.5,0.475,1.04,,2006MNRAS.373...79P,,
2631,PN G276.1-11.9,T,MPA J0835-6039,128.78009,-60.66184,21,0.35,1.24,,2008MNRAS.384..525M,,
2632,PN G276.1-03.3,T,PHR0924-5506,141.06292,-55.10692,68,1.133,1.79,130,2006MNRAS.373...79P,,
2633,PN G276.2+00.4,T,PHR J0942-5220,145.50499,-52.345,165,2.75,1.1,,2006MNRAS.373...79P,,
2634,PN G276.2-06.6,T,PHR J0907-5722,136.954,-57.3818,241,4.017,1.03,,2006MNRAS.373...79P,,
2635,PN G276.5+03.1,T,MPA J0954-5026,148.65619,-50.44915,11,0.183,1.1,,2008MNRAS.384..525M,,
2636,PN G277.1+03.3,T,MeWe 2-2,149.54288,-50.65917,27.5,0.458,1.02,,2006MNRAS.373...79P,,
2637,PN G277.2-03.0,T,PHR J0931-5535,142.85829,-55.5956,16.5,0.275,1.03,,2006MNRAS.373...79P,,
2639,PN G277.4-00.7,T,PHR J0943-5358,145.753,-53.9743,15.1,0.252,,138,2006MNRAS.373...79P,,
2640,PN G277.5-01.9,L,PHR J0938-5501,144.51656,-55.0289,13,0.217,1.04,,2006MNRAS.373...79P,,
2641,PN G278.3-04.3,T,PHR J0930-5716,142.7042,-57.27253,46.5,0.775,1.03,30,2006MNRAS.373...79P,,
2642,PN G279.0+00.6,T,PHR J0957-5357,149.35962,-53.95247,37,0.617,1.16,,2006MNRAS.373...79P,,
2643,PN G279.1-03.1,T,VBRC 3,145.21882,-56.96665,57.6,0.96,,56,2006MNRAS.373...79P,,
2644,PN G279.2+03.1,T,MPA J1008-5202,152.12674,-52.03765,13,0.217,1,,2008MNRAS.384..525M,,
2645,PN G279.2+03.5,T,PHR J1010-5146,152.51711,-51.78004,29,0.483,1,,2006MNRAS.373...79P,,
2646,PN G279.6+02.2,T,PHR J1007-5304,151.8009,-53.07914,40,0.667,1.21,141,2006MNRAS.373...79P,,
2647,PN G280.1-05.1,T,BMP J0936-5905,144.18156,-59.08796,138,2.3,1.05,,2008MNRAS.384..525M,,
2648,PN G280.9-05.3,T,MPA J0940-5945,145.10955,-59.76224,8,0.133,1.14,,2008MNRAS.384..525M,,
2649,PN G281.3-07.1,T,PHR J0933-6121,143.26336,-61.35499,42,0.7,1.08,143,2006MNRAS.373...79P,,
2650,PN G282.5-02.1,T,PHR J1005-5816,151.45709,-58.27471,18.5,0.308,1.03,147,2006MNRAS.373...79P,,
2651,PN G283.4+01.1,T,PHR J1024-5600,156.14086,-56.0089,33.5,0.558,1.02,,2006MNRAS.373...79P,,
2652,PN G283.4-01.3,T,MeWe 1-2,153.60029,-58.19775,263,4.383,1.04,,2006MNRAS.373...79P,,
2653,PN G283.4+02.8,L,PHR J1030-5437,157.73225,-54.63289,160,2.667,1.68,,2006MNRAS.373...79P,,
2654,PN G283.7-05.1,L,PHR J0958-6126,149.63454,-61.44444,27,0.45,1.29,,2006MNRAS.373...79P,,
2656,PN G284.0-04.7,L,BMP J1003-6114,150.76383,-61.24108,71,1.183,1.16,,2008MNRAS.384..525M,,
2657,PN G284.2-05.3,T,PHR J1001-6152,150.32821,-61.86775,79,1.317,1,,2006MNRAS.373...79P,,
2659,PN G284.5+03.8,T,PHR J1040-5417,160.18825,-54.30347,182,3.033,1.1,127,2006MNRAS.373...79P,,
2660,PN G284.6-04.5,T,PHR J1007-6124,151.96373,-61.40668,26,0.433,1.08,10,2006MNRAS.373...79P,,
2661,PN G285.5-03.3,T,BRAN 303,154.86497,-60.98612,57,0.95,1.63,83,2006MNRAS.373...79P,,
2663,PN G286.1-02.0,T,MPA J1029-6014,157.28158,-60.23428,85,1.417,1.57,,2008MNRAS.384..525M,,
2664,PN G286.3-03.1,T,PHR J1025-6115,156.44279,-61.25641,66,1.1,2.06,145,2006MNRAS.373...79P,,
2665,PN G286.3-00.7,T,PHR J1036-5909,159.03827,-59.15554,50,0.833,1.49,130,2006MNRAS.373...79P,,
2666,PN G286.5+03.1,L,PHR J1050-5547,162.717,-55.8065,72,1.2,,,2006MNRAS.373...79P,,
2667,PN G287.4+00.2,T,MPA J1047-5849,161.80497,-58.82293,6,0.1,1,,2008MNRAS.384..525M,,
2669,PN G288.2+00.4,T,MPA J1053-5903,163.38313,-59.05059,10,0.167,1,,2008MNRAS.384..525M,,
2670,PN G288.4-01.8,T,PHR J1046-6109,161.71217,-61.15567,56.5,0.942,1.26,107,2006MNRAS.373...79P,,
2671,PN G288.7+00.8,T,PHR J1058-5853,164.51208,-58.89273,28,0.467,1.08,,2006MNRAS.373...79P,,
2672,PN G289.0+03.3,T,PHR J1107-5642,166.92874,-56.70778,188,3.133,1.11,,2006MNRAS.373...79P,,
2674,PN G289.3-04.0,T,PHR J1044-6332,161.18571,-63.5414,20.5,0.342,1.08,,2006MNRAS.373...79P,,
2675,PN G289.4-03.8,T,MPA J1046-6327,161.59868,-63.45238,8,0.133,1,,2008MNRAS.384..525M,,
2676,PN G289.5-03.8,T,MPA J1046-6328,161.69051,-63.46971,7,0.117,1.17,,2008MNRAS.384..525M,,
2678,PN G289.6-02.1,T,PHR J1054-6200,163.65167,-62.00412,48,0.8,,,2006MNRAS.373...79P,,
2679,PN G289.7+06.9,T,MPA J1121-5339,170.47168,-53.65098,9,0.15,1.5,,2008MNRAS.384..525M,,
2681,PN G289.8+01.3,T,PHR J1107-5855,166.918,-58.9197,69,1.15,1.77,,2006MNRAS.373...79P,,
2682,PN G289.8+00.7,T,MPA J1106-5925,166.51479,-59.42769,6,0.1,1,,2008MNRAS.384..525M,,
2683,PN G289.8+01.2,T,PHR J1107-5857,166.919,-58.9531,45,0.75,1.1,,2006MNRAS.373...79P,,
2684,PN G290.1+00.7,T,PHR J1108-5934,167.00413,-59.575,14,0.233,1.17,,2006MNRAS.373...79P,,
2685,PN G290.1-02.5,T,MPA J1057-6233,164.2902,-62.56114,7,0.117,1,,2008MNRAS.384..525M,,
2687,PN G290.7-01.7,T,PHR J1104-6200,166.11788,-62.00719,67,1.117,1.26,,2006MNRAS.373...79P,,
2689,PN G291.3+08.4,T,PHR J1134-5243,173.66075,-52.72585,42,0.7,1.17,175,2006MNRAS.373...79P,,
2690,PN G291.3+03.7,T,PHR J1124-5711,171.212,-57.1861,80,1.333,1.07,55,2006MNRAS.373...79P,,
2691,PN G291.4+08.5,L,PHR J1136-5235,173.99995,-52.59244,268,4.467,1.31,,2006MNRAS.373...79P,,
2693,PN G291.6+00.8,T,PHR J1119-6002,169.79507,-60.03471,27,0.45,0.93,,2006MNRAS.373...79P,,
2694,PN G291.9-04.0,T,PHR J1105-6436,166.48541,-64.60751,45.6,0.76,,44,2006MNRAS.373...79P,,
2695,PN G292.2-00.9,L,PHR J1118-6150,169.63331,-61.84918,312,5.2,1.01,,2006MNRAS.373...79P,,
2697,PN G292.4+02.1,T,MPA J1128-5902,172.20308,-59.04471,9,0.15,1,,2008MNRAS.384..525M,,
2698,PN G292.5+00.9,T,PHR1125-6014,171.428,-60.24253,38,0.633,1.12,153,2006MNRAS.373...79P,,
2699,PN G292.4-00.7,T,MPA J1121-6146,170.34035,-61.76845,7,0.117,1.17,,2008MNRAS.384..525M,,
2700,PN G292.5+03.9,T,PHR J1133-5721,173.32308,-57.35972,208,3.467,1.05,,2006MNRAS.373...79P,,
2702,PN G292.8+00.6,T,PHR J1127-6033,171.94783,-60.56027,98,1.633,1.4,168,2006MNRAS.373...79P,,
2703,PN G292.9+01.0,T,PHR J1129-6012,172.45994,-60.20223,20,0.333,1.11,,2006MNRAS.373...79P,,
2704,PN G293.1-00.0,T,BMP J1128-6121,172.05347,-61.35087,7,0.117,1,,2008MNRAS.384..525M,,
2706,PN G293.4+00.1,T,PHR J1130-6114,172.74558,-61.24751,14,0.233,1,,2006MNRAS.373...79P,,
2707,PN G294.2+01.3,T,PHR J1140-6022,175.15329,-60.36949,40,0.667,1.82,,2006MNRAS.373...79P,,
2708,PN G294.5+02.3,T,MPA J1144-5926,176.18331,-59.43423,8,0.133,1,,2008MNRAS.384..525M,,
2709,PN G294.6-02.6,T,PHR J1133-6417,173.40701,-64.28914,9.6,0.16,,,2006MNRAS.373...79P,,
2710,PN G294.7-02.4,T,MPA J1135-6406,173.94322,-64.10521,12,0.2,1.2,,2008MNRAS.384..525M,,
2712,PN G295.5-03.0,T,PHR J1140-6454,175.18383,-64.91636,25,0.417,1.09,,2006MNRAS.373...79P,,
2713,PN G295.6-01.5,T,BMP J1145-6328,176.28932,-63.48157,11,0.183,1.22,,2008MNRAS.384..525M,,
2715,PN G296.0-06.2,T,MPA J1137-6806,174.31512,-68.11246,182,3.033,1.21,,2008MNRAS.384..525M,,
2716,PN G296.2-00.4,L,PHR J1152-6234,178.2321,-62.56947,27,0.45,1.13,,2006MNRAS.373...79P,,
2717,PN G296.3+03.1,T,KFR 1,180.0679,-59.07885,98,1.633,1.18,,2006MNRAS.373...79P,,
2718,PN G296.5+02.7,T,PHR1200-5929,180.14958,-59.49692,23,0.383,1.05,,2006MNRAS.373...79P,,
2719,PN G296.7-00.2,T,MPA J1157-6226,179.44802,-62.43933,7.7,0.128,,,2008MNRAS.384..525M,,
2720,PN G296.8-00.9,T,PHR J1157-6312,179.26327,-63.21218,15,0.25,1.15,,2006MNRAS.373...79P,,
2721,PN G296.8+04.5,T,PHR J1205-5746,181.46458,-57.77386,20,0.333,1.43,,2006MNRAS.373...79P,,
2722,PN G297.0-04.9,T,PHR J1150-6704,177.61497,-67.08252,59,0.983,1.69,,2006MNRAS.373...79P,,
2723,PN G297.0+06.5,T,BMP J1209-5553,182.37147,-55.89271,21,0.35,1.91,,2008MNRAS.384..525M,,
2724,PN G297.0+01.1,T,PHR J1202-6112,180.575,-61.21258,14,0.233,1.08,,2006MNRAS.373...79P,,
2725,PN G297.5+01.0,T,PHR J1206-6122,181.60611,-61.37891,12,0.2,1.09,,2006MNRAS.373...79P,,
2726,PN G297.6-01.6,T,PHR J1203-6403,180.80168,-64.0614,15,0.25,1.25,90,2006MNRAS.373...79P,,
2728,PN G298.2+01.8,T,PHR J1212-6043,183.20154,-60.72108,11,0.183,1,,2006MNRAS.373...79P,,
2729,PN G298.2-03.5,T,PHR J1205-6600,181.40717,-66.0058,27,0.45,1.04,,2006MNRAS.373...79P,,
2730,PN G298.6+01.9,T,PHR J1216-6039,184.03801,-60.65889,12.8,0.213,,,2006MNRAS.373...79P,,
2731,PN G298.6-01.5,T,PHR J1212-6407,183.11673,-64.11974,31,0.517,1.07,50,2006MNRAS.373...79P,,
2732,PN G298.7-07.5,T,PHR J1202-7001,180.73225,-70.02306,317,5.283,1.44,158,2006MNRAS.373...79P,,
2733,PN G298.7-01.1,T,PHR J1213-6344,183.44326,-63.74971,16,0.267,1,,2006MNRAS.373...79P,,
2734,PN G299.0+03.5,T,PHR J1221-5907,185.25294,-59.12583,52,0.867,1.41,140,2006MNRAS.373...79P,,
2735,PN G299.0-02.3,L,PHR J1214-6454,183.749,-64.9101,18,0.3,1.64,,2006MNRAS.373...79P,,
2736,PN G299.1-00.1,T,PHR J1218-6245,184.50367,-62.76059,42,0.7,1.35,,2006MNRAS.373...79P,,
2737,PN G299.1-08.4,T,MPA J1205-7101,181.41645,-71.03238,13,0.217,1,,2008MNRAS.384..525M,,
2738,PN G299.2-04.1,T,PHR J1213-6643,183.39921,-66.72019,24,0.4,1.14,,2006MNRAS.373...79P,,
2739,PN G299.2+01.0,L,PHR J1220-6134,185.03661,-61.57108,10,0.167,1.11,,2006MNRAS.373...79P,,
2740,PN G299.3-02.0,L,PHR J1217-6443,184.47114,-64.72419,44,0.733,1.22,,2006MNRAS.373...79P,,
2741,PN G299.3-01.1,T,PHR J1219-6347,184.78427,-63.78365,18.8,0.313,,,2006MNRAS.373...79P,,
2742,PN G299.5+02.3,T,PHR J1224-6023,186.05948,-60.39247,76,1.267,1.01,,2006MNRAS.373...79P,,
2743,PN G299.7-01.5,T,MPA J1221-6413,185.46584,-64.21828,9,0.15,1,,2008MNRAS.384..525M,,
2744,PN G299.7+00.1,T,PHR J1223-6236,185.99133,-62.60608,48,0.8,1.12,,2006MNRAS.373...79P,,
2745,PN G300.1+04.1,T,BMP J1229-5839,187.48999,-58.65173,28,0.467,1.56,,2008MNRAS.384..525M,,
2746,PN G300.4-04.0,T,PHR J1226-6649,186.66067,-66.83028,13,0.217,1.3,,2006MNRAS.373...79P,,
2747,PN G300.7+04.0,T,PHR J1234-5843,188.71751,-58.72282,13.5,0.225,,,2006MNRAS.373...79P,,
2748,PN G301.0+06.1,T,PHR J1237-5640,189.38718,-56.67943,27,0.45,1.13,,2006MNRAS.373...79P,,
2749,PN G301.1-00.4,T,MPA J1235-6318,188.83931,-63.30017,7,0.117,1.4,,2008MNRAS.384..525M,,
2750,PN G301.2-04.0,T,PHR J1234-6651,188.56847,-66.86365,13,0.217,1.08,,2006MNRAS.373...79P,,
2751,PN G301.3+09.0,T,MPA J1240-5347,190.18457,-53.79061,11,0.183,1.57,,2008MNRAS.384..525M,,
2752,PN G301.5+02.0,T,MPA J1239-6048,189.94283,-60.80481,8,0.133,1.33,,2008MNRAS.384..525M,,
2753,PN G301.9-02.1,T,MPA J1242-6459,190.6009,-64.99019,10,0.167,1,,2008MNRAS.384..525M,,
2754,PN G302.0-01.6,T,MPA J1243-6428,190.83083,-64.46697,8,0.133,1,,2008MNRAS.384..525M,,
2755,PN G302.1+00.3,T,RCW 69,191.11425,-62.52189,248,4.133,1.14,,2006MNRAS.373...79P,,
2756,PN G302.2-03.1,T,PHR J1244-6601,191.24802,-66.01724,22,0.367,1.05,,2006MNRAS.373...79P,,
2758,PN G302.3-00.5,L,WRAY 17-56,191.61208,-63.40781,24.3,0.405,,,2006MNRAS.373...79P,,
2759,PN G302.6-01.3,T,MPA J1249-6414,192.31035,-64.24083,5,0.083,1,,2008MNRAS.384..525M,,
2760,PN G302.7-00.9,T,PHR J1250-6346,192.51835,-63.78115,83,1.383,1.12,,2006MNRAS.373...79P,,
2763,PN G303.3+00.0,T,PHR J1255-6251,193.82396,-62.85056,315,5.25,1.75,,2006MNRAS.373...79P,,
2764,PN G303.6+01.9,T,PHR J1257-6052,194.29,-60.87683,24,0.4,1.37,,2006MNRAS.373...79P,,
2765,PN G303.6+00.5,T,PHR J1257-6216,194.46385,-62.27005,15.7,0.262,,,2006MNRAS.373...79P,,
2766,PN G304.1+06.4,T,PHR J1300-5621,195.0885,-56.36067,33,0.55,1.53,,2006MNRAS.373...79P,,
2768,PN G304.7-02.1,T,PHR J1309-6457,197.25715,-64.95495,75,1.25,1.5,,2006MNRAS.373...79P,,
2769,PN G304.8-01.4,T,MPA J1309-6415,197.37861,-64.25888,10,0.167,1.25,,2008MNRAS.384..525M,,
2771,PN G305.3+03.0,T,Wray 17-58,197.58179,-59.75293,20,0.333,1.33,,2008MNRAS.384..525M,,
2772,PN G305.3-03.1,T,PHR J1315-6555,198.82792,-65.91717,19,0.317,1.06,,2006MNRAS.373...79P,,
2772,PN G305.3-03.1,T,PHR J1315-6555,198.82792,-65.91717,11.2,0.187,1.07,,2006MNRAS.373...79P,,
2773,PN G305.3-04.9,T,MPA J1317-6741,199.26325,-67.68611,5,0.083,1,,2008MNRAS.384..525M,,
2774,PN G305.6-00.9,T,MPA J1315-6338,198.87647,-63.64543,6,0.1,1,,2008MNRAS.384..525M,,
2775,PN G305.9+04.6,T,PHR J1314-5806,198.51741,-58.10806,28,0.467,1.04,,2006MNRAS.373...79P,,
2776,PN G305.9-01.2,T,PHR J1318-6358,199.71092,-63.98168,26.5,0.442,1.77,,2006MNRAS.373...79P,,
2777,PN G305.9-01.6,T,MPA J1319-6418,199.85007,-64.31479,4,0.067,1,,2008MNRAS.384..525M,,
2778,PN G306.4-00.8,T,BMP J1322-6330,200.73064,-63.50944,13,0.217,1.44,,2008MNRAS.384..525M,,
2779,PN G306.4-02.1,T,PHR J1324-6448,201.13419,-64.80361,18,0.3,1.38,,2006MNRAS.373...79P,,
2780,PN G306.4-01.6,T,PHR J1324-6418,201.04865,-64.30311,86,1.433,1.04,,2006MNRAS.373...79P,,
2781,PN G306.6-00.7,T,MPA J1324-6320,201.0698,-63.33499,10,0.167,1,,2008MNRAS.384..525M,,
2782,PN G306.7+06.6,T,PHR J1318-5601,199.57786,-56.01998,155,2.583,1.1,,2006MNRAS.373...79P,,
2783,PN G306.7-01.5,T,MPA J1326-6407,201.63621,-64.11954,9,0.15,1,,2008MNRAS.384..525M,,
2784,PN G307.0-06.6,T,PHR J1337-6908,204.30906,-69.13726,42,0.7,2.1,,2006MNRAS.373...79P,,
2785,PN G307.0-02.0,T,MPA J1330-6438,202.54561,-64.64083,9,0.15,1.29,,2008MNRAS.384..525M,,
2786,PN G307.1+01.5,T,PHR J1326-6103,201.59045,-61.05222,33,0.55,1.14,,2006MNRAS.373...79P,,
2787,PN G307.2-05.3,T,MPA J1337-6751,204.34342,-67.85191,86,1.433,1,,2008MNRAS.384..525M,,
2788,PN G307.3+02.0,T,PHR J1327-6032,201.80834,-60.53612,210,3.5,1.17,,2006MNRAS.373...79P,,
2789,PN G307.3-01.6,T,PHR J1332-6412,203.02342,-64.20808,20,0.333,1.05,,2006MNRAS.373...79P,,
2790,PN G307.3+02.0a,T,MPA J1327-6031,201.87673,-60.53291,6,0.1,1,,2008MNRAS.384..525M,,
2791,PN G307.4+00.6,L,BMP J1329-6150,202.46087,-61.84385,87,1.45,1.21,,2008MNRAS.384..525M,,
2792,PN G307.7-03.1,L,PHR J1337-6535,204.46304,-65.58842,182,3.033,1.1,,2006MNRAS.373...79P,,
2793,PN G307.7-01.3,L,PHR J1335-6349,203.78782,-63.81581,147,2.45,1.31,,2006MNRAS.373...79P,,
2794,PN G307.8-02.5,T,PKP1338-6456,204.60882,-64.94503,3.5,0.058,1,,2006MNRAS.373...79P,,
2795,PN G308.1-00.5,T,MPA J1337-6258,204.47861,-62.98175,8,0.133,1.14,,2008MNRAS.384..525M,,
2796,PN G308.2+03.5,T,PHR J1332-5851,203.05831,-58.86057,34,0.567,1.13,,2006MNRAS.373...79P,,
2797,PN G308.2-02.1,T,PHR J1341-6427,205.28127,-64.46502,15.1,0.252,,,2006MNRAS.373...79P,,
2798,PN G308.3+02.1,T,PHR J1335-6015,203.7625,-60.26278,33,0.55,1.03,,2006MNRAS.373...79P,,
2799,PN G308.5+04.6,T,PHR J1333-5744,203.37784,-57.74498,22,0.367,1.05,,2006MNRAS.373...79P,,
2800,PN G308.5+02.5,T,PHR J1336-5953,204.096,-59.89011,13,0.217,1.18,,2006MNRAS.373...79P,,
2801,PN G308.8-02.0,T,MPA J1346-6418,206.67243,-64.31273,7,0.117,1.4,,2008MNRAS.384..525M,,
2803,PN G309.6-04.8,T,MPA J1400-6647,210.15425,-66.79953,98,1.633,1.17,,2008MNRAS.384..525M,,
2804,PN G309.8-01.6,T,MPA J1354-6337,208.59308,-63.62161,8,0.133,1.14,,2008MNRAS.384..525M,,
2805,PN G310.0-03.1,T,MPA J1359-6501,209.95307,-65.02485,7,0.117,1.17,,2008MNRAS.384..525M,,
2806,PN G310.1-03.7,T,PHR J1402-6535,210.54166,-65.59278,24,0.4,1.14,,2006MNRAS.373...79P,,
2808,PN G310.8-02.3,T,MPA J1404-6403,211.10566,-64.06581,6,0.1,1,,2008MNRAS.384..525M,,
2809,PN G311.2-02.7,T,PHR J1409-6421,212.37137,-64.36555,23.8,0.397,,,2006MNRAS.373...79P,,
2810,PN G311.4-03.4,L,PHR J1413-6454,213.32708,-64.90317,31,0.517,1.63,,2006MNRAS.373...79P,,
2812,PN G311.7+07.3,T,PHR J1351-5429,207.94331,-54.495,36,0.6,1.03,,2006MNRAS.373...79P,,
2813,PN G311.7-00.9,T,Wray 17-64,212.1971,-62.49941,61.4,1.023,,,2006MNRAS.373...79P,,
2814,PN G312.0+04.1,T,PHR J1359-5728,209.91582,-57.48029,14,0.233,1.17,,2006MNRAS.373...79P,,
2815,PN G312.1+00.3,T,PHR J1408-6106,212.22158,-61.10454,307,5.117,1.16,,2006MNRAS.373...79P,,
2816,PN G312.3+05.7,T,BMP J1358-5552,209.69018,-55.87956,10,0.167,1,,2008MNRAS.384..525M,,
2818,PN G313.0+03.2,T,MPA J1408-5804,212.20582,-58.07341,6,0.1,1,,2008MNRAS.384..525M,,
2819,PN G313.3+03.0,T,MPA J1411-5811,212.98502,-58.19766,6,0.1,1,,2008MNRAS.384..525M,,
2820,PN G313.4+06.2,T,MPA J1405-5507,211.38436,-55.12903,8,0.133,1,,2008MNRAS.384..525M,,
2821,PN G313.5+02.2,L,PHR J1414-5857,213.67048,-58.95113,78,1.3,2.6,,2006MNRAS.373...79P,,
2822,PN G313.8-05.7,T,BMP J1442-6615,220.69396,-66.25062,117,1.95,1.33,,2008MNRAS.384..525M,,
2823,PN G313.8-01.7,T,MPA J1428-6234,217.21181,-62.57026,7,0.117,1.17,,2008MNRAS.384..525M,,
2824,PN G313.9+01.4,T,PHR J1420-5933,215.02709,-59.56504,31,0.517,1.15,,2006MNRAS.373...79P,,
2825,PN G313.9+02.8,T,PHR J1416-5809,214.157,-58.15894,29,0.483,,,2006MNRAS.373...79P,,
2826,PN G314.0-02.1,T,MPA J1430-6251,217.71906,-62.85439,5,0.083,1,,2008MNRAS.384..525M,,
2827,PN G314.3-03.4,L,PHR J1437-6356,219.44947,-63.93387,38,0.633,1.46,,2006MNRAS.373...79P,,
2828,PN G314.4+01.3,T,BMP J1423-5923,215.99879,-59.39386,9,0.15,1.13,,2008MNRAS.384..525M,,
2829,PN G314.5-01.0,T,PHR J1432-6138,218.03833,-61.64669,265,4.417,1.14,,2006MNRAS.373...79P,,
2832,PN G314.9+00.5,T,PHR J1429-6003,217.43292,-60.05472,141,2.35,1.28,,2006MNRAS.373...79P,,
2833,PN G315.2-01.3,T,PHR J1438-6140,219.57537,-61.66723,27,0.45,1,,2006MNRAS.373...79P,,
2834,PN G315.4-08.4,T,PHR J1510-6754,227.59175,-67.90669,215,3.583,1.02,,2006MNRAS.373...79P,,
2835,PN G315.7-04.2,T,Wray 16-158,223.1507,-64.03945,12,0.2,1,,2008MNRAS.384..525M,,
2836,PN G315.7-01.1,T,MPA J1441-6114,220.38402,-61.2383,7,0.117,1.17,,2008MNRAS.384..525M,,
2837,PN G315.8-05.5,T,PHR J1459-6511,224.8255,-65.18695,37,0.617,1.12,,2006MNRAS.373...79P,,
2838,PN G315.9+00.3,T,PHR J1437-5949,219.47167,-59.82362,103,1.717,1.63,,2006MNRAS.373...79P,,
2839,PN G315.9+08.2,T,MeWe 1-4,214.38396,-52.43917,133,2.217,1.18,,2006MNRAS.373...79P,,
2840,PN G316.0+02.9,L,MPA J1430-5721,217.60419,-57.36269,9,0.15,1.5,,2008MNRAS.384..525M,,
2841,PN G316.3-01.6,T,PHR J1447-6127,221.9076,-61.45638,31,0.517,1.03,,2006MNRAS.373...79P,,
2842,PN G316.3+08.8,T,PHR J1418-5144,214.60746,-51.74423,404,6.733,1.08,,2006MNRAS.373...79P,,
2843,PN G316.7+01.6,L,MPA J1439-5816,219.85414,-58.26706,5,0.083,1,,2008MNRAS.384..525M,,
2844,PN G316.7-05.8,T,MPA J1508-6455,227.027,-64.93022,13.5,0.225,1.29,,2008MNRAS.384..525M,,
2845,PN G316.9-02.2,T,PHR J1454-6146,223.51417,-61.77499,74,1.233,1.09,,2006MNRAS.373...79P,,
2846,PN G316.9+04.1,T,PHR J1433-5557,218.36104,-55.95522,38.8,0.647,,,2006MNRAS.373...79P,,
2847,PN G316.9+01.8,T,MPA J1440-5802,220.11409,-58.0386,12,0.2,1.09,,2008MNRAS.384..525M,,
2848,PN G317.0-04.0,T,PHR J1502-6315,225.67135,-63.2503,20,0.333,1.14,,2006MNRAS.373...79P,,
2849,PN G317.2+08.6,T,PHR J1424-5138,216.13582,-51.6444,119,1.983,1.02,,2006MNRAS.373...79P,,
2850,PN G317.3-03.8,T,PHR J1503-6257,225.99463,-62.96192,84,1.4,1.25,,2006MNRAS.373...79P,,
2851,PN G317.5+00.8,L,PHR J1447-5838,221.92411,-58.64473,65,1.083,1.14,,2006MNRAS.373...79P,,
2852,PN G317.8+05.2,T,MPA J1436-5429,219.11906,-54.49867,12,0.2,1.09,,2008MNRAS.384..525M,,
2853,PN G318.2+02.3,T,PHR J1447-5703,221.79157,-57.06249,50,0.833,1.16,,2006MNRAS.373...79P,,
2854,PN G318.2-02.3,T,PHR J1504-6113,226.16497,-61.21974,18,0.3,1.29,,2006MNRAS.373...79P,,
2856,PN G318.7+05.6,T,PHR J1440-5350,220.17702,-53.83666,32,0.533,1.03,,2006MNRAS.373...79P,,
2857,PN G318.8+01.8,T,PHR J1453-5714,223.35338,-57.24694,28,0.467,1.27,,2006MNRAS.373...79P,,
2858,PN G318.9+00.7,T,PHR J1457-5812,224.39867,-58.20249,27.8,0.463,,,2006MNRAS.373...79P,,
2859,PN G319.0-02.7,T,MPA J1511-6108,227.83736,-61.148,6,0.1,1,,2008MNRAS.384..525M,,
2860,PN G319.3-02.6,T,BMP J1513-6052,228.40211,-60.86792,9,0.15,1.13,,2008MNRAS.384..525M,,
2861,PN G319.5-01.0,T,PHR J1507-5925,226.96021,-59.42083,26,0.433,1.53,,2006MNRAS.373...79P,,
2862,PN G319.5-04.1,T,PHR1521-6203,230.31951,-62.05909,8,0.133,1,,2008MNRAS.384..525M,,
2863,PN G319.8+04.3,T,PHR J1451-5432,222.90663,-54.54061,44,0.733,1.05,,2006MNRAS.373...79P,,
2864,PN G320.0+03.9,T,PHR J1453-5448,223.42089,-54.80247,19,0.317,1.19,,2006MNRAS.373...79P,,
2865,PN G320.1-02.7,T,PHR J1519-6032,229.85491,-60.54389,12,0.2,1.2,,2006MNRAS.373...79P,,
2866,PN G320.6-04.8,T,PHR J1532-6203,233.24698,-62.05111,15.5,0.258,0.97,,2006MNRAS.373...79P,,
2867,PN G320.7+04.2,T,BMP J1457-5413,224.25951,-54.23284,41,0.683,1.11,,2008MNRAS.384..525M,,
2869,PN G321.1-05.1,T,PHR J1537-6159,234.44125,-61.99667,166,2.767,2.59,,2006MNRAS.373...79P,,
2870,PN G321.2-03.5,T,PHR1529-6034,232.45257,-60.58109,35,0.583,1.4,,2006MNRAS.373...79P,,
2871,PN G321.2-01.9,T,MPA J1522-5917,230.7427,-59.2957,6,0.1,1,,2008MNRAS.384..525M,,
2873,PN G321.4+02.6,T,MPA J1507-5516,226.77514,-55.28044,7,0.117,1.17,,2008MNRAS.384..525M,,
2874,PN G321.4-05.1,T,MPA J1539-6147,234.96788,-61.78959,8,0.133,1.14,,2008MNRAS.384..525M,,
2876,PN G322.0-01.3,T,BMP J1525-5823,231.49747,-58.38386,10,0.167,1.25,,2008MNRAS.384..525M,,
2877,PN G322.1-01.6,L,PHR J1528-5831,232.03038,-58.52838,37,0.617,1.32,,2006MNRAS.373...79P,,
2878,PN G322.2-00.4,T,PP J1522-5729,230.74553,-57.49981,13,0.217,1.18,,2008MNRAS.384..525M,,
2879,PN G322.2-00.7,T,PM 1-90,231.10017,-57.77246,7,0.117,1,,2008MNRAS.384..525M,,
2880,PN G322.4-00.1a,T,MPA J1523-5710,230.8439,-57.18006,35,0.583,5.38,,2008MNRAS.384..525M,,
2881,PN G322.5+01.5,T,MPA J1517-5538,229.35267,-55.63958,20,0.333,1.82,,2008MNRAS.384..525M,,
2882,PN G322.7+02.6,T,PHR J1514-5436,228.64327,-54.60388,28,0.467,1.65,,2006MNRAS.373...79P,,
2883,PN G322.7-01.4,T,MPA J1530-5801,232.712,-58.02465,6,0.1,1,,2008MNRAS.384..525M,,
2884,PN G322.9-02.1,L,PHR J1534-5829,233.68836,-58.49722,120,2,1.58,,2006MNRAS.373...79P,,
2885,PN G323.1+01.6,T,MPA J1520-5517,230.12414,-55.29536,7,0.117,1.17,,2008MNRAS.384..525M,,
2886,PN G323.5+01.1,L,MPA J1525-5528,231.27555,-55.47286,13.8,0.23,,,2008MNRAS.384..525M,,
2888,PN G323.7-04.8,T,PHR J1552-6009,238.097,-60.15477,17,0.283,1.31,,2006MNRAS.373...79P,,
2889,PN G324.0-01.6,T,PHR J1539-5727,234.89496,-57.45064,19,0.317,,,2006MNRAS.373...79P,,
2890,PN G324.1-01.3,T,MPA J1539-5709,234.79418,-57.16413,11,0.183,1.38,,2008MNRAS.384..525M,,
2892,PN G324.4+03.8,T,PHR J1520-5243,230.11461,-52.72356,53,0.883,1,,2006MNRAS.373...79P,,
2893,PN G324.9+06.5,T,BMP J1513-5010,228.49239,-50.16774,27,0.45,1,,2008MNRAS.384..525M,,
2894,PN G325.3-02.9,T,PHR J1553-5738,238.29662,-57.63644,133,2.217,1.05,,2006MNRAS.373...79P,,
2896,PN G325.5-01.6,T,PHR J1548-5629,237.08878,-56.49887,16,0.267,1,,2006MNRAS.373...79P,,
2897,PN G325.6-02.1,T,PHR J1551-5653,237.83447,-56.89752,25.5,0.425,1.11,,2006MNRAS.373...79P,,
2898,PN G325.6-01.8,T,FP J1550-5639,237.51916,-56.65363,7.5,0.125,1.07,,2006MNRAS.373...79P,,
2899,PN G325.7+02.2,T,BMP J1533-5319,233.33601,-53.31688,33,0.55,3.67,,2008MNRAS.384..525M,,
2900,PN G325.8-05.4,T,BMP J1608-5913,242.03946,-59.2284,10,0.167,1.11,,2008MNRAS.384..525M,,
2901,PN G325.9+09.4,T,BMP J1509-4707,227.43506,-47.1187,16,0.267,1.33,,2008MNRAS.384..525M,,
2902,PN G325.9-01.7,T,vBe 2,237.82884,-56.35556,66,1.1,1.83,,2006MNRAS.373...79P,,
2903,PN G326.0-02.4,T,FP J1554-5651,238.71246,-56.86608,62,1.033,1.19,,2006MNRAS.373...79P,,
2904,PN G326.4+01.5,L,PHR J1539-5325,234.95582,-53.42363,180,3,1.3,,2006MNRAS.373...79P,,
2905,PN G326.5-03.4,T,PHR J1602-5714,240.61455,-57.23562,24,0.4,1.2,,2006MNRAS.373...79P,,
2906,PN G326.6+05.7,T,BMP J1525-4957,231.30868,-49.96128,23,0.383,1.1,,2008MNRAS.384..525M,,
2908,PN G327.1+01.9,T,PM 1-99,235.37298,-52.7302,12,0.2,1.2,,2008MNRAS.384..525M,,
2909,PN G327.1-09.2,T,PHR J1637-6059,249.42457,-60.98335,19,0.317,1.12,,2006MNRAS.373...79P,,
2910,PN G327.1-02.0,T,MPA J1559-5552,239.79624,-55.87166,15,0.25,1.67,,2008MNRAS.384..525M,,
2911,PN G327.2-02.5,T,MPA J1601-5608,240.44836,-56.14044,12,0.2,1.33,,2008MNRAS.384..525M,,
2912,PN G327.3-02.5,T,MPA J1602-5603a,240.52952,-56.06182,17,0.283,1,,2008MNRAS.384..525M,,
2913,PN G327.3-02.2,T,BMP J1601-5553,240.28017,-55.88919,5,0.083,1,,2008MNRAS.384..525M,,
2914,PN G327.4-02.5,T,MPA J1602-5603b,240.73518,-56.05017,15,0.25,1.15,,2008MNRAS.384..525M,,
2915,PN G327.5-02.2,T,MPA J1602-5543,240.54658,-55.72517,32,0.533,1,,2008MNRAS.384..525M,,
2916,PN G328.0+01.8,T,PHR J1547-5214,236.79083,-52.24528,106,1.767,1.13,,2006MNRAS.373...79P,,
2917,PN G328.1-01.9,T,MPA J1603-5505,240.98255,-55.08901,90,1.5,1,,2008MNRAS.384..525M,,
2918,PN G328.2-03.9,T,BMP J1613-5633,243.46518,-56.55439,11,0.183,1.22,,2008MNRAS.384..525M,,
2919,PN G328.3+00.7,T,PHR J1552-5254,238.23672,-52.90336,31,0.517,1.19,,2006MNRAS.373...79P,,
2920,PN G328.5+06.0,T,PHR J1533-4834,233.39163,-48.57347,162,2.7,1.01,,2006MNRAS.373...79P,,
2921,PN G328.5+06.2,T,PHR J1533-4824,233.27863,-48.41239,200,3.333,1.05,,2006MNRAS.373...79P,,
2922,PN G328.7-04.6,T,MPA J1619-5638,244.97851,-56.63724,10,0.167,1,,2008MNRAS.384..525M,,
2924,PN G329.1-01.4,T,MPA J1606-5407,241.66139,-54.12251,8,0.133,1,,2008MNRAS.384..525M,,
2925,PN G329.4-03.5,T,PHR J1618-5524,244.60563,-55.40381,92,1.533,,,2006MNRAS.373...79P,,
2926,PN G329.5-00.8,T,MPA J1605-5319,241.40589,-53.33169,8,0.133,1.33,,2008MNRAS.384..525M,,
2927,PN G329.6-02.7,T,PHR J1615-5437,243.8345,-54.62333,21,0.35,1.5,,2006MNRAS.373...79P,,
2928,PN G329.7+06.9,T,PHR J1536-4711,234.01544,-47.19253,27.5,0.458,1.25,,2006MNRAS.373...79P,,
2929,PN G329.7+01.4,T,PHR J1557-5128,239.28079,-51.46695,59,0.983,1.13,,2006MNRAS.373...79P,,
2930,PN G329.8-02.8,T,PHR J1616-5437,244.11834,-54.63282,20,0.333,1.05,,2006MNRAS.373...79P,,
2931,PN G329.8-02.1,T,BMP J1613-5406,243.2585,-54.10897,335,5.583,1.56,,2008MNRAS.384..525M,,
2932,PN G329.8-03.0,T,PHR J1617-5445,244.33252,-54.75335,15,0.25,1.25,,2006MNRAS.373...79P,,
2933,PN G329.9+03.7,T,BMP J1548-4936,237.21726,-49.61329,11,0.183,1,,2008MNRAS.384..525M,,
2934,PN G330.1+02.6,T,MPA J1554-5022,238.53706,-50.37754,11,0.183,1,,2008MNRAS.384..525M,,
2935,PN G330.2+04.2,T,PHR J1548-4903,237.11021,-49.059,18,0.3,1,,2006MNRAS.373...79P,,
2937,PN G330.4+02.5,T,PHR J1555-5014,238.98584,-50.23562,22.2,0.37,1.11,,2006MNRAS.373...79P,,
2939,PN G330.7-02.0,T,Wray 17-75,244.2259,-53.41112,18,0.3,1.2,95,2006MNRAS.373...79P,,
2940,PN G330.8-01.4,T,PHR J1615-5254,243.84082,-52.90364,13,0.217,1.08,,2006MNRAS.373...79P,,
2942,PN G331.3+01.6,T,PHR J1603-5016,240.9737,-50.28108,17,0.283,1.31,145,2006MNRAS.373...79P,,
2943,PN G331.8-02.3,T,MPA J1624-5250,246.01205,-52.83483,9,0.15,1,,2008MNRAS.384..525M,,
2944,PN G332.0+04.2,T,PHR J1556-4753,239.15081,-47.89468,17,0.283,1.31,,2006MNRAS.373...79P,,
2945,PN G332.0-04.3,T,PHR J1634-5405,248.58541,-54.08443,24,0.4,1.14,35,2006MNRAS.373...79P,,
2946,PN G332.0-01.0,T,MPA J1618-5147,244.67831,-51.7959,4,0.067,1,,2008MNRAS.384..525M,,
2947,PN G332.1-05.8,T,PHR J1642-5501,250.73247,-55.03107,46,0.767,1,,2006MNRAS.373...79P,,
2948,PN G332.3+07.0,L,PHR J1547-4533,236.93696,-45.54744,123,2.05,1.07,,2006MNRAS.373...79P,,
2949,PN G332.3-00.9,T,PHR J1619-5131,244.98953,-51.52975,11,0.183,1,,2006MNRAS.373...79P,,
2950,PN G332.4-01.4,T,BMP J1622-5144,245.64173,-51.74886,52,0.867,1.58,,2008MNRAS.384..525M,,
2951,PN G332.5-02.2,T,PHR J1626-5216,246.60082,-52.28272,98,1.633,1.23,117,2006MNRAS.373...79P,,
2953,PN G333.0+05.0,T,PHR J1558-4637,239.56092,-46.62834,26,0.433,1.04,,2006MNRAS.373...79P,,
2954,PN G333.2-00.6,L,PHR J1622-5038,245.66916,-50.64498,21,0.35,1.11,,2006MNRAS.373...79P,,
2955,PN G333.4-04.3,T,PHR J1641-5302,250.26825,-53.04019,20.5,0.342,1,,2006MNRAS.373...79P,,
2957,PN G333.7+03.2,T,MPA J1608-4729,242.05253,-47.49652,12,0.2,1.09,,2008MNRAS.384..525M,,
2958,PN G333.8-11.2,L,Fr 2-12,260.321,-56.9081,420,7,1.17,,2006MNRAS.373...79P,,
2960,PN G334.0+00.7,T,PHR J1619-4907,244.95874,-49.11442,48,0.8,1.02,,2006MNRAS.373...79P,,
2961,PN G334.0+02.4,T,BMP J1612-4750,243.16929,-47.83727,14,0.233,1.27,,2008MNRAS.384..525M,,
2962,PN G334.2-06.2,T,PHR J1654-5338,253.60425,-53.64556,28,0.467,1.04,,2006MNRAS.373...79P,,
2963,PN G334.3-02.3,T,BMP J1634-5102,248.67097,-51.03511,9,0.15,1.29,,2008MNRAS.384..525M,,
2964,PN G334.3-13.4,T,PHR J1736-5736,264.14008,-57.60656,47,0.783,,43,2006MNRAS.373...79P,,
2965,PN G334.3+04.2,T,PHR J1607-4619,241.77213,-46.33221,14,0.233,1.08,,2006MNRAS.373...79P,,
2966,PN G334.4+02.3,T,BMP J1614-4742,243.71792,-47.70309,12,0.2,1.09,,2008MNRAS.384..525M,,
2967,PN G334.6-06.7,T,MPA J1658-5341,254.57102,-53.69578,11,0.183,1.1,,2008MNRAS.384..525M,,
2969,PN G334.8-03.6,T,BMP J1643-5129,250.84836,-51.49127,8,0.133,1,,2008MNRAS.384..525M,,
2970,PN G334.9-12.8,T,PHR J1734-5649,263.74633,-56.82335,36,0.6,1,,2006MNRAS.373...79P,,
2971,PN G335.4-01.9,T,PHR J1637-4957,249.43702,-49.96387,23,0.383,1.44,,2006MNRAS.373...79P,,
2972,PN G335.8-01.6,L,MPA J1638-4927,249.5075,-49.45533,5,0.083,1,,2008MNRAS.384..525M,,
2973,PN G335.9-01.3,T,MPA J1637-4911,249.30912,-49.18776,7,0.117,1,,2008MNRAS.384..525M,,
2974,PN G336.1+03.2,T,MPA J1618-4551,244.60712,-45.85673,8,0.133,1,,2008MNRAS.384..525M,,
2975,PN G336.3+08.0,T,PHR J1601-4209,240.2579,-42.15,10,0.167,1.11,,2006MNRAS.373...79P,,
2976,PN G336.5-05.8,T,MPA J1700-5136,255.24468,-51.61182,18,0.3,2,,2008MNRAS.384..525M,,
2977,PN G336.5+05.5,T,MPA J1611-4356,242.80367,-43.93941,17,0.283,1,,2008MNRAS.384..525M,,
2978,PN G337.0+08.4,L,PHR J1602-4127,240.57554,-41.44708,200,3.333,1.14,0,2006MNRAS.373...79P,,
2979,PN G337.1-05.2,L,PHR J1700-5047,255.15752,-50.79,21,0.35,1.62,,2006MNRAS.373...79P,,
2980,PN G337.2-04.6,T,MPA J1657-5017,254.49887,-50.29222,7,0.117,1,,2008MNRAS.384..525M,,
2981,PN G337.3+00.6,T,PHR J1633-4650,248.49165,-46.83529,13.9,0.232,,124,2006MNRAS.373...79P,,
2982,PN G337.3-02.3,T,MPA J1647-4846,251.82045,-48.7798,6,0.1,1,,2008MNRAS.384..525M,,
2985,PN G337.6+00.7,T,PHR J1634-4628,248.71326,-46.47448,22,0.367,1.29,,2006MNRAS.373...79P,,
2986,PN G337.7+02.4,T,MPA J1627-4515,246.97241,-45.2609,8,0.133,1.33,,2008MNRAS.384..525M,,
2987,PN G337.8-04.1,T,PHR J1657-4933,254.4975,-49.55939,64,1.067,,50,2006MNRAS.373...79P,,
2988,PN G337.8+01.5,L,MPA J1632-4547,248.03091,-45.7994,8,0.133,1,,2008MNRAS.384..525M,,
2989,PN G337.9+01.4,L,PHR J1632-4549,248.23752,-45.82643,62,1.033,1.72,,2006MNRAS.373...79P,,
2990,PN G338.0+02.4,T,PHR J1629-4505,247.27083,-45.09586,67,1.117,0.97,130,2006MNRAS.373...79P,,
2991,PN G338.1-04.8,T,PHR J1702-4943,255.675,-49.72247,47,0.783,1.02,,2006MNRAS.373...79P,,
2992,PN G338.4-02.0,T,MPA J1650-4747,252.54086,-47.78469,5,0.083,1,,2008MNRAS.384..525M,,
2993,PN G338.4-02.7,T,MPA J1653-4812,253.30127,-48.20184,5,0.083,,,2008MNRAS.384..525M,,
2994,PN G338.6+01.1,T,BMP J1636-4529,249.24475,-45.49142,11,0.183,1.22,,2008MNRAS.384..525M,,
2995,PN G338.8+01.7,T,MPA J1635-4458,248.79305,-44.97793,7,0.117,1,,2008MNRAS.384..525M,,
2996,PN G338.8+07.8,T,PHR J1611-4038,242.87788,-40.64277,44.2,0.737,,,2006MNRAS.373...79P,,
2997,PN G338.9+04.6,T,PHR J1624-4252,246.003,-42.88,47,0.783,1.38,30,2006MNRAS.373...79P,,
2998,PN G339.1+00.9,T,PHR J1639-4516,249.8429,-45.27641,38,0.633,1.52,164,2006MNRAS.373...79P,,
2999,PN G339.1+03.0,T,MPA J1631-4354,247.77939,-43.90851,11,0.183,1,,2008MNRAS.384..525M,,
3000,PN G339.2+03.9,T,PHR J1627-4309,246.92173,-43.15085,13,0.217,1,,2006MNRAS.373...79P,,
3001,PN G339.4-03.7,T,PHR J1701-4803,255.45497,-48.06394,38,0.633,1.06,,2006MNRAS.373...79P,,
3002,PN G339.4-09.5,T,PHR J1721-5122,262.82846,-51.36669,30,0.5,1.2,,2006MNRAS.373...79P,,
3003,PN G339.4-06.5,T,PHR J1715-4939,258.8593,-49.65769,38,0.633,,13,2006MNRAS.373...79P,,
3005,PN G340.0+02.9,T,PM 1-112,248.67962,-43.30002,18,0.3,1.2,0,2006MNRAS.373...79P,,
3006,PN G340.1-02.2a,T,MPA J1657-4633,254.27632,-46.56657,7,0.117,1,,2008MNRAS.384..525M,,
3007,PN G340.1-02.2b,L,MPA J1657-4632,254.4007,-46.54869,7,0.117,1,,2008MNRAS.384..525M,,
3008,PN G340.2+06.4,T,PHR J1621-4040,245.43253,-40.67338,8,0.133,1,,2006MNRAS.373...79P,,
3009,PN G340.4-07.6,L,PHR J1724-4930,261.14459,-49.51469,44,0.733,2,,2006MNRAS.373...79P,,
3010,PN G340.4+03.8,T,MPA J1632-4220,248.13115,-42.34931,16,0.267,1.23,,2008MNRAS.384..525M,,
3011,PN G340.8+00.8,T,PHR J1646-4402,251.61498,-44.04028,71,1.183,0.99,,2006MNRAS.373...79P,,
3012,PN G340.9+03.7,T,MeWe 2-5,248.70713,-42.06196,33,0.55,1.43,141,2006MNRAS.373...79P,,
3014,PN G341.7+02.6,T,PHR J1642-4214,250.57749,-42.24589,10,0.167,1,68,2006MNRAS.373...79P,,
3015,PN G341.9-02.8,T,MPA J1706-4527,256.60503,-45.45112,8,0.133,1.14,,2008MNRAS.384..525M,,
3016,PN G342.0-01.7,T,PHR J1702-4443,255.51794,-44.72224,90,1.5,1.43,90,2006MNRAS.373...79P,,
3017,PN G342.1-02.0,T,MPA J1703-4450,255.84983,-44.84167,9,0.15,1.13,,2008MNRAS.384..525M,,
3018,PN G342.5-05.4,T,PHR J1720-4628,260.14702,-46.55499,34,0.567,1.48,,2006MNRAS.373...79P,,
3019,PN G342.7-02.3,T,MPA J1706-4434,256.70553,-44.57629,16,0.267,1.45,,2008MNRAS.384..525M,,
3020,PN G343.2-10.8,L,BMP J1749-4848,267.45725,-48.80889,10,0.167,1,,2008MNRAS.384..525M,,
3021,PN G343.3+05.9,L,PHR J1634-3848,248.72499,-38.80858,18,0.3,1,,2006MNRAS.373...79P,,
3022,PN G343.3-07.5,T,BMP J1733-4657,263.36581,-46.96606,14,0.233,1,,2008MNRAS.384..525M,,
3023,PN G343.5+01.2,T,PHR J1653-4143,253.4804,-41.73328,15,0.25,1.36,,2006MNRAS.373...79P,,
3025,PN G343.6+03.7a,T,MPA J1644-4002,251.08529,-40.037,60,1,1.3,,2008MNRAS.384..525M,,
3026,PN G343.9-01.6,T,PHR J1707-4309,256.98744,-43.15137,16,0.267,1.6,116,2006MNRAS.373...79P,,
3027,PN G344.0+02.5,T,MPA J1650-4030,252.58403,-40.50088,9,0.15,1,,2008MNRAS.384..525M,,
3028,PN G344.4+01.8,T,MPA J1654-4041,253.67989,-40.69629,15,0.25,1.67,,2008MNRAS.384..525M,,
3029,PN G344.4-03.5,T,MPA J1717-4351,259.47188,-43.86605,7,0.117,1,,2008MNRAS.384..525M,,
3030,PN G344.6-04.5,T,MPA J1723-4419,260.77526,-44.32121,16,0.267,1,,2008MNRAS.384..525M,,
3031,PN G344.8-03.5,T,MPA J1719-4336,259.80684,-43.60953,6,0.1,1,,2008MNRAS.384..525M,,
3032,PN G344.8+06.2,T,PKP J1638-3731,249.69172,-37.52862,9.5,0.158,1.19,,2006MNRAS.373...79P,,
3033,PN G344.8-02.6,L,MPA J1715-4303,258.81634,-43.06494,7,0.117,1,,2008MNRAS.384..525M,,
3034,PN G344.9+03.0,T,BMP J1651-3930,252.922,-39.50758,310,5.167,1.03,,2008MNRAS.384..525M,,
3035,PN G345.6-07.4,T,MPA J1740-4504,265.0263,-45.0727,4,0.067,1,,2008MNRAS.384..525M,,
3036,PN G345.8+02.4,L,MPA J1656-3912,254.16711,-39.21023,4,0.067,1,,2008MNRAS.384..525M,,
3037,PN G345.8+02.7,T,PHR J1655-3900,253.96628,-39.00582,12,0.2,1.5,58,2006MNRAS.373...79P,,
3038,PN G345.9+03.0a,T,MPA J1654-3845,253.63569,-38.75093,20,0.333,1.05,,2008MNRAS.384..525M,,
3040,PN G346.1+02.8,T,MPA J1656-3841,254.00723,-38.69741,8,0.133,1.33,,2008MNRAS.384..525M,,
3041,PN G346.2-02.6,T,PHR J1719-4153,259.88039,-41.88586,28,0.467,1,,2006MNRAS.373...79P,,
3043,PN G346.5+05.6,T,PHR J1646-3637,251.59045,-36.6217,13,0.217,1.44,,2006MNRAS.373...79P,,
3044,PN G346.5+02.7,T,PPA J1657-3826,254.43679,-38.44661,8.5,0.142,1.13,,2006MNRAS.373...79P,,
3045,PN G346.5+13.5,T,PHR J1618-3119,244.62584,-31.33109,14,0.233,1.27,,2006MNRAS.373...79P,,
3046,PN G346.8-00.7,L,MPA J1713-4015,258.295,-40.26558,7,0.117,1.4,,2008MNRAS.384..525M,,
3047,PN G346.9-08.9,T,PHR J1750-4438,267.69035,-44.63944,22,0.367,1.1,,2006MNRAS.373...79P,,
3049,PN G347.0+00.3,T,PHR J1709-3931,257.29208,-39.51847,51,0.85,3.92,58,2006MNRAS.373...79P,,
3050,PN G347.2-00.8,T,PHR J1714-4006,258.70545,-40.10249,20,0.333,1.82,97,2006MNRAS.373...79P,,
3051,PN G347.3+05.0,L,PHR J1651-3621,252.86163,-36.36006,33,0.55,1.65,,2006MNRAS.373...79P,,
3053,PN G347.4+01.8,T,PHR J1704-3819,256.07067,-38.33261,26.5,0.442,1.36,161,2006MNRAS.373...79P,,
3054,PN G347.4+01.6,T,PPA J1704-3824,256.2463,-38.40111,10,0.167,1.67,,2006MNRAS.373...79P,,
3055,PN G347.8-01.1,T,MPA J1717-3945,259.45548,-39.76623,6,0.1,1,,2008MNRAS.384..525M,,
3056,PN G347.9+01.9,T,PPA J1705-3748,256.36292,-37.81353,6,0.1,,,2006MNRAS.373...79P,,
3057,PN G348.0-00.3,T,MPA J1715-3903,258.81722,-39.0634,78,1.3,1.08,,2008MNRAS.384..525M,,
3058,PN G348.3-03.6,T,MPA J1729-4043,262.48986,-40.72968,70,1.167,1.46,,2008MNRAS.384..525M,,
3059,PN G348.3-01.3,L,PHR J1720-3927,260.05999,-39.46329,130,2.167,1.38,,2006MNRAS.373...79P,,
3060,PN G348.4+04.9,T,MPA J1655-3535,253.84191,-35.58997,11,0.183,1.22,,2008MNRAS.384..525M,,
3061,PN G348.7-02.5,T,MPA J1726-3950,261.64282,-39.83893,5,0.083,1,,2008MNRAS.384..525M,,
3062,PN G348.7+01.3,T,PHR J1710-3732,257.5513,-37.54752,70,1.167,1.09,,2006MNRAS.373...79P,,
3063,PN G348.8+01.9,L,PPA J1708-3705,257.0975,-37.0933,6,0.1,1.09,,2006MNRAS.373...79P,,
3064,PN G349.1-01.7,T,PHR J1724-3859,261.1279,-38.99553,152,2.533,1.69,114,2006MNRAS.373...79P,,
3065,PN G349.3+07.4,T,PHR J1648-3318,252.18833,-33.31567,13,0.217,1.08,,2006MNRAS.373...79P,,
3066,PN G349.5+02.0,T,PHR J1709-3629,257.39125,-36.49028,117,1.95,1.08,,2006MNRAS.373...79P,,
3067,PN G349.6-02.1,T,MPA J1727-3851,261.90346,-38.8524,7,0.117,1,,2008MNRAS.384..525M,,
3068,PN G349.6+03.1,T,PHR J1706-3544,256.50797,-35.74362,54,0.9,1.04,,2006MNRAS.373...79P,,
3069,PN G349.7+04.0,L,PPA J1702-3509,255.69209,-35.15057,4.5,0.075,1.29,,2006MNRAS.373...79P,,
3070,PN G349.7+06.2,T,PPA J1654-3343,253.53438,-33.73294,8.5,0.142,1.21,,2006MNRAS.373...79P,,
3071,PN G349.9+03.2,T,PHR J1706-3528,256.60215,-35.47721,10,0.167,1,,2006MNRAS.373...79P,,
3072,PN G350.1-04.8,T,PHR J1740-3949,265.10233,-39.83044,47.5,0.792,,,2006MNRAS.373...79P,,
3073,PN G350.3+06.4,T,MPA J1655-3310,253.75497,-33.16972,10,0.167,1.11,,2008MNRAS.384..525M,,
3074,PN G350.4+02.0,L,RPZM 5,258.14163,-35.72224,17,0.283,2.83,,2006MNRAS.373...79P,,
3075,PN G350.8-03.6,T,MPA J1737-3837,264.27178,-38.62145,8,0.133,1,,2008MNRAS.384..525M,,
3076,PN G350.8+01.7,L,RPZM 7,258.70741,-35.59449,5,0.083,1,,2008MNRAS.384..525M,,
3077,PN G350.8-03.0,T,PPA J1734-3817,263.71992,-38.28842,6,0.1,1,,2006MNRAS.373...79P,,
3078,PN G350.9-03.7,L,PHR J1738-3839,264.50214,-38.65387,25,0.417,1.19,,2006MNRAS.373...79P,,
3079,PN G350.9-02.9,T,Wray 16-287,263.5833,-38.15165,83,1.383,1.84,53,2006MNRAS.373...79P,,
3080,PN G350.9+07.8,L,PHR J1651-3148,252.94458,-31.80582,161,2.683,1.05,,2006MNRAS.373...79P,,
3081,PN G351.0+03.1,L,PHR J1709-3436,257.442,-34.6013,117.8,1.963,,,2006MNRAS.373...79P,,
3082,PN G351.0+05.8,L,PHR J1659-3258,254.85747,-32.97607,53,0.883,1.13,,2006MNRAS.373...79P,,
3083,PN G351.1+03.1,T,PPA J1710-3434,257.58254,-34.57633,15,0.25,1.15,,2006MNRAS.373...79P,,
3084,PN G351.1+02.6,T,PHR J1712-3452,258.07919,-34.8686,8,0.133,1,,2006MNRAS.373...79P,,
3085,PN G351.1-03.9,T,PHR J1739-3829,264.82165,-38.49555,54,0.9,1.42,170,2006MNRAS.373...79P,,
3086,PN G351.2-03.0,T,PHR J1735-3759,263.87086,-37.9906,15,0.25,1.36,,2006MNRAS.373...79P,,
3088,PN G351.5-03.4,T,PPA J1738-3753,264.54583,-37.89467,9,0.15,1,,2006MNRAS.373...79P,,
3089,PN G351.8-02.7,T,MPA J1736-3717,264.04211,-37.2855,6,0.1,1,,2008MNRAS.384..525M,,
3090,PN G351.9+03.9,T,PHR J1709-3327,257.34084,-33.4631,21,0.35,1.05,,2006MNRAS.373...79P,,
3092,PN G352.0+05.7,T,PHR J1702-3219,255.67958,-32.31922,51,0.85,1.06,,2006MNRAS.373...79P,,
3093,PN G352.1-02.6,L,PHR J1736-3659,264.07208,-36.99635,18,0.3,1.29,,2006MNRAS.373...79P,,
3095,PN G352.2+02.4,T,PHR J1715-3406,258.99161,-34.11195,17,0.283,1.55,96,2006MNRAS.373...79P,,
3096,PN G352.2-04.3,T,PHR J1743-3749,265.95412,-37.83032,37,0.617,1.09,,2006MNRAS.373...79P,,
3098,PN G352.2-05.1,T,PHR J1747-3811,266.91623,-38.19523,19,0.317,,,2006MNRAS.373...79P,,
3099,PN G352.3+12.2,L,MPA J1640-2757,250.04387,-27.95924,10,0.167,1,,2008MNRAS.384..525M,,
3100,PN G352.4-02.7,L,PPA J1737-3650,264.40671,-36.8383,6,0.1,1.2,,2006MNRAS.373...79P,,
3101,PN G352.6+02.2,T,PPA J1717-3349,259.48417,-33.82423,8,0.133,1.14,,2006MNRAS.373...79P,,
3102,PN G352.7-02.5,L,PPA J1737-3627,264.40254,-36.45169,9,0.15,1.13,,2006MNRAS.373...79P,,
3103,PN G352.7-01.7,T,PPA J1734-3600,263.59275,-36.01328,9,0.15,1,,2006MNRAS.373...79P,,
3104,PN G352.8+08.4,T,MPA J1654-3000,253.71899,-30.01442,10,0.167,1,,2008MNRAS.384..525M,,
3105,PN G352.8+03.0,T,PPA J1715-3313,258.79333,-33.23001,7,0.117,1.17,,2006MNRAS.373...79P,,
3106,PN G352.8-00.5,T,MPA J1729-3513,262.40628,-35.22939,18,0.3,2,,2008MNRAS.384..525M,,
3107,PN G352.8-04.6,T,PPA J1746-3725,266.74873,-37.42665,16,0.267,1.23,,2006MNRAS.373...79P,,
3108,PN G353.0-04.4,L,PHR J1746-3713,266.60146,-37.21906,11,0.183,1,,2006MNRAS.373...79P,,
3109,PN G353.2+02.4,T,PPA J1718-3315,259.68705,-33.25665,8,0.133,1,,2006MNRAS.373...79P,,
3110,PN G353.2+04.2,T,PHR J1711-3210,257.97834,-32.17477,15,0.25,1.25,,2006MNRAS.373...79P,,
3111,PN G353.3-02.9,T,PHR J1740-3607,265.209,-36.1296,14,0.233,1.27,55,2006MNRAS.373...79P,,
3112,PN G353.3-02.2,T,PPA J1738-3546,264.56745,-35.77474,8,0.133,1.6,,2006MNRAS.373...79P,,
3113,PN G353.5-02.6,T,PPA J1740-3551,265.08933,-35.85856,9,0.15,1.06,,2006MNRAS.373...79P,,
3114,PN G353.6-01.3,L,MPA J1735-3502,263.81979,-35.0472,5,0.083,1,,2008MNRAS.384..525M,,
3115,PN G353.6+01.7,T,PPA J1722-3317,260.64729,-33.28728,4,0.067,1,,2006MNRAS.373...79P,,
3116,PN G353.6+02.6,T,MPA J1719-3247,259.7924,-32.78978,8,0.133,1.14,,2008MNRAS.384..525M,,
3117,PN G353.6-02.6,T,PN RPZM 31,265.18997,-35.73282,9,0.15,1,,2006MNRAS.373...79P,,
3118,PN G353.7+06.1,T,PHR J1705-3039,256.499,-30.6641,19,0.317,1.27,,2006MNRAS.373...79P,,
3119,PN G353.7-01.1,L,PPA J1734-3449,263.62629,-34.81749,5,0.083,1,,2006MNRAS.373...79P,,
3120,PN G353.8-03.7,T,PHR J1745-3609,266.38,-36.1659,42,0.7,1.91,177,2006MNRAS.373...79P,,
3122,PN G353.9-05.8,T,PHR J1754-3708,268.694,-37.1467,25,0.417,1.19,36,2006MNRAS.373...79P,,
3123,PN G353.9+03.6,T,PHR J1715-3159,258.95126,-31.98942,14,0.233,1.08,,2006MNRAS.373...79P,,
3126,PN G354.0-01.3,L,PPA J1736-3444,264.02373,-34.73527,5,0.083,1,,2006MNRAS.373...79P,,
3127,PN G354.0+04.8,L,MPA J1711-3112,257.90428,-31.20588,7,0.117,1.17,,2008MNRAS.384..525M,,
3128,PN G354.0-00.8,T,PHR J1734-3426,263.55713,-34.43332,33,0.55,1.94,108,2006MNRAS.373...79P,,
3129,PN G354.0+04.7,T,PHR J1712-3114,258.04212,-31.24443,47,0.783,1.04,132,2006MNRAS.373...79P,,
3132,PN G354.3+00.5,L,PHR J1729-3321,262.31058,-33.36061,34,0.567,1.7,,2006MNRAS.373...79P,,
3133,PN G354.4+05.4,T,PHR J1710-3032,257.68083,-30.54111,10,0.167,1,,2006MNRAS.373...79P,,
3134,PN G354.4+02.2,T,PPA J1723-3223,260.76754,-32.38614,11,0.183,1.38,,2006MNRAS.373...79P,,
3135,PN G354.5+04.8,T,PHR J1712-3049,258.2246,-30.83116,30,0.5,1.36,112,2006MNRAS.373...79P,,
3136,PN G354.5+02.4,T,PHR J1722-3210,260.54874,-32.17919,9,0.15,1,,2006MNRAS.373...79P,,
3137,PN G354.5-02.0,L,PPA J1740-3438,265.03662,-34.63752,12,0.2,1.2,,2006MNRAS.373...79P,,
3138,PN G354.5-03.9,T,Sab 41,267.06796,-35.64194,77,1.283,1.83,31,2006MNRAS.373...79P,,
3140,PN G354.5-02.0a,T,PPA J1740-3437,265.12707,-34.62145,7,0.117,1,,2006MNRAS.373...79P,,
3141,PN G354.6-01.4,L,PPA J1737-3414,264.47456,-34.24086,6,0.1,1,,2006MNRAS.373...79P,,
3142,PN G354.6-04.5,T,PPA J1750-3548,267.73381,-35.81363,25,0.417,1.32,,2006MNRAS.373...79P,,
3143,PN G354.7-03.9,T,MPA J1748-3530,267.20265,-35.50831,14,0.233,1,,2008MNRAS.384..525M,,
3144,PN G354.7+02.8,T,PPA J1721-3149,260.34872,-31.83111,9,0.15,1.29,,2006MNRAS.373...79P,,
3145,PN G354.7+03.2,T,PHR J1719-3134,259.977,-31.5794,7.5,0.125,1.25,,2006MNRAS.373...79P,,
3146,PN G354.8+01.8,T,PPA J1725-3216,261.31604,-32.26989,8,0.133,1.33,,2006MNRAS.373...79P,,
3147,PN G354.8+05.1,T,PHR J1712-3021,258.16271,-30.36078,16,0.267,1.6,,2006MNRAS.373...79P,,
3149,PN G354.8+01.6,L,PHR J1726-3221,261.60753,-32.36391,45,0.75,1,,2006MNRAS.373...79P,,
3151,PN G354.9+03.3,T,PHR J1719-3121,259.90417,-31.35269,14,0.233,1.27,,2006MNRAS.373...79P,,
3152,PN G354.9-02.8,T,MPA J1744-3444,266.18127,-34.74046,10,0.167,1.11,,2008MNRAS.384..525M,,
3153,PN G354.9-04.4,T,PHR J1751-3531,267.846,-35.5223,15,0.25,1.67,41,2006MNRAS.373...79P,,
3154,PN G355.0+02.6,T,RPZM 13,260.67001,-31.66526,2,0.033,1,,2006MNRAS.373...79P,,
3156,PN G355.0+05.8,T,PHR J1710-2946,257.699,-29.7772,32.4,0.54,,25,2006MNRAS.373...79P,,
3157,PN G355.1+03.7,T,PHR J1718-3055,259.69462,-30.92475,20,0.333,1.11,10,2006MNRAS.373...79P,,
3158,PN G355.2-02.0,T,PPA J1741-3405,265.49608,-34.09281,6.5,0.108,1,,2006MNRAS.373...79P,,
3159,PN G355.2-05.0,T,PHR J1754-3533,268.626,-35.5534,26,0.433,1,,2006MNRAS.373...79P,,
3160,PN G355.3+05.2,T,PHR J1713-2957,258.39625,-29.96089,36,0.6,1.03,10,2006MNRAS.373...79P,,
3161,PN G355.3+03.1,L,PPA J1721-3110,260.41208,-31.17619,5,0.083,1.25,,2006MNRAS.373...79P,,
3162,PN G355.3-03.2,T,PPA J1747-3435,266.78467,-34.59528,19.5,0.325,1.27,,2006MNRAS.373...79P,,
3163,PN G355.3-04.1,T,PHR J1750-3500,267.73709,-35.0128,19,0.317,1.12,130,2006MNRAS.373...79P,,
3164,PN G355.3+03.8,L,MPA J1719-3043,259.83363,-30.72786,65,1.083,1,,2008MNRAS.384..525M,,
3165,PN G355.4-05.7,T,MPA J1757-3547,269.49783,-35.79942,39,0.65,1.08,,2008MNRAS.384..525M,,
3166,PN G355.4-03.1,T,PPA J1746-3428,266.715,-34.4679,26,0.433,1.21,,2006MNRAS.373...79P,,
3167,PN G355.4-02.6,T,PHR J1745-3413,266.26542,-34.2245,12,0.2,1,,2006MNRAS.373...79P,,
3168,PN G355.4+03.6,T,PHR J1719-3044,259.97827,-30.74946,20,0.333,1.43,167,2006MNRAS.373...79P,,
3169,PN G355.5-04.8,T,PHR J1754-3515,268.57248,-35.26085,19.5,0.325,1.04,,2006MNRAS.373...79P,,
3170,PN G355.5-06.3,T,BMP J1800-3600,270.20028,-36.00892,27,0.45,1.13,,2008MNRAS.384..525M,,
3172,PN G355.5+04.7,T,PHR J1716-3002,259.01708,-30.03783,15,0.25,1.03,,2006MNRAS.373...79P,,
3173,PN G355.5+03.6,T,PHR J1720-3041,260.12658,-30.6965,25,0.417,1.14,,2006MNRAS.373...79P,,
3174,PN G355.5-03.7,T,PHR J1749-3438,267.49538,-34.64388,14,0.233,1,,2006MNRAS.373...79P,,
3175,PN G355.6+05.1,T,MPA J1714-2946,258.70123,-29.77972,10,0.167,1.11,,2008MNRAS.384..525M,,
3176,PN G355.6+01.4,T,PPA J1729-3152,262.29583,-31.87908,6,0.1,1.2,,2006MNRAS.373...79P,,
3177,PN G355.6-02.3,T,PHR J1744-3355,266.1162,-33.92222,57,0.95,1.63,50,2006MNRAS.373...79P,,
3178,PN G355.6+03.6,T,PHR J1720-3038,260.17954,-30.64339,12.8,0.213,,,2006MNRAS.373...79P,,
3179,PN G355.6+04.1,T,PHR J1718-3019,259.65493,-30.32362,41,0.683,1.21,24,2006MNRAS.373...79P,,
3180,PN G355.6-01.4,T,PHR J1740-3324,265.22876,-33.40502,9,0.15,1,,2006MNRAS.373...79P,,
3181,PN G355.8+01.7,T,MPA J1728-3132,262.12972,-31.53578,4,0.067,1,,2008MNRAS.384..525M,,
3182,PN G355.8+04.5,T,PHR J1717-2954,259.43338,-29.90829,12.2,0.203,1.09,,2006MNRAS.373...79P,,
3183,PN G355.8+03.5,T,PHR J1721-3027,260.38225,-30.45547,9,0.15,1.8,,2006MNRAS.373...79P,,
3184,PN G355.9-04.4,T,PHR J1753-3443,268.41567,-34.72783,47,0.783,,131,2006MNRAS.373...79P,,
3186,PN G355.9+03.1,T,PPA J1723-3038,260.84791,-30.64448,4,0.067,1,,2006MNRAS.373...79P,,
3187,PN G355.9+04.1,T,PHR J1719-3003,259.94654,-30.06558,22,0.367,1.1,45,2006MNRAS.373...79P,,
3188,PN G355.9+06.1,L,Terz N 7,257.99771,-28.8595,16,0.267,1,,2006MNRAS.373...79P,,
3189,PN G356.0-01.8,T,PPA J1743-3315,265.78002,-33.26501,5,0.083,1,,2006MNRAS.373...79P,,
3190,PN G356.0-01.4,T,PPA J1741-3302,265.38914,-33.03752,8,0.133,1.14,,2006MNRAS.373...79P,,
3191,PN G356.0-04.2,T,PHR J1753-3428,268.27041,-34.47755,15,0.25,1.36,,2006MNRAS.373...79P,,
3192,PN G356.0+02.8,T,PN PBOZ 3,261.24313,-30.71778,6,0.1,1.5,,2006MNRAS.373...79P,,
3193,PN G356.1-02.7,T,PPA J1747-3341,266.76979,-33.68408,6,0.1,1.33,,2006MNRAS.373...79P,,
3194,PN G356.1-02.1,T,PHR J1744-3319,266.21578,-33.32501,9,0.15,1.13,,2006MNRAS.373...79P,,
3195,PN G356.2+02.5,T,PPA J1726-3045,261.59832,-30.76079,5,0.083,1.25,,2006MNRAS.373...79P,,
3196,PN G356.2-03.6,T,PPA J1751-3401,267.77881,-34.02804,10,0.167,1.05,,2006MNRAS.373...79P,,
3197,PN G356.2+05.1,T,PHR J1716-2916,259.17396,-29.2725,26,0.433,1.08,,2006MNRAS.373...79P,,
3198,PN G356.2-03.2,T,PHR J1749-3347,267.34915,-33.79474,13,0.217,1.3,,2006MNRAS.373...79P,,
3200,PN G356.2+02.7,T,MPA J1725-3033,261.38916,-30.56583,5,0.083,1,,2008MNRAS.384..525M,,
3201,PN G356.2+05.3,T,PHR J1715-2905,258.94211,-29.08449,22,0.367,1.1,,2006MNRAS.373...79P,,
3202,PN G356.3-02.6,T,MPA J1747-3326,266.86472,-33.44407,16,0.267,1.45,,2008MNRAS.384..525M,,
3203,PN G356.4+04.8,T,PHR J1718-2914,259.55082,-29.24946,22,0.367,1.05,,2006MNRAS.373...79P,,
3204,PN G356.4+04.3,L,PHR J1720-2931,260.05832,-29.52469,19,0.317,1.06,,2006MNRAS.373...79P,,
3205,PN G356.5-01.8,T,PPA J1744-3252,266.1167,-32.86977,6.5,0.108,1.18,,2006MNRAS.373...79P,,
3206,PN G356.5+02.2,T,Sab 49,262.03202,-30.63837,17,0.283,1.13,65,2006MNRAS.373...79P,,
3207,PN G356.5-03.4,T,MPA J1751-3339,267.8362,-33.65366,9,0.15,1,,2008MNRAS.384..525M,,
3208,PN G356.5-04.1,T,PPA J1754-3358,268.51208,-33.98097,15,0.25,1.15,,2006MNRAS.373...79P,,
3209,PN G356.6+02.3,T,PHR J1728-3032,262.05911,-30.53723,12,0.2,1.5,33,2006MNRAS.373...79P,,
3210,PN G356.6-04.7,T,PHR J1756-3414,269.2009,-34.24222,20.1,0.335,1.07,,2006MNRAS.373...79P,,
3211,PN G356.6+07.5,T,K 6-20,257.18709,-27.51721,13,0.217,1.08,,2006MNRAS.373...79P,,
3212,PN G356.6-01.9,T,Terz N 23,266.29084,-32.77135,45,0.75,1.32,153,2006MNRAS.373...79P,,
3213,PN G356.7-04.7,T,MPA J1757-3410,269.25242,-34.17805,10,0.167,1.25,,2008MNRAS.384..525M,,
3214,PN G356.8+05.1,T,PHR J1717-2845,259.4529,-28.76586,46,0.767,1.44,,2006MNRAS.373...79P,,
3216,PN G356.9+00.9,T,PPA J1734-3102,263.64308,-31.03544,5,0.083,1,,2006MNRAS.373...79P,,
3217,PN G356.9+02.2,T,MPA J1729-3016,262.34624,-30.28012,7,0.117,1.17,,2008MNRAS.384..525M,,
3218,PN G357.0-04.4,L,PHR J1756-3342,269.16459,-33.70863,21.6,0.36,1.03,,2006MNRAS.373...79P,,
3220,PN G357.1-05.3,L,BMP J1800-3407,270.11027,-34.13028,44,0.733,1.91,,2008MNRAS.384..525M,,
3221,PN G357.2+07.2,T,Terz N 5,257.81167,-27.19195,18,0.3,1.06,55,2006MNRAS.373...79P,,
3222,PN G357.3+04.1,T,PHR J1723-2856,260.7842,-28.93975,20,0.333,1.05,,2006MNRAS.373...79P,,
3223,PN G357.3+01.3,T,PHR J1733-3029,263.49292,-30.49586,17.4,0.29,1.02,50,2006MNRAS.373...79P,,
3224,PN G357.3+05.7,T,PHR J1717-2759,259.25667,-27.99147,20,0.333,1.67,,2006MNRAS.373...79P,,
3225,PN G357.3-02.0,T,PPA J1747-3215,266.86878,-32.26284,4.5,0.075,1,,2006MNRAS.373...79P,,
3226,PN G357.3+02.8,L,PHR J1728-2936,262.03711,-29.61504,6,0.1,1.2,,2006MNRAS.373...79P,,
3227,PN G357.4+03.4,L,PPA J1725-2915,261.47705,-29.25227,9,0.15,1,,2006MNRAS.373...79P,,
3228,PN G357.4-03.1,T,PHR J1752-3244,268.00225,-32.73583,10,0.167,1.67,,2006MNRAS.373...79P,,
3229,PN G357.5-05.1,L,PPA J1800-3341,270.17963,-33.69971,6,0.1,1,,2006MNRAS.373...79P,,
3230,PN G357.5+02.0,T,PPA J1731-2955,262.89375,-29.92689,19,0.317,1.53,,2006MNRAS.373...79P,,
3231,PN G357.5+04.5,L,PPA J1722-2831,260.54369,-28.52611,12,0.2,1.5,,2006MNRAS.373...79P,,
3232,PN G357.5-05.5,T,PPA J1802-3350,270.59914,-33.84668,9,0.15,1,,2006MNRAS.373...79P,,
3233,PN G357.5-02.4,T,PPA J1749-3216,267.40792,-32.27439,7.8,0.13,1.2,,2006MNRAS.373...79P,,
3234,PN G357.5+01.3,T,PPA J1734-3015,263.60831,-30.25501,7,0.117,1.75,,2006MNRAS.373...79P,,
3235,PN G357.6-03.0,T,PHR J1752-3233,268.04917,-32.5521,11,0.183,1.83,134,2006MNRAS.373...79P,,
3236,PN G357.6-06.5,T,PHR J1806-3416,271.697,-34.2678,20,0.333,1.14,37,2006MNRAS.373...79P,,
3237,PN G357.6-03.0a,T,PHR J1752-3230,268.06665,-32.5019,11,0.183,1.1,,2006MNRAS.373...79P,,
3238,PN G357.7-04.8,T,BMP J1759-3321,269.93839,-33.35361,670,11.167,1.4,,2008MNRAS.384..525M,,
3239,PN G357.7+01.4,T,PPA J1734-3004,263.6942,-30.07251,3.6,0.06,1.16,,2006MNRAS.373...79P,,
3240,PN G357.8-04.4,T,WRAY 17-104,269.60792,-33.08378,21,0.35,1.4,,2006MNRAS.373...79P,,
3241,PN G357.8+01.6,T,PPA J1734-2954,263.50707,-29.90976,15,0.25,,155,2006MNRAS.373...79P,,
3242,PN G357.8+04.9,L,PPA J1721-2805,260.38831,-28.0889,6,0.1,1,,2006MNRAS.373...79P,,
3243,PN G357.8-03.3,T,PHR J1753-3228,268.48213,-32.48011,33,0.55,1.06,,2006MNRAS.373...79P,,
3244,PN G357.8+02.3,T,PHR J1731-2927,262.841,-29.46439,12,0.2,1,,2006MNRAS.373...79P,,
3245,PN G357.9+01.7,T,PPA J1733-2945,263.41003,-29.75833,7,0.117,1,,2006MNRAS.373...79P,,
3246,PN G358.0+01.6,T,PHR J1734-2944,263.62089,-29.74138,14,0.233,1.08,,2006MNRAS.373...79P,,
3247,PN G358.0-02.4,T,PPA J1750-3152,267.70229,-31.87411,6,0.1,1,,2006MNRAS.373...79P,,
3249,PN G358.3+05.5,T,PHR J1720-2719,260.12833,-27.32774,39,0.65,1.18,,2006MNRAS.373...79P,,
3250,PN G358.4+02.7,T,PHR J1731-2850,262.80958,-28.84358,24,0.4,2,,2006MNRAS.373...79P,,
3251,PN G358.4-05.5,T,PHR J1804-3306,271.06258,-33.1083,22,0.367,1.19,,2006MNRAS.373...79P,,
3252,PN G358.4+02.1,T,PPA J1733-2908,263.41854,-29.14267,9,0.15,0.9,,2006MNRAS.373...79P,,
3253,PN G358.4-02.3,T,MPA J1751-3128,267.82713,-31.46779,11.7,0.195,,,2008MNRAS.384..525M,,
3254,PN G358.6-03.6,T,PHR J1756-3157,269.18213,-31.95915,49,0.817,1.02,,2006MNRAS.373...79P,,
3255,PN G358.6+02.0,L,JaSt 2-1,263.62169,-29.03445,140,2.333,,,2006MNRAS.373...79P,,
3256,PN G358.7-02.5,T,PHR J1752-3116,268.15208,-31.2742,10,0.167,1.11,,2006MNRAS.373...79P,,
3257,PN G358.8+03.4,T,MPA J1729-2804,262.36166,-28.07662,14,0.233,1,,2008MNRAS.384..525M,,
3258,PN G358.8-07.6,T,PHR J1814-3340,273.512,-33.6808,41.6,0.693,,34,2006MNRAS.373...79P,,
3259,PN G358.8+03.8,T,PHR J1727-2747,261.99787,-27.79863,14,0.233,1,,2006MNRAS.373...79P,,
3261,PN G358.9-02.1,T,PHR J1751-3059,267.91164,-30.99831,15,0.25,1.25,,2006MNRAS.373...79P,,
3262,PN G358.9-03.6,L,PPA J1757-3144,269.45253,-31.73469,13.8,0.23,2.19,,2006MNRAS.373...79P,,
3263,PN G358.9+04.7,T,PHR J1724-2716,261.22746,-27.27294,24,0.4,1.14,,2006MNRAS.373...79P,,
3264,PN G359.0-04.9,T,PHR J1803-3218,270.82125,-32.30694,24,0.4,1.6,,2006MNRAS.373...79P,,
3265,PN G359.0+03.7,T,PHR J1728-2743,262.1833,-27.72748,17,0.283,1.06,,2006MNRAS.373...79P,,
3266,PN G359.0+03.0,T,MPA J1731-2805,262.93039,-28.09977,20,0.333,1,,2008MNRAS.384..525M,,
3267,PN G359.1+02.9,T,MPA J1732-2806,263.07295,-28.10948,18,0.3,1.8,,2008MNRAS.384..525M,,
3268,PN G359.2-03.1,T,PHR J1756-3112,269.12,-31.2107,14,0.233,1.4,,2006MNRAS.373...79P,,
3269,PN G359.2-02.4,T,PHR J1753-3051,268.41546,-30.85678,12.5,0.208,1.39,,2006MNRAS.373...79P,,
3270,PN G359.3+01.4a,T,JaSt 7,264.60958,-28.78425,10.5,0.175,1.11,,2006MNRAS.373...79P,,
3271,PN G359.3-02.8,T,MPA J1755-3058,268.80451,-30.97029,34,0.567,2.13,,2008MNRAS.384..525M,,
3272,PN G359.3-02.3,T,PHR J1753-3038,268.31786,-30.64445,17,0.283,1.7,4,2006MNRAS.373...79P,,
3273,PN G359.4-05.6,T,BMP J1807-3215,271.77918,-32.2561,22,0.367,1.16,,2008MNRAS.384..525M,,
3274,PN G359.4+02.3a,T,PPA J1735-2809,263.80025,-28.15861,9,0.15,1.29,,2006MNRAS.373...79P,,
3275,PN G359.4-06.3,L,PPA J1809-3233,272.47001,-32.56218,8,0.133,1,,2006MNRAS.373...79P,,
3276,PN G359.4-03.3,T,PHR J1757-3106,269.46538,-31.10304,13,0.217,1.04,,2006MNRAS.373...79P,,
3277,PN G359.5-03.7,T,MPA J1759-3116,269.85623,-31.28164,22,0.367,1,,2008MNRAS.384..525M,,
3278,PN G359.5+03.5,T,MPA J1730-2726,262.69993,-27.4417,16,0.267,1,,2008MNRAS.384..525M,,
3279,PN G359.5-01.8,T,JaSt 2-7,267.933,-30.2118,41,0.683,1.05,,2006MNRAS.373...79P,,
3280,PN G359.6+04.3,T,PPA J1727-2653,261.9933,-26.8958,8,0.133,1.14,,2006MNRAS.373...79P,,
3281,PN G359.7+06.0,T,BMP J1721-2554,260.49209,-25.90669,14,0.233,1.17,,2008MNRAS.384..525M,,
3282,PN G359.7-02.2,T,PPA J1753-3021,268.49751,-30.36362,20,0.333,1.05,,2006MNRAS.373...79P,,
3283,PN G359.7-04.4a,L,PPA J1802-3124,270.62628,-31.40477,17,0.283,1.42,0,2006MNRAS.373...79P,,
3285,PN G359.7+02.0,T,PPA J1736-2804,264.23668,-28.07833,6.5,0.108,1.3,,2006MNRAS.373...79P,,
3286,PN G359.7-05.7,L,PHR J1808-3201,272.045,-32.0237,228,3.8,1.17,,2006MNRAS.373...79P,,
3287,PN G359.7+03.2,T,MPA J1732-2724,263.14954,-27.40781,10,0.167,1,,2008MNRAS.384..525M,,
3288,PN G359.7-05.0,T,PHR J1805-3140,271.37586,-31.67115,16,0.267,1.33,,2006MNRAS.373...79P,,
3289,PN G359.8+03.5,T,PHR J1731-2709,262.94915,-27.15524,15,0.25,1.15,,2006MNRAS.373...79P,,
3290,PN G359.9+01.8,T,PPA J1738-2800,264.549,-28.002,4,0.067,0.89,,2006MNRAS.373...79P,,
3291,PN G359.9-02.6,T,PHR J1756-3019,269.02746,-30.32636,12,0.2,1.14,,2006MNRAS.373...79P,,
3292,PN G359.9-01.8,T,MPA J1752-2953,268.20488,-29.88362,21.5,0.358,,,2008MNRAS.384..525M,,
4103,PN G002.0-13.4,T,IC 4776,281.46135,-33.34272,8.5,0.142,2.13,34,1992secg.book.....A,,
4104,PN G002.5-05.4,T,KFL 14,273.253,-29.4196,23.1,0.385,,,1992secg.book.....A,,
4105,PN G003.8-17.1,T,Hb 8,286.39977,-33.19379,2.9,0.048,1.26,,1992secg.book.....A,,
4106,PN G005.5+06.1,T,M 3-11,263.83925,-20.95639,7.2,0.12,,,1992secg.book.....A,,
4107,PN G006.0+03.1,T,M 1-28,266.90942,-22.10545,87,1.45,,14,1992secg.book.....A,,
4108,PN G006.1+08.3,T,M 1-20,262.24008,-19.26495,2.5,0.042,1.09,102,1992secg.book.....A,,
4109,PN G006.8+04.1,T,M 3-15,266.38214,-20.96716,11.2,0.187,,122,1992secg.book.....A,,
4111,PN G008.2+06.8,T,Hen 2-260,264.73907,-18.29327,1.8,0.03,2.25,85,1992secg.book.....A,,
4112,PN G009.0+04.1,T,Th 4-5,267.6181,-19.05252,6.4,0.107,,,1992secg.book.....A,,
4113,PN G009.8-07.5,L,GJJC 1,279.09574,-23.92198,8.5,0.142,,,1992secg.book.....A,,
4114,PN G013.7-10.6,T,Y-C 2-32,283.87773,-21.82768,11.1,0.185,,,1992secg.book.....A,,
4115,PN G014.2+04.2,T,Sa 3-111,270.27744,-14.50593,6,0.1,1,,1992secg.book.....A,,
4116,PN G014.7-11.8,T,SaWe 4,285.57342,-21.44758,48,0.8,1.12,,1992secg.book.....A,,
4119,PN G052.2+07.6,T,K 4-10,284.76572,20.61702,7.7,0.128,1.54,,1992secg.book.....A,,
4120,PN G065.0-27.3,T,Ps 1,322.49293,12.16743,3.1,0.052,1.15,,1992secg.book.....A,,
4121,PN G084.0+09.5,T,K 3-73,301.00041,49.3185,16,0.267,,,1992secg.book.....A,,
4123,PN G119.4+06.5,T,Abell 1,3.22917,69.17333,47,0.783,1,,1992secg.book.....A,,
4126,PN G160.5-00.5,T,We 1-2,71.67933,44.46711,104,1.733,1.05,,1992secg.book.....A,,
4127,PN G233.0-10.1,T,SaWe 1,102.66963,-22.43644,27.8,0.463,,,1992secg.book.....A,,
4130,PN G283.9-01.8,T,Hf 4,153.89614,-58.85288,29.1,0.485,1.39,13,1992secg.book.....A,,
4131,PN G288.4+00.3,T,Hf 38,163.646,-59.1629,35,0.583,1.3,94,1992secg.book.....A,,
4133,PN G299.5+02.4,T,Hen 2-82,185.97333,-60.22039,31.8,0.53,1.25,162,1992secg.book.....A,,
4135,PN G310.7-02.9,T,Hen 2-103,211.403,-64.6839,22.1,0.368,1.06,,1992secg.book.....A,,
4136,PN G329.5-02.2,T,HeFa 1,243.14145,-54.39435,22,0.367,1,,1992secg.book.....A,,
4137,PN G333.4-04.0,T,HaTr 3,249.90625,-52.82019,42,0.7,,157,1992secg.book.....A,,
4138,PN G343.0-01.7,T,Vd 1-9,256.41211,-43.93899,3,0.05,,,1992secg.book.....A,,
4139,PN G357.1+04.4,T,Terz N 18,260.40828,-28.92065,10.9,0.182,1.2,,1992secg.book.....A,,
4140,PN G357.9-05.1,T,M 1-34,270.34247,-33.2953,29,0.483,,,1992secg.book.....A,,
4144,PN G353.0+08.3,T,MyCn 26,253.94701,-29.8384,5,0.083,1,,1992secg.book.....A,,
4148,PN G349.9+02.6,T,WRAY 15-1624,257.1425,-35.8017,14.1,0.235,,,2002AN....323...57K,,
4149,PN G350.5+03.0,T,K 5-24,257.26801,-35.0879,8.5,0.142,,,2002AN....323...57K,,
4150,PN G359.0+09.0,T,K 5-25,257.35699,-24.7209,4,0.067,,,2002AN....323...57K,,
4151,PN G354.6+05.2,L,PM 1-130,257.92054,-30.48035,6,0.1,,,1992secg.book.....A,,
4153,PN G351.9+02.4,T,K 5-26,258.75,-34.2938,7.6,0.127,,,2002AN....323...57K,,
4154,PN G345.4-02.3,T,CBF 3,258.94501,-42.4017,7.6,0.127,,,MIRPNc,,
4156,PN G001.7+09.1,T,K 5-27,258.95801,-22.5,9.5,0.158,,,2002AN....323...57K,,
4158,PN G354.4+03.7,T,K 5-29,259.26233,-31.49153,6.5,0.108,,,2002AN....323...57K,,
4159,PN G350.0+00.2,T,PM 2-25,259.70183,-37.10714,4.5,0.075,,,1988A&AS...76..317P,,
4161,PN G001.9+08.2,T,PM 1-139,259.85901,-22.8032,11,0.183,,,2002AN....323...57K,,
4163,PN G000.2+06.1,T,Terz N 67,260.72247,-25.41653,16,0.267,1.33,,1992secg.book.....A,,
4164,PN G347.6-02.8,T,RPZM 15,261.16892,-40.87238,7,0.117,,,1992secg.book.....A,,
4166,PN G357.3+02.3,T,K 6-25,262.47238,-29.95287,5,0.083,1,,2002AN....323...57K,,
4169,PN G358.0+01.5,T,JaSt 1,263.68142,-29.78478,7.1,0.118,1.39,,2001A&A...373..536V,,
4170,PN G358.4+01.7,T,JaSt 2,263.75362,-29.37102,4.4,0.073,1.02,,2001A&A...378..843K,,
4171,PN G001.7+03.8,T,PBOZ 21,263.759,-25.3973,5.2,0.087,,,1992secg.book.....A,,
4172,PN G358.6+01.7,T,JaSt 4,263.90616,-29.22157,10.6,0.177,1.12,,2001A&A...378..843K,,
4173,PN G004.4+05.3,T,K 6-27,263.97363,-22.33394,12,0.2,,,2002AN....323...57K,,
4174,PN G356.2-00.3,T,Th 3-34,264.43701,-32.2583,44,0.733,,,1992secg.book.....A,,
4175,PN G000.4+02.2,L,PM 1-165,264.53101,-27.3376,6,0.1,,,1992secg.book.....A,,
4176,PN G359.2+01.3,T,JaSt 8,264.61529,-28.86689,8,0.133,1.19,,2001A&A...378..843K,,
4177,PN G359.9+01.7,T,JaSt 2-2,264.685,-28.1118,12,0.2,,,2004A&A...419..563J,,
4179,PN G359.3+01.3,L,JaSt 12,264.74513,-28.77816,11.5,0.192,,,2004A&A...419..563J,,
4180,PN G358.6+00.7,T,JaSt 16,264.84429,-29.69597,4,0.067,,,2001A&A...378..843K,,
4181,PN G000.3+01.7,T,JaSt 21,264.967,-27.739,21,0.35,,,2001A&A...373..536V,,
4182,PN G000.3+01.5,T,JaSt 23,265.096,-27.82,3,0.05,,,2001A&A...373..536V,,
4183,PN G355.5-01.4,T,RPZM 30,265.12701,-33.4991,7,0.117,,,1992secg.book.....A,,
4184,PN G359.6+01.0,T,PBOZ 25,265.14539,-28.69311,3,0.05,1.25,,1992secg.book.....A,,
4185,PN G000.2+01.4,T,PBOZ 26,265.16066,-28.01709,6.5,0.108,,,1992secg.book.....A,,
4186,PN G000.0+01.3,T,JaSt 27,265.176,-28.2088,5,0.083,,,2001A&A...373..536V,,
4187,PN G359.8+01.0,T,JaSt 2-3,265.28933,-28.46486,6,0.1,,,2004A&A...419..563J,,
4188,PN G005.7+04.5,T,PTB 5,265.41212,-21.74269,5.5,0.092,,,2003MNRAS.339..735B,,
4189,PN G001.1+01.6,T,JaSt 34,265.47826,-27.05534,6,0.1,,,2001A&A...373..536V,,
4190,PN G001.0+01.4,T,JaSt 2-4,265.617,-27.2256,32.2,0.537,,,2004A&A...419..563J,,
4191,PN G008.8+06.2,T,CBF 1,265.63501,-18.1622,8.1,0.135,,,MIRPNc,,
4192,PN G001.0+01.3,T,JaSt 41,265.7076,-27.35529,4.7,0.078,1.02,,2001A&A...378..843K,,
4194,PN G001.2+01.3,T,JaSt 45,265.847,-27.1864,33,0.55,,,2001A&A...373..536V,,
4195,PN G001.5+01.5,T,JaSt 46,265.8764,-26.79226,4.5,0.075,1.02,,2001A&A...378..843K,,
4197,PN G003.9+02.6,T,K 5-14,266.13572,-24.22418,8.6,0.143,,,1992secg.book.....A,,
4198,PN G001.6+00.9,T,JaSt 55,266.40533,-27.02156,10,0.167,,,2001A&A...378..843K,,
4200,PN G001.3+00.7,L,PBOZ 13,266.507,-27.4333,5.3,0.088,,,1992secg.book.....A,,
4201,PN G001.7+00.7,T,PBOZ 14,266.6836,-27.05662,2,0.033,,,1992secg.book.....A,,
4202,PN G357.7-01.7,L,RPZM 38,266.75551,-31.76062,4.6,0.077,,,1992secg.book.....A,,
4203,PN G356.4-02.5,T,K 6-12,266.82401,-33.2609,13.7,0.228,1.22,,2001A&A...378..843K,,
4204,PN G004.3+02.1,T,K 5-17,266.883,-24.2186,13,0.217,1,,1992secg.book.....A,,
4205,PN G005.3+02.5,L,MPA J1748-2259,267.05241,-22.99394,7.1,0.118,,,2009A&A...496..813M,,
4207,PN G358.5-01.7,T,JaSt 64,267.23344,-31.11191,5,0.083,,,2001A&A...378..843K,,
4208,PN G358.9-01.5,T,JaSt 65,267.33342,-30.60155,5,0.083,,,2001A&A...378..843K,,
4209,PN G359.5-01.2,L,JaSt 66,267.34208,-29.99097,3.4,0.057,1.26,,2001A&A...373..536V,,
4210,PN G007.3+03.5,T,PTB 10,267.36137,-20.90884,9.4,0.157,,,2003MNRAS.339..735B,,
4211,PN G004.2+01.5,T,K 6-29,267.41558,-24.53714,10.4,0.173,,,2001A&A...378..843K,,
4212,PN G359.0-01.6,T,RPZM 42,267.46848,-30.55058,6,0.1,,,1992secg.book.....A,,
4214,PN G359.7-01.4,T,JaSt 73,267.69921,-29.88708,7,0.117,,,2001A&A...373..536V,,
4215,PN G000.1-01.2,T,JaSt 75,267.69998,-29.41208,5,0.083,,,2001A&A...378..843K,,
4216,PN G359.7-01.7,T,RPZM 43,267.95324,-30.04262,5,0.083,1.14,,1992secg.book.....A,,
4218,PN G007.6+02.8,T,MPA J1752-2052,268.03201,-20.878,7.2,0.12,,,MIRPNc,,
4219,PN G009.4+03.9,T,PTB 14,268.07422,-18.86734,3,0.05,,,2003MNRAS.339..735B,,
4220,PN G355.4-04.3,T,K 5-34,268.09601,-35.0716,6.8,0.113,1.17,,2002AN....323...57K,,
4221,PN G007.4+02.5,T,Th 4-8,268.17787,-21.25999,9.4,0.157,,,1992secg.book.....A,,
4222,PN G000.9-01.2,T,JaSt 84,268.19,-28.8108,13.8,0.23,3.83,,2004A&A...419..563J,,
4223,PN G000.5-01.5,T,JaSt 2-9,268.19901,-29.2897,9,0.15,,,2004A&A...419..563J,,
4224,PN G001.0-01.2,T,JaSt 87,268.25,-28.7349,15,0.25,,,2004A&A...419..563J,,
4225,PN G001.6-01.0,T,JaSt 90,268.32379,-28.07575,5,0.083,,,2001A&A...373..536V,,
4226,PN G001.2-01.2,T,JaSt 92,268.33254,-28.45407,9.5,0.158,2.02,,2001A&A...373..536V,,
4227,PN G000.7-01.5,T,JaSt 2-11,268.36246,-29.13783,11.5,0.192,,,2004A&A...419..563J,,
4228,PN G001.5-01.0,T,JaSt 2-12,268.36499,-28.1968,22,0.367,,,2004A&A...419..563J,,
4229,PN G000.9-01.4,T,JaSt 2-13,268.39899,-28.8734,19,0.317,,,2004A&A...419..563J,,
4231,PN G001.6-01.1,T,JaSt 97,268.55521,-28.08783,9,0.15,,,2001A&A...373..536V,,
4232,PN G001.2-01.4,L,JaSt 2-15,268.59799,-28.5806,19,0.317,,,2004A&A...419..563J,,
4233,PN G358.7-03.0,T,K 6-34,268.6715,-31.52894,19.5,0.325,,,2002AN....323...57K,,
4235,PN G001.6-01.5,T,JaSt 2-16,268.84517,-28.33586,6,0.1,,,2004A&A...419..563J,,
4236,PN G008.5+02.4,T,CBF 2,268.92658,-20.38291,7.6,0.127,,,MIRPNc,,
4237,PN G002.0-01.3,T,JaSt 98,268.94275,-27.89394,2,0.033,1.18,,2001A&A...373..536V,,
4238,PN G000.0-02.5,T,K 6-36,268.97034,-30.26145,12.1,0.202,,,2002AN....323...57K,,
4239,PN G001.8-01.5,L,JaSt 2-18,268.97699,-28.097,18,0.3,,,2004A&A...419..563J,,
4241,PN G001.5-01.8,T,JaSt 2-19,269.14099,-28.5083,5.3,0.088,1.96,,2004A&A...419..563J,,
4242,PN G009.3+02.5,T,Pre 14,269.21767,-19.55014,6.2,0.103,,,MIRPNc,,
4243,PN G354.9-05.7,T,K 5-36,269.2525,-36.25443,7.1,0.118,,,2002AN....323...57K,,
4244,PN G014.0+04.8,T,PTB 19,269.60841,-14.4231,20,0.333,1.18,,2003MNRAS.339..735B,,
4245,PN G349.7-09.1,T,SB 32,269.86129,-42.41372,13.5,0.225,,,2001A&A...378..843K,,
4246,PN G358.0-04.6,T,Sa 3-107,269.979,-32.9866,6.3,0.105,1.07,,1992secg.book.....A,,
4250,PN G000.6-04.5,T,PN PM 1-206,271.302,-30.7037,21.5,0.358,,,2009A&A...496..813M,,
4252,PN G000.5-05.3,T,SB 2,272.14564,-31.1144,23,0.383,1,,2001A&A...378..843K,,
4253,PN G011.7+00.2,T,IRAS 18073-1839,272.582,-18.6528,14.3,0.238,,,2001A&A...378..843K,,
4254,PN G358.3-07.3,T,SB 52,272.91626,-34.00611,15.6,0.26,1.13,,2001A&A...378..843K,,
4255,PN G000.7-06.1,T,SB 3,273.06067,-31.33347,77.4,1.29,1.4,,2001A&A...378..843K,,
4258,PN G007.4-03.0,T,PTB 11,273.41765,-23.96084,10.9,0.182,,,2003MNRAS.339..735B,,
4259,PN G004.2-05.2,L,SB 8,273.95999,-27.8159,68.6,1.143,,,2001A&A...378..843K,,
4261,PN G007.8-03.8,T,Sa 3-128,274.448,-24.0441,10.7,0.178,,,1992secg.book.....A,,
4262,PN G004.7-05.5,L,SB 10,274.53699,-27.5323,70.8,1.18,1.12,,2001A&A...378..843K,,
4263,PN G005.4-06.1,T,SB 12,275.48001,-27.1629,6.4,0.107,,,2001A&A...378..843K,,
4267,PN G011.8-05.0,T,PTB 34,277.533,-21.0848,12.9,0.215,,,2006MNRAS.367.1551B,,
4270,PN G014.3-07.2,T,PTB 40,280.91588,-19.80907,9,0.15,,,2006MNRAS.367.1551B,,
4272,PN G011.3-09.1,T,PTB 32,281.292,-23.35919,130,2.167,1.13,,2006MNRAS.367.1551B,,
4286,PN G359.5-01.4,T,JaSt 72,267.621,-30.0596,22,0.367,,,2004A&A...419..563J,,
4288,PN G000.9-01.9,T,MPA1755-2906,268.94699,-29.1114,41,0.683,,,MIRPNc,,
4289,PN G000.0-02.9,L,MPA J1757-3021,269.31,-30.3648,38,0.633,,,2009A&A...496..813M,,
4291,PN G001.6-02.2,L,MPA 1758-2841,269.56201,-28.6917,70,1.167,,,2009A&A...496..813M,,
4295,PN G002.9-01.8,T,MPA1759-2719,269.98099,-27.3214,20,0.333,,,2009A&A...496..813M,,
4297,PN G002.6-02.5,T,TYC 6850-2332-1,270.45901,-27.9239,15,0.25,,,2009A&A...496..813M,,
4298,PN G002.5-02.6,T,MPA 1802-2803,270.51901,-28.0608,42.8,0.713,1.02,,2009A&A...496..813M,,
4299,PN G002.6-02.8a,T,MPA J1802-2807,270.72299,-28.1322,33,0.55,,,2009A&A...496..813M,,
4301,PN G001.6-03.7,L,MPA J1804-2926,271.04367,-29.44018,37,0.617,,,2009A&A...496..813M,,
4307,PN G002.7-04.6,c,,272.63599,-28.8619,3,0.05,2.14,,MIRPNc,,
4310,PN G005.9-01.6,L,IRAS 18025-2438,271.396,-24.6381,6.8,0.113,,,1995AJ....110.2225K,,
4315,PN G004.3+01.8,T,H 2-24,267.15207,-24.27618,8.4,0.14,1.95,,1992secg.book.....A,,
4318,PN G358.6-01.1,T,JaSt 58,266.7175,-30.62856,14,0.233,,,2001A&A...378..843K,,
4319,PN G353.5-05.0,T,JaFu 2,267.54501,-37.0572,6,0.1,1.22,,2001A&A...378..843K,,
4323,PN G066.1+02.0,T,KLW 4,297.495,30.2483,13.7,0.228,,,2001A&A...378..843K,,
4325,PN G070.9+02.4,T,KLSS 2-3,299.98258,34.48467,22.8,0.38,,,2001A&A...378..843K,,
4326,PN G002.6+02.1,T,Terz N 1580,265.91434,-25.61181,11.7,0.195,1.18,,1992secg.book.....A,,
4328,PN G140.2+06.0,T,KnPa 1,53.99042,63.2783,36,0.6,2.12,,2010PASA...27..156J,,
4329,PN G150.0-00.3,T,Te 5,60.873,52.14056,24.9,0.415,1.38,,2010PASA...27..156J,,
4330,PN G147.2+08.3,T,Kn 33,68.15879,60.3367,17,0.283,1.06,,2010PASA...27..156J,,
4331,PN G165.4-05.2,T,Kn 37,71.15733,37.65422,31,0.517,1.11,,2010PASA...27..156J,,
4332,PN G149.1+08.7,T,Kn 34,71.32771,59.15683,60,1,1.05,,2010PASA...27..156J,,
4333,PN G154.8+05.9,T,Kn 36,73.85208,52.9875,59,0.983,1.18,,2010PASA...27..156J,,
4334,PN G189.1-07.6,T,Pa 9,84.49171,17.105,53,0.883,1,,2010PASA...27..156J,,
4337,PN G198.6-06.7,T,Kn 40,90.19671,9.47778,37,0.617,1,,2010PASA...27..156J,,
4338,PN G188.6+04.4,T,HoCr 1,95.42079,23.5869,73,1.217,1.24,,2010PASA...27..156J,,
4339,PN G204.8+02.7,T,Ri 1,101.603,8.48389,70,1.167,1.13,,2006A&A...447..921K,,
4340,PN G197.2+09.9,T,Kn 39,104.849,18.4469,111,1.85,1.09,,2010PASA...27..156J,,
4341,PN G012.4+17.8,T,Pa 12,257.41096,-9.01153,17,0.283,1.06,,2010PASA...27..156J,,
4342,PN G040.9+08.3,T,Kn 1,278.96425,10.95539,57,0.95,1.08,,2010PASA...27..156J,,
4343,PN G035.2+05.2,T,Pa 10,279.29429,4.47183,27,0.45,1.04,,2010PASA...27..156J,,
4344,PN G046.9+06.0,T,Kn 3,283.84083,15.19589,29,0.483,1.04,,2010PASA...27..156J,,
4345,PN G051.5+05.1,T,Kn 4,286.81596,18.87789,6.6,0.11,1.06,,2010PASA...27..156J,,
4347,PN G064.5+03.4,T,Kn 15,295.168,29.50292,26.3,0.438,,,2006A&A...447..921K,,
4348,PN G065.2+02.2,T,Pa 1,296.76108,29.50694,12,0.2,1.14,,2010PASA...27..156J,,
4349,PN G063.9-01.2,T,Te 1,299.34288,26.65228,146,2.433,1.04,,2006A&A...447..921K,,
4350,PN G060.3-05.0,T,Kn 12,300.84399,21.5978,54,0.9,1.15,,2010PASA...27..156J,,
4351,PN G052.4-09.9,T,Kn 5,300.93442,12.37378,47,0.783,1,,2010PASA...27..156J,,
4352,PN G060.5-05.8,T,Kn 13,301.70401,21.3572,50,0.833,1.04,,2010PASA...27..156J,,
4353,PN G059.1-07.1,T,Kn 10,302.13599,19.4753,65,1.083,1.2,,2010PASA...27..156J,,
4354,PN G077.6+04.3,T,Pa 6,302.4208,41.24522,46.3,0.772,,,2010PASA...27..156J,,
4355,PN G064.5-06.9,T,Kn 16,305.048,24.0772,48,0.8,1.02,,2010PASA...27..156J,,
4356,PN G066.9-07.8,T,Kn 19,307.336,25.5444,74,1.233,1.01,,2006A&A...447..921K,,
4357,PN G072.3-05.3,T,Kn 23,308.60901,31.3092,19,0.317,1.27,,2010PASA...27..156J,,
4359,PN G066.5-14.8,T,Kn 45,313.26642,21.00303,145,2.417,1.05,,2010PASA...27..156J,,
4360,PN G081.0-03.9,T,Te 8,313.86363,39.06644,23,0.383,1.28,,2010PASA...27..156J,,
4361,PN G068.2-16.0,T,Kn 44,315.33542,21.66838,11,0.183,1.1,,2010PASA...27..156J,,
4362,PN G082.5-06.2,T,Kn 25,317.33401,38.6017,79,1.317,1.39,,2010PASA...27..156J,,
4364,PN G093.3+01.4,T,Pa 7,320.00039,51.68493,9,0.15,1.5,,2010PASA...27..156J,,
4365,PN G092.8+00.7,T,Pa 8,320.22054,50.94401,7,0.117,1,,2010PASA...27..156J,,
4366,PN G084.6-07.9,T,Kn 26,320.789,38.9703,110,1.833,2.16,,2010PASA...27..156J,,
4367,PN G099.1+05.7,T,KTC 1,322.046,58.8763,22,0.367,1.38,,2010PASA...27..156J,,
4368,PN G103.7+07.2,T,Kn 30,326.852,63.086,13,0.217,1.08,,2010PASA...27..156J,,
4369,PN G109.4+07.7,T,Kn 31,336.91329,66.73597,80,1.333,1,,2010PASA...27..156J,,
4370,PN G114.2+03.7,T,Te 4,351.80499,65.1564,19,0.317,1.12,,2010PASA...27..156J,,
4371,PN G119.1+12.4,T,Kn 50,358.54725,74.92611,185,3.083,1.11,,2010PASA...27..156J,,
4372,PN G119.2+04.6,T,Te 10,3.391,67.3011,13,0.217,1.86,,2010PASA...27..156J,,
4375,PN G177.0+00.5,T,Te 2,85.1865,31.74203,122,2.033,1.04,,2006A&A...447..921K,,
4377,PN G043.3+10.4,T,Kn 2,278.16667,13.96731,56,0.933,1.08,,2010PASA...27..156J,,
4380,PN G055.5-01.7,T,Kn 43,295.28201,19.1406,39,0.65,1.95,,2010PASA...27..156J,,
4381,PN G045.0-12.4,T,WHTZ 3,299.49701,4.79194,92,1.533,1.33,,2010PASA...27..156J,,
4382,PN G070.2-08.7,T,Kn 21,310.32501,27.585,29,0.483,1.16,,2010PASA...27..156J,,
4385,PN G095.9+03.5,T,Kn 28,320.504,55.075,56,0.933,1.65,,2010PASA...27..156J,,
4389,PN G093.9-00.1,T,IRAS 21282+5050,322.49349,51.06654,6,0.1,1.33,,1992secg.book.....A,,
4390,PN G016.9-09.7,T,PTB 44,284.41671,-18.60464,58,0.967,1,,2006MNRAS.367.1551B,,
4391,PN G011.5+03.7,T,PHR J1757-1711,269.2735,-17.18608,33,0.55,1,,2003MNRAS.339..735B,,
4393,PN G139.3+04.8,T,KK 26,50.7705,62.78678,106,1.767,1.96,,2000AAS...197.3812H,,
4395,PN G016.6+07.0,T,PTB 21,268.97198,-11.0949,69,1.15,1,,2003MNRAS.339..735B,,
4398,PN G172.1+00.8,T,Abell 9,82.23658,36.05097,40,0.667,1.18,,1992secg.book.....A,,
4399,PN G219.3+01.1,T,K 1-9,106.815,-5.16861,48,0.8,1.71,,1992secg.book.....A,,
4400,PN G033.4-00.6,T,GLMP 844,283.645,0.18462,3.5,0.058,,,2009A&A...501..539U,,
4401,PN G328.2+14.3,T,Mu 1,226.57129,-41.75514,110,1.833,1.03,,2013MNRAS.431....2F,,
4402,PN G135.9+55.9,T,TS 1,178.353,59.6658,9.2,0.153,1,,2002RMxAC..12..146T,,
4404,PN G106.6-04.2,T,K 3-86,343.68858,54.93363,9.4,0.157,1,,1992secg.book.....A,,
4405,PN G010.4+04.4,T,DPV 1,268.13621,-17.68556,36.9,0.615,,,2001A&A...378..843K,,
4407,PN G327.8-00.8,T,PM 1-104,239.338,-54.5128,8,0.133,,,2012MNRAS.427.3016P,,
4408,PN G075.5+01.7,T,Ju 1,303.83938,38.0455,240,4,1,,2009CBET.1876....1J,,
4409,PN G313.3+00.3,L,CGR 1,214.61501,-60.7863,25,0.417,,,2005ApJ...627..446C,,
4410,PN G068.1+11.0,T,ETHOS 1,289.13101,36.1633,19.5,0.325,1.03,,2011MNRAS.413.1264M,,
4411,PN G126.6+01.3,T,IPHASX J012507.9+635652,21.28313,63.948,22,0.367,1.83,,2006A&A...458..203M,,
4418,PN G040.8-09.7,T,WHTZ 1,295.18267,2.50883,193,3.217,1.44,,DFrew,,
4419,PN G057.8-01.7,L,IPHASX J194533.6+210808,296.39013,21.13572,68.5,1.142,,,2014MNRAS.443.3388S,,
4421,PN G043.3+03.5,T,IPHASX J185744.4+105053,284.435,10.8481,109.5,1.825,,,2014MNRAS.443.3388S,,
4424,PN G040.7+03.4,T,IPHASX J185322.1+083018,283.34201,8.505,110,1.833,,,IPHAS_candidates,,
4425,PN G134.1+03.0,T,IPHASX J023538.6+633823,38.9141,63.63998,134.5,2.242,1,,2014MNRAS.443.3388S,,
4426,PN G110.6-01.2,T,WeSb 6,348.26678,59.29441,82,1.367,1.03,,1992secg.book.....A,,
4427,PN G045.7-03.8,T,Fe 1,292.19725,9.57725,68.2,1.137,1.18,,2014MNRAS.443.3388S,,
4428,PN G054.2-03.4,T,IPHASX J194359.5+170901,295.99799,17.1503,21,0.35,,,2011RMxAC..40..183S,,
4431,PN G095.1+00.9,T,KKR 62,322.68917,52.69639,56,0.933,1.24,,DFrew,,
4432,PN G101.5-00.6,T,IPHASX J221118.0+552841,332.82501,55.4783,35,0.583,1.21,,2009A&A...502..113V,,
4436,PN G178.1-04.0,T,IPHASX J052531.1+281945,81.37998,28.32956,10.1,0.168,,,2011A&A...530A.107V,,
4437,PN G073.0+03.6,T,NeVe 2,300.07788,36.99283,28,0.467,,,1992secg.book.....A,,
4439,PN G021.1+00.4,L,GLMP 781,277.00551,-10.23583,6.3,0.105,,,1995AJ....110.2225K,,
4440,PN G024.6+00.5,L,MPA J1834-0706,278.58301,-7.08825,8,0.133,,,2009A&A...501..539U,,
4446,PN G358.1+00.5,L,JaSt 11,264.75229,-30.19306,16,0.267,,,2001A&A...373..536V,,
4455,PN G358.7+00.4,T,JaSt 26,265.13967,-29.77083,11,0.183,,,2001A&A...373..536V,,
4458,PN G359.5+00.8,T,JaSt 31,265.36579,-28.88089,7,0.117,,,2001A&A...373..536V,,
4475,PN G000.0-00.9,T,JaSt 67,267.36679,-29.34663,1.7,0.028,,,2001A&A...373..536V,,
4476,PN G359.5-01.3,T,JaSt 68,267.46158,-30.05292,5,0.083,,,2001A&A...373..536V,,
4477,PN G000.7-00.7,T,JaSt 70,267.58779,-28.65068,11,0.183,,,2001A&A...373..536V,,
4491,PN G095.5+00.5,T,PM 1-332,323.59684,52.62434,6.5,0.108,1.14,,1988A&AS...76..317P,,
4495,PN G147.1-09.0,T,HaWe 3,49.14183,46.89372,38,0.633,1.06,,1992secg.book.....A,,
4497,PN G080.2+05.8,T,PM 1-320,302.64014,44.1968,60,1,,,1988A&AS...76..317P,,
4503,PN G100.4+04.6,T,PM 1-333,325.24608,58.97844,70,1.167,1.56,,2001A&A...378..843K,,
4544,PN G198.9+00.7,T,PM 1-20,97.01692,12.77272,36,0.6,,,2001A&A...378..843K,,
4558,PN G219.2+07.5,L,RWT 152,112.494,-2.11042,27.5,0.458,1.25,,1992secg.book.....A,,
4560,PN G222.5+02.9,T,WHI B0717-07,109.9175,-7.21972,70,1.167,1.06,,2002ApJS..141..123W,,
4580,PN G256.9+03.6,T,WRAY 16-26,130.31292,-36.03289,37,0.617,,,1992secg.book.....A,,
4589,PN G346.7-04.4,T,Sa 2-202,262.29147,-42.54592,8,0.133,,,1992secg.book.....A,,
4649,PN G358.0-02.7,T,Al 2-O,267.93888,-32.05111,9.1,0.152,1.2,,1992secg.book.....A,,
4696,PN G000.8+05.2,T,PBOZ 5,261.9105,-25.37389,9,0.15,,,1992secg.book.....A,,
4708,PN G003.8+00.3,T,PM 1-186,268.2472,-25.4576,5.5,0.092,,,1992secg.book.....A,,
4732,PN G011.7-06.6,T,M 1-55,279.141,-21.8174,6,0.1,1.5,,1992secg.book.....A,,
4769,PN G031.1+03.4,L,PM 1-246,279.00991,-0.04087,16,0.267,1,,1988A&AS...76..317P,,
4789,PN G039.1+02.7,T,PM 1-262,283.25822,6.73759,3.2,0.053,,,1988A&AS...76..317P,,
4801,PN G044.7+00.2,T,AGP 1,288.06758,10.60893,17.5,0.292,,,2001A&A...378..843K,,
4806,PN G049.5-01.4,T,PM 1-302,291.96399,14.02439,10,0.167,,,1988A&AS...76..317P,,
4811,PN G053.1-02.1,L,WOW 1,294.36458,16.89833,33,0.55,,,2001A&A...378..843K,,
4819,PN G057.6+01.8,T,PM 1-305,292.92199,22.72743,15,0.25,,,1988A&AS...76..317P,,
4827,PN G063.8+00.1,T,K 3-48,298.038,27.3086,6.5,0.108,,,1992secg.book.....A,,
4831,PN G071.4-01.9,L,PM 1-323,304.70828,32.60663,7,0.117,,,1988A&AS...76..317P,,
4833,PN G074.5+02.3,T,PM 1-318,302.38685,37.52137,7,0.117,,,2009AJ....137.4140M,,
4932,PN G298.5+02.3,T,KFR 2,183.87763,-60.22246,40,0.667,1.33,,2000PASP..112..542K,,
4941,PN G298.7+13.2,L,PM 1-66,186.62683,-49.40161,6,0.1,,,1988A&AS...76..317P,,
4959,PN G314.3+00.9,L,PM 1-82,216.02681,-59.8406,4,0.067,,,1988A&AS...76..317P,,
4965,PN G318.5-02.0,T,WRAY 16-161,226.38506,-60.81431,6,0.1,,,1992secg.book.....A,,
4975,PN G323.6-04.5,T,KFW 11,237.62063,-59.98047,21,0.35,1.05,,2001A&A...378..843K,,
4979,PN G326.1-03.3,L,WRAY 16-197,239.94775,-57.50161,15,0.25,,,1992secg.book.....A,,
4999,PN G342.9-02.3,T,WRAY 16-251,256.87738,-44.38063,15,0.25,,,1992secg.book.....A,,
5016,PN G006.1+04.1,L,IRAS 17411-2128,266.044,-21.4892,27,0.45,2.08,,2009A&A...496..813M,,
5020,PN G059.3-01.7,T,We 1-8,297.21938,22.42097,19,0.317,1,,1992secg.book.....A,,
5239,PN G030.9+05.4,T,OL 17,277.11308,0.74564,6.5,0.108,,,2011A&A...526A..41O,,
5240,PN G105.7+02.2,T,FsMv 1,336.487,60.1967,88,1.467,,,2010AJ....139.2595F,,
5259,PN G012.1+00.0,L,GPSR 012.116+0.076,272.95446,-18.40148,5,0.083,,,2011ApJS..194...32A,,
5274,PN G050.5+00.0,L,NVSS J192414+153909,291.06066,15.65312,4,0.067,,,2009A&A...501..539U,,
5275,PN G048.9+04.3,T,IPHASX J190512.4+161347,286.30204,16.22983,63,1.05,1.09,,2014MNRAS.443.3388S,,
5374,PN G000.2-01.9a,T,JaSt 2-14,268.4196,-29.71006,50,0.833,,,2004A&A...419..563J,,
5375,PN G358.6+00.3,c,[DVC98] 6,265.2325,-29.84444,15,0.25,,,2010AJ....139.1542M,,
5382,PN G008.4-01.6,c,MGE 008.4067-01.6982,272.70833,-22.50583,16,0.267,,,2010AJ....139.1542M,,
5383,PN G008.9+00.2,L,FP J1804-2105,271.15198,-21.09005,24,0.4,,,2010AJ....139.1542M,,
5407,PN G010.5+00.0,c,MGE 010.5569+00.0188,272.21042,-19.79389,25,0.417,,,2010AJ....139.1542M,,
5410,PN G030.1+00.1,c,2MASS J18455526-0225089,281.48022,-2.41913,26,0.433,,,2009A&A...501..539U,,
5415,PN G042.7+00.8,T,[GKF2010] MN102,286.64,9.12222,33,0.55,,,2010AJ....139.1542M,,
5464,PN G044.9+00.0,T,AGP 2,288.40513,10.65914,42,0.7,,,2001A&A...378..843K,,
5467,PN G009.3+00.4,T,PBOZ 33,271.16208,-20.62417,18,0.3,,,1992secg.book.....A,,
5475,PN G002.8+02.1,c,MGE 002.8493+02.1430,266.02208,-25.38778,24,0.4,,,2010AJ....139.1542M,,
5476,PN G003.5-02.0,c,MGE 003.5216-02.0237,270.40042,-26.92778,21,0.35,,,2010AJ....139.1542M,,
5479,PN G021.0+00.2,c,2MASS J18284156-1027056,277.17292,-10.45167,45,0.75,,,2010AJ....139.1542M,,
5507,PN G000.4+00.7,c,MGE 000.4176+00.7559,265.91958,-28.185,15,0.25,,,2010AJ....139.1542M,,
5508,PN G000.7-00.9,c,MGE 000.7235-00.9420,267.7525,-28.80278,15,0.25,,,2010AJ....139.1542M,,
5509,PN G000.9+01.3,L,MGE 000.9363+01.3962,265.61171,-27.40778,16,0.267,,,2010AJ....139.1542M,,
5516,PN G013.3-00.1,c,IRAS 18122-1725,273.79042,-17.41111,21,0.35,,,2010AJ....139.1542M,,
5517,PN G013.7+00.5,c,MGE 013.7676+00.5111,273.38542,-16.74333,18,0.3,,,2010AJ....139.1542M,,
5519,PN G016.1+00.1,c,MGE 016.1871+00.1202,274.93792,-14.80056,16,0.267,,,2010AJ....139.1542M,,
5520,PN G023.3-00.8,c,MGE 023.3894-00.8753,279.26208,-8.88722,30,0.5,,,2010AJ....139.1542M,,
5521,PN G024.0-00.8,c,MGE 024.0055-00.8031,279.48333,-8.30667,21,0.35,,,2010AJ....139.1542M,,
5522,PN G039.6+00.9,c,MGE 039.6131+00.9358,285.08,6.37167,16,0.267,,,2010AJ....139.1542M,,
5525,PN G316.5+00.5,T,MB 4006,220.36583,-59.34944,24,0.4,,,2010AJ....139.1542M,,
5528,PN G355.1+02.6,c,MGE 355.1739+02.6929,260.75667,-31.52972,24,0.4,,,2010AJ....139.1542M,,
5529,PN G356.0+01.3,c,MGE 356.0690+01.3365,262.66292,-31.54222,18,0.3,,,2010AJ....139.1542M,,
5530,PN G357.5-01.6,c,MGE 357.5633-01.6468,266.56583,-31.87361,20,0.333,,,2010AJ....139.1542M,,
5531,PN G357.6+01.2,c,MGE 357.6735+01.2030,263.8125,-30.26972,21,0.35,,,2010AJ....139.1542M,,
5532,PN G358.2-01.0,c,MGE 358.2249-01.0885,266.41,-31.01833,15,0.25,,,2010AJ....139.1542M,,
5533,PN G358.3+01.1,c,MGE 358.3271+01.1733,264.2475,-29.73528,26,0.433,,,2010AJ....139.1542M,,
5536,PN G000.4+00.8,c,MGE 000.4100+00.8386,265.83542,-28.14806,18,0.3,,,2010AJ....139.1542M,,
5537,PN G000.9+02.3,T,MGE 000.9899+02.3115,264.77125,-26.8775,21,0.35,,,2010AJ....139.1542M,,
5540,PN G002.5+00.7,c,[GKF2010] MN67,267.16333,-26.38778,30,0.5,,,2010AJ....139.1542M,,
5541,PN G002.5+02.2,c,MGE 002.5424+02.2426,265.75,-25.59694,25,0.417,,,2010AJ....139.1542M,,
5542,PN G002.6-02.1,c,TYC 6850-2190-1,270.03375,-27.78,23,0.383,,,2010AJ....139.1542M,,
5543,PN G002.9+02.3,c,MGE 002.9176+02.3920,265.82708,-25.19917,25,0.417,,,2010AJ....139.1542M,,
5545,PN G005.9+02.3,c,MGE 005.9347+02.3035,267.61708,-22.66583,30,0.5,,,2010AJ....139.1542M,,
5546,PN G006.5-01.6,c,MGE 006.5449-01.6013,271.635,-24.08722,34,0.567,,,2010AJ....139.1542M,,
5547,PN G009.4-00.1,c,MGE 009.4947-00.1225,271.79208,-20.79111,20,0.333,,,2010AJ....139.1542M,,
5550,PN G015.9+00.2,c,MGE 015.9774+00.2955,274.67583,-14.9025,18,0.3,,,2010AJ....139.1542M,,
5551,PN G016.0-00.9,c,2MASS J18233420-1525076,275.89208,-15.41861,25,0.417,,,2010AJ....139.1542M,,
5554,PN G025.7+01.0,c,MGE 025.7137+01.0007,278.66,-5.96056,17,0.283,,,2010AJ....139.1542M,,
5556,PN G032.3-00.7,c,MGE 032.3506-00.7153,283.23083,-0.84361,30,0.5,,,2010AJ....139.1542M,,
5558,PN G046.2-00.1,c,MGE 046.2242-00.1416,289.13583,11.74167,25,0.417,,,2010AJ....139.1542M,,
5564,PN G319.2+00.1,c,MGE 319.2193+00.1581,225.36458,-58.54056,26,0.433,,,2010AJ....139.1542M,,
5568,PN G343.6+00.9,c,MGE 343.6641+00.9584,253.94542,-41.81167,21,0.35,,,2010AJ....139.1542M,,
5569,PN G351.3+00.1,c,MGE 351.3662+00.1671,260.6725,-36.09722,18,0.3,,,2010AJ....139.1542M,,
5571,PN G353.8+00.8,c,MGE 353.8415+00.8789,261.65167,-33.65,15,0.25,,,2010AJ....139.1542M,,
5573,PN G354.9-00.7,c,MGE 354.9589-00.7468,264.02,-33.60722,15,0.25,,,2010AJ....139.1542M,,
5574,PN G355.0+00.4,c,MGE 355.0606+00.4209,262.91417,-32.8875,15,0.25,,,2010AJ....139.1542M,,
5575,PN G355.3+02.2,c,MGE 355.3208+02.2134,261.31917,-31.67778,23,0.383,,,2010AJ....139.1542M,,
5576,PN G355.4+02.7,c,MGE 355.4464+02.7440,260.88708,-31.27611,20,0.333,,,2010AJ....139.1542M,,
5577,PN G355.8-01.1,c,MGE 355.8710-01.1891,265.05125,-33.07333,24,0.4,,,2010AJ....139.1542M,,
5578,PN G355.9-00.5,c,MGE 355.9808-00.5628,264.49,-32.64667,24,0.4,,,2010AJ....139.1542M,,
5580,PN G356.6-00.0,c,MGE 356.6350-00.0191,264.36167,-31.80278,18,0.3,,,2010AJ....139.1542M,,
5581,PN G357.0+00.4,c,MGE 357.0783+00.4869,264.14042,-31.15722,15,0.25,,,2010AJ....139.1542M,,
5582,PN G357.0+00.7,c,MGE 357.0801+00.7581,263.875,-31.00944,15,0.25,,,2010AJ....139.1542M,,
5583,PN G357.8-01.5,c,MGE 357.8415-01.5069,266.595,-31.56333,28,0.467,,,2010AJ....139.1542M,,
5584,PN G358.3-02.4,c,MGE 358.3425-02.4585,267.85542,-31.62333,21,0.35,,,2010AJ....139.1542M,,
5586,PN G358.8+00.8,c,MGE 358.8068+00.8872,264.82083,-29.48306,16,0.267,,,2010AJ....139.1542M,,
5587,PN G358.9+01.9,c,MGE 358.9577+01.9334,263.90208,-28.795,24,0.4,,,2010AJ....139.1542M,,
5588,PN G359.5-01.0,c,MGE 359.5381-01.0838,267.19417,-29.89278,23,0.383,,,2010AJ....139.1542M,,
5590,PN G359.9+02.3,c,MGE 359.9600+02.3633,264.1025,-27.71944,29,0.483,,,2010AJ....139.1542M,,
5591,PN G002.8-02.7,c,MGE 002.8866-02.7510,270.76167,-27.83806,22,0.367,,,2010AJ....139.1542M,,
5593,PN G013.5+00.2,c,MGE 013.5944+00.2139,273.57125,-17.0375,24,0.4,,,2010AJ....139.1542M,,
5594,PN G022.5-00.0,c,2MASS J18321739-0916139,278.07208,-9.27028,19,0.317,,,2010AJ....139.1542M,,
5597,PN G000.1-00.0,c,MGE 000.1134-00.0975,266.5675,-28.89,16,0.267,,,2010AJ....139.1542M,,
5598,PN G001.7+02.2,c,MGE 001.7985+02.2079,265.34792,-26.24722,20,0.333,,,2010AJ....139.1542M,,
5599,PN G001.8-00.9,c,MGE 001.8248-00.9674,268.41458,-27.86806,16,0.267,,,2010AJ....139.1542M,,
5601,PN G002.1-01.0,c,MGE 002.1530-01.0607,268.69292,-27.63222,16,0.267,,,2010AJ....139.1542M,,
5602,PN G002.3+01.9,c,MGE 002.3535+01.9852,265.88375,-25.8925,22,0.367,,,2010AJ....139.1542M,,
5603,PN G002.6+00.7,c,MGE 002.6242+00.7861,267.18083,-26.28444,12,0.2,,,2010AJ....139.1542M,,
5607,PN G006.0+02.6,c,MGE 006.0270+02.6063,267.38667,-22.43139,18,0.3,,,2010AJ....139.1542M,,
5608,PN G006.4+01.8,c,MGE 006.4993+01.8661,268.33583,-22.40278,18,0.3,,,2010AJ....139.1542M,,
5609,PN G006.7-01.9,c,MGE 006.7488-01.9183,272.04667,-24.06306,18,0.3,,,2010AJ....139.1542M,,
5610,PN G010.6-00.6,c,MGE 010.6846-00.6280,272.87833,-19.99472,15,0.25,,,2010AJ....139.1542M,,
5612,PN G015.5+00.8,c,MGE 015.5409+00.8084,273.99375,-15.04333,20,0.333,,,2010AJ....139.1542M,,
5613,PN G017.4+00.8,c,MGE 017.4818+00.8837,274.87458,-13.29889,27,0.45,,,2010AJ....139.1542M,,
5615,PN G021.1+00.9,c,MGE 021.1662+00.9358,276.59208,-10.02083,20,0.333,,,2010AJ....139.1542M,,
5617,PN G029.4-00.4,c,MGE 029.4034-00.4496,281.64958,-3.34528,16,0.267,,,2010AJ....139.1542M,,
5618,PN G030.5+00.9,c,MGE 030.5495+00.9160,280.95708,-1.70194,15,0.25,,,2010AJ....139.1542M,,
5619,PN G033.4+00.6,c,MGE 033.4364+00.6435,282.51667,0.7425,21,0.35,,,2010AJ....139.1542M,,
5620,PN G040.5-00.1,c,MGE 040.5176-00.1423,286.46167,6.68167,18,0.3,,,2010AJ....139.1542M,,
5622,PN G303.4-00.8,c,MGE 303.4121-00.8953,193.94542,-63.76306,18,0.3,,,2010AJ....139.1542M,,
5623,PN G314.5+00.1,T,MB 4001,217.005,-60.47389,16,0.267,,,2010AJ....139.1542M,,
5627,PN G329.7+00.5,c,MGE 329.7690+00.5262,240.26542,-52.17694,30,0.5,,,2010AJ....139.1542M,,
5631,PN G352.7+01.6,c,MGE 352.7640+01.6844,260.11833,-34.08472,15,0.25,,,2010AJ....139.1542M,,
5633,PN G354.1-00.3,c,MGE 354.1575-00.3221,263.06708,-34.05,18,0.3,,,2010AJ....139.1542M,,
5636,PN G356.2+00.9,c,MGE 356.2849+00.9344,263.19667,-31.58167,18,0.3,,,2010AJ....139.1542M,,
5638,PN G357.2-02.2,c,MGE 357.2028-02.2696,266.975,-32.50417,18,0.3,,,2010AJ....139.1542M,,
5639,PN G358.7+02.4,c,MGE 358.7080+02.4704,263.23292,-28.71389,15,0.25,,,2010AJ....139.1542M,,
5642,PN G359.2+02.3,T,MGE 359.2412+02.3353,263.69114,-28.33899,55,0.917,,,2010AJ....139.1542M,,
5643,PN G359.7-00.7,c,MGE 359.7169-00.7867,267.0075,-29.58639,16,0.267,,,2010AJ....139.1542M,,
5646,PN G000.1-01.0,T,MGE 000.1495-01.0708,267.54292,-29.36167,14,0.233,,,2010AJ....139.1542M,,
5647,PN G000.4+00.2,c,MGE 000.4284+00.2292,266.43625,-28.45111,14,0.233,,,2010AJ....139.1542M,,
5648,PN G000.8+01.1,c,MGE 000.8076+01.1132,265.80708,-27.66556,14,0.233,,,2010AJ....139.1542M,,
5649,PN G001.6+00.1a,c,MGE 001.6982+00.1362,267.27042,-27.41306,18,0.3,,,2010AJ....139.1542M,,
5651,PN G003.2+01.3,c,MGE 003.2861+01.3814,266.99375,-25.41056,16,0.267,,,2010AJ....139.1542M,,
5652,PN G003.7-00.3,c,MGE 003.7287-00.3847,268.92958,-25.93083,12,0.2,,,2010AJ....139.1542M,,
5653,PN G004.7+00.8,c,MGE 004.7474+00.8115,268.35833,-24.44694,13,0.217,,,2010AJ....139.1542M,,
5654,PN G006.4+00.1,c,MGE 006.4395+00.1299,269.9325,-23.32639,16,0.267,,,2010AJ....139.1542M,,
5655,PN G006.9+00.0,c,MGE 006.9367+00.0497,270.27667,-22.93472,20,0.333,,,2010AJ....139.1542M,,
5657,PN G029.2+00.5,c,MGE029.2228+00.5392,280.68583,-3.05417,16,0.267,,,2010AJ....139.1542M,,
5660,PN G353.4-01.0,c,MGE 353.4200-01.0326,263.30167,-35.05556,15,0.25,,,2010AJ....139.1542M,,
5661,PN G353.4+00.8,c,MGE 353.4568+00.8258,261.44583,-33.99861,16,0.267,,,2010AJ....139.1542M,,
5663,PN G355.2+02.0,c,MGE 355.2534+02.0154,261.46792,-31.84444,15,0.25,,,2010AJ....139.1542M,,
5664,PN G356.5-00.7,c,MGE 356.5561-00.7652,265.05667,-32.26778,14,0.233,,,2010AJ....139.1542M,,
5665,PN G356.6+01.9,c,MGE 356.6214+01.9982,262.37292,-30.71694,16,0.267,,,2010AJ....139.1542M,,
5667,PN G357.7-00.7,c,MGE 357.7075-00.7184,265.72542,-31.26556,14,0.233,,,2010AJ....139.1542M,,
5668,PN G357.7+01.5,c,MGE 357.7077+01.5812,263.46625,-30.03611,16,0.267,,,2010AJ....139.1542M,,
5669,PN G357.7+02.3,c,MGE 357.7758+02.3326,262.78292,-29.56944,16,0.267,,,2010AJ....139.1542M,,
5670,PN G359.6+01.2,c,MGE 359.6760+01.2410,265.00667,-28.55889,15,0.25,,,2010AJ....139.1542M,,
5672,PN G000.6+01.5,T,MGE 000.6713+01.4999,265.355,-27.57778,21,0.35,,,2010AJ....139.1542M,,
5673,PN G001.0-02.0,T,MGE001.0098-02.0666,269.02625,-29.12611,18,0.3,,,2010AJ....139.1542M,,
5674,PN G002.0-01.0,c,MGE 002.0599-01.0642,268.64333,-27.71417,27,0.45,,,2010AJ....139.1542M,,
5676,PN G003.0-01.4,c,MGE 003.0631-01.4329,269.56958,-27.03222,15,0.25,,,2010AJ....139.1542M,,
5677,PN G003.3+01.0,c,MGE 003.3094+01.0342,267.33667,-25.56944,15,0.25,,,2010AJ....139.1542M,,
5678,PN G006.1-00.7,c,MGE 006.1437-00.7853,270.64042,-24.03694,18,0.3,,,2010AJ....139.1542M,,
5679,PN G006.5-00.0,c,MGE 006.5850-00.0135,270.14667,-23.27139,12,0.2,,,2010AJ....139.1542M,,
5680,PN G006.7+01.1,c,MGE 006.7840+01.1298,269.17917,-22.52833,17,0.283,,,2010AJ....139.1542M,,
5681,PN G007.0-02.3,c,MGE 007.0582-02.3635,272.63708,-24.0075,18,0.3,,,2010AJ....139.1542M,,
5682,PN G007.7-00.3,c,MGE 007.7506-00.3392,271.07833,-22.41861,18,0.3,,,2010AJ....139.1542M,,
5683,PN G007.8+00.7,c,MGE 007.8745+00.7500,270.12208,-21.77306,18,0.3,,,2010AJ....139.1542M,,
5684,PN G008.5-01.1,c,MGE 008.5984-01.1993,272.33625,-22.09722,18,0.3,,,2010AJ....139.1542M,,
5685,PN G032.9-00.7a,c,MGE 032.9266-00.7652,283.53792,-0.35361,18,0.3,,,2010AJ....139.1542M,,
5686,PN G034.8+00.3,c,MGE 034.8961+00.3018,283.48667,1.88556,21,0.35,,,2010AJ....139.1542M,,
5687,PN G037.9-00.7,c,[GKF2010] MN99,285.8725,4.12222,20,0.333,,,2010AJ....139.1542M,,
5688,PN G045.9-00.7,c,MGE 045.9426-00.7527,289.55292,11.20722,28,0.467,,,2010AJ....139.1542M,,
5690,PN G325.5+00.8,c,MGE 325.5783+00.8074,234.48,-54.57361,15,0.25,,,2010AJ....139.1542M,,
5691,PN G326.9+00.9,c,IRAS 15407-5326,236.14208,-53.61333,14,0.233,,,2010AJ....139.1542M,,
5692,PN G344.1+00.2,c,MGE 344.1648+00.2733,255.08333,-41.84528,24,0.4,,,2010AJ....139.1542M,,
5693,PN G356.4+01.0,c,MGE 356.4594+01.0730,263.17208,-31.35972,18,0.3,,,2010AJ....139.1542M,,
5694,PN G356.8+01.8,c,MGE 356.8316+01.8709,262.63083,-30.61167,17,0.283,,,2010AJ....139.1542M,,
5695,PN G357.4+01.5,c,MGE 357.4403+01.5640,263.31458,-30.27,20,0.333,,,2010AJ....139.1542M,,
5696,PN G358.0-01.9,c,MGE 358.0310-01.9836,267.18917,-31.6475,18,0.3,,,2010AJ....139.1542M,,
5697,PN G358.4-00.8,c,MGE 358.4433-00.8992,266.35417,-30.73333,15,0.25,,,2010AJ....139.1542M,,
5698,PN G358.6+00.1,c,MGE 358.6888+00.1824,265.43667,-29.95694,10,0.167,,,2010AJ....139.1542M,,
5699,PN G359.6-00.9a,c,MGE 359.6256-00.9322,267.09667,-29.73972,26,0.433,,,2010AJ....139.1542M,,
5700,PN G001.2+00.7a,c,MGE 001.2693+00.7174,266.46,-27.47889,16,0.267,,,2010AJ....139.1542M,,
5703,PN G007.1+01.9,c,MGE 007.0999+01.9268,268.60708,-21.85417,20,0.333,,,2010AJ....139.1542M,,
5704,PN G007.4-01.7,c,MGE 007.4345-01.7575,272.25542,-23.38556,16,0.267,,,2010AJ....139.1542M,,
5705,PN G007.9+00.9,c,MGE 007.9853+00.9983,269.94917,-21.55361,16,0.267,,,2010AJ....139.1542M,,
5706,PN G358.2-00.4,c,MGE 358.2714-00.4486,265.80333,-30.64389,16,0.267,,,2010AJ....139.1542M,,
5709,PN G359.5-00.8,c,MGE 359.5784-00.8461,266.98375,-29.73556,26,0.433,,,2010AJ....139.1542M,,
5710,PN G000.6+01.9,c,MGE 000.6829+01.9996,264.88458,-27.30306,15,0.25,,,2010AJ....139.1542M,,
5711,PN G000.7+02.9,c,MGE 000.7880+02.9357,264.05917,-26.71417,20,0.333,,,2010AJ....139.1542M,,
5712,PN G000.9+02.2,c,MGE 000.9934+02.2747,264.80792,-26.89417,13,0.217,,,2010AJ....139.1542M,,
5713,PN G001.1-01.0,c,MGE 001.1947-01.0735,268.15542,-28.46472,20,0.333,,,2010AJ....139.1542M,,
5715,PN G001.4-01.7,c,MGE 001.4688-01.7089,268.93667,-28.54972,20,0.333,,,2010AJ....139.1542M,,
5716,PN G001.9+00.1,c,MGE 001.9965+00.1976,267.38375,-27.12556,12,0.2,,,2010AJ....139.1542M,,
5717,PN G002.0+02.1a,c,MGE 002.0557+02.1161,265.58583,-26.07722,20,0.333,,,2010AJ....139.1542M,,
5718,PN G002.4-02.0,c,MGE 002.4094-02.0786,269.83375,-27.92056,13,0.217,,,2010AJ....139.1542M,,
5720,PN G003.5+01.3a,c,MGE 003.5014+01.3314,267.16375,-25.25194,20,0.333,,,2010AJ....139.1542M,,
5721,PN G004.0+02.2,c,MGE 004.0775+02.2998,266.57875,-24.25833,24,0.4,,,2010AJ....139.1542M,,
5722,PN G004.0+01.1,c,MGE 004.0816+01.1591,267.65583,-24.84278,26,0.433,,,2010AJ....139.1542M,,
5724,PN G004.2-00.8,c,MGE 004.2374-00.8916,269.7,-25.74472,18,0.3,,,2010AJ....139.1542M,,
5726,PN G004.2-01.4,c,MGE 004.2590-01.4204,270.22208,-25.98889,23,0.383,,,2010AJ....139.1542M,,
5728,PN G004.8+01.7,c,MGE 004.8004+01.7757,267.47875,-23.90972,25,0.417,,,2010AJ....139.1542M,,
5729,PN G005.1+00.0,c,MGE 005.1516+00.0444,269.31,-24.485,20,0.333,,,2010AJ....139.1542M,,
5732,PN G007.0+02.0,c,MGE 007.0571+02.0063,268.51,-21.85111,15,0.25,,,2010AJ....139.1542M,,
5733,PN G007.6+02.1,c,MGE 007.6985+02.1443,268.72958,-21.22806,24,0.4,,,2010AJ....139.1542M,,
5734,PN G010.0-00.6,c,MGE 010.0155-00.6520,272.55708,-20.5925,21,0.35,,,2010AJ....139.1542M,,
5735,PN G012.0+01.0,c,MGE 012.0367+01.0149,272.04833,-18.01694,52,0.867,,,2010AJ....139.1542M,,
5736,PN G020.8+00.9,c,MGE 020.8749+00.9698,276.42333,-10.26278,18,0.3,,,2010AJ....139.1542M,,
5737,PN G021.4-00.4,c,MGE 021.4030-00.4666,277.96583,-10.46194,21,0.35,,,2010AJ....139.1542M,,
5738,PN G022.5+00.9,c,MGE 022.5964+00.9098,277.28917,-8.76694,18,0.3,,,2010AJ....139.1542M,,
5739,PN G027.5+00.5,c,MGE 027.5373+00.5473,279.90542,-4.54917,15,0.25,,,2010AJ....139.1542M,,
5740,PN G034.9+00.4,c,MGE 034.9249+00.4834,283.33792,1.99417,15,0.25,,,2010AJ....139.1542M,,
5743,PN G046.8-00.2,c,MGE 046.8232-00.2257,289.4975,12.23194,18,0.3,,,2010AJ....139.1542M,,
5745,PN G059.2+00.4,c,MGE 059.2301+00.4005,295.17958,23.42083,21,0.35,,,2010AJ....139.1542M,,
5747,PN G318.5-00.5,c,MGE 318.5117-00.5950,224.84917,-59.53917,28,0.467,,,2010AJ....139.1542M,,
5751,PN G353.9+00.4,c,MGE 353.9103+00.4858,262.09042,-33.81139,15,0.25,,,2010AJ....139.1542M,,
5752,PN G355.2+00.9,c,MGE 355.2478+00.9935,262.46792,-32.41639,18,0.3,,,2010AJ....139.1542M,,
5753,PN G355.4+01.0,c,MGE 355.4167+01.0342,262.53792,-32.25306,14,0.233,,,2010AJ....139.1542M,,
5754,PN G355.5-02.1a,c,IRAS 17400-3346,265.83333,-33.80306,15,0.25,,,2010AJ....139.1542M,,
5755,PN G355.8+01.2,c,MGE 355.8086+01.2344,262.595,-31.81583,15,0.25,,,2010AJ....139.1542M,,
5756,PN G355.8-01.4,c,MGE 355.8839-01.4270,265.30042,-33.18833,18,0.3,,,2010AJ....139.1542M,,
5757,PN G356.0+00.7,c,MGE 356.0998+00.7001,263.30917,-31.86444,18,0.3,,,2010AJ....139.1542M,,
5760,PN G356.6-00.5,c,MGE 356.6408-00.5704,264.91458,-32.0925,15,0.25,,,2010AJ....139.1542M,,
5761,PN G356.7+00.7,c,MGE 356.7415+00.7421,263.67667,-31.30278,16,0.267,,,2010AJ....139.1542M,,
5762,PN G357.8+00.2,c,MGE 357.8187+00.2875,264.79875,-30.63861,16,0.267,,,2010AJ....139.1542M,,
5764,PN G358.0-01.5,c,MGE 358.0888-01.5465,266.785,-31.3725,20,0.333,,,2010AJ....139.1542M,,
5765,PN G358.1+01.0,c,MGE 358.1166+01.0764,264.21167,-29.96472,15,0.25,,,2010AJ....139.1542M,,
5766,PN G358.1+00.7,c,MGE 358.1558+00.7594,264.545,-30.10167,24,0.4,,,2010AJ....139.1542M,,
5768,PN G358.5+02.5,c,MGE 358.5717+02.5207,263.10042,-28.80056,26,0.433,,,2010AJ....139.1542M,,
5769,PN G358.6-01.3,c,MGE 358.6633-01.3135,266.89917,-30.76056,15,0.25,,,2010AJ....139.1542M,,
5771,PN G359.1-01.6,c,MGE 359.1142-01.6065,267.46083,-30.525,20,0.333,,,2010AJ....139.1542M,,
5772,PN G359.4-00.5,c,MGE 359.4290-00.5034,266.55708,-29.68583,15,0.25,,,2010AJ....139.1542M,,
5773,PN G359.4-02.6,c,MGE 359.4372-02.6997,268.74625,-30.8025,18,0.3,,,2010AJ....139.1542M,,
5775,PN G359.6-01.9,c,OGLE BUL-SC37 181442,268.0675,-30.26,29,0.483,,,2010AJ....139.1542M,,
5776,PN G359.8+01.0a,c,ISOGAL-P J174119.8-283013,265.32542,-28.50583,36,0.6,,,2010AJ....139.1542M,,
5777,PN G000.7+02.7,c,MGE 000.7126+02.7811,264.16,-26.86083,19,0.317,,,2010AJ....139.1542M,,
5779,PN G001.0+02.7,c,MGE 001.0651+02.7431,264.40708,-26.58361,18,0.3,,,2010AJ....139.1542M,,
5780,PN G001.0+01.9a,c,MGE 001.0839+01.9163,265.20292,-27.0075,18,0.3,,,2010AJ....139.1542M,,
5781,PN G003.4-01.0,c,MGE 003.4305-01.0738,269.42708,-26.53472,19,0.317,,,2010AJ....139.1542M,,
5782,PN G003.8+02.6,c,MGE 003.8212+02.6722,266.08375,-24.28333,18,0.3,,,2010AJ....139.1542M,,
5784,PN G008.1+01.0,c,MGE 008.1733+01.0914,269.96292,-21.34417,18,0.3,,,2010AJ....139.1542M,,
5787,PN G030.8+00.6,c,MGE 030.8780+00.6993,281.3,-1.50861,18,0.3,,,2010AJ....139.1542M,,
5788,PN G031.3+00.9,c,MGE 031.3183+00.9958,281.23708,-0.98167,18,0.3,,,2010AJ....139.1542M,,
5789,PN G039.5+00.4,c,MGE 039.5964+00.4751,285.48458,6.14611,20,0.333,,,2010AJ....139.1542M,,
5791,PN G356.1-00.5,c,MGE 356.1617-00.5486,264.59083,-32.48611,18,0.3,,,2010AJ....139.1542M,,
5794,PN G358.0+00.8,c,MGE 358.0815+00.8514,264.40917,-30.11528,15,0.25,,,2010AJ....139.1542M,,
5797,PN G038.7-00.6,c,MGE 038.7425-00.6986,286.13958,4.84944,14,0.233,,,2010AJ....139.1542M,,
5801,PN G353.5+01.5,c,MGE 353.5188+01.5107,260.80625,-33.56222,21,0.35,,,2010AJ....139.1542M,,
5826,PN G328.9+00.2a,c,[GKF2010] MN34,239.54783,-52.93067,90,1.5,,,2010MNRAS.405.1047G,,
5839,PN G008.4-00.0,c,[GKF2010] MN71,271.16525,-21.69278,45,0.75,1.29,,2010MNRAS.405.1047G,,
8185,PN G020.9+00.9,T,IRAS 18232-1013,276.51254,-10.19207,4.5,0.075,,,1995AJ....110.2225K,,
8186,PN G022.2+00.9,T,IRAS 18257-0908,277.12095,-9.10329,3.5,0.058,,,1995AJ....110.2225K,,
8190,PN G040.5-00.0,T,IPHASX J190543.8+064413,286.43254,6.73704,14,0.233,,,IPHAS_candidates,,
8193,PN G038.7-02.4,T,IPHASX J191058.9+040350,287.74558,4.064,11,0.183,,,IPHAS_candidates,,
8199,PN G054.5+01.8,L,IPHASX J192534.9+200334,291.39573,20.05948,38,0.633,,,2014MNRAS.443.3388S,,
8200,PN G049.7-00.7,L,IPHASX J192543.2+143546,291.43009,14.59619,176,2.933,,,2014MNRAS.443.3388S,,
8202,PN G057.7+02.8,c,IPHASX J192816.9+231911,292.07064,23.31978,17,0.283,,,IPHAS_candidates,,
8204,PN G051.7-01.7,T,IPHASX J193308.9+155354,293.2871,15.89851,27,0.45,,,2014MNRAS.443.3388S,,
8206,PN G062.1+03.1,T,IPHASX J193617.5+272051,294.07338,27.34775,9,0.15,,,IPHAS_candidates,,
8209,PN G056.7-00.3,L,IPHASX J193809.1+205412,294.53817,20.90335,146,2.433,,,IPHAS_candidates,,
8210,PN G066.1+04.7,T,IPHASX J193849.6+313744,294.70689,31.62912,160,2.667,,,IPHAS_candidates,,
8211,PN G063.3+02.2,T,IPHASX J194240.5+275109,295.66908,27.8525,74,1.233,,,2014MNRAS.443.3388S,,
8215,PN G059.1-01.4,T,Ra 17,296.87029,22.47328,27,0.45,,,2014MNRAS.443.3388S,,
8218,PN G063.7+00.7,T,IPHASX J194930.9+273028,297.3791,27.50785,84,1.4,,,2014MNRAS.443.3388S,,
8219,PN G062.5-01.8,L,IPHASX J195627.3+250648,299.11391,25.11349,24,0.4,,,IPHAS_candidates,,
8229,PN G077.5+04.2,c,IPHASX J201006.3+410106,302.52663,41.01833,8.9,0.148,,,IPHAS_candidates,,
8232,PN G067.3-02.6,T,IPHASX J201058.0+284455,302.74175,28.74861,48,0.8,1.33,,IPHAS_candidates,,
8266,PN G111.2-03.0,T,We 2-260,350.59875,57.77444,162,2.7,1.23,,1992secg.book.....A,,
8270,PN G111.8-04.4,c,IPHASX J233011.3+563713,352.54737,56.62045,50,0.833,,,IPHAS_candidates,,
8273,PN G115.5+02.0,T,IPHASX J234318.0+635717,355.82528,63.95474,36,0.6,,,2014MNRAS.443.3388S,,
8331,PN G182.3-03.7,L,IPHASX J053650.8+245616,84.21179,24.93797,300,5,1.33,,IPHAS_candidates,,
8355,PN G181.7+01.9,T,IPHASX J055711.7+282322,89.29883,28.38956,224,3.733,,,IPHAS_candidates,,
8442,PN G116.0-04.8,L,IPHASX J000021.4+572207,0.08913,57.36881,22,0.367,1.38,,2014MNRAS.443.3388S,,
8450,PN G127.6-01.1,T,IPHASX J013108.9+612258,22.78738,61.38305,24.1,0.402,1,,2014MNRAS.443.3388S,,
8454,PN G137.7+03.3,T,IPHASX J030421.3+621802,46.08875,62.3007,57,0.95,,,2014MNRAS.443.3388S,,
8455,PN G139.0+03.2,T,IPHASX J031345.5+613707,48.438,61.61833,126.5,2.108,1.21,,2014MNRAS.443.3388S,,
8456,PN G144.1-00.5,T,IRAS 03272+5528,52.77235,55.64762,27.3,0.455,1.06,,2014MNRAS.443.3388S,,
8458,PN G151.0-00.4,L,Ou 1,61.83992,51.40622,95,1.583,1.27,,2012RMxAA..48..223A,,
8460,PN G157.1+04.4,T,IPHASX J045627.6+501720,74.1151,50.28899,91,1.517,,,2014MNRAS.443.3388S,,
8461,PN G167.3-03.1,T,IPHASX J045847.7+373640,74.69886,37.61134,16.9,0.282,1,,2014MNRAS.443.3388S,,
8466,PN G193.5-03.1,T,IPHASX J060328.1+154108,90.86723,15.6857,55,0.917,,,2014MNRAS.443.3388S,,
8467,PN G190.7-01.3,T,IPHASX J060412.2+190031,91.05104,19.00874,70,1.167,,,2014MNRAS.443.3388S,,
8469,PN G204.3-01.6,T,IPHASX J062937.8+065220,97.40788,6.87226,31,0.517,,,2014MNRAS.443.3388S,,
8470,PN G197.3+02.7,T,IPHASX J063223.9+150410,98.09977,15.06954,90,1.5,,,2014MNRAS.443.3388S,,
8478,PN G031.1+02.1,L,IPHASX J184030.1-003822,280.12542,-0.6395,22.2,0.37,1,,2014MNRAS.443.3388S,,
8489,PN G032.7-00.5,L,IPHASX J185312.9-002529,283.30388,-0.42497,25.8,0.43,1.52,,2014MNRAS.443.3388S,,
8493,PN G032.6-00.7,L,IPHASX J185342.6-003628,283.4275,-0.608,22.8,0.38,1,,2014MNRAS.443.3388S,,
8496,PN G032.9-01.4,T,IPHASX J185640.0-003804,284.16675,-0.63458,15,0.25,,,2014MNRAS.443.3388S,,
8499,PN G040.5+01.9,T,IPHASX J185815.8+073753,284.56605,7.63152,7.1,0.118,1.13,,2014MNRAS.443.3388S,,
8501,PN G044.4+03.1,T,IPHASX J190115.5+114150,285.31465,11.69742,25.8,0.43,1,,2014MNRAS.443.3388S,,
8504,PN G036.0-01.4,T,IPHASX J190227.3+020804,285.61379,2.13464,92,1.533,,,2014MNRAS.443.3388S,,
8505,PN G047.1+03.9,T,IPHASX J190319.0+142524,285.82928,14.42347,14.6,0.243,1.22,,2014MNRAS.443.3388S,,
8512,PN G042.6+01.3,T,IPHASX J190432.9+091656,286.13729,9.28241,8.2,0.137,1,,2014MNRAS.443.3388S,,
8513,PN G045.4+02.6,T,IPHASX J190447.9+121844,286.19997,12.31241,12.2,0.203,1.33,,2014MNRAS.443.3388S,,
8514,PN G043.6+01.7,T,IPHASX J190454.0+101801,286.22527,10.30028,18.2,0.303,1.12,,2014MNRAS.443.3388S,,
8517,PN G044.3+01.8,T,IPHASX J190543.8+110018,286.43268,11.00515,7.6,0.127,1,,2014MNRAS.443.3388S,,
8519,PN G032.3-04.5,L,IPHASX J190631.5-023236,286.63163,-2.54333,16.1,0.268,1,,2014MNRAS.443.3388S,,
8522,PN G038.9-01.3,T,IPHASX J190718.1+044056,286.82562,4.68225,9.3,0.155,2.82,,2014MNRAS.443.3388S,,
8524,PN G047.8+02.4,T,IPHASX J191001.1+142202,287.50472,14.36742,9.7,0.162,1,,2014MNRAS.443.3388S,,
8525,PN G038.0-02.5,T,IPHASX J191003.4+032224,287.51414,3.37335,225,3.75,,,IPHAS_candidates,,
8526,PN G044.9+00.8,T,IPHASX J191022.1+110538,287.5921,11.09403,9.7,0.162,1,,2014MNRAS.443.3388S,,
8527,PN G038.3-02.5,T,IPHASX J191027.4+034046,287.61423,3.67968,13.3,0.222,1,,2014MNRAS.443.3388S,,
8528,PN G040.6-01.5,T,IRAS 19086+0603,287.7698,6.14585,32,0.533,1.45,,IPHAS_candidates,,
8530,PN G048.2+01.9,T,IPHASX J191255.4+143248,288.23118,14.54669,7.5,0.125,1,,2014MNRAS.443.3388S,,
8531,PN G051.2+03.2,T,IPHAS XJ191345.6+174752,288.43987,17.79787,6.5,0.108,1,,2014MNRAS.443.3388S,,
8533,PN G047.6+01.0,T,IPHASX J191445.1+133219,288.688,13.53885,15.4,0.257,1.34,,2014MNRAS.443.3388S,,
8535,PN G039.0-04.0,L,IPHASX J191716.4+033447,289.31837,3.57982,32,0.533,1,,2014MNRAS.443.3388S,,
8536,PN G052.0+02.7,T,IPHASX J191716.5+181518,289.319,18.25506,46.1,0.768,1,,2014MNRAS.443.3388S,,
8537,PN G042.7-02.5,T,IPHASX J191840.4+073131,289.66846,7.52531,41.2,0.687,1,,2014MNRAS.443.3388S,,
8539,PN G051.7+01.3,T,IPHASX J192146.7+172055,290.44464,17.34886,29,0.483,,,2014MNRAS.443.3388S,,
8540,PN G048.7-00.2,T,IPHASX J192152.0+135223,290.46683,13.87311,13,0.217,,,2014MNRAS.443.3388S,,
8541,PN G049.2+00.0,T,IPHASX J192153.9+143056,290.47476,14.51561,18.3,0.305,1.35,,2014MNRAS.443.3388S,,
8545,PN G050.6+00.0,T,IPHASX J192436.3+154402,291.15142,15.73389,22.6,0.377,1.55,,2014MNRAS.443.3388S,,
8548,PN G059.1+03.5,T,IPHASX J192837.7+245024,292.15733,24.84023,12.7,0.212,1.38,,2014MNRAS.443.3388S,,
8550,PN G054.4+00.5,T,IPHASX J193009.3+192129,292.53875,19.35806,221,3.683,,,2014MNRAS.443.3388S,,
8551,PN G054.7+00.4,T,UWISH2 PN 4,292.79488,19.48491,19,0.317,,,2014MNRAS.443.3388S,,
8552,PN G048.1-03.2,T,IPHASX J193127.0+115622,292.86254,11.9397,26.7,0.445,1,,2014MNRAS.443.3388S,,
8553,PN G049.6-02.8,T,IPHASX J193305.9+132921,293.2746,13.48918,60,1,,,IPHAS_candidates,,
8557,PN G051.9-02.5,T,IPHASX J193633.5+153345,294.1396,15.56258,103,1.717,,,2014MNRAS.443.3388S,,
8559,PN G049.3-04.0,L,IPHASX J193636.3+123758,294.15226,12.63396,270,4.5,,,IPHAS_candidates,,
8560,PN G056.1-00.4,T,IPHASX J193718.6+202102,294.32783,20.35083,47,0.783,,,2014MNRAS.443.3388S,,
8561,PN G062.1+02.8,T,IPHASX J193752.2+271119,294.46783,27.18883,25,0.417,,,2014MNRAS.443.3388S,,
8562,PN G062.0+02.5,T,IPHASX J193827.8+265752,294.61624,26.96448,6.4,0.107,1,,2014MNRAS.443.3388S,,
8564,PN G057.9-00.7,T,Kn 7,295.60847,21.75586,27.4,0.457,1.75,,2006A&A...447..921K,,
8565,PN G052.1-04.1,T,IPHASX J194232.8+150034,295.63708,15.00949,18.6,0.31,1,,2014MNRAS.443.3388S,,
8566,PN G058.1-00.8,T,IPHASX J194301.3+215424,295.75554,21.90692,14,0.233,,,IPHAS_candidates,,
8568,PN G062.9+01.3,T,IPHASX J194510.6+270930,296.29447,27.15834,14.3,0.238,1.47,,2014MNRAS.443.3388S,,
8569,PN G059.8-00.6,T,IPHASX J194556.2+232833,296.48432,23.47601,53.6,0.893,1.83,,2014MNRAS.443.3388S,,
8571,PN G059.7-01.0,T,IPHASX J194727.5+230816,296.86495,23.13793,34.5,0.575,1,,2014MNRAS.443.3388S,,
8572,PN G066.8+02.9,T,IPHASX J194751.9+311818,296.96631,31.30503,12.9,0.215,1.9,,2014MNRAS.443.3388S,,
8577,PN G062.7+00.0,T,IPHASX J194940.9+261521,297.42057,26.25588,22.1,0.368,2.15,,2014MNRAS.443.3388S,,
8581,PN G067.9+02.4,T,IPHASX J195221.6+315859,298.09039,31.98329,42,0.7,,,2014MNRAS.443.3388S,,
8582,PN G067.5+01.8,T,MVP 1,298.49256,31.35564,228,3.8,1.3,,2014MNRAS.443.3388S,,
8583,PN G068.0+02.1,T,IPHASX J195400.8+315554,298.50372,31.93189,30.3,0.505,1,,2014MNRAS.443.3388S,,
8584,PN G067.8+01.8,T,IPHASX J195436.4+313326,298.65187,31.55733,12,0.2,1.2,,2014MNRAS.443.3388S,,
8585,PN G064.1-00.9,T,IPHASX J195657.6+265713,299.24003,26.95372,28.7,0.478,1.16,,2014MNRAS.443.3388S,,
8586,PN G066.4-00.0,T,IPHASX J195836.4+292314,299.65196,29.38741,17.4,0.29,1.57,,2014MNRAS.443.3388S,,
8596,PN G068.0+00.0,T,IPHASX J200224.3+304845,300.60135,30.81267,25.4,0.423,1.52,,2014MNRAS.443.3388S,,
8597,PN G072.0+02.2,T,Ou 6,300.97314,35.38062,14.9,0.248,1.2,,2014MNRAS.443.3388S,,
8599,PN G073.6+02.8,T,IPHASX J200522.0++36594,301.34192,36.99521,10.5,0.175,1.25,,2014MNRAS.443.3388S,,
8603,PN G071.3-00.6,T,IPHASX J201339.0+331507,303.41259,33.25196,8.6,0.143,1.08,,2014MNRAS.443.3388S,,
8606,PN G091.6-01.0,T,IPHASX J212335.3+484717,320.89708,48.78828,18.8,0.313,1.37,,2014MNRAS.443.3388S,,
8608,PN G098.9-01.1,T,IPHASX J215842.3+533003,329.67628,53.50094,30.5,0.508,1,,2014MNRAS.443.3388S,,
8612,PN G114.7-01.2,T,IPHASX J234403.8+603242,356.01585,60.54511,22.1,0.368,1,,2014MNRAS.443.3388S,,
8613,PN G116.3+01.9,L,IPHASX J235044.2+640311,357.68439,64.05327,26.3,0.438,1.09,,2014MNRAS.443.3388S,,
8748,PN G146.1-08.1,L,Fr 2-23,48.69146,48.20167,1650,27.5,1.06,,DFrew,,
8752,PN G227.3+12.9,L,AlvKn 1,121.0185,-6.51583,1010,16.833,1.2,,2014apn6.confE..48K,,
8785,PN G000.0-01.8a,T,JaSt 83,268.18763,-29.84983,3.3,0.055,1,,2001A&A...373..536V,,
8788,PN G307.3-01.6a,T,FrBc 1,202.97613,-64.20947,8,0.133,,,DFrew,,
8790,PN G162.9-01.6,T,Kn 131,72.57375,41.91478,266,4.433,1.39,,HYPERLEDA_candidates,,
8800,PN G061.9+02.9,T,CGMW 5-11005,294.14948,27.06914,13,0.217,,,HYPERLEDA_candidates,,
9644,PN G132.8+02.0,T,IPHASX J022045.0+631134,35.18777,63.19303,30,0.5,,,2009A&A...504..291V,,
9667,PN G138.5-00.0,L,IPHASX J025658.2+585547,44.24246,58.92978,12,0.2,2,,2009A&A...504..291V,,
9824,PN G183.0+00.0,T,IPHASX J055242.8+262116,88.17838,26.35447,16.1,0.268,1,,2009A&A...504..291V,,
9943,PN G029.9+03.7,T,IPHASX J183249.6-005638,278.207,-0.94397,4.6,0.077,0.82,,2009A&A...504..291V,,
9954,PN G032.8+01.5,T,IPHAS J184546.74+003630.9,281.44468,0.60878,4,0.067,,,2009A&A...504..291V,,
9956,PN G029.5-00.2,L,IPHAS J184616.33-030626.0,281.56793,-3.10711,3.8,0.063,1,,2009A&A...504..291V,,
9967,PN G040.1+03.2,T,IPHAS XJ185309.4+075241,283.28925,7.87806,12.2,0.203,1.51,,2009A&A...504..291V,,
9968,PN G038.4+02.2,T,IPHAS J185321.76+055641.9,283.34067,5.94497,5,0.083,1,,2009A&A...504..291V,,
9981,PN G040.6+01.5,T,IPHASX J185957.0+073544,284.98758,7.59569,3.7,0.062,1,,2009A&A...504..291V,,
9991,PN G044.2+01.9,T,IPHAS J190518.33+105750.5,286.32639,10.96403,4,0.067,,,2009A&A...504..291V,,
10002,PN G045.7+01.4,T,Te 6,287.47811,12.08201,18,0.3,,,2006A&A...447..921K,,
10005,PN G044.6+00.4,T,IRAS 19089+1032,287.82147,10.62617,4.2,0.07,1,,2009A&A...504..291V,,
10010,PN G050.8+02.3,T,IPHAS J191621.43+165638.9,289.08929,16.94414,5.3,0.088,1,,2009A&A...504..291V,,
10013,PN G043.3-01.9,T,IPHASX J191727.0+082036,289.3627,8.34361,15.2,0.253,1,,2009A&A...504..291V,,
10019,PN G050.6+01.3,T,IRAS 19174+1615,289.9288,16.35778,4,0.067,1,,2009A&A...504..291V,,
10030,PN G045.7-01.6,L,IPHAS J192101.15+103734.6,290.25479,10.62628,3,0.05,,,2009A&A...504..291V,,
10039,PN G051.8+00.2,T,IPHAS J192553.53+165331.4,291.47305,16.89206,5.7,0.095,1.16,,2009A&A...504..291V,,
10046,PN G059.1+03.3,T,IPHASX J192902.5+244646,292.26062,24.77967,9.9,0.165,1.14,,2009A&A...504..291V,,
10056,PN G048.0-04.4,T,IPHASX J193532.1+112115,293.88376,11.35436,9.2,0.153,1,,2009A&A...504..291V,,
10059,PN G053.4-01.8,T,IPHAS J193652.96+171940.7,294.22067,17.32797,4.1,0.068,1,,2009A&A...504..291V,,
10061,PN G056.4-00.3,T,IPHASX J193740.4+203547,294.41864,20.59662,30.7,0.512,1,,2009A&A...504..291V,,
10076,PN G059.8-00.5,T,2MASS J19453289+2328105,296.38705,23.46958,2.5,0.042,,,2009A&A...504..291V,,
10080,PN G056.6-02.7,T,IPHASX J194648.2+193608,296.70154,19.60308,3,0.05,,,2009A&A...504..291V,,
10085,PN G060.3-01.4,T,IPHAS J194957.59+232600.6,297.48996,23.4335,3.5,0.058,,,2009A&A...504..291V,,
10087,PN G063.5+00.0,T,IPHASX J195126.5+265839,297.86045,26.97749,7.7,0.128,1.13,,2009A&A...504..291V,,
10091,PN G062.7-00.7,L,IPHASX J195248.8+255359,298.20349,25.89978,27,0.45,,,2009A&A...504..291V,,
10104,PN G068.2+00.9,L,IPHASX J195919.0+312534,299.82947,31.42619,7.6,0.127,1.43,,2009A&A...504..291V,,
10119,PN G075.8+04.2,L,IPHAS J200522.65+393858.3,301.34436,39.64953,90,1.5,,,2009A&A...504..291V,,
10156,PN G080.2+03.8,T,IPHAS J201954.23+430559.6,304.97595,43.09989,3.5,0.058,,,2009A&A...504..291V,,
10256,PN G084.2-04.2,T,K 3-80,316.91528,40.96453,6,0.1,1,,1992secg.book.....A,,
10274,PN G095.8+02.6,T,IPHASX J212608.3+542015,321.53484,54.33761,13,0.217,1.53,,2009A&A...504..291V,,
10285,PN G098.9+03.0,T,IPHASX J214032.5+564751,325.13573,56.79767,9.4,0.157,1,,2009A&A...504..291V,,
10875,PN G002.7-11.3,T,CGMW 4-2085,279.53213,-31.88251,17,0.283,1.13,,2012IAUS..283..414K,,
10877,PN G058.2+04.5,T,Kn 8,290.66182,24.55027,68,1.133,1.28,,2006A&A...447..921K,,
10878,PN G060.2+00.8,T,Kn 11,295.32979,24.5146,9,0.15,,,2006A&A...447..921K,,
10879,PN G063.2-04.9,T,Kn 14,302.42583,24.1275,17.5,0.292,,,2006A&A...447..921K,,
10881,PN G069.6-03.7,T,Kn 20,305.36029,30.09389,16,0.267,,,2006A&A...447..921K,,
10886,PN G008.3+14.8,T,Kn 41,257.79208,-13.95944,28,0.467,1.4,,2012IAUS..283..414K,,
10887,PN G012.8+09.6,T,Kn 42,264.68625,-12.95556,11,0.183,1.1,,2012IAUS..283..414K,,
10889,PN G097.4+12.3,T,KnFe 1,309.53829,61.91747,42,0.7,1.17,,2012IAUS..283..414K,,
10890,PN G164.8-09.8,T,Kn 51,66.36192,35.10217,84,1.4,1.4,,2014apn6.confE..48K,,
10894,PN G025.4-16.4,T,Kn 56,294.43237,-13.85556,40,0.667,1.6,,2012IAUS..283..414K,,
10896,PN G136.8-13.2,T,Kn 58,33.116,47.45281,75,1.25,1.44,,2012IAUS..283..414K,,
10897,PN G095.2+25.4,T,Kn 59,280.42459,65.19944,4,0.067,1,,2012IAUS..283..414K,,
10899,PN G070.5+11.0,T,Kn 61,290.41225,38.31589,100,1.667,1.09,,2012IAUS..283..414K,,
10901,PN G317.7+13.3,c,Kn J1417.3-4700,214.32584,-47.01361,36,0.6,,,DFrew,,
10919,PN G089.3+12.8,T,Pa 4,300.61396,55.56139,184,3.067,1.05,,2006A&A...447..921K,,
10920,PN G041.4-09.6,T,Pa 13,295.33763,3.12164,29,0.483,1.07,,2012IAUS..283..414K,,
10928,PN G075.0+05.6,T,Pa 14,299.21457,39.71944,17,0.283,1.06,,2014apn6.confE..48K,,
10941,PN G079.5-03.8,T,Ri 2,312.51181,37.88769,38,0.633,1.36,,2006A&A...447..921K,,
10956,PN G120.4-01.3,T,Ou 2,7.73642,61.40953,76,1.267,,,DFrew,,
10957,PN G059.2+01.0,T,Ou 3,294.57308,23.76353,90,1.5,1,,DFrew,,
10959,PN G094.5-00.8a,T,LDu 1,324.024,50.90258,132,2.2,1.1,,2017LAstr.131b..46L,,
10960,PN G079.8-10.2,T,Alves 1,318.7775,33.97167,270,4.5,1,,DFrew,,
10969,PN G202.9+07.4,T,Kn 60,105.02763,12.24481,9,0.15,,,2012IAUS..283..414K,,
10979,PN G024.8-01.4,T,Sab 8,280.44238,-7.8582,13,0.217,,,DFrew,,
11011,PN G327.7-10.4,c,FP J1648-6115,252.117,-61.2583,690,11.5,,,MEN_List,,
11015,PN G209.7-02.2,c,PHR J0637+0148,99.3858,1.8156,40,0.667,,,MEN_List,,
11029,PN G222.6-01.6,c,PHR J0703-0923	,105.864,-9.38411,100,1.667,,,MEN_List,,
11032,PN G228.2-02.5,c,PHR J0710-1447,107.60625,-14.78167,30,0.5,,,MEN_List,,
11056,PN G249.6-07.0,c,PHR J0737-3542,114.273,-35.7117,30,0.5,,,MEN_List,,
11062,PN G241.6-00.5,c,PHR J0745-2533,116.331,-25.5527,300,5,,,MEN_List,,
11076,PN G251.2+00.9,c,PHR J0814-3300,123.632,-33.0025,60,1,1.67,,MEN_List,,
11078,PN G251.7+01.6,c,PHR0818-3259,124.705,-32.998,100,1.667,,,MEN_List,,
11081,PN G252.0+02.0,c,PHR J0820-3301,125.196,-33.0186,15,0.25,,,MEN_List,,
11092,PN G263.7-00.7,L,PHR J0844-4407,131.248,-44.1202,30,0.5,,,MEN_List,,
11097,PN G271.0-04.7,c,BRAN 202,133.567,-52.272,200,3.333,,,MEN_List,,
11111,PN G267.8+04.4,c,PHR J0921-4342,140.373,-43.7042,45,0.75,,,MEN_List,,
11127,PN G281.5-02.6,c,PHR J0956-5804,149.228,-58.0781,40,0.667,,,MEN_List,,
11143,PN G287.8-02.2,c,PHR J1040-6113,160.04401,-61.231,45,0.75,,,MEN_List,,
11151,PN G290.2+00.7,c,PHR J1108-5933,167.08738,-59.54917,145,2.417,1.71,,MEN_List,,
11189,PN G315.2+02.2,c,IRAS 14234-5805,216.77299,-58.325,60,1,,,MEN_List,,
11192,PN G321.5+01.1,c,PHR J1512-5632,228.245,-56.5399,45,0.75,,,MEN_List,,
11232,PN G336.5-07.3,c,PHR J1709-5229,257.29099,-52.4877,90,1.5,,,MEN_List,,
11240,PN G002.3+06.5a,T,PHR J1726-2326,261.65196,-23.44414,28,0.467,2.15,,MEN_List,,
11244,PN G015.6+09.6,T,PHR J1744-1038,266.15979,-10.64361,65,1.083,,,MEN_List,,
11248,PN G008.7+04.9,T,PHR J1746-1855,266.74517,-18.93369,17.5,0.292,,,MEN_List,,
11251,PN G357.4-02.0,c,PHR J1747-3209,266.96701,-32.1639,20,0.333,,,MEN_List,,
11253,PN G004.6+01.6,T,PHR1750-2406,267.53744,-24.10434,9.2,0.153,,,MEN_List,,
11263,PN G346.5-11.5,c,PHR1803-4615,270.80801,-46.2528,60,1,1,,MEN_List,,
11283,PN G020.9+00.8,L,PHR1826-1013,276.57999,-10.2228,60,1,,,MEN_List,,
11291,PN G027.3-00.1,c,PHR J1841-0503,280.414,-5.06054,55,0.917,,,MEN_List,,
11548,PN G034.8+01.3,L,UWISH2 PN 1,282.5587,2.3022,7.5,0.125,,,2011MNRAS.413..480F,,
11550,PN G035.7-01.2,L,UWISH2 PN 3,285.2629,1.9578,25,0.417,,,2011MNRAS.413..480F,,
14465,PN G075.9+11.6,T,AMU 1,292.78708,43.41611,294,4.9,2.8,,2013A&A...552A..25A,,
14820,PN G168.4+01.6,T,CoMaC 2,80.48763,39.51736,12,0.2,,,1992secg.book.....A,,
15366,PN G012.1+01.1,T,[UHP2009] VLA G012.1175+01.1965,271.923,-17.85792,3.5,0.058,,,2009A&A...501..539U,,
15369,PN G018.0+00.8,T,IRAS 18179-1249,275.18481,-12.798,5.5,0.092,,,2009A&A...501..539U,,
15375,PN G043.0+00.1,L,GLMP 879,287.37561,9.0404,2,0.033,,,2009A&A...501..539U,,
15551,PN G064.9-09.1a,T,Pa 15,307.28179,23.18592,12,0.2,1,,2014apn6.confE..48K,,
15552,PN G033.6+06.6,L,Pa 17,277.29238,3.66386,39,0.65,1.08,,2014apn6.confE..48K,,
15553,PN G034.5+07.7,L,Pa 16,276.64571,4.98489,57,0.95,1.24,,2014apn6.confE..48K,,
15554,PN G039.7+06.0,T,Pa 18,280.505,8.77367,32,0.533,1.03,,2014apn6.confE..48K,,
15555,PN G048.8+08.4,T,Kn 66,282.47876,17.95417,2,0.033,1,,2014apn6.confE..48K,,
15556,PN G048.9+04.3a,L,Pa 19,286.286,16.25572,35,0.583,1.09,,2014apn6.confE..48K,,
15557,PN G050.1+03.1,T,Li 1,288.04304,16.77656,5,0.083,,,2014apn6.confE..48K,,
15558,PN G056.9-11.7,T,Pa 26,304.94233,15.23533,13,0.217,,,2014apn6.confE..48K,,
15559,PN G057.0+07.8,L,Pa 20,286.88258,24.99936,17,0.283,1,,2014apn6.confE..48K,,
15560,PN G058.3-08.2,T,Pa 23,302.58938,18.19725,16,0.267,1.45,,2014apn6.confE..48K,,
15561,PN G060.5+05.6,T,Pa 21,290.81265,27.12621,4,0.067,2,,2014apn6.confE..48K,,
15562,PN G060.8-07.9,T,Pa 25,303.75729,20.42258,6.5,0.108,,,2014apn6.confE..48K,,
15563,PN G064.1-04.9,T,Pa 24,302.93491,24.835,42,0.7,1.08,,2014apn6.confE..48K,,
15564,PN G075.0-07.2,T,Pa 27,312.24321,32.30411,72,1.2,1.2,,2014apn6.confE..48K,,
15565,PN G075.3+05.5,T,Pa 22,299.5545,39.91133,49,0.817,1.09,,2014apn6.confE..48K,,
15566,PN G076.8-08.1,T,Pa 28,314.54558,33.14253,133,2.217,1.08,,2014apn6.confE..48K,,
15567,PN G078.4-07.2,T,Pa 29,314.93124,34.90639,4,0.067,,,2014apn6.confE..48K,,
15568,PN G098.3-04.9,T,Pa 41,332.55683,50.07594,102,1.7,1.24,,2014apn6.confE..48K,,
15570,PN G165.5-27.6,T,Kn 67,53.0625,21.66194,6.5,0.108,,,2014apn6.confE..48K,,
15571,PN G175.6+11.4,T,Kn 62,95.98092,38.25403,126,2.1,1,,2014apn6.confE..48K,,
15572,PN G200.5-13.1,T,Kn 63,85.52796,4.71742,352,5.867,1.17,,2014apn6.confE..48K,,
15573,PN G328.8+13.5,T,Pa 33,227.80492,-42.17317,166,2.767,1.07,,2014apn6.confE..48K,,
15574,PN G026.8-08.5,L,Kn 65,287.71439,-9.28028,60,1,1.11,,2014apn6.confE..48K,,
15583,PN G025.9+10.3,T,MCS 1,270.46707,-1.4387,11.4,0.19,1,,2013A&A...558A...2M,,
15648,PN G195.4-04.0,L,IPHASX J060416.2+133250,91.06775,13.54732,34.6,0.577,3.26,,2014MNRAS.443.3388S,,
15651,PN G040.3+03.4,T,IPHASX J185225.0+080843,283.10421,8.14549,22.4,0.373,1,,2014MNRAS.443.3388S,,
15654,PN G043.0+01.7,T,IPHASX J190340.7+094639,285.91983,9.77756,19.6,0.327,1.4,,2014MNRAS.443.3388S,,
15655,PN G042.2+01.1,T,IPHASX J190417.9+084916,286.07463,8.82119,4.5,0.075,1,,2014MNRAS.443.3388S,,
15656,PN G037.7-01.3,T,IPHASX J190503.1+034225,286.26319,3.70711,64,1.067,,,2014MNRAS.443.3388S,,
15659,PN G042.0-02.4,L,IPHASX J191651.6+065608,289.21508,6.93571,17.3,0.288,2.19,,2014MNRAS.443.3388S,,
15660,PN G072.5+04.9,L,IPHASX J195328.9+370957,298.37042,37.16599,482.9,8.048,1,,IPHAS_candidates,,
15661,PN G058.1-03.7,T,IPHASX J195343.7+202635,298.43221,20.44329,30.6,0.51,1.24,,2014MNRAS.443.3388S,,
15662,PN G065.8-00.8,T,IPHASX J200041.5+283023,300.17321,28.50647,31,0.517,1,,2014MNRAS.443.3388S,,
15663,PN G063.5-04.7,T,IPHASX J200937.3+242903,302.40558,24.48427,24,0.4,,,2014MNRAS.443.3388S,,
15664,PN G075.3-01.9,T,IPHASX J202946.0+354926,307.44192,35.82401,16.1,0.268,1,,2014MNRAS.443.3388S,,
15666,PN G077.4-04.0,T,IPHASX J204414.1+360737,311.05913,36.12701,19,0.317,,,2014MNRAS.443.3388S,,
15667,PN G090.5-01.7,T,IPHASX J212151.8+473301,320.46608,47.55045,29.9,0.498,1.35,,2014MNRAS.443.3388S,,
15668,PN G114.4+00.0,T,IPHASX J233841.2+614146,354.67171,61.69613,61.4,1.023,1.34,,2014MNRAS.443.3388S,,
15802,PN G030.6-16.4,T,Fe 4,296.6285,-9.3555,30,0.5,1.03,,2017LAstr.131b..46L,,
15806,PN G086.9-03.4,T,Ou 5,318.58346,43.69333,33,0.55,1.65,,2017LAstr.131b..46L,,
15807,PN G086.8+01.2,T,Zoll 1,313.45875,46.78039,50,0.833,1.32,,2017LAstr.131b..46L,,
17066,PN G093.8-00.2,T,LDu 18,322.46798,50.90601,21,0.35,,,2017LAstr.131b..46L,,
17328,PN G066.5+15.1,T,Ra 1,283.69125,36.50344,15.5,0.258,,,2017LAstr.131b..46L,,
17440,PN G038.4+03.6,T,IPHASX J184834.6+063302,282.14442,6.55075,21,0.35,,,2014MNRAS.443.3388S,,
17482,PN G056.8-11.9,c,Fr 2-20,305.03333,14.98167,60,1,,,DFrew,,
17488,PN G244.7-34.6,c,Fr 2-32,78.82058,-40.10236,60,1,,,DFrew,,
17489,PN G268.3-32.0,c,Fr 2-33,85.10208,-59.67639,7200,120,1,,DFrew,,
17495,PN G332.9-14.1,c,Fr 2-39,264.00833,-59.19167,60,1,,,DFrew,,
17496,PN G336.9-12.2,c,Fr 2-40,264.54166,-54.85,60,1,,,DFrew,,
17503,PN G068.3-35.7,c,Fr 2-47,330.83203,8.75989,60,1,,,DFrew,,
17504,PN G124.7-20.4,c,Fr 2-48,15.125,42.38334,540,9,1.13,,DFrew,,
17505,PN G023.1-17.8,c,WPS 1,294.82501,-16.48889,7200,120,1,,2005AJ....129..927R,,
17541,PN G136.6+61.9,T,PN G136.7+61.9,181.86846,54.02478,420,7,1.18,,dfrew,,
17542,PN G022.9+22.7,L,Alves 5,258.17363,1.92586,360,6,,,dfrew,,
17544,PN G186.6+11.2,c,Kn J0645.0+2822,101.27413,28.37092,104,1.733,,,dfrew,,
17566,PN G176.7-33.8,L,Alves 3,55.80958,10.49411,468,7.8,,,DFrew,,
17576,PN G022.9-18.7,c,LDu objet 1,295.61433,-17.01839,24,0.4,1,,aacker,,
17581,PN G066.7+12.0,c,LDu objet 3,287.23071,35.45669,6,0.1,1,,aacker,,
17585,PN G081.9+11.8,c,LDu objet 4,296.40521,48.64092,24,0.4,2,,aacker,,
17587,PN G088.7-01.4,c,LDu objet 5,318.28783,46.37567,156,2.6,1,,aacker,,
17590,PN G048.6-08.7,c,LDu objet 6,298.02458,9.73536,12,0.2,1,,aacker,,
17591,PN G043.8-16.8,c,LDu Objet 7,302.75033,1.6825,30,0.5,,,aacker,,
17631,PN G026.1+05.4,c,FP J1819-0330,274.95833,-3.50417,375,6.25,1.5,,dfrew,,
17752,PN G293.9+01.7,c,GN 11.36.5.01,174.73333,-59.89,15,0.25,,,DFrew,,
17773,PN G245.9-27.9,c,WHI J0551-39,87.88833,-39.98414,250,4.167,,,DFrew,,
17776,PN G294.8-07.6,c,WHI B1117-68,169.91792,-69.08683,60,1,,,DFrew,,
17777,PN G301.9+08.4,c,WHI B1241-54,191.13875,-54.41594,126,2.1,,,DFrew,,
17780,PN G319.4+12.2,c,WHI B1425-47,217.08,-47.45528,150,2.5,,,dfrew,,
17781,PN G320.4+11.3,c,WHI B1432-47,218.96083,-47.97153,180,3,,,DFrew,,
17782,PN G321.5-12.3,c,WHI B1619-67,246.24625,-67.1255,160,2.667,,,DFrew,,
17805,PN G318.5+02.6,c,FP J1448-5641,222.08333,-56.69,540,9,,,DFrew,,
17807,PN G345.0+07.6,c,FP J1634-3626,248.5875,-36.43583,480,8,,,DFrew,,
17808,PN G347.7-09.6,c,FP J1756-4420,269.1975,-44.34222,1920,32,,,dfrew,,
17839,PN G237.3-65.6,T,DDHW 1,39.95488,-34.54647,2,0.033,,,dfrew,,
17846,PN G048.8-00.0a,c,IRAS 19188+1400,290.29125,14.1075,6,0.1,,,dfrew,,
17951,PN G254.1-46.2,c,CD-47 1297,62.92938,-47.271,60,1,,,DFrew,,
17952,PN G352.5-26.1,c,HD 183845,293.38921,-45.89267,3,0.05,,,DFrew,,
17953,PN G008.8+03.9,c,,267.69708,-19.35111,10,0.167,,,2006IAUS..234..409G,,
17954,PN G010.0+03.1,T,PNG 010.0+03.1,269.07208,-18.71,6,0.1,,,2006IAUS..234..409G,,
17975,PN G243.7-02.4,c,PSR B0740-28,115.70433,-28.37889,40,0.667,,,DFrew,,
22303,PN G044.6-79.1,c,PHL 645,1.12917,-24.43833,600,10,,,DFrew,,
22304,PN G036.2-80.7,c,PHL 703,2.52917,-26.215,100,1.667,,,DFrew,,
22305,PN G053.5-82.8,c,MCT 0019-2441,5.49583,-24.42167,600,10,,,DFrew,,
22306,PN G306.9-53.5,c,RE 0029-632,7.48333,-63.41,600,10,,,DFrew,,
22307,PN G031.7-86.0,c,GD 619,8.475,-27.14,600,10,,,DFrew,,
22308,PN G120.0-31.2,c,GD 8,9.98333,31.54333,600,10,,,DFrew,,
22309,PN G306.3-62.0,c,LB 1566,10.05417,-55.03167,600,10,,,DFrew,,
22310,PN G121.7-54.8,c,PG 0046+078,12.15833,8.045,600,10,,,DFrew,,
22311,PN G299.1-84.1,c,GD 659,13.32083,-32.99833,600,10,,,DFrew,,
22312,PN G300.3-56.5,c,LB 3174,15.725,-60.55667,600,10,,,DFrew,,
22313,PN G141.5-80.4,c,MCT 0101-1817,16.05,-18.05,600,10,,,DFrew,,
22314,PN G126.7-32.7,c,HS 0103+2947,16.55,30.05667,600,10,,,DFrew,,
22315,PN G273.8-83.3,c,TON 191,16.69167,-32.88167,600,10,,,DFrew,,
22316,PN G301.9-33.0,c,WD 0123-842,20.48333,-84.02333,600,10,,,DFrew,,
22317,PN G167.2-75.1,c,PHL 1043,23.6,-16.11833,600,10,,,DFrew,,
22318,PN G137.9-43.1,c,PG 0134+181,24.34583,18.37833,600,10,,,DFrew,,
22320,PN G246.3-75.8,c,MCT 0146-3426,27.15417,-34.19667,600,10,,,DFrew,,
22321,PN G163.3-64.5,c,KUV 01542-0710,29.175,-6.92667,600,10,,,DFrew,,
22322,PN G145.3-38.6,c,G035-026,31.45417,20.95167,600,10,,,DFrew,,
22323,PN G149.8-45.2,c,PG 0205+13,32.0125,13.60833,60,1,,,DFrew,,
22324,PN G273.6-62.4,c,LB 3241,33.3,-49.74833,60,1,,,DFrew,,
22325,PN G161.0-52.7,c,PG 0216+032,34.82917,3.44833,600,10,,,DFrew,,
22326,PN G152.3-41.9,c,PG 0217+155,35.14583,15.735,600,10,,,DFrew,,
22327,PN G154.9-41.3,c,PG 0226+151,37.20833,15.34333,600,10,,,DFrew,,
22328,PN G266.6-61.5,c,LB 1628,37.72083,-47.92333,60,1,,,DFrew,,
22329,PN G165.9-50.2,c,Feige 24,38.78333,3.72,600,10,,,DFrew,,
22330,PN G175.3-49.1,c,HBQS 0253+0023,44.10417,0.6,600,10,,,DFrew,,
22331,PN G175.0-46.0,c,GR 270,46.15417,2.95,600,10,,,DFrew,,
22332,PN G185.5-43.2,c,KUV 03301-0100,53.1625,-0.83167,60,1,,,DFrew,,
22333,PN G186.3-43.6,c,KUV 03302-0143,53.17916,-1.54667,60,1,,,DFrew,,
22334,PN G194.9-44.9,c,SDSS J034227.62-072213.2,55.6125,-7.37,60,1,,,DFrew,,
22335,PN G188.1-40.3,c,KUV 343-7,56.60833,-0.64167,60,1,,,DFrew,,
22336,PN G252.9-50.7,c,QSF 2:01,56.69584,-45.66,60,1,,,DFrew,,
22337,PN G244.0-46.1,c,RBS 529,63.9125,-40.385,60,1,,,DFrew,,
22338,PN G200.7-30.1,c,RE 0443-034,70.77917,-3.78833,60,1,,,DFrew,,
22339,PN G193.1-25.0,c,HS 0444+0458,71.8275,5.55961,600,10,,,DFrew,,
22340,PN G155.9+07.0,c,FB 44,76.375,52.81333,600,10,,,DFrew,,
22341,PN G199.3-22.0,c,HS 0505+0112,77.12917,1.27667,600,10,,,DFrew,,
22342,PN G212.3-24.7,c,RE J0521-102,80.32917,-10.485,60,1,,,DFrew,,
22343,PN G205.7-13.4,c,GD 257,87.65833,0.1,600,10,,,DFrew,,
22344,PN G192.0-05.3,c,LTT 11733,88.1125,15.88667,600,10,,,DFrew,,
22345,PN G188.6-03.3,c,KPD 0549+1948,88.1625,19.82,600,10,,,DFrew,,
22346,PN G190.6-03.5,c,KPD 0553+1755,89.0125,17.93833,600,10,,,DFrew,,
22347,PN G243.7-26.1,c,RE J0558-373,89.54166,-37.58333,60,1,,,DFrew,,
22348,PN G255.7-27.3,c,RE J0605-482,91.25833,-48.34,60,1,,,DFrew,,
22349,PN G149.0+21.4a,c,,95,65.6,600,10,,,DFrew,,
22350,PN G245.4-21.4,c,RE 0623-374,95.8,-37.69,60,1,,,DFrew,,
22351,PN G215.3-06.4,c,RE J0632-050,98.2375,-5.095,60,1,,,DFrew,,
22352,PN G193.0+05.2,c,RE 0633+200,98.41666,20.03,600,10,,,DFrew,,
22353,PN G210.6-01.1,c,Lanning 14,100.80833,1.50167,60,1,,,DFrew,,
22354,PN G215.1-00.3,c,GD 80,103.55417,-2.15333,60,1,,,DFrew,,
22355,PN G154.4+25.7,c,HS 0704+6153,107.38333,61.805,600,10,,,DFrew,,
22356,PN G244.5-08.2,c,RE 0720-314,110.2,-31.785,60,1,,,DFrew,,
22357,PN G216.6+06.9,c,KPD 0720-0003,110.725,-0.15167,60,1,,,DFrew,,
22358,PN G242.6-02.5,c,LSS 630,114.925,-27.45667,60,1,,,DFrew,,
22359,PN G197.3+21.6,c,HS 0742+2306,116.38333,22.98833,600,10,,,DFrew,,
22360,PN G163.6+35.4,c,PG 0823+546,126.70834,54.46833,60,1,,,DFrew,,
22361,PN G169.3+37.2,c,PG 0834+5001,129.40834,49.875,60,1,,,DFrew,,
22362,PN G201.4+33.5,c,PG 0836+237,129.8875,23.56833,60,1,,,DFrew,,
22363,PN G223.0+25.8,c,RE J0841+032,130.2625,3.35,60,1,,,DFrew,,
22364,PN G200.8+36.0,c,TON 353,132.27499,24.75167,60,1,,,DFrew,,
22365,PN G209.4+41.0,c,LB 3016,139.64166,19.88833,60,1,,,DFrew,,
22366,PN G225.2+35.4,c,PG 0916+064,139.675,6.28333,60,1,,,DFrew,,
22367,PN G224.8+39.1,c,PG 0928+085,142.78751,8.32667,60,1,,,DFrew,,
22368,PN G201.4+45.8,c,PG 0929+270,143.03334,26.79833,60,1,,,DFrew,,
22369,PN G143.5+39.5,c,,144.00417,68.86667,60,1,,,DFrew,,
22370,PN G203.3+48.0,c,TON 21,145.71249,26.01667,60,1,,,DFrew,,
22371,PN G248.6+29.2,c,EC 09423-1304,146.18333,-13.30667,60,1,,,DFrew,,
22372,PN G245.6+32.3,c,GD 104,146.7625,-9.33,60,1,,,DFrew,,
22373,PN G235.3+40.5,c,PG 0950+023,148.1875,2.16,60,1,,,DFrew,,
22374,PN G188.1+51.6,c,HS 0951+3620,148.65416,36.105,60,1,,,DFrew,,
22375,PN G235.8+41.1,c,PG 0953+024,148.89583,2.21,60,1,,,DFrew,,
22376,PN G250.3+32.7,c,EC 09566-1144,149.77916,-11.98667,60,1,,,DFrew,,
22377,PN G250.7+32.9,c,EC 09582-1151,150.17917,-12.1,60,1,,,DFrew,,
22378,PN G191.8+53.1,c,CBS 119,150.53334,33.85,60,1,,,DFrew,,
22379,PN G257.4+28.1,c,EC 10016-1923,151.00417,-19.63,60,1,,,DFrew,,
22380,PN G257.7+30.2,c,HE 1008-1757,152.6375,-18.19667,60,1,,,DFrew,,
22381,PN G234.7+47.0,c,PG 1010+065,153.36667,6.20167,60,1,,,DFrew,,
22382,PN G257.9+31.1,c,EC 10112-1722,153.41251,-17.62167,60,1,,,DFrew,,
22383,PN G247.9+40.4,c,RX J1016.4-0520,154.11667,-5.34167,60,1,,,DFrew,,
22384,PN G241.5+45.0,c,PG 1015+015,154.51666,1.19,60,1,,,DFrew,,
22385,PN G243.9+46.1,c,PG 1023+009,156.45416,0.65,60,1,,,DFrew,,
22386,PN G157.5+53.2,c,RE J1032+533,158.03334,53.49,60,1,,,DFrew,,
22387,PN G256.5+39.4,c,EC 10300-1022,158.14583,-10.64167,60,1,,,DFrew,,
22388,PN G141.8+45.4,c,PG 1030+665,158.42084,66.27666,60,1,,,DFrew,,
22389,PN G259.4+38.4,c,EC 10346-1234,159.28751,-12.83,60,1,,,DFrew,,
22390,PN G173.3+58.9,c,Feige 34,159.90416,43.10333,60,1,,,DFrew,,
22391,PN G272.2+28.2,c,EC 10475-2703,162.47917,-27.32,60,1,,,DFrew,,
22392,PN G272.4+28.0,c,EC 10479-2714,162.575,-27.51167,60,1,,,DFrew,,
22393,PN G264.6+38.4,c,EC 10481-1503,162.66251,-15.315,60,1,,,DFrew,,
22394,PN G259.8+47.1,c,PG 1057-059,165.03751,-6.19,60,1,,,DFrew,,
22395,PN G231.8+68.6,c,PG 1123+189,171.57916,18.655,60,1,,,DFrew,,
22396,PN G265.8+53.9,c,PG 1125-026,172.05833,-2.84,60,1,,,DFrew,,
22397,PN G268.4+51.4,c,PG 1125-055,172.06667,-5.77333,60,1,,,DFrew,,
22398,PN G151.9+63.9,c,PG 1133+489,174.03751,48.72167,60,1,,,DFrew,,
22399,PN G282.9+34.7,c,EC 11366-2504,174.79167,-25.34833,60,1,,,DFrew,,
22400,PN G260.6+64.6,c,PG 1141+078,175.99583,7.48333,60,1,,,DFrew,,
22401,PN G287.0+29.1,c,EC 11437-3124,176.575,-31.68333,60,1,,,DFrew,,
22402,PN G270.2+58.8,c,PG 1144+005,176.64583,0.20833,60,1,,,DFrew,,
22403,PN G285.2+37.4,c,EC 11481-2303,177.65834,-23.34167,60,1,,,DFrew,,
22404,PN G286.4+42.1,c,EC 11575-1845,180.02499,-19.035,60,1,,,DFrew,,
22405,PN G133.1+55.6,c,Feige 55,181.16251,60.535,60,1,,,DFrew,,
22406,PN G175.0+80.0,c,HZ 21,183.48334,32.945,60,1,,,DFrew,,
22407,PN G215.6+82.1,c,LB 2,184.14583,26.49333,60,1,,,DFrew,,
22408,PN G293.3+42.1,c,EC 12185-1950,185.27916,-20.11667,60,1,,,DFrew,,
22409,PN G297.0+41.1,c,EC 12296-2113,188.07916,-21.505,60,1,,,DFrew,,
22410,PN G129.8+69.0,c,PG 1234+481,189.1875,47.92333,60,1,,,DFrew,,
22411,PN G296.0+62.0,c,QNY 4:59,189.64999,-0.67833,60,1,,,DFrew,,
22412,PN G296.4+61.7,c,QNY 4:48,189.79167,-1.00167,60,1,,,DFrew,,
22413,PN G289.4+80.1,c,Feige 67,190.46666,17.52167,60,1,,,DFrew,,
22414,PN G294.7+74.4,c,PG 1240+120,190.62917,11.735,60,1,,,DFrew,,
22415,PN G122.9+41.2,c,PG 1249+762,192.65834,75.89,60,1,,,DFrew,,
22416,PN G302.9+34.7,c,EC 12489-2750,192.91667,-28.11333,60,1,,,DFrew,,
22417,PN G117.6+79.5,c,EG 93,194.05833,37.54167,60,1,,,DFrew,,
22418,PN G305.7+42.1,c,HE 1257-2021,195.1125,-20.62333,60,1,,,DFrew,,
22419,PN G312.3+64.1,c,PG 1305+018,196.97501,1.535,60,1,,,DFrew,,
22420,PN G311.5+60.6,c,PG 1305-017,197.06667,-1.985,60,1,,,DFrew,,
22421,PN G309.5+36.9,c,EC 13123-2523,198.76666,-25.64833,60,1,,,DFrew,,
22422,PN G054.1+84.1,c,EG 98,199.08749,29.10167,60,1,,,DFrew,,
22423,PN G316.9+62.2,c,HE 1314+0018,199.35417,0.04333,60,1,,,DFrew,,
22424,PN G322.4+67.7,c,PG 1318+062,200.18333,5.98333,60,1,,,DFrew,,
22425,PN G326.3+66.3,c,PG 1325+054,202.08749,5.14833,60,1,,,DFrew,,
22426,PN G316.9+46.2,c,EC 13288-1515,202.89166,-15.51167,60,1,,,DFrew,,
22427,PN G094.3+69.9,c,PG 1342+444,206.1125,44.14333,60,1,,,DFrew,,
22428,PN G313.3+13.4,c,LSE 44,208.17084,-48.14,60,1,,,DFrew,,
22429,PN G313.8+14.8,c,LSE 153,208.28334,-46.72833,60,1,,,DFrew,,
22430,PN G024.4+74.1,c,PG 1357+239,210.0125,23.75167,60,1,,,DFrew,,
22431,PN G042.6+74.0,c,PG 1401+289,210.825,28.65667,60,1,,,DFrew,,
22432,PN G332.8+50.5,c,PG 1403-077,211.52499,-7.975,60,1,,,DFrew,,
22433,PN G106.2+53.3,c,PG 1412+613,213.59166,61.02,60,1,,,DFrew,,
22434,PN G344.4+57.2,c,PG 1413+015,213.89999,1.28833,60,1,,,DFrew,,
22435,PN G002.2+65.3,c,141740+130211,214.41667,13.03,60,1,,,DFrew,,
22436,PN G101.8+54.2,c,PG 1425+590,216.74167,58.78333,60,1,,,DFrew,,
22437,PN G019.0+66.2,c,PG 1427+196,217.37083,19.36,60,1,,,DFrew,,
22438,PN G335.4+37.2,c,EC 14361-1832,219.74167,-18.76,60,1,,,DFrew,,
22439,PN G355.4+42.8,c,PG 1511-048,228.55,-4.99167,600,10,,,DFrew,,
22440,PN G356.8+43.6,c,PG 1512-035,228.70833,-3.71333,600,10,,,DFrew,,
22441,PN G005.3+45.8,c,QNZ 5:01,231,2.31,60,1,,,DFrew,,
22442,PN G005.1+44.2,c,PG 1526+014,232.16667,1.21667,60,1,,,DFrew,,
22443,PN G008.6+44.1,c,PG 1532+033,233.79167,3.18667,60,1,,,DFrew,,
22444,PN G008.2+40.3,c,LB  898,236.6875,0.73,60,1,,,DFrew,,
22445,PN G009.6+40.1,c,PG 1547+015,237.43333,1.43167,60,1,,,DFrew,,
22446,PN G049.6+48.2,c,TON 252,240.70416,30.68167,60,1,,,DFrew,,
22447,PN G016.5+37.1,c,PG 1609+044,242.95,4.33,60,1,,,DFrew,,
22448,PN G004.2+29.2,c,RE J161419-083257,243.57916,-8.55667,60,1,,,DFrew,,
22449,PN G358.7+24.1,c,EGGR 118,244.47917,-15.59667,600,10,,,DFrew,,
22450,PN G002.6+25.2,c,LS IV -12 1,245.93333,-12.21,60,1,,,DFrew,,
22451,PN G060.9+44.0,c,PG 1624+382,246.57083,38.12,60,1,,,DFrew,,
22452,PN G084.3+42.0,c,PG 1628+554,247.3,55.255,60,1,,,DFrew,,
22453,PN G014.9+30.4,c,SDSS J163200.34-001928.3,248,-0.32333,60,1,,,DFrew,,
22454,PN G329.8-07.0,c,HD149499B,249.625,-57.47,60,1,,,DFrew,,
22455,PN G032.1+34.2,c,PG 1643+143,251.41667,14.295,60,1,,,DFrew,,
22456,PN G023.9+29.9,c,PG 1646+062,252.27916,6.14667,60,1,,,DFrew,,
22457,PN G059.9+39.2,c,PG 1648+371,252.53334,37.01833,60,1,,,DFrew,,
22458,PN G332.3-07.7,c,LSE 259,253.47917,-56.03167,60,1,,,DFrew,,
22459,PN G333.8-11.1,c,LB 3104,260.10001,-56.86666,60,1,,,DFrew,,
22460,PN G087.1+33.8,c,LB  335,261.67499,58.62667,60,1,,,DFrew,,
22461,PN G102.4+30.5,c,HS 1749+7145,267.26251,71.75166,60,1,,,DFrew,,
22462,PN G102.8+27.3,c,HS 1830+7209,277.51666,72.19167,60,1,,,DFrew,,
22463,PN G034.2+01.7,c,Lanning 18,281.90417,1.95833,60,1,,,DFrew,,
22464,PN G012.5-09.2,c,RE J1847-221,281.98749,-22.32667,60,1,,,DFrew,,
22465,PN G054.4+08.8,c,KPD 1856+2301,284.59167,23.09167,60,1,,,DFrew,,
22466,PN G345.2-22.5,c,LSE 263,285.54999,-51.50333,60,1,,,DFrew,,
22467,PN G057.5+08.5,c,KPD 1903+2540,286.40833,25.75833,60,1,,,DFrew,,
22468,PN G075.8+09.8,c,KPD 1938+4220,294.92084,42.46333,60,1,,,DFrew,,
22469,PN G055.2-02.6,c,LS II +18 9,295.87918,18.41,60,1,,,DFrew,,
22470,PN G001.2-27.8,c,WD 1948-389,298.07916,-38.77167,60,1,,,DFrew,,
22471,PN G076.9+03.1,c,RE J2013+400,303.28751,40.04333,60,1,,,DFrew,,
22472,PN G064.0-09.5,c,KPD 2026+2205,307.08334,22.25833,60,1,,,DFrew,,
22473,PN G048.8-21.1,c,HS 2033+0507,308.9375,3.62833,60,1,,,DFrew,,
22474,PN G080.8-02.3,c,KPD 2046+3940,312.03333,39.865,60,1,,,DFrew,,
22475,PN G077.6-05.4,c,KPD 2048+3515,312.51251,35.45167,60,1,,,DFrew,,
22476,PN G052.1-26.1,c,PG 2056+033,314.69168,3.53,60,1,,,DFrew,,
22477,PN G078.9-08.6,c,KPD 2104+3407,316.5625,34.33,60,1,,,DFrew,,
22478,PN G109.3+16.9,c,WD 2117+738,319.23749,73.845,60,1,,,DFrew,,
22479,PN G057.9-29.8,c,PG 2120+054,320.64584,5.71,60,1,,,DFrew,,
22480,PN G090.5-08.4,c,KPD 2145+4216,326.84583,42.51333,60,1,,,DFrew,,
22481,PN G357.1-50.1,c,MCT 2146-4320,327.41251,-43.10333,60,1,,,DFrew,,
22482,PN G018.9-50.4,c,MCT 2148-294,327.82501,-29.24333,60,1,,,DFrew,,
22483,PN G060.2-37.9,c,PG 2150+021,328.34167,2.355,60,1,,,DFrew,,
22484,PN G339.7-48.0,c,RE J2156-546,329.08749,-54.64,60,1,,,DFrew,,
22485,PN G359.0-51.5,c,MCT 2153-4156,329.14584,-41.705,600,10,,,DFrew,,
22486,PN G359.5-52.7,c,MCT 2159-4129,330.61667,-41.24166,600,10,,,DFrew,,
22487,PN G345.7-52.6,c,RE 2214-491,333.54584,-49.32333,60,1,,,DFrew,,
22488,PN G077.0-33.4,c,PG 2215+151,334.45416,15.34833,60,1,,,DFrew,,
22489,PN G075.8-41.8,c,PG 2235+082,339.39584,8.48,60,1,,,DFrew,,
22490,PN G063.9-51.7,c,EG 229,340.6875,-4.23667,60,1,,,DFrew,,
22491,PN G073.5-47.1,c,PG 2244+031,341.73749,3.41,60,1,,,DFrew,,
22492,PN G073.6-47.2,c,HS 2244+0305,341.84167,3.36167,60,1,,,DFrew,,
22493,PN G077.6-51.3,c,PHL 400,346.47083,2,60,1,,,DFrew,,
22494,PN G091.7-36.9,c,PG 2304+193,346.80832,19.53833,60,1,,,DFrew,,
22495,PN G082.4-49.5,c,PG 2308+050,347.82083,5.32333,60,1,,,DFrew,,
22496,PN G087.2-45.1,c,GD 246,348.09167,10.78333,60,1,,,DFrew,,
22497,PN G091.2-44.2,c,232030+125806,350.13333,12.97,60,1,,,DFrew,,
22498,PN G326.8-58.2,c,RBS 1999,351.12918,-54.69333,60,1,,,DFrew,,
22499,PN G108.8-10.6,c,KPD 2322+4933,351.12918,49.84,60,1,,,DFrew,,
22500,PN G334.8-64.8,c,PG 2231-4731,353.50418,-47.24,60,1,,,DFrew,,
22501,PN G001.8-73.8,c,MCT 2341-3443,356.09167,-34.45,60,1,,,DFrew,,
22502,PN G105.3-33.5,c,PG 2343+267,356.46667,27.02667,60,1,,,DFrew,,
22503,PN G016.2-76.7,c,MCT 2350-3026,358.14999,-30.17,60,1,,,DFrew,,
22504,PN G338.4-72.7,c,MCT 2356-4050,359.79999,-40.53333,60,1,,,DFrew,,
22848,PN G131.0+03.7,T,Fe 8,32.54354,65.42064,58,0.967,1.05,,2017LAstr.131b..46L,,
22849,PN G195.7-15.0,T,Ga 1,81.48596,7.80603,30,0.5,,,2017LAstr.131b..46L,,
22850,PN G056.1-03.8,T,RaMul 2,297.47375,18.67086,32,0.533,,,2017LAstr.131b..46L,,
22851,PN G056.2-03.5,c,Mul 6,297.25013,18.83128,6,0.1,,,2017LAstr.131b..46L,,
22852,PN G056.6-12.0,c,Mul 7,305.10533,14.78081,12,0.2,,,2017LAstr.131b..46L,,
22853,PN G129.7-07.1,c,Mul 8,24.67908,55.08289,36,0.6,,,2017LAstr.131b..46L,,
22854,PN G049.1+02.5,c,Mul 9,288.07471,15.564,6,0.1,,,2017LAstr.131b..46L,,
22855,PN G086.2-01.2,T,Ra 5,315.66129,44.77908,12,0.2,,,2017LAstr.131b..46L,,
22856,PN G082.2+09.0,c,Ra 6,300.24583,47.56972,18,0.3,,,2017LAstr.131b..46L,,
22857,PN G063.7-10.5,c,Ra 9,307.7875,21.36139,90,1.5,,,2017LAstr.131b..46L,,
22858,PN G029.9+05.8,T,Pa 34,276.31363,0.03464,29.5,0.492,,,2014apn6.confE..48K,,
22859,PN G055.6+06.8,c,Ra 12,287.12369,23.30682,12,0.2,,,2017LAstr.131b..46L,,
22860,PN G069.3+02.9,c,Ra 13,298.44583,33.50528,6,0.1,,,2017LAstr.131b..46L,,
22861,PN G090.2+16.7,c,Ra 14,294.93333,58.03639,290,4.833,,,2017LAstr.131b..46L,,
22862,PN G130.2+00.7,c,Ra 18,28.9125,62.67222,60,1,,,2017LAstr.131b..46L,,
22863,PN G129.7-07.0,c,Ra 19,24.8375,55.20389,80,1.333,,,2017LAstr.131b..46L,,
22864,PN G044.6-14.8,c,Ra 20,301.45,3.32722,12,0.2,,,2017LAstr.131b..46L,,
22865,PN G130.5-14.7,c,Ra 22,23.73333,47.49417,150,2.5,,,2017LAstr.131b..46L,,
23056,PN G050.7+01.1,L,Pre 6,290.12525,16.39264,3,0.05,,,2015arXiv150708182F,,
23114,PN G289.4+00.5,c,Pa J1102.5-5924,165.63958,-59.40194,15,0.25,,,DSH,,
23115,PN G328.1+04.1,c,Pa 69,234.65971,-50.34981,6,0.1,1.5,,PRC15,,
23116,PN G327.6+01.9,L,Pa 70,236.1635,-52.44606,6,0.1,1.5,,PRC15,,
23117,PN G330.0+02.1,L,Pa 71,238.93975,-50.76153,4,0.067,,,PRC15,,
23119,PN G330.4+01.3,T,Pa 72,240.29229,-51.08992,11,0.183,1.38,,PRC15,,
23120,PN G347.0+03.5,c,Pa 73,254.00521,-37.54844,10,0.167,,,PRC15,,
23123,PN G007.4+03.1,T,Pa 80,267.67679,-20.99283,20,0.333,1.33,,PRC15,,
23125,PN G017.0+04.2,c,Pa 91,271.65417,-12.10414,6,0.1,,,PRC15,,
23127,PN G001.4-05.7,c,Pa 93,273.01513,-30.51711,41,0.683,1.24,,PRC15,,
23128,PN G004.3-04.3,c,Pa J1812.7-2722,273.17633,-27.36936,20,0.333,,,DSH,,
23130,PN G011.7-02.1,c,Pa J1819.5-1946,274.89675,-19.77861,15,0.25,,,DSH,,
23132,PN G012.5-03.4,c,Pa J1825.7-1939,276.42938,-19.65933,10,0.167,,,DSH,,
23142,PN G023.3-07.8,c,Pa J1902.4-1207,285.60208,-12.12061,90,1.5,,,DSH,,
23272,PN G262.4-01.9,T,DeGaPe 1,128.91954,-43.8085,60,1,1.11,,2017LAstr.131b..46L,,
23274,PN G344.4+02.1,T,DGPK 1,253.38054,-40.47881,6,0.1,,,PRC15,,
23281,PN G048.9+02.5,T,LDuPa 1,287.98428,15.42367,6,0.1,1.5,,PRC15,,
23289,PN G203.1-03.0,L,Ra 25,95.64708,7.31592,19.4,0.323,,,2017LAstr.131b..46L,,
23293,PN G189.0-00.3,T,Ra 30,91.13333,20.95028,70,1.167,,,2017LAstr.131b..46L,,
23312,PN G102.0+00.1,T,Ra 50,332.69025,56.38706,17,0.283,,,2017LAstr.131b..46L,,
23313,PN G191.2+00.9,T,LDu 31,93.46275,19.61883,16,0.267,,,2017LAstr.131b..46L,,
23316,PN G192.0+00.7,L,Ra 54,93.66666,18.82083,35,0.583,,,2017LAstr.131b..46L,,
23323,PN G345.4+04.0,T,Kn 100,252.25667,-38.46194,9,0.15,1.29,,PRC15,,
23324,PN G345.5-08.1,T,Kn 101,265.825,-45.47806,11,0.183,1,,PRC15,,
23326,PN G346.2-05.5,T,Kn 103,263.13917,-43.49472,36,0.6,1,,PRC15,,
23332,PN G348.5-04.0,T,Kn 109,263.16792,-40.74944,5,0.083,1,,PRC15,,
23333,PN G350.8-07.4,T,Kn 110,268.57225,-40.61717,30,0.5,1.25,,PRC15,,
23334,PN G000.6+04.9,T,Kn 111,262.095,-25.79111,19.5,0.325,,,PRC15,,
23343,PN G007.1+06.3,T,Kn 120,264.61875,-19.54639,22,0.367,1.1,,PRC15,,
23344,PN G058.8-16.9,T,Kn 121,310.50792,13.85417,360,6,1.09,,PRC15,,
23351,PN G191.0+18.3,T,Kn 68,110.51313,27.22597,64,1.067,1.03,,PRC15,,
23352,PN G272.9-21.7,T,Kn 69,107.42292,-62.24,67,1.117,1.1,,PRC15,,
23353,PN G285.4-12.2,T,Kn 70,141.78246,-67.85694,102,1.7,1,,PRC15,,
23354,PN G286.0-19.9,T,Kn 71,124.17696,-72.99339,71,1.183,1,,PRC15,,
23356,PN G324.3-11.9,T,Kn 73,249.88167,-64.80278,18,0.3,1.38,,PRC15,,
23357,PN G353.2-10.4,L,Kn 74,273.54542,-39.92306,16,0.267,1.14,,PRC15,,
23359,PN G007.5-18.5,T,Kn 76,289.31,-30.47,0.9,0.015,1,,PRC15,,
23363,PN G015.3-11.0,T,Kn 80,284.9675,-20.58,68,1.133,1.1,,PRC15,,
23365,PN G334.6+01.3,T,Kn 82,245.0675,-48.25611,4.5,0.075,,,PRC15,,
23367,PN G335.7+01.7,T,Kn 84,245.68421,-47.20278,4,0.067,,,PRC15,,
23368,PN G336.4+00.8,T,Kn 85,247.40708,-47.27139,9,0.15,,,PRC15,,
23370,PN G338.5-02.1,T,Kn 87,252.79333,-47.77833,3.5,0.058,,,PRC15,,
23371,PN G339.4+01.0,T,Kn 88,250.08833,-45.02,2.5,0.042,,,PRC15,,
23372,PN G341.0-02.6,T,Kn 89,255.66458,-46.13361,10,0.167,1,,PRC15,,
23375,PN G341.7-01.3,T,Kn 92,254.76333,-44.71333,5,0.083,1,,PRC15,,
23376,PN G341.8-05.6,T,Kn 93,259.85792,-47.26333,12,0.2,1.5,,PRC15,,
23377,PN G342.2-02.0,T,Kn 94,255.98708,-44.83667,10,0.167,1,,PRC15,,
23379,PN G342.9+05.6,T,Kn 96,248.62625,-39.31694,9,0.15,1,,PRC15,,
23381,PN G343.7-01.4,L,Kn 98,256.58167,-43.25917,4,0.067,1,,PRC15,,
23382,PN G344.5-12.5,L,Kn 99,270.75792,-48.49444,4,0.067,1,,PRC15,,
23383,PN G357.4+22.8,T,KnPa 2,244.65458,-17.40417,8,0.133,1.14,,PRC15,,
23385,PN G021.0+01.9,L,Pa 101,275.66242,-9.67236,9,0.15,1.29,,PRC15,,
23390,PN G026.0+01.9,L,Pa 106,277.93625,-5.20917,11,0.183,1,,PRC15,,
23391,PN G029.0+00.9,L,Pa 112,280.20583,-2.9975,5,0.083,1.67,,PRC15,,
23395,PN G033.2+01.3,L,Pa 117,281.80042,0.89694,4,0.067,1,,PRC15,,
23397,PN G035.9-02.1,L,Pa 122,286.10258,1.70683,10,0.167,1.25,,PRC15,,
23399,PN G037.1-02.6,T,Pa 124,287.09871,2.55067,18,0.3,1,,PRC15,,
23400,PN G045.6+01.6,T,Pa 125,287.21817,12.04481,3,0.05,,,PRC15,,
23403,PN G045.6+01.0,L,Pa 128,287.8,11.79056,6,0.1,1,,PRC15,,
23407,PN G047.6-01.2,T,Pa 132,290.79804,12.47736,3.6,0.06,,,PRC15,,
23409,PN G061.8+03.0,L,Pa 134,294.06375,26.95944,18,0.3,1,,PRC15,,
23412,PN G067.5+02.8,T,Pa 137,297.47529,31.89961,23,0.383,1,,PRC15,,
23414,PN G064.7-00.5,L,Pa 139,299.14625,27.69778,6,0.1,1,,PRC15,,
23419,PN G050.2-11.9,T,Pa 144,301.63254,9.43911,27,0.45,1.17,,PRC15,,
23420,PN G064.6-04.7,T,Pa 145,303.06571,25.3705,8,0.133,1.14,,PRC15,,
23423,PN G085.7+03.1a,T,Pa 148,310.36792,47.10917,6,0.1,,,PRC15,,
23424,PN G089.6+04.0,T,Pa 149,312.94542,50.77778,8,0.133,,,PRC15,,
23425,PN G088.5+01.9,T,Pa 150,314.29208,48.57472,9,0.15,2.25,,PRC15,,
23427,PN G108.2+08.2,L,Pa 152,333.74167,66.54972,40,0.667,1.38,,PRC15,,
23428,PN G155.9+07.7,L,Pa 153,77.28175,53.1745,167,2.783,1.01,,PRC15,,
23430,PN G216.2-19.9,L,Pa 155,86.34963,-11.76361,128,2.133,1.07,,PRC15,,
23432,PN G035.7+19.2,T,Pa 157,266.78546,11.00581,30,0.5,1,,PRC15,,
23435,PN G059.8+05.1,L,Pa 160,290.94458,26.22667,20,0.333,1,,PRC15,,
23436,PN G026.1-17.6,T,Pa 161,295.86908,-13.74983,525,8.75,1.13,,PRC15,,
23438,PN G125.6+06.0,T,Pa 31,20.42796,68.78697,35,0.583,1.25,,PRC15,,
23440,PN G032.6-01.7,T,Pa 35,284.23046,-1.06411,8.5,0.142,,,PRC15,,
23441,PN G033.3-05.0,T,Pa 36,287.53792,-1.87472,7.5,0.125,,,PRC15,,
23442,PN G033.9-07.3,L,Pa 37,289.8725,-2.50028,37,0.617,1.19,,PRC15,,
23444,PN G089.1+08.7,L,Pa 39,306.39375,53.21222,30,0.5,1.2,,PRC15,,
23446,PN G312.7+09.5,T,Pa 42,208.70667,-52.08,33,0.55,1.1,,PRC15,,
23447,PN G356.5+19.1,T,Pa 43,247.10258,-20.38564,49,0.817,1.11,,PRC15,,
23448,PN G015.4+05.6,L,Pa 44,269.56679,-12.79908,9,0.15,1,,PRC15,,
23449,PN G010.6+02.1,L,Pa 45,270.26542,-18.70528,4,0.067,1.33,,PRC15,,
23451,PN G022.9+03.5,L,Pa 47,275.09292,-7.20444,43,0.717,1.1,,PRC15,,
23452,PN G354.6-11.4,L,Pa 48,275.37429,-39.13825,74,1.233,1.1,,PRC15,,
23454,PN G035.9-02.9,L,Pa 50,286.88083,1.30611,18,0.3,1,,PRC15,,
23455,PN G037.7-02.4,L,Pa 51,287.21792,3.21889,32,0.533,1.28,,PRC15,,
23456,PN G037.8-02.5,L,Pa 52,287.39542,3.16778,8,0.133,1,,PRC15,,
23457,PN G063.2+02.3,L,Pa 53,295.45292,27.86722,12,0.2,1.33,,PRC15,,
23458,PN G049.6-07.7,L,Pa 54,297.60167,11.04417,19,0.317,1.12,,PRC15,,
23459,PN G086.4+04.0,L,Pa 55,309.84167,48.2325,23,0.383,1,,PRC15,,
23460,PN G090.8+00.9,L,Pa 56,317.83708,49.62833,20,0.333,1.18,,PRC15,,
23463,PN G125.7-01.4,T,Pa 59,18.6625,61.32889,24,0.4,1.2,,PRC15,,
23464,PN G316.9+03.7,T,Pa 61,218.64208,-56.30917,22,0.367,1.57,,PRC15,,
23466,PN G319.1+02.1,L,PHR1454-5648,223.53888,-56.80469,82,1.367,1,,PRC15,,
23468,PN G320.8+01.6,T,Pa 65,226.63654,-56.43472,6,0.1,2,,PRC15,,
23469,PN G321.8+01.8,T,Pa 66,228.04875,-55.74917,3,0.05,1,,PRC15,,
23470,PN G321.9+01.4,T,Pa 67,228.53,-56.085,54,0.9,1.1,,PRC15,,
23471,PN G323.8+01.1,T,Pa 68,231.6475,-55.32028,21,0.35,1,,PRC15,,
23472,PN G350.5-01.4,L,Pa 74,261.73625,-37.64972,6,0.1,1.2,,PRC15,,
23473,PN G350.7-01.3,L,Pa 75,261.84208,-37.45417,8,0.133,1.33,,PRC15,,
23476,PN G010.7+06.0,T,Pa 79,266.795,-16.66428,13,0.217,1,,PRC15,,
23478,PN G010.6+03.0,T,Pa 83,269.46708,-18.24833,18,0.3,1.2,,PRC15,,
23479,PN G012.4+03.9,T,Pa 84,269.58396,-16.20606,8,0.133,,,PRC15,,
23484,PN G015.3+03.7,L,Pa 89,271.22129,-13.82461,9,0.15,1,,PRC15,,
23487,PN G015.3+01.5,L,Pa 95,273.20875,-14.82111,5,0.083,1,,PRC15,,
23611,PN G353.0-4.4a,T,qparker-3,266.605,-37.21361,16.5,0.275,,,QP private list,,
23651,PN G017.8+00.9,T,FBP4,274.94643,-12.95034,5,0.083,,,CornishCandidates,,
23701,PN G041.3+00.5,T,FBP8,286.239,7.73755,4,0.067,,,CornishCandidates,,
23728,PN G051.6+00.9,L,FBP10,290.78,16.9897,2,0.033,,,CornishCandidates,,
23902,PN G012.3-00.1,T,FBP2,273.30064,-18.33536,5,0.083,,,CornishCandidates,,
23936,PN G024.7-01.0,T,FBP6,280.028,-7.69994,3,0.05,,,CornishCandidates,,
23940,PN G027.4-00.2,T,FBP7,280.566,-5.0125,4.5,0.075,,,CornishCandidates,,
24027,PN G007.8-01.3,T,GPSR 007.836-1.344,272.07375,-22.83494,3,0.05,,,1995AJ....110.2225K,,
31188,PN G177.5+03.1,T,IPHASX J055226.2+323724,88.10913,32.62356,445,7.417,1.53,,2016arXiv161109313N,,
31737,PN G070.8+03.0a,T,Ch 1,299.31142,34.78639,60,1,2.5,,2017LAstr.131b..46L,,
31744,PN G337.7-01.6,c,DeGaPe 7,251.43792,-47.98969,6,0.1,1,,2017LAstr.131b..46L,,
31745,PN G337.7-01.5,c,DeGaPe 8,251.38042,-47.96242,6,0.1,1,,2017LAstr.131b..46L,,
31747,PN G337.6-02.7,c,DeGaPe 10,252.61542,-48.84361,6,0.1,1,,2017LAstr.131b..46L,,
31748,PN G337.2-02.7,c,DeGaPe 11,252.25708,-49.11694,6,0.1,1,,2017LAstr.131b..46L,,
31749,PN G337.1-02.1,c,DeGaPe 12,251.40958,-48.7525,6,0.1,1,,2017LAstr.131b..46L,,
31751,PN G336.0-01.9,T,DeGaPe 14,250.09196,-49.54869,34,0.567,,,2017LAstr.131b..46L,,
31759,PN G334.2-01.0,L,DeGaPe 22,247.28404,-50.22086,6,0.1,1,,2017LAstr.131b..46L,,
31760,PN G336.3-01.2,c,DeGaPe 23,249.54375,-48.84858,6,0.1,1,,2017LAstr.131b..46L,,
31761,PN G266.8-00.9,c,DeGaPe 24,133.87917,-46.59647,6,0.1,1,,2017LAstr.131b..46L,,
31762,PN G354.0+00.2,c,DegaPe 25,262.43833,-33.84178,6,0.1,1,,2017LAstr.131b..46L,,
31764,PN G290.9-00.6,L,DeGaPe 27,167.3575,-61.06925,4.5,0.075,,,2017LAstr.131b..46L,,
31766,PN G018.8+01.4,c,DeGaPe29,274.97458,-11.81222,6,0.1,1,,2017LAstr.131b..46L,,
31768,PN G274.9-03.8,c,Fe 9,138.95417,-54.5925,54,0.9,1,,2017LAstr.131b..46L,,
31769,PN G022.8-01.1,c,KanFe 1,279.24075,-9.48336,6,0.1,1,,2017LAstr.131b..46L,,
31771,PN G121.7+11.4,L,Hu 2,8.48917,74.31111,120,2,1.25,,2017LAstr.131b..46L,,
31772,PN G003.5+01.6,c,Kn J1747.6-2505,266.91788,-25.08214,6,0.1,1,,2017LAstr.131b..46L,,
31773,PN G358.7+00.2,c,Kan 2,265.35608,-29.85944,6,0.1,1,,2017LAstr.131b..46L,,
31774,PN G061.4-15.8,c,Kan 3,311.05833,16.50848,6,0.1,1,,2017LAstr.131b..46L,,
31775,PN G020.2-01.9,L,Kan 4,278.725,-12.18997,6,0.1,1,,2017LAstr.131b..46L,,
31776,PN G048.7-15.7,c,KanPre 1,304.17083,6.31306,180,3,1,,2017LAstr.131b..46L,,
31777,PN G214.0-02.0,c,LDu 34,101.50375,-1.95196,48,0.8,0.73,,2017LAstr.131b..46L,,
31778,PN G212.8-09.0,c,LDu 35,94.77083,-4.03864,6,0.1,1,,2017LAstr.131b..46L,,
31779,PN G068.3+02.6,T,Ou 7,298.18925,32.42667,342,5.7,1.78,,2017LAstr.131b..46L,,
31780,PN G068.4+02.7,c,Ou 8,298.0995,32.59986,60,1,2,,2017LAstr.131b..46L,,
31781,PN G053.9-15.8,c,Pre 1,306.89792,10.46956,12,0.2,0.67,,2017LAstr.131b..46L,,
31782,PN G260.9-11.7,c,Pre 2,115.88583,-47.78531,24,0.4,1,,2017LAstr.131b..46L,,
31783,PN G290.1+12.6,c,Pre 3,173.90917,-48.35278,48,0.8,1,,2017LAstr.131b..46L,,
31784,PN G353.9-00.8,c,Pre 4,263.47833,-34.49483,6,0.1,1,,2017LAstr.131b..46L,,
31785,PN G181.6+02.6,c,Pre 5,89.92037,28.84139,54,0.9,1,,2017LAstr.131b..46L,,
31786,PN G066.2+01.9,T,Pre 7,297.63983,30.25603,36,0.6,1,,2017LAstr.131b..46L,,
31787,PN G134.3-43.2,T,Pre 8,21.65,18.8555,96,1.6,1,,2017LAstr.131b..46L,,
31788,PN G352.0+01.6,c,Pre 10,259.69292,-34.656,6,0.1,0.5,,2017LAstr.131b..46L,,
31789,PN G344.6+01.6,c,Pre 11,254.06292,-40.61197,6,0.1,1,,2017LAstr.131b..46L,,
31791,PN G338.9-17.5,T,Pre 13,274.37888,-55.47817,24,0.4,0.67,,2017LAstr.131b..46L,,
31792,PN G009.9+00.4,c,Pre 15,271.47542,-20.11225,6,0.1,1,,2017LAstr.131b..46L,,
31793,PN G355.2-02.2,T,Pre 17,265.72467,-34.1505,6,0.1,1,,2017LAstr.131b..46L,,
31794,PN G012.0+00.2,c,Pre 18,272.73833,-18.31083,6,0.1,1,,2017LAstr.131b..46L,,
31795,PN G287.9+00.1,c,Pre 19,162.60417,-59.10778,6,0.1,1,,2017LAstr.131b..46L,,
31796,PN G287.5+00.1,L,Pre 20,161.96667,-58.93906,6,0.1,1,,2017LAstr.131b..46L,,
31797,PN G027.6+10.5,T,Pre 21,271.08167,0.1345,6,0.1,1,,2017LAstr.131b..46L,,
31798,PN G303.7-01.9,T,Pre 22,194.71083,-64.80956,6,0.1,1,,2017LAstr.131b..46L,,
31799,PN G304.1+08.1,c,Pre 23,194.9375,-54.68111,192,3.2,1,,2017LAstr.131b..46L,,
31801,PN G053.1-17.5,c,Pre 25,307.99583,8.97722,720,12,1.67,,2017LAstr.131b..46L,,
31802,PN G187.7+01.5,c,Ra 51,92.21667,22.95583,36,0.6,1,,2017LAstr.131b..46L,,
31803,PN G201.3+04.1,c,Ra 55,101.27083,12.21472,132,2.2,1.29,,2017LAstr.131b..46L,,
31804,PN G110.9+03.1,c,Ra 56,345.34583,63.44583,24,0.4,0.8,,2017LAstr.131b..46L,,
31805,PN G097.4-02.4,c,Ra 57,329.16946,51.58319,6,0.1,0.33,,2017LAstr.131b..46L,,
31806,PN G131.0-07.7,c,Ra 58,26.8,54.285,60,1,1,,2017LAstr.131b..46L,,
31807,PN G061.3+17.2,c,Ra 60,279.00417,32.67194,108,1.8,1.2,,2017LAstr.131b..46L,,
31808,PN G010.0+12.2,c,Ra 62,260.94329,-13.99567,6,0.1,1,,2017LAstr.131b..46L,,
31809,PN G065.9-08.0,c,Ra 63,306.96729,24.605,30,0.5,1,,2017LAstr.131b..46L,,
31810,PN G355.6-02.9,T,SP J1746-3413,266.70025,-34.22842,5,0.083,,,tstenborg,,
31811,PN G001.7-02.1,T,CTIOJ175812.20-283436.9,269.55083,-28.57692,5,0.083,,,tstenborg,,
31813,PN G357.9+02.9,T,CTIOJ172923.07-290500.9,262.34613,-29.08358,5,0.083,,,tstenborg,,
31814,PN G000.4+03.3,T,CTIO J173348.40-264623.4,263.45167,-26.77317,6,0.1,,,tstenborg,,
31815,PN G000.3+02.7,L,CTIOJ173557.97-271214.2,263.99154,-27.20394,8,0.133,,,tstenborg,,
31818,PN G355.4-03.7,c,,267.35717,-34.77978,21,0.35,,,tstenborg,,
31819,PN G359.4-02.0,L,CTIOJ175234.11-302619.6,268.14212,-30.43878,6,0.1,,,tstenborg,,
31823,PN G355.9-04.4a,T,CTIOJ175401.23-343958.7,268.50512,-34.66631,17.5,0.292,,,tstenborg,,
31867,PN G001.3-01.3,L,SP 1754-2827,268.57492,-28.45675,15,0.25,,,tstenborg,,
31874,PN G359.4-03.2,T,SP 1757-3103,269.27717,-31.05681,18,0.3,1,,tstenborg,,
31883,PN G000.5-03.4,c,CTIOJ180030.42-300952.7,270.12675,-30.16464,17,0.283,,,tstenborg,,
31884,PN G358.8-04.5,c,CTIOJ180056.24-321421.2,270.23433,-32.23922,28,0.467,,,tstenborg,,
31893,PN G004.0-02.6a,T,SP J1805-2648,271.282,-26.81056,34,0.567,,,tstenborg,,
31896,PN G002.6-04.2,c,StDr 80,272.1355,-28.83072,6,0.1,,,tstenborg,,
31899,PN G004.2-04.0,L,CTIOJ181057.79-271822.5,272.74079,-27.30625,16,0.267,,,tstenborg,,
31904,PN G321.2-03.9,c,,232.99335,-60.97638,6000,100,,,ivan,,
31913,PN G166.6-14.7,T,Kn 132,63.5883,30.3919,158,2.633,1.04,,2017APN7,,
31914,PN G157.3+10.3,L,Hu 4,82.0875,53.5222,150,2.5,1,,2017APN7,,
31915,PN G205.0+04.4,T,CaVa 1,103.21913,9.07297,480,8,1.1,,2017APN7,,
31916,PN G259.6+13.2,T,Pa 163,141.23,-31.7508,220,3.667,1.02,,2017APN7,,
31917,PN G072.0-24.6,L,Pa 165,324.72,18.6708,188,3.133,1.16,,2017APN7,,
31918,PN G105.4-14.0,L,Kn 130,348.272,45.4383,277,4.617,1.6,,2017APN7,,
31919,PN G173.7-09.2,L,,73.6404,28.8247,31,0.517,1.03,,2017APN7,,
31921,PN G226.4-15.1,L,PrKn 1,95.0104,-18.6256,46,0.767,1.15,,2017APN7,,
31928,PN G061.5-02.6,L,Pa 164,299.347,23.8801,105,1.75,2.1,,2017APN7,,
31929,PN G084.3+03.1,T,Ra 67,309.03,46.03117,9,0.15,1,,2017APN7,,
31931,PN G290.8+00.5,T,Pre 43,168.11396,-59.97722,46,0.767,,,FrenchAmateurs,,
31965,PN G254.0-00.1,c,DeGaPe 59,124.39517,-35.93403,6,0.1,1,,FrenchAmateurs,,
31967,PN G260.9-08.5,L,Dr 1,119.95467,-46.17982,104,1.733,1,,FrenchAmateurs,,
31968,PN G248.0-05.3,T,Dr 2,115.22917,-33.55634,84,1.4,1,,FrenchAmateurs,,
31969,PN G248.4+02.1,T,Dr 3,122.99308,-29.94483,104,1.733,1,,FrenchAmateurs,,
31970,PN G103.9+05.5,T,Dr 5,329.398,61.85804,7.5,0.125,,,FrenchAmateurs,,
31971,PN G318.9+00.8,T,Dr 6,224.293,-58.06015,6,0.1,1,,FrenchAmateurs,,
31972,PN G321.3+00.4,T,Dr 7,228.475,-57.19756,12,0.2,1,,FrenchAmateurs,,
31973,PN G294.5+01.2,c,Dr 8,175.6745,-60.45778,18,0.3,1,,FrenchAmateurs,,
31974,PN G307.9-00.1,c,Fe 10,203.81667,-62.60056,6,0.1,1,,FrenchAmateurs,,
31975,PN G245.5+00.1,c,Fe 11,119.28375,-28.55694,24,0.4,1.33,,FrenchAmateurs,,
31977,PN G213.3+11.4,L,Hu 5,113.26858,4.86742,264,4.4,1.26,,FrenchAmateurs,,
31979,PN G077.0+10.7,c,Hu 7,294.57983,43.87908,300,5,1.67,,FrenchAmateurs,,
31980,PN G357.9-00.8,c,Kan 7,266.00888,-31.11333,6,0.1,1,,FrenchAmateurs,,
31981,PN G292.3+05.9,c,LDu 37,174.09071,-55.38044,140,2.333,1,,FrenchAmateurs,,
31982,PN G292.7-04.4,c,LDu 38,167.96246,-65.35775,228,3.8,1,,FrenchAmateurs,,
31983,PN G284.1+01.2,c,LDu 39,157.335,-56.37747,42,0.7,1.75,,FrenchAmateurs,,
31984,PN G284.0-05.9,c,LDu 40,149.02775,-62.23481,60,1,1.25,,FrenchAmateurs,,
31985,PN G283.2-05.1,c,LDu 41,148.82946,-61.14381,102,1.7,1.89,,FrenchAmateurs,,
31986,PN G290.4+07.4,c,LDu 42,171.81704,-53.41475,48,0.8,1,,FrenchAmateurs,,
31988,PN G355.5+01.0,c,Mo 7,262.551,-32.151,6,0.1,1,,FrenchAmateurs,,
31989,PN G247.8+03.5,c,Mo 8,123.95754,-28.67352,180,3,2.14,,FrenchAmateurs,,
31990,PN G295.4-02.7,c,Mo 9,175.16154,-64.57656,24,0.4,1.33,,FrenchAmateurs,,
31991,PN G307.3+00.8,c,Mo 10,202.18458,-61.68548,24,0.4,1.33,,FrenchAmateurs,,
31993,PN G290.7-03.5,c,Mo 12,164.43067,-63.67758,12,0.2,1,,FrenchAmateurs,,
31994,PN G288.1-03.3,c,Mo 13,159.62029,-62.32417,108,1.8,1.13,,FrenchAmateurs,,
31995,PN G249.1-03.8,c,Mo 14,117.36813,-33.70778,42,0.7,2.33,,FrenchAmateurs,,
31996,PN G242.6+01.1,c,Mo 15,118.51183,-25.55589,312,5.2,1.37,,FrenchAmateurs,,
31997,PN G346.4-00.6,c,Mo 16,257.92508,-40.591,18,0.3,1,,FrenchAmateurs,,
31998,PN G248.9-03.6,c,Mo 17,117.55883,-33.44333,42,0.7,1.4,,FrenchAmateurs,,
31999,PN G016.0+08.8,c,Mo 18,267.05004,-10.71765,6,0.1,1,,FrenchAmateurs,,
32000,PN G055.7+03.1,c,Mo 19,290.79325,21.68981,6,0.1,1,,FrenchAmateurs,,
32001,PN G003.8+06.8,c,Mo 20,262.19742,-22.05322,6,0.1,1,,FrenchAmateurs,,
32003,PN G024.0-02.4,c,Mo 21,280.97767,-8.97569,6,0.1,1,,FrenchAmateurs,,
32004,PN G272.9-01.6,T,Mo 22,139.24375,-51.59394,12,0.2,1,,FrenchAmateurs,,
32005,PN G333.5+01.3,c,Mo 23,243.88271,-49.02448,6,0.1,1,,FrenchAmateurs,,
32006,PN G307.2+00.9,c,Mo 24,201.94775,-61.65346,24,0.4,1.33,,FrenchAmateurs,,
32007,PN G012.7+08.4,c,Mo 25,265.69967,-13.71606,6,0.1,1,,FrenchAmateurs,,
32008,PN G284.0-06.1,c,Mur 1,148.88054,-62.39256,6,0.1,1,,FrenchAmateurs,,
32010,PN G296.2-01.9,L,PaMo 1,177.43208,-63.98078,6,0.1,1,,FrenchAmateurs,,
32011,PN G130.8-09.8,c,Pre 36,25.62083,52.26472,210,3.5,1,,FrenchAmateurs,,
32012,PN G318.5-02.3,T,Pre 37,226.5775,-61.07278,5.5,0.092,,,FrenchAmateurs,,
32013,PN G344.0+01.0,c,Pre 38,254.2275,-41.47333,6,0.1,1,,FrenchAmateurs,,
32014,PN G300.7+00.5,c,Pre 39,188.27,-62.22472,6,0.1,1,,FrenchAmateurs,,
32015,PN G339.0+00.1,c,Pre 40,250.70292,-45.90139,6,0.1,1,,FrenchAmateurs,,
32017,PN G346.8+02.2,T,Pre 42,255.2655,-38.51103,10,0.167,,,FrenchAmateurs,,
32018,PN G290.2+02.0,T,Pre 44,168.17875,-58.35111,60,1,1,,FrenchAmateurs,,
32019,PN G329.9+01.2,c,Pre 45,239.73933,-51.50639,6,0.1,1,,FrenchAmateurs,,
32020,PN G348.2+03.1,T,Pre 46,255.32575,-36.87286,15.5,0.258,,,FrenchAmateurs,,
32021,PN G329.0+01.8,c,Pre 47,238.0275,-51.63667,6,0.1,1,,FrenchAmateurs,,
32022,PN G023.1-02.5,T,Pre 48,280.69479,-9.84667,6,0.1,1,,FrenchAmateurs,,
32023,PN G350.6+04.3,c,Pre 49,255.9925,-34.199,12,0.2,1,,FrenchAmateurs,,
32024,PN G252.5-01.6,T,Pre 50,121.81583,-35.44417,48,0.8,2,,FrenchAmateurs,,
32025,PN G295.7+02.5,c,Pre 51,178.69183,-59.53069,6,0.1,1,,FrenchAmateurs,,
32026,PN G355.1-01.0,c,Pre 52,264.52667,-33.59583,6,0.1,1,,FrenchAmateurs,,
32027,PN G018.4-00.8,c,Pre 53,276.95729,-13.28311,6,0.1,1,,FrenchAmateurs,,
32028,PN G295.6+02.0,L,Pre 54,178.11254,-59.99903,10.5,0.175,,,FrenchAmateurs,,
32029,PN G287.2+00.8,c,Pre 55,161.98292,-58.24278,36,0.6,1,,FrenchAmateurs,,
32030,PN G307.2+03.8,T,Pre 56,201.256,-58.69438,42,0.7,1,,FrenchAmateurs,,
32031,PN G349.0+04.2,T,Pre 57,254.90379,-35.50587,12,0.2,1,,FrenchAmateurs,,
32032,PN G011.2+02.9,T,Pre 58,269.83196,-17.78747,26,0.433,,,FrenchAmateurs,,
32033,PN G297.4+03.6,T,Pre 59,182.29267,-58.76684,24,0.4,1,,FrenchAmateurs,,
32034,PN G313.7+02.2,c,Pre 60,214.20158,-58.84381,6,0.1,1,,FrenchAmateurs,,
32035,PN G297.4+03.5,c,Pre 61,182.16867,-58.82977,6,0.1,1,,FrenchAmateurs,,
32036,PN G283.1-01.2,L,Pre 62,153.32767,-57.97116,12,0.2,1,,FrenchAmateurs,,
32037,PN G298.1+05.1,c,Pre 63,184.07288,-57.37379,24,0.4,1,,FrenchAmateurs,,
32039,PN G325.8-02.4,T,PreDr 1,238.40817,-57.03564,12,0.2,2,,FrenchAmateurs,,
32040,PN G354.1+01.2,c,PreFe 1,261.55375,-33.17711,6,0.1,1,,FrenchAmateurs,,
32041,PN G272.7+00.5,c,PreMo 1,141.55038,-49.95842,12,0.2,1,,FrenchAmateurs,,
32042,PN G349.3-00.6,T,PreMo 2,260.15163,-38.21383,6,0.1,1,,FrenchAmateurs,,
32043,PN G298.7-01.6,L,PrePa 1,183.1325,-64.21444,6,0.1,,,FrenchAmateurs,,
32044,PN G319.3-00.8,c,PrePa 2,226.54417,-59.30533,6,0.1,1,,FrenchAmateurs,,
32045,PN G351.7+01.9,c,PreRo 1,259.17404,-34.76803,12,0.2,1,,FrenchAmateurs,,
32046,PN G346.1+02.0,c,PreRo 2,254.87083,-39.25025,6,0.1,1,,FrenchAmateurs,,
32047,PN G002.7-01.2,c,PreRo 3,269.16763,-27.18855,6,0.1,1,,FrenchAmateurs,,
32048,PN G356.5-00.7a,c,PreRo 4,265.05113,-32.32273,6,0.1,1,,FrenchAmateurs,,
32050,PN G102.2+01.5,T,Rai 1,331.53354,57.63969,15.5,0.258,,,FrenchAmateurs,,
32051,PN G089.1+03.8,T,Rai 2,312.69096,50.20194,9.5,0.158,,,FrenchAmateurs,,
32052,PN G323.4-01.4,L,Ro 2,233.85638,-57.67629,21,0.35,,,FrenchAmateurs,,
32053,PN G349.3-00.1,c,Ro 4,259.53033,-37.89378,6,0.1,1,,FrenchAmateurs,,
32054,PN G012.9-01.9,c,Ro 5,275.292,-18.60823,30,0.5,1.25,,FrenchAmateurs,,
32055,PN G316.7-01.0,c,Ro 6,222.09904,-60.75796,18,0.3,1.5,,FrenchAmateurs,,
32056,PN G317.8+00.5,c,Ro 3,222.61479,-58.79251,6,0.1,1,,FrenchAmateurs,,
32057,PN G226.6+00.3,c,St 10,109.49579,-12.04031,96,1.6,2.67,,FrenchAmateurs,,
32058,PN G116.5+23.8,c,St 11,310.64771,83.377,96,1.6,1,,FrenchAmateurs,,
32059,PN G101.9-17.7,c,St 12,346.08846,40.72761,102,1.7,1.31,,FrenchAmateurs,,
32060,PN G092.3-04.3,c,St 13,325.00146,46.85489,24,0.4,1.33,,FrenchAmateurs,,
32061,PN G215.5-01.9,c,St 14,102.34733,-3.19636,90,1.5,1.25,,FrenchAmateurs,,
32062,PN G233.7+53.3,c,St 15,158.32954,10.19012,60,1,1.43,,FrenchAmateurs,,
32063,PN G293.0-01.4,L,St 16,171.031,-62.6581,12,0.2,2,,FrenchAmateurs,,
32064,PN G290.8+02.9,c,St 17,169.77121,-57.74183,18,0.3,1.5,,FrenchAmateurs,,
32065,PN G286.3-05.0,c,St 18,154.40158,-62.8863,114,1.9,1,,FrenchAmateurs,,
32066,PN G347.3+02.6,T,St 19,255.20033,-37.87949,12,0.2,1,,FrenchAmateurs,,
32067,PN G303.7-03.6,c,St 20,194.86996,-66.54681,12,0.2,1,,FrenchAmateurs,,
32068,PN G286.4-00.4,T,St 21,159.336,-58.99529,12,0.2,1,,FrenchAmateurs,,
32069,PN G155.5+05.1,L,SuFe 1,73.47504,51.96267,6,0.1,1,,FrenchAmateurs,,
32070,PN G311.6+01.5,L,Tan 5,210.56567,-60.12613,6,0.1,1,,FrenchAmateurs,,
32071,PN G206.3-17.3,c,Za 1,84.42292,-2.23116,6,0.1,1,,FrenchAmateurs,,
32073,PN G248.1+07.1,c,Fe Objet 2,127.54708,-26.90967,90,1.5,1.25,,FrenchAmateurs,,
32074,PN G123.0-10.9,c,Hu Objet 2,13.09058,51.87792,342,5.7,1.63,,FrenchAmateurs,,
32075,PN G292.1-06.5,c,LDu objet 8,164.51988,-67.01383,300,5,1.67,,FrenchAmateurs,,
32076,PN G292.0-06.3,c,LDu objet 9,164.38846,-66.74692,96,1.6,1.78,,FrenchAmateurs,,
32077,PN G284.8-00.6,c,LDu objet 10,156.55275,-58.35672,30,0.5,1,,FrenchAmateurs,,
32078,PN G130.9+04.0,c,Mo Objet 3,32.59946,65.64961,204,3.4,1.1,,FrenchAmateurs,,
32079,PN G301.9+02.2,c,Mo Objet 4,190.79192,-60.58525,96,1.6,1.6,,FrenchAmateurs,,
32080,PN G243.3-00.0,c,Mo Objet 5,117.82546,-26.77808,72,1.2,1.2,,FrenchAmateurs,,
32081,PN G050.9-12.1,c,Mo Objet 6,302.09333,9.98175,6,0.1,1,,FrenchAmateurs,,
32082,PN G212.2-19.0,c,Mo Objet 7,85.45896,-8.01539,96,1.6,4,,FrenchAmateurs,,
32083,PN G343.8-02.3,c,Mo Objet 8,257.73671,-43.66834,60,1,1,,FrenchAmateurs,,
32084,PN G318.3+01.0,c,Mo Objet 9,223.01129,-58.14591,54,0.9,1.13,,FrenchAmateurs,,
32085,PN G278.3-00.8,c,Mo Objet 10,146.79517,-54.72241,84,1.4,2,,FrenchAmateurs,,
32086,PN G251.5-02.8,c,Mo Objet 11,119.96092,-35.2942,45,0.75,1,,FrenchAmateurs,,
32087,PN G350.1-01.2,c,Mo Objet 12,261.30029,-37.88329,120,2,6.67,,FrenchAmateurs,,
32088,PN G270.1+02.8,c,Mur Objet 1,141.21806,-46.46699,18,0.3,1,,FrenchAmateurs,,
32089,PN G130.6-02.2,c,Pre Objet 4,28.20833,59.66389,150,2.5,1.67,,FrenchAmateurs,,
32090,PN G129.5-07.9,c,Pre Objet 5,24.07708,54.31111,108,1.8,1.2,,FrenchAmateurs,,
32091,PN G131.2-07.7,c,Pre Objet 6,27.05,54.225,96,1.6,1.23,,FrenchAmateurs,,
32092,PN G302.8-02.4,c,Pre Objet 8,192.7595,-65.31665,162,2.7,27,,FrenchAmateurs,,
32093,PN G254.1-02.8,c,PreMo Objet 1,121.63171,-37.50092,96,1.6,1.23,,FrenchAmateurs,,
32095,PN G065.5-05.6,c,Ras Objet 1,304.53946,25.61814,324,5.4,1.35,,FrenchAmateurs,,
32096,PN G216.4-02.3,c,St Objet 1,102.36867,-4.15819,90,1.5,2.14,,FrenchAmateurs,,
32097,PN G096.8+07.9,c,St Objet 2,315.85017,58.76211,90,1.5,1.5,,FrenchAmateurs,,
32098,PN G271.9-35.7,c,St Objet 3,77.07917,-62.31414,6,0.1,1,,FrenchAmateurs,,
32099,PN G046.5-31.5,c,St Objet 4,316.74392,-3.44389,24,0.4,4,,FrenchAmateurs,,
32100,PN G250.7+68.5,c,Za Objet 1,175.61875,13.00372,60,1,1.43,,FrenchAmateurs,,
32101,PN G214.3-16.0,c,Za Objet 2,89.13,-8.50531,36,0.6,1.2,,FrenchAmateurs,,
32103,PN G296.2-01.9a,c,Ritter 2,177.45327,-64.00184,70,1.167,2.19,,ziggy,,
32104,PN G248.9-03.6a,c,Ritter 3,117.55675,-33.45089,28,0.467,1.22,,ziggy,,
32105,PN G318.9+00.8a,c,Lilou 1,224.28852,-58.09422,140,2.333,2,,ziggy,,
32106,PN G351.7+01.9a,c,Ro 1,259.19129,-34.78122,18,0.3,1,,FrenchAmateurs,,
32107,PN G286.2-04.5,c,Ro Objet 1,154.71754,-62.34888,24,0.4,1,,FrenchAmateurs,,
32109,PN G002.1-07.5,c,Barker2,275.23471,-30.80687,33,0.55,1,,BarkerCatalogue,,
32110,PN G002.1-07.6,c,Barker3,275.33471,-30.79057,32.4,0.54,1.05,,BarkerCatalogue,,
32111,PN G004.8+02.0a,c,Barker4,267.21596,-23.73258,5,0.083,1.09,,BarkerCatalogue,,
32112,PN G000.4-05.3,c,Barker5,272.00746,-31.19059,92.2,1.537,1.09,,BarkerCatalogue,,
32113,PN G005.0-06.4,c,Barker6,275.658,-27.69048,52.4,0.873,1.17,,BarkerCatalogue,,
32114,PN G005.2-07.9,c,Barker7,277.18192,-28.18605,54.4,0.907,1.01,,BarkerCatalogue,,
32115,PN G005.4-04.9,c,Barker8,274.33813,-26.63183,29.6,0.493,1.1,,BarkerCatalogue,,
32116,PN G005.5-04.8,c,Barker9,274.28654,-26.53323,57.6,0.96,1.3,,BarkerCatalogue,,
32117,PN G005.4-07.9,c,Barker10,277.27754,-27.99341,50.4,0.84,1.21,,BarkerCatalogue,,
32118,PN G005.8-05.3,c,Barker11,274.89213,-26.51469,73,1.217,1.02,,BarkerCatalogue,,
32119,PN G006.9-06.5,c,Barker12,276.70646,-26.06961,74.6,1.243,1.02,,BarkerCatalogue,,
32120,PN G350.3-03.2,c,Barker13,263.546,-38.84578,4.4,0.073,1,,BarkerCatalogue,,
32121,PN G351.5-04.1,c,Barker14,265.34192,-38.31823,90.4,1.507,1.06,,BarkerCatalogue,,
32122,PN G351.8+00.9,c,Barker15,260.18071,-35.23724,4.7,0.078,1.09,,BarkerCatalogue,,
32123,PN G351.8+02.2,c,Barker16,258.94846,-34.48791,5,0.083,1.14,,BarkerCatalogue,,
32124,PN G352.6+03.3,c,Barker17,258.44092,-33.19023,1.9,0.032,1,,BarkerCatalogue,,
32125,PN G354.1-02.5,c,Barker18,265.31821,-35.27889,20.7,0.345,1.14,,BarkerCatalogue,,
32126,PN G354.2-02.0,c,Barker19,264.90463,-34.89867,5,0.083,1,,BarkerCatalogue,,
32127,PN G358.6-05.4,c,Barker20,271.13933,-32.87941,42.8,0.713,1.16,,BarkerCatalogue,,
32128,PN G358.8-05.6,c,Barker21,271.44821,-32.76725,84,1.4,1.14,,BarkerCatalogue,,
32131,PN G284.6-01.3,T,DeGaPe Objet 3,155.61083,-58.78392,63,1.05,,,FrenchAmateurs,,
32132,PN G109.4+06.6,c,Fe Objet 1,338.40333,65.80083,48,0.8,1.6,,FrenchAmateurs,,
32133,PN G102.4+08.4,c,Hu Objet 1,323.02625,63.07333,210,3.5,1.52,,FrenchAmateurs,,
32139,PN G320.4-01.4,c,DeGaPe 36,229.0205,-59.30264,6,0.1,1,,FrenchAmateurs,,
32145,PN G320.4-01.2,c,DeGaPe 37,228.76575,-59.19506,6,0.1,1,,FrenchAmateurs,,
32149,PN G343.7+03.2,c,DeGaPe 44,251.72167,-40.29917,6,0.1,1,,FrenchAmateurs,,
32150,PN G343.2+03.6,c,DeGaPe 45,250.8575,-40.44822,6,0.1,1,,FrenchAmateurs,,
32151,PN G343.2+02.7,T,DeGaPe 46,251.77333,-40.98317,12,0.2,,,FrenchAmateurs,,
32152,PN G342.7+03.0,c,DeGaPe 47,251.05042,-41.20236,6,0.1,1,,FrenchAmateurs,,
32154,PN G010.8-01.7,T,DeGaPe 49,273.96225,-20.39072,3.5,0.058,,,FrenchAmateurs,,
32155,PN G017.4-02.6,T,DeGaPe 51,278.03254,-14.97858,53,0.883,,,FrenchAmateurs,,
32157,PN G354.0+02.1,c,Kan 6,260.54167,-32.80511,12,0.2,1,,FrenchAmateurs,,
32158,PN G002.8-00.2,L,LDu 36,268.27563,-26.56875,60,1,1,,FrenchAmateurs,,
32159,PN G355.2+02.3,c,Mo 1,261.12358,-31.62797,12,0.2,2,,FrenchAmateurs,,
32160,PN G215.7+00.8,c,Mo 2,104.91571,-2.12258,6,0.1,1,,FrenchAmateurs,,
32161,PN G354.1+02.3,c,Mo 3,260.47833,-32.56233,12,0.2,2,,FrenchAmateurs,,
32162,PN G204.4-10.7,c,Mo 4,89.36817,2.53158,384,6.4,2.67,,FrenchAmateurs,,
32164,PN G170.8+00.0,c,Mo 6,80.47542,36.63944,90,1.5,1.36,,FrenchAmateurs,,
32165,PN G334.7-04.8,c,Pre 26,252.28542,-52.38,96,1.6,1.14,,FrenchAmateurs,,
32166,PN G350.4+01.2,c,Pre 27,258.9075,-36.24353,6,0.1,1,,FrenchAmateurs,,
32168,PN G286.6+20.9,c,Pre 29,173.06875,-39.37247,30,0.5,1.67,,FrenchAmateurs,,
32170,PN G202.0+02.6,c,Pre 31,100.26125,10.93719,6,0.1,1,,FrenchAmateurs,,
32171,PN G010.0+09.4,c,Pre 32,263.45267,-15.44097,6,0.1,1,,FrenchAmateurs,,
32172,PN G297.6-08.1,c,Pre 33,177.285,-70.34194,24,0.4,2,,FrenchAmateurs,,
32173,PN G187.7+03.4,c,Pre 34,94.03,23.87222,78,1.3,1,,FrenchAmateurs,,
32174,PN G009.4-03.6,L,Pre 35,275.05958,-22.50392,6,0.1,1,,FrenchAmateurs,,
32175,PN G226.7-02.8,c,Ra 64,106.70813,-13.61658,48,0.8,1.14,,FrenchAmateurs,,
32176,PN G116.5-11.5,c,Ra 65,2.94017,50.82725,108,1.8,2.25,,FrenchAmateurs,,
32177,PN G083.6-02.1,c,Ra 66,314.26563,42.1075,12,0.2,1,,FrenchAmateurs,,
32178,PN G138.5-18.9,c,Ra 68,32.79667,41.49314,276,4.6,1,,FrenchAmateurs,,
32180,PN G045.2-04.7,c,St 67,292.83388,8.73233,24,0.4,1.33,,FrenchAmateurs,,
32181,PN G024.0-22.5,c,St 2,299.70529,-17.54922,24,0.4,1.33,,FrenchAmateurs,,
32182,PN G207.4+16.5,c,St 3,115.36038,12.17239,6,0.1,1,,FrenchAmateurs,,
32183,PN G098.2-13.3,c,St 4,339.14713,42.92919,6,0.1,1,,FrenchAmateurs,,
32184,PN G045.2-04.6,c,St 5,292.69008,8.72517,36,0.6,1,,FrenchAmateurs,,
32185,PN G019.8-00.7,c,St 6,277.507,-12.00003,36,0.6,3,,FrenchAmateurs,,
32186,PN G102.5+01.7,c,St 7,331.73079,57.97294,144,2.4,1,,FrenchAmateurs,,
32188,PN G098.0+06.6,c,St 9,319.13767,58.73953,96,1.6,2,,FrenchAmateurs,,
32189,PN G032.9-09.9,c,Su 1,291.70417,-4.53417,30,0.5,2.5,,FrenchAmateurs,,
32190,PN G085.3-00.4,c,Su 2,314.05471,44.57764,126,2.1,2.1,,FrenchAmateurs,,
32192,PN G027.3-01.1,T,Tan 1,281.36708,-5.51731,6,0.1,1,,FrenchAmateurs,,
32193,PN G014.0-02.5,T,Tan 2,276.32125,-17.94122,6,0.1,1,,FrenchAmateurs,,
32194,PN G329.9-00.7,T,Tan 3,241.89954,-53.01981,11.5,0.192,,,FrenchAmateurs,,
32196,PN G188.5+04.6,c,Ma Objet 1,95.60817,23.76876,18,0.3,1.5,,FrenchAmateurs,,
32197,PN G236.7-04.5,c,Mo Objet 1,109.88292,-23.26972,642,10.7,2.23,,FrenchAmateurs,,
32199,PN G184.8-03.8,c,Or Objet 1,85.57175,22.8165,36,0.6,1,,FrenchAmateurs,,
32201,PN G203.6+03.8,c,Pre Objet 2,102.06833,10.06528,84,1.4,1.75,,FrenchAmateurs,,
32203,PN G203.5+04.0,c,Pre Objet 3,102.2425,10.17333,60,1,2.5,,FrenchAmateurs,,
32204,PN G069.3+03.6,T,Ra Objet 2,297.73804,33.79272,18,0.3,1,,FrenchAmateurs,,
32205,PN G061.5+11.7,c,Ra Objet 4,285.025,30.63389,18,0.3,1,,FrenchAmateurs,,
32206,PN G156.0+04.9,c,Su Objet 1,73.74725,51.42225,36,0.6,3,,FrenchAmateurs,,
32208,PN G264.8+01.3a,c,Ritter 5,134.39663,-43.5948,30,0.5,1,,ziggy,,
32209,PN G188.5+04.6a,c,Ritter 6,95.6237,23.7853,120,2,2,,ziggy,,
32210,PN G188.5+04.7,c,Ritter 7,95.69792,23.80789,136,2.267,1,,ziggy,,
32212,PN G184.8-03.8b,c,Ritter 9,85.61125,22.8258,68,1.133,1,,ziggy,,
32213,PN G184.8-03.8c,c,Ritter 10,85.6,22.83333,20,0.333,1,,ziggy,,
32214,PN G109.3-00.9a,c,Ritter 27,345.73808,58.98038,125,2.083,1,,ziggy,,
32215,PN G233.7-00.4,c,Dr 14,112.27271,-18.61763,516,8.6,1.48,,FrenchAmateurs,,
32216,PN G328.9+00.2b,c,Ritter 11,239.57928,-52.92926,240,4,2,,ziggy,,
32219,PN G060.2-38.0,c,Ritter 14,328.39229,2.34295,18,0.3,1,,ziggy,,
32220,PN G002.2+65.3a,c,Ritter 15,214.46195,13.02175,120,2,1.2,,ziggy,,
32221,PN G355.5+42.8,c,Ritter 16,228.64324,-4.91519,15,0.25,1,,ziggy,,
32223,PN G010.9+00.0a,c,Ritter 18,272.39555,-19.46614,5,0.083,1,,ziggy,,
32226,PN G012.0+00.3,c,Ritter 21,272.72217,-18.32577,150,2.5,1.25,,ziggy,,
32229,PN G334.4+01.0,c,StRas 1,245.12958,-48.59341,18,0.3,1,,FrenchAmateurs,,
32230,PN G265.1-02.0,L,PHR0844-4600,131.13292,-46.00375,12,0.2,1,,FrenchAmateurs,,
32231,PN G332.9-03.8,c,StRas 3,249.09754,-53.05292,24,0.4,1,,FrenchAmateurs,,
32233,PN G321.6+01.0,c,Ras 2,228.38008,-56.54503,138,2.3,1,,FrenchAmateurs,,
32235,PN G169.4+03.8,T,Dr 32,83.52788,39.93422,30,0.5,,,FrenchAmateurs,,
32249,PN G204.4-00.4,T,StDr 13,98.59438,7.37229,450,7.5,,,FrenchAmateurs,,
32250,PN G104.2+04.8,T,StDr 12,330.87771,61.49539,48,0.8,,,FrenchAmateurs,,
32251,PN G093.4-03.2,L,StDr 2,325.09221,48.36462,36,0.6,,,FrenchAmateurs,,
32253,PN G188.0+02.4,c,Bl 1,93.21042,23.12636,438,7.3,1.87,,FrenchAmateurs,,
32254,PN G352.2+01.9,c,Ca 1,259.508,-34.35556,6,0.1,,,FrenchAmateurs,,
32255,PN G352.3+02.3,c,Ca 2,259.20238,-34.08536,6,0.1,,,FrenchAmateurs,,
32256,PN G352.3+02.4,c,Ca 3,259.09879,-33.95467,6,0.1,,,FrenchAmateurs,,
32257,PN G352.4+02.3,c,Ca 4,259.22829,-34.04172,6,0.1,,,FrenchAmateurs,,
32258,PN G352.3+02.0,c,Ca 5,259.47492,-34.26794,6,0.1,,,FrenchAmateurs,,
32262,PN G332.1-01.0,T,DeGaPe 64,244.764,-51.70231,7,0.117,,,FrenchAmateurs,,
32269,PN G319.2-03.8,T,Dr 9,229.43954,-61.94211,12,0.2,,,FrenchAmateurs,,
32270,PN G354.3-00.6,c,Dr 10,263.37021,-34.09883,6,0.1,,,FrenchAmateurs,,
32271,PN G024.9-06.1,c,Dr 11,284.63921,-9.94415,42,0.7,,,FrenchAmateurs,,
32273,PN G250.9+02.0,c,Dr 13,124.46604,-32.07787,18,0.3,,,FrenchAmateurs,,
32274,PN G316.4+01.5,c,Dr_15,219.29254,-58.56899,564,9.4,1.24,,FrenchAmateurs,,
32275,PN G312.7-00.8,L,Dr 16,214.00762,-62.07181,12,0.2,,,FrenchAmateurs,,
32276,PN G324.3+04.0,c,Dr 17,229.63646,-52.63958,60,1,,,FrenchAmateurs,,
32277,PN G313.9+07.1,c,Dr 18,211.71608,-54.12846,120,2,,,FrenchAmateurs,,
32278,PN G227.9+00.3,c,Dr 19,110.07708,-13.1764,138,2.3,,,FrenchAmateurs,,
32279,PN G012.1-33.1,c,Dr 20,306.99867,-30.93394,318,5.3,,,FrenchAmateurs,,
32280,PN G107.2-14.9,T,Dr 21,350.95788,45.28179,450,7.5,,,FrenchAmateurs,,
32281,PN G250.0+02.5,c,Dr 22,124.306,-31.06085,240,4,,,FrenchAmateurs,,
32283,PN G058.8-07.4,L,Dr 24,302.14104,19.02358,384,6.4,,,FrenchAmateurs,,
32285,PN G145.4+05.7,T,Dr 26,61.70667,59.72947,180,3,,,FrenchAmateurs,,
32286,PN G117.5-05.3,L,Dr 27,2.76425,57.17675,540,9,,,FrenchAmateurs,,
32288,PN G051.6-01.7,L,Dr 29,293.19096,15.72016,372,6.2,,,FrenchAmateurs,,
32289,PN G109.9-08.1,c,Dr 30,351.39321,52.54353,3960,66,,,FrenchAmateurs,,
32290,PN G048.8+02.7,L,Dr 33,287.76137,15.29667,72,1.2,,,FrenchAmateurs,,
32291,PN G180.0+01.4,c,Dr 34,87.75354,29.65282,30,0.5,1.25,,FrenchAmateurs,,
32292,PN G111.5-06.0,c,Dr 35,352.67129,55.06995,594,9.9,1.15,,FrenchAmateurs,,
32293,PN G125.4-08.9,L,Dr 36,16.91683,53.87334,162,2.7,1.29,,FrenchAmateurs,,
32294,PN G046.9-00.8,c,Dr 37,290.11083,12.03884,120,2,1.54,,FrenchAmateurs,,
32295,PN G125.2-09.1,c,DrSti 1,16.61917,53.68119,300,5,,,FrenchAmateurs,,
32296,PN G322.5-02.3,c,Mo 26,233.25012,-58.82844,12,0.2,,,FrenchAmateurs,,
32297,PN G284.0+05.8,c,Mo 27,160.90542,-52.31739,300,5,1.67,,FrenchAmateurs,,
32298,PN G289.7+06.5,c,Mo 28,170.12054,-54.06924,126,2.1,1.4,,FrenchAmateurs,,
32299,PN G284.3-05.8,c,Mo 29,149.72196,-62.24285,120,2,1.11,,FrenchAmateurs,,
32300,PN G298.1-05.6,c,Mo 30,179.98367,-68.03833,60,1,1.43,,FrenchAmateurs,,
32301,PN G297.5+02.6,c,Mo 31,182.07296,-59.84993,114,1.9,,,FrenchAmateurs,,
32302,PN G329.0-05.2,c,Mo 32,246.094,-56.90134,24,0.4,,,FrenchAmateurs,,
32303,PN G335.4-05.3,c,Mo 33,253.57371,-52.16012,120,2,1.54,,FrenchAmateurs,,
32304,PN G313.2-00.9,c,Mo 34,215.16671,-61.94071,6,0.1,,,FrenchAmateurs,,
32305,PN G092.8-00.9,c,PaStDr 1,322.05879,49.69647,318,5.3,,,FrenchAmateurs,,
32306,PN G305.4-00.8,c,Pre 65,198.44058,-63.56227,18,0.3,,,FrenchAmateurs,,
32307,PN G302.2+02.9,c,Pre 66,191.49017,-60.00107,18,0.3,,,FrenchAmateurs,,
32308,PN G007.2+01.6,c,PreMo 3,268.91917,-21.93167,6,0.1,,,FrenchAmateurs,,
32309,PN G007.5+00.6,L,PreRa 1,270.04962,-22.18027,6,0.1,,,FrenchAmateurs,,
32310,PN G320.1+01.3,c,Ra 71,225.82042,-57.12214,6,0.1,,,FrenchAmateurs,,
32311,PN G299.2-05.2,T,St 22,183.02129,-67.7588,18,0.3,,,FrenchAmateurs,,
32312,PN G343.0+01.4,c,St 23,252.92483,-42.06087,24,0.4,1.33,,FrenchAmateurs,,
32313,PN G337.2+02.2,T,St 24,246.75004,-45.82897,7,0.117,,,FrenchAmateurs,,
32314,PN G285.9+00.9,c,St 25,159.80187,-57.5282,24,0.4,2,,FrenchAmateurs,,
32315,PN G301.1-04.5,c,St 26,188.07404,-67.34189,30,0.5,,,FrenchAmateurs,,
32316,PN G349.0+03.7,c,St 27,255.43458,-35.94349,6,0.1,,,FrenchAmateurs,,
32317,PN G331.1-01.3,T,St 28,243.90129,-52.56769,6,0.1,,,FrenchAmateurs,,
32318,PN G353.0-02.6,c,St 29,264.61958,-36.27918,12,0.2,,,FrenchAmateurs,,
32319,PN G266.5-02.2,c,St 30,132.14613,-47.11263,24,0.4,1.33,,FrenchAmateurs,,
32320,PN G340.6-06.1,c,St 31,259.30283,-48.53244,30,0.5,,,FrenchAmateurs,,
32321,PN G286.1-01.8,c,St 32,157.44967,-59.97824,6,0.1,,,FrenchAmateurs,,
32322,PN G278.3-02.8,L,St 33,144.47096,-56.13239,42,0.7,,,FrenchAmateurs,,
32323,PN G291.9+02.8,c,St 34,171.51054,-58.19482,30,0.5,,,FrenchAmateurs,,
32324,PN G298.0+00.9,c,St 35,182.452,-61.53401,60,1,,,FrenchAmateurs,,
32325,PN G261.2-01.7,c,St 36,128.16358,-42.66474,6,0.1,,,FrenchAmateurs,,
32326,PN G261.9+02.2,T,St 37,132.72517,-40.79785,30,0.5,,,FrenchAmateurs,,
32327,PN G267.9-01.6,c,St 38,134.10346,-47.84506,12,0.2,,,FrenchAmateurs,,
32328,PN G299.3-00.7,c,St 39,184.81317,-63.38982,6,0.1,,,FrenchAmateurs,,
32329,PN G344.8+00.6,c,St 40,255.29254,-41.11769,6,0.1,,,FrenchAmateurs,,
32330,PN G285.4+04.2,c,St 42,161.71046,-54.39248,60,1,1.43,,FrenchAmateurs,,
32331,PN G301.8+02.1,c,St 43,190.56346,-60.76783,66,1.1,1.38,,FrenchAmateurs,,
32332,PN G325.0-01.1,T,St 44,235.61354,-56.46783,5.5,0.092,,,FrenchAmateurs,,
32333,PN G259.2+02.9,T,St 45,131.32458,-38.30306,42,0.7,,,FrenchAmateurs,,
32334,PN G268.0-02.3,c,St 46,133.42233,-48.41659,24,0.4,,,FrenchAmateurs,,
32335,PN G260.8-00.8,c,St 47,128.82667,-41.77716,42,0.7,,,FrenchAmateurs,,
32336,PN G269.3-02.6,L,St 48,134.36379,-49.59328,12,0.2,2,,FrenchAmateurs,,
32337,PN G305.9+01.6,c,St 49,199.059,-61.07903,6,0.1,,,FrenchAmateurs,,
32338,PN G275.9+01.1,c,St 50,145.79137,-51.62415,18,0.3,,,FrenchAmateurs,,
32339,PN G285.1+05.4,c,St 51,162.344,-53.1558,42,0.7,1.4,,FrenchAmateurs,,
32340,PN G289.6-01.6a,T,St 52,164.06438,-61.47389,6,0.1,,,FrenchAmateurs,,
32341,PN G293.0+03.7,T,St 53,174.04175,-57.68888,12,0.2,,,FrenchAmateurs,,
32342,PN G292.8+04.6,c,St 54,174.2275,-56.78149,60,1,2,,FrenchAmateurs,,
32343,PN G300.9-00.5,L,St 55,188.29004,-63.2667,11,0.183,,,FrenchAmateurs,,
32344,PN G304.6-01.9,c,St 56,196.86408,-64.72997,30,0.5,,,FrenchAmateurs,,
32345,PN G308.0-01.9,c,St 57,204.63479,-64.29531,6,0.1,,,FrenchAmateurs,,
32346,PN G315.7+02.1,T,St 58,217.68479,-58.2607,5,0.083,,,FrenchAmateurs,,
32347,PN G315.9+02.1,T,St 59,218.09571,-58.20124,12,0.2,,,FrenchAmateurs,,
32348,PN G316.7-01.2,c,St 60,222.20625,-60.87553,6,0.1,,,FrenchAmateurs,,
32350,PN G336.4+01.1,c,St 62,247.08546,-47.17238,30,0.5,,,FrenchAmateurs,,
32351,PN G339.5+01.4,c,St 63,249.83946,-44.70159,6,0.1,,,FrenchAmateurs,,
32352,PN G336.2-03.3,T,St 64,251.81417,-50.24944,6,0.1,,,FrenchAmateurs,,
32353,PN G356.2-01.5,c,Ro 10,265.60183,-32.95096,6,0.1,,,FrenchAmateurs,,
32354,PN G001.2-00.9,T,St 66,268.03567,-28.39386,6,0.1,,,FrenchAmateurs,,
32355,PN G326.0-00.8,c,St 65,236.73729,-55.65595,6,0.1,,,FrenchAmateurs,,
32356,PN G185.1-00.9,T,StDr 1,88.46192,24.04086,288,4.8,,,FrenchAmateurs,,
32357,PN G097.7+03.4,c,StDr 3,322.99729,56.22098,120,2,2,,FrenchAmateurs,,
32358,PN G071.2-04.7,c,StDr 5,307.22604,30.73528,84,1.4,,,FrenchAmateurs,,
32359,PN G074.8+02.9,T,StDr 6,301.99408,38.03625,6,0.1,,,FrenchAmateurs,,
32362,PN G306.9+03.8,c,StDr 9,200.60413,-58.86695,264,4.4,1.33,,FrenchAmateurs,,
32363,PN G303.8+03.4,c,StDr 10,194.5015,-59.45205,120,2,,,FrenchAmateurs,,
32364,PN G069.4-03.8,T,StDr 11,305.20958,29.83086,84,1.4,,,FrenchAmateurs,,
32365,PN G047.3+01.2,L,StDr 14,288.43875,13.36944,35,0.583,,,FrenchAmateurs,,
32366,PN G095.8+04.9,c,StDr 15,318.77883,55.93128,300,5,1.32,,FrenchAmateurs,,
32368,PN G344.5+00.6,c,StRo 1,254.97746,-41.34511,6,0.1,,,FrenchAmateurs,,
32369,PN G209.3-20.9,c,Za 2,82.59042,-6.35379,36,0.6,,,FrenchAmateurs,,
32370,PN G017.2+01.2,c,Dr Objet 2,274.3925,-13.41502,66,1.1,,,FrenchAmateurs,,
32373,PN G265.3+11.3,c,Dr Objet 6,144.34921,-36.98961,378,6.3,,,FrenchAmateurs,,
32375,PN G172.2+04.0,c,Mo Objet 13,85.66979,37.66349,12,0.2,2,,FrenchAmateurs,,
32376,PN G281.7-05.9,c,Mo Objet 14,145.48212,-60.66105,18,0.3,1.5,,FrenchAmateurs,,
32377,PN G280.4-01.8,c,Mo Objet 15,148.66704,-56.70897,360,6,1.58,,FrenchAmateurs,,
32378,PN G301.0+01.0,c,Mo Objet 16,188.71783,-61.78366,12,0.2,,,FrenchAmateurs,,
32379,PN G319.2+00.9,c,Mo Objet 2,224.74075,-57.89424,18,0.3,,,FrenchAmateurs,,
32380,PN G343.5+03.9,c,Pre Objet 9,250.85262,-40.07545,120,2,1.18,,FrenchAmateurs,,
32381,PN G105.9+06.0,c,Ra Objet 1,332.3625,63.41472,108,1.8,3,,FrenchAmateurs,,
32383,PN G270.3-02.1,c,St Objet 7,135.85608,-49.95999,6,0.1,0.17,,FrenchAmateurs,,
32384,PN G316.6+00.8,L,St Objet 8,220.21933,-59.16838,24,0.4,,,FrenchAmateurs,,
32385,PN G253.1+01.4,c,St Objet 9,125.33025,-34.1984,96,1.6,1.14,,FrenchAmateurs,,
32386,PN G253.1+02.6,c,St Objet 10,126.49842,-33.50136,60,1,,,FrenchAmateurs,,
32387,PN G262.4-03.6,c,St Objet 11,126.92921,-44.71542,18,0.3,3,,FrenchAmateurs,,
32388,PN G241.2+01.1,c,St Objet 12,117.67854,-24.32747,12,0.2,2,,FrenchAmateurs,,
32389,PN G243.0+00.9,c,St Objet 13,118.5775,-26.0311,24,0.4,,,FrenchAmateurs,,
32390,PN G294.0-02.5,c,St Objet 14,172.22775,-63.97417,12,0.2,,,FrenchAmateurs,,
32391,PN G095.3+00.2,T,Alba-1,323.78271,52.19232,33,0.55,1.94,,FrenchAmateurs,,
32393,PN G069.8+03.2,c,StDr Objet 3,298.54179,33.97936,12,0.2,,,FrenchAmateurs,,
32394,PN G210.5+01.3,c,StDr Objet 4,102.90246,2.72169,960,16,,,FrenchAmateurs,,
32395,PN G196.6-02.7,c,StDr Objet 5,92.74096,13.22532,72,1.2,1.5,,FrenchAmateurs,,
32397,PN G296.5-14.8,c,Su Objet 3,165.6795,-76.29117,150,2.5,6.25,,FrenchAmateurs,,
32403,PN G091.0-06.3,T,Sh2-123,325.56468,44.46787,904,15.067,1.18,,FrenchAmateurs,,
32425,PN G004.0-04.6,L,Pa J1812.9-2741,273.24108,-27.69911,50.5,0.842,,,DSHPNe,,
32431,PN G023.6+05.0,c,Pa J1816.4-0557,274.1125,-5.95381,15,0.25,1,,DSHPNe,,
32437,PN G350.4-13.4,c,Pa J1822.1-4341,275.53583,-43.68975,20,0.333,1,,DSHPNe,,
32445,PN G014.4-04.4,c,Pa J1833.1-1826,278.29571,-18.43881,10,0.167,1,,DSHPNe,,
32446,PN G005.0-09.4,c,Pa J1834.4-2903,278.60021,-29.05097,10,0.167,1,,DSHPNe,,
32449,PN G031.7+02.7,c,Pa J1839.6-0011,279.90083,0.19806,15,0.25,1,,DSHPNe,,
32455,PN G042.1+02.1,c,Pa J1900.7+0907,285.175,9.11861,15,0.25,1,,DSHPNe,,
32459,PN G038.4-01.5,L,Pa J1906.9+0413,286.74875,4.23025,15,0.25,0.6,,DSHPNe,,
32460,PN G055.8+07.2,c,Pa J1907.4+2342,286.85333,23.70169,10,0.167,1,,DSHPNe,,
32483,PN G070.5-08.9,c,Pa J2042.6+2745,310.66333,27.765,510,8.5,1,,DSHPNe,,
32488,PN G309.3-17.0,c,PaHa 2,224.84454,-78.33029,900,15,,,DSHPNe,,
32489,PN G056.6-00.8,T,StDr 30,294.94983,20.56946,64,1.067,,,FrenchAmateurs,,
32492,PN G326.0-02.9,c,MulPa 1,239.29542,-57.22233,6,0.1,,,FrenchAmateurs,,
32493,PN G158.3-05.6a,T,Sh 2-215,64.36583,42.6012,252,4.2,2.8,,FrenchAmateurs,,
32494,PN G273.4+00.7,T,Pa 168,142.60417,-50.27517,6,0.1,,,FrenchAmateurs,,
32495,PN G286.3-01.0,T,Pa 169,158.61579,-59.47967,6,0.1,,,FrenchAmateurs,,
32496,PN G293.7-03.3,T,Pa 170,170.89917,-64.65708,6,0.1,,,FrenchAmateurs,,
32497,PN G297.9+05.7,c,Pa 171,183.80917,-56.72561,72,1.2,,,FrenchAmateurs,,
32499,PN G302.8-01.0,T,Pa 173,192.65829,-63.91578,6,0.1,,,FrenchAmateurs,,
32500,PN G308.5-01.4,c,Pa 174,205.5925,-63.75944,6,0.1,,,FrenchAmateurs,,
32501,PN G312.2-02.1,c,Pa 175,214.0475,-63.50572,6,0.1,,,FrenchAmateurs,,
32502,PN G315.1-00.9,c,Pa 176,219.0925,-61.35364,6,0.1,,,FrenchAmateurs,,
32503,PN G319.0+01.4,c,Pa 177,223.90625,-57.46728,6,0.1,,,FrenchAmateurs,,
32506,PN G319.5-01.1,T,PrePa 3,227.235,-59.55444,6,0.1,,,FrenchAmateurs,,
32507,PN G321.0-02.2,c,Pa 181,230.95417,-59.68064,6,0.1,,,FrenchAmateurs,,
32508,PN G333.9-01.6,c,Pa 182,247.54,-50.87089,6,0.1,,,FrenchAmateurs,,
32509,PN G337.6-01.7,L,Pa 183,251.50417,-48.16731,6,0.1,,,FrenchAmateurs,,
32510,PN G338.4-04.3,c,Pa 184,255.25833,-49.15269,6,0.1,,,FrenchAmateurs,,
32511,PN G340.6-03.6,c,Pa 185,256.37354,-47.02994,6,0.1,,,FrenchAmateurs,,
32512,PN G339.8-04.4,c,Pa 186,256.655,-48.09069,6,0.1,,,FrenchAmateurs,,
32513,PN G340.0-04.3,c,Pa 187,256.74933,-47.98483,6,0.1,,,FrenchAmateurs,,
32514,PN G348.9-02.2,c,Pa 188,261.45,-39.44228,6,0.1,,,FrenchAmateurs,,
32515,PN G001.3+05.6,c,Pa 189,261.83029,-24.73447,6,0.1,,,FrenchAmateurs,,
32516,PN G354.6+01.0,c,Pa 190,261.99958,-32.90281,6,0.1,,,FrenchAmateurs,,
32517,PN G354.4+00.6,c,Pa 192,262.28325,-33.27513,72,1.2,1.33,,FrenchAmateurs,,
32518,PN G348.8-04.1,c,Pa 193,263.51142,-40.546,6,0.1,,,FrenchAmateurs,,
32519,PN G005.3+05.2,c,Pa 194,264.58521,-21.67456,6,0.1,,,FrenchAmateurs,,
32520,PN G002.7+03.3,c,Pa 195,264.88783,-24.81247,6,0.1,,,FrenchAmateurs,,
32521,PN G357.4-01.8,c,Pa 196,266.70617,-32.09236,6,0.1,,,FrenchAmateurs,,
32522,PN G002.6+00.9,c,PaMo 2,266.99958,-26.21064,6,0.1,,,FrenchAmateurs,,
32523,PN G353.1-06.2,c,Pa 198,268.65292,-37.99608,6,0.1,,,FrenchAmateurs,,
32524,PN G354.0-05.8a,c,Pa 199,268.85,-37.00944,6,0.1,,,FrenchAmateurs,,
32525,PN G358.6-03.5,c,Pa 200,269.12208,-31.94553,6,0.1,,,FrenchAmateurs,,
32526,PN G000.3-03.0,T,Pa 201,269.66971,-30.16728,6,0.1,,,FrenchAmateurs,,
32527,PN G000.4-05.6,c,Pa 202,272.28729,-31.398,6,0.1,,,FrenchAmateurs,,
32528,PN G003.2-04.3,c,PaMo 3,272.56292,-28.258,6,0.1,,,FrenchAmateurs,,
32529,PN G003.5-05.0,c,Pa 197,273.44225,-28.39883,6,0.1,,,FrenchAmateurs,,
32530,PN G093.1+05.3,c,Pa 180,315.00092,54.30307,60,1,,,FrenchAmateurs,,
32531,PN G319.8+01.0,L,Pre 67,225.53046,-57.42253,6,0.1,,,FrenchAmateurs,,
32533,PN G353.7-00.7,c,Ra 72,263.27821,-34.63783,6,0.1,,,FrenchAmateurs,,
32534,PN G322.6-00.3,c,Ro 7,231.47942,-57.21651,6,0.1,,,FrenchAmateurs,,
32535,PN G323.6+00.3,c,Ro 8,232.06158,-56.05279,6,0.1,,,FrenchAmateurs,,
32536,PN G325.1-00.2,c,Ro 9,235.00583,-55.72356,6,0.1,,,FrenchAmateurs,,
32539,PN G233.0+03.5,L,StDr 20,115.57854,-16.14476,360,6,,,FrenchAmateurs,,
32540,PN G282.4-00.2,c,StDr 21,153.21454,-56.70712,6,0.1,,,FrenchAmateurs,,
32541,PN G297.4+05.5,c,StDr 22,182.77904,-56.84616,54,0.9,,,FrenchAmateurs,,
32542,PN G307.1-01.1,T,StDr 23,202.36008,-63.6769,6,0.1,,,FrenchAmateurs,,
32543,PN G052.4+04.9,T,StDr 24,287.36942,19.58727,25,0.417,,,FrenchAmateurs,,
32544,PN G057.4+01.2,T,StDr 25,293.45808,22.25154,24,0.4,,,FrenchAmateurs,,
32545,PN G054.3-03.8,T,StDr 26,296.54542,17.10253,12,0.2,,,FrenchAmateurs,,
32547,PN G054.4+03.9,T,StDr 28,289.35462,20.87533,120,2,,,FrenchAmateurs,,
32548,PN G065.4+20.2,L,StDr 29,277.25875,37.33482,300,5,,,FrenchAmateurs,,
32549,PN G355.5+48.2,c,Su 6,224.80042,-1.09891,6,0.1,,,FrenchAmateurs,,
32550,PN G297.8+06.5,c,Pa Objet 1,183.77125,-55.93803,6,0.1,,,FrenchAmateurs,,
32551,PN G345.0-05.2,c,Pa Objet 2,261.99733,-44.37561,6,0.1,,,FrenchAmateurs,,
32552,PN G354.4-02.2,c,Pa Objet 3,265.20625,-34.86611,6,0.1,,,FrenchAmateurs,,
32553,PN G359.7-02.4,c,Pa Objet 4,268.69008,-30.42763,12,0.2,,,FrenchAmateurs,,
32554,PN G287.6-02.7,c,Pre Objet 10,159.20921,-61.5772,36,0.6,2,,FrenchAmateurs,,
32555,PN G185.7-00.8,c,StDr Objet 7,88.82404,23.56741,84,1.4,,,FrenchAmateurs,,
32556,PN G193.8+01.0,c,StDr Objet 8,94.87258,17.38239,108,1.8,1.2,,FrenchAmateurs,,
32557,PN G235.0-00.8,T,StDr Objet 9,112.56933,-19.98956,660,11,,,FrenchAmateurs,,
32558,PN G297.3+00.5,c,StDr Objet 10,181.00096,-61.77978,12,0.2,2,,FrenchAmateurs,,
32559,PN G039.6-02.3,c,StDr Objet 11,288.05417,4.90451,78,1.3,1.63,,FrenchAmateurs,,
32560,PN G031.0+02.8,c,StDr Objet 13,279.46854,-0.34841,1380,23,,,FrenchAmateurs,,
32562,PN G077.8+04.9,c,StDr Objet 15,301.95362,41.65867,72,1.2,,,FrenchAmateurs,,
32564,PN G318.4+31.0,c,,208.20208,-29.99772,30,0.5,1.88,,ziggy,,
32567,PN G107.1-14.9,c,DrBl 1,350.90058,45.21776,78,1.3,,,FrenchAmateurs,,
32568,PN G048.7+01.4,c,EMol 1,288.84825,14.72043,6,0.1,,,FrenchAmateurs,,
32570,PN G038.0+01.8,c,RaMulMo 1,283.55142,5.44525,6,0.1,,,FrenchAmateurs,,
32571,PN G037.3-02.2,c,RaPas 1,286.88708,2.94083,6,0.1,,,FrenchAmateurs,,
32572,PN G037.5-02.3,c,RaPas 2,287.05392,2.99686,6,0.1,,,FrenchAmateurs,,
32573,PN G286.0+14.2,c,Ras 3,169.16454,-45.521,6,0.1,,,FrenchAmateurs,,
32574,PN G286.5+15.7,c,Ras 4,170.62983,-44.29617,18,0.3,1.5,,FrenchAmateurs,,
32575,PN G287.1+15.5,c,Ras 5,171.20212,-44.68314,24,0.4,1.33,,FrenchAmateurs,,
32576,PN G287.6+14.7,c,Ras 6,171.49783,-45.57561,6,0.1,,,FrenchAmateurs,,
32577,PN G291.6+17.4,c,Ras 7,177.78908,-44.10314,54,0.9,1.29,,FrenchAmateurs,,
32578,PN G292.0+16.0,c,Ras 8,177.86971,-45.56392,18,0.3,,,FrenchAmateurs,,
32579,PN G292.1+16.4,c,Ras 9,178.06208,-45.20628,12,0.2,2,,FrenchAmateurs,,
32580,PN G015.9+01.6,T,StDr 31,273.47888,-14.28526,660,11,2.39,,FrenchAmateurs,,
32581,PN G200.6-00.7,c,StDr 32,96.47496,10.55245,396,6.6,,,FrenchAmateurs,,
32582,PN G201.6+03.9,L,StDr 33,101.21729,11.81897,126,2.1,3.5,,FrenchAmateurs,,
32583,PN G047.1+02.0,T,StDr 34,287.60008,13.53939,36,0.6,,,FrenchAmateurs,,
32584,PN G125.0-07.9,c,StDr 35,16.55171,54.90317,960,16,1.6,,FrenchAmateurs,,
32585,PN G140.2+03.7,c,StDr 36,51.09508,61.34447,312,5.2,,,FrenchAmateurs,,
32586,PN G177.2-00.2,c,StDr 37,84.43358,31.15486,108,1.8,,,FrenchAmateurs,,
32587,PN G226.6-10.6,c,StDr 38,99.38496,-16.97522,102,1.7,2.13,,FrenchAmateurs,,
32588,PN G223.5-03.1,c,StDr 39,104.88571,-10.87064,540,9,,,FrenchAmateurs,,
32589,PN G241.2+01.0,c,StDr 40,117.6295,-24.44404,330,5.5,1.83,,FrenchAmateurs,,
32590,PN G335.0+04.7,c,StDr 41,241.94433,-45.55311,240,4,,,FrenchAmateurs,,
32591,PN G064.8-03.8,T,StDr 42,302.36529,25.99397,84,1.4,,,FrenchAmateurs,,
32593,PN G220.9-00.8,c,StDr 44,105.77608,-7.52928,1260,21,1.62,,FrenchAmateurs,,
32594,PN G049.8+02.0,L,StDr 45,288.89383,15.93583,156,2.6,,,FrenchAmateurs,,
32595,PN G133.2-00.9,T,StDr 46,33.89425,60.18358,66,1.1,,,FrenchAmateurs,,
32596,PN G253.7+19.4,T,StDr 47,141.88108,-23.37622,270,4.5,,,FrenchAmateurs,,
32597,PN G247.0+01.0,c,StDr 48,121.04475,-29.36597,180,3,,,FrenchAmateurs,,
32598,PN G025.6-08.3,c,StDr 49,287.08162,-10.30493,540,9,,,FrenchAmateurs,,
32599,PN G324.8+00.8,c,StDr 50,233.37,-54.93889,510,8.5,1.42,,FrenchAmateurs,,
32600,PN G014.1-00.7,L,BMP J1819-1659,274.79854,-16.98997,35,0.583,,,FrenchAmateurs,,
32601,PN G012.4+02.5,c,StDr 52,270.85721,-16.88479,144,2.4,,,FrenchAmateurs,,
32602,PN G105.4-03.3,L,StDr 53,341.22783,55.15711,18,0.3,,,FrenchAmateurs,,
32603,PN G339.5-09.2,c,Pre Objet 11,262.48283,-51.08424,24,0.4,,,FrenchAmateurs,,
32604,PN G288.0+16.3,c,Ras Objet 3,172.79979,-44.17303,24,0.4,1.33,,FrenchAmateurs,,
32605,PN G132.1-01.3,c,StDr Objet 16,31.70267,60.17698,24,0.4,,,FrenchAmateurs,,
32606,PN G155.6+10.4,c,StDr Objet 17,80.78767,55.04327,900,15,,,FrenchAmateurs,,
32610,PN G019.4-01.6,L,Mul 14,278.15209,-12.76725,6,0.1,,,FrenchAmateurs,,
32611,PN G026.5+02.0,L,Mul 13,278.1329,-4.76981,6,0.1,,,FrenchAmateurs,,
32619,PN G021.3-05.0,c,2MASS J18482874-1237434,282.11958,-12.62875,6,0.1,,,Weidmann2020,,
32713,PN G333.3+00.9,L,Kn J1616.2-4926,244.06792,-49.44694,9.5,0.158,,,DSHPNe_Aug2020,,
32718,PN G354.2+05.1,c,Kn J1711.1-3053,257.79208,-30.89611,20,0.333,1,,DSHPNe_Aug2020,,
32724,PN G001.5+05.3,L,Kn J1729.1-2443,262.28583,-24.71972,20,0.333,1,,DSHPNe_Aug2020,,
32728,PN G004.4+06.4,T,Kn J1731.8-2143,262.97033,-21.72603,21.5,0.358,,,DSHPNe_Aug2020,,
32732,PN G357.9+00.8,L,Kn J1737.2-3014,264.31708,-30.23639,7,0.117,,,DSHPNe_Aug2020,,
32743,PN G003.4+01.0,L,Kn J1749.6-2526,267.41917,-25.43917,2,0.033,,,DSHPNe_Aug2020,,
32792,PN G006.0-02.2,T,StDr102,272.01525,-24.84975,4,0.067,,,ziggy,,
32796,PN G328.1-01.9a,T,qparker-1,240.98125,-55.11694,9,0.15,,,qparker,,
32802,PN G238.8+00.9,c,DoS 1,116.23642,-22.44464,6,0.1,,,FrenchAmateurs,,
32803,PN G241.0+03.1,c,DoS 2,119.55021,-23.20975,78,1.3,,,FrenchAmateurs,,
32804,PN G285.1-06.8,c,DoS 3,149.92817,-63.61796,6,0.1,,,FrenchAmateurs,,
32805,PN G045.0-21.9,c,DoS 4,307.81229,0.14106,240,4,1.6,,FrenchAmateurs,,
32806,PN G002.6-01.0,c,EMol 2,268.959,-27.23592,6,0.1,,,FrenchAmateurs,,
32807,PN G007.5+01.1,c,EMol 3,269.59696,-21.84128,6,0.1,,,FrenchAmateurs,,
32808,PN G013.8-01.6,c,EMol 4,275.44963,-17.69317,6,0.1,,,FrenchAmateurs,,
32809,PN G266.3-01.6,c,Mo 35,132.53471,-46.68355,6,0.1,,,FrenchAmateurs,,
32810,PN G272.1-03.1,c,Mo 36,136.66771,-52.11161,18,0.3,1.5,,FrenchAmateurs,,
32811,PN G310.9+00.8,c,Mo 37,209.60808,-60.96397,6,0.1,,,FrenchAmateurs,,
32812,PN G312.2-01.1,c,Mo 38,213.47492,-62.50747,6,0.1,,,FrenchAmateurs,,
32813,PN G355.8+10.1,c,Mo 39,254.29625,-26.54964,6,0.1,,,FrenchAmateurs,,
32814,PN G034.3+01.9,c,Mo 40,281.83383,2.17324,24,0.4,1.33,,FrenchAmateurs,,
32815,PN G146.7+03.1,c,MoMi 1,60.54613,56.90804,6,0.1,,,FrenchAmateurs,,
32816,PN G322.1-05.2,c,Mul 12,236.13854,-61.44254,6,0.1,,,FrenchAmateurs,,
32817,PN G332.5+00.0,L,Mul 15,244.10262,-50.6782,6,0.1,,,FrenchAmateurs,,
32819,PN G275.5-03.7,c,MulLDu 1,139.835,-54.94419,6,0.1,,,FrenchAmateurs,,
32820,PN G048.3+01.0,c,MulLDu 2,289.06246,14.16059,6,0.1,,,FrenchAmateurs,,
32821,PN G024.5-02.3,L,MulPre 1,281.11308,-8.51378,6,0.1,,,FrenchAmateurs,,
32822,PN G318.0+00.5,L,MulPre 2,223.02771,-58.73389,6,0.1,,,FrenchAmateurs,,
32823,PN G324.0-00.2,c,MulPre 3,233.36121,-56.28828,6,0.1,,,FrenchAmateurs,,
32824,PN G276.6-00.0,T,MulPre 4,145.52654,-53.00099,6,0.1,,,FrenchAmateurs,,
32825,PN G272.1-02.0,T,MulPreLDu 1,137.989,-51.24028,6,0.1,,,FrenchAmateurs,,
32829,PN G328.3-09.3,c,Pre 70,251.09613,-60.09414,240,4,1.33,,FrenchAmateurs,,
32830,PN G035.2-01.6,L,Ra 73,285.38308,1.34475,6,0.1,,,FrenchAmateurs,,
32831,PN G289.2-01.4,c,Ra 74,163.52917,-61.13889,6,0.1,,,FrenchAmateurs,,
32832,PN G294.9+03.5,c,Ra 75,177.55167,-58.36786,6,0.1,,,FrenchAmateurs,,
32833,PN G299.9-04.5,c,Ra 76,185.15721,-67.24694,6,0.1,,,FrenchAmateurs,,
32834,PN G300.1-00.5,c,Ra 77,186.62083,-63.31639,12,0.2,,,FrenchAmateurs,,
32835,PN G307.1-02.1,c,Ra 78,202.65583,-64.71128,6,0.1,,,FrenchAmateurs,,
32836,PN G334.7+02.7,c,Ra 79,243.63579,-47.23386,6,0.1,,,FrenchAmateurs,,
32837,PN G339.3+00.5,c,Ra 80,250.58429,-45.37781,6,0.1,,,FrenchAmateurs,,
32838,PN G356.8-01.4,c,Ra 81,265.93625,-32.43436,6,0.1,,,FrenchAmateurs,,
32839,PN G063.0+00.7,T,RaEMol 1,296.96929,26.90649,6,0.1,,,FrenchAmateurs,,
32840,PN G075.7-14.4,c,StDr 54,319.15163,28.17209,960,16,,,FrenchAmateurs,,
32841,PN G127.4+01.4,c,StDr 55,23.16154,63.99177,300,5,,,FrenchAmateurs,,
32842,PN G141.8-29.9,c,StDr 56,31.82254,30.08664,2640,44,1.22,,FrenchAmateurs,,
32843,PN G195.5-03.0,c,StDr 58,91.99675,14.00111,120,2,,,FrenchAmateurs,,
32844,PN G196.9-01.5,c,StDr 59,94.033,13.48799,4428,73.8,,,FrenchAmateurs,,
32845,PN G040.7+03.8,c,StDr 60,282.98117,8.6703,60,1,1.11,,FrenchAmateurs,,
32847,PN G217.7+00.0,c,StDr 62,105.10221,-4.22092,6,0.1,,,FrenchAmateurs,,
32848,PN G227.2+01.4,c,StDr 63,110.82112,-11.98752,93.6,1.56,,,FrenchAmateurs,,
32849,PN G231.2-00.1,c,StDr 64,111.35592,-16.31106,49.8,0.83,,,FrenchAmateurs,,
32850,PN G225.8+04.2,c,StDr 65,112.664,-9.42295,198,3.3,,,FrenchAmateurs,,
32851,PN G239.6-01.0,c,StDr 66,114.80338,-24.09708,89.4,1.49,,,FrenchAmateurs,,
32852,PN G242.7-00.1,c,StDr 67,117.33308,-26.35625,480,8,,,FrenchAmateurs,,
32853,PN G277.7-04.7,c,StDr 68,141.37642,-57.19544,120,2,,,FrenchAmateurs,,
32854,PN G307.9-03.4,L,StDr 69,205.13792,-65.79431,145,2.417,,,FrenchAmateurs,,
32855,PN G313.7-02.4,c,StDr 70,217.38487,-63.26588,79.8,1.33,,,FrenchAmateurs,,
32856,PN G341.5+02.1,T,StDr 71,250.84721,-42.65627,6,0.1,,,FrenchAmateurs,,
32857,PN G347.3-02.4,c,StDr 72,260.55683,-40.91182,6,0.1,,,FrenchAmateurs,,
32858,PN G355.6+01.7,c,StDr 74,262.00088,-31.72667,6,0.1,,,FrenchAmateurs,,
32859,PN G001.7+02.0,c,StDr 76,265.46846,-26.32019,6,0.1,,,FrenchAmateurs,,
32860,PN G061.8+20.9,c,StDr 81,275.05758,34.35242,1440,24,,,FrenchAmateurs,,
32861,PN G028.2+06.0,c,StDr 82,275.31217,-1.38447,42,0.7,,,FrenchAmateurs,,
32862,PN G045.6+04.0,c,StDr 83,285.04175,13.11831,25.8,0.43,,,FrenchAmateurs,,
32863,PN G044.0-02.3,c,StDr 84,290.04792,8.76622,22.8,0.38,,,FrenchAmateurs,,
32866,PN G038.1-08.5,c,StDr 87,292.79021,0.68733,19.8,0.33,,,FrenchAmateurs,,
32867,PN G058.4+00.1,c,StDr 89,295.02454,22.58739,180,3,,,FrenchAmateurs,,
32869,PN G066.7+02.4,c,StDr 91,297.41296,30.9718,66,1.1,,,FrenchAmateurs,,
32870,PN G068.0+00.7,T,StDr 92,299.916,31.23525,109.2,1.82,,,FrenchAmateurs,,
32871,PN G062.1-03.7,c,StDr 93,300.71308,23.8027,49.8,0.83,,,FrenchAmateurs,,
32872,PN G093.2+00.8,c,StDr 94,320.57029,51.22042,132,2.2,,,FrenchAmateurs,,
32873,PN G093.1-00.3,c,StDr 95,321.74921,50.31592,66,1.1,,,FrenchAmateurs,,
32874,PN G103.9-03.7,L,StDr 96,339.25104,54.04741,60,1,,,FrenchAmateurs,,
32875,PN G110.0-04.6,c,StDr 98,349.49012,55.84084,1164,19.4,,,FrenchAmateurs,,
32876,PN G114.0+04.1,c,StDr 99,351.04608,65.51456,1020,17,,,FrenchAmateurs,,
32877,PN G049.7-04.9,c,StDr 100,295.16129,12.52225,60,1,,,FrenchAmateurs,,
32878,PN G021.1+04.8,c,TanMul 1,273.06487,-8.16207,6,0.1,,,FrenchAmateurs,,
32879,PN G137.8-37.4,c,DoS Objet 1,25.74679,23.88906,30,0.5,2.5,,FrenchAmateurs,,
32880,PN G107.5+00.0,c,Gar Objet 1,341.60404,59.16033,120,2,2,,FrenchAmateurs,,
32882,PN G006.8-01.1,c,Mul Objet 7,271.31937,-23.59432,6,0.1,,,FrenchAmateurs,,
32883,PN G356.5-00.8,c,Mul Objet 8,265.10125,-32.33784,6,0.1,,,FrenchAmateurs,,
32884,PN G064.3+02.7,c,Mul Objet 9,295.70121,29.04166,6,0.1,,,FrenchAmateurs,,
32886,PN G237.7-06.8,c,Pre Objet 12,108.16754,-25.1429,54,0.9,1.29,,FrenchAmateurs,,
32889,PN G303.6+02.0,c,Ritter 23,194.25147,-60.85961,12,0.2,1,,ziggy,,
32891,PN G351.2-02.9,c,Ritter 25,263.82709,-37.9167,12,0.2,1,,ziggy,,
32893,PN G359.9-02.6a,c,Ritter 26,269.03894,-30.32847,6,0.1,1,,ziggy,,
32900,PN G278.7-28.9,T,RP 4791,92.36078,-68.65626,6,0.1,1,,ziggy,,
32904,PN G358.0+02.8,T,SP 1729-2906,262.4625,-29.1175,15,0.25,1,,ziggy,,
32905,PN G277.0-37.3,c,RP 2532,71.35,-65.92806,3,0.05,1,,ziggy,,
32906,PN G282.5-31.6,T,RP 4758,83.52033,-71.71764,6,0.1,1,,ziggy,,
32911,PN G003.3+02.9,L,SP 1742-2434,265.58846,-24.57811,5,0.083,1,,ziggy,,
32912,PN G359.2+02.6,T,SP 1734-2810,263.68425,-28.17325,4,0.067,1,,ziggy,,
32976,PN G284.6-08.1,c,FP J0948-6417,147.08904,-64.28397,840,14,,,Parker,,
32980,PN G319.7+10.0,T,PHR J1435-4925,218.76188,-49.41856,46,0.767,,,Parker,,
32989,PN G344.9+01.7,c,PHR 1656-4015,254.175,-40.25583,1000,16.667,,,ziggy,,
32990,PN G345.3+01.5,c,PHR 1659-4006,254.80417,-40.11194,300,5,,,ziggy,,
32996,PN G357.0+01.6,L,PNG357.06+01.62,263.01545,-30.55424,10.5,0.175,,,ziggy,,
33001,PN G000.3+00.9,L,PNG000.36+00.97,265.67417,-28.11053,83,1.383,,,ziggy,,
33153,PN G358.1+03.5,T,PNG358.10+03.51,261.86171,-28.63864,11.5,0.192,,,ziggy,,
33264,PN G002.0-02.3,L,PNG002.08-02.38,269.95375,-28.34989,12,0.2,,,ziggy,,
33288,PN G002.9-01.4,L,PNG002.96-01.45,269.53922,-27.12684,31,0.517,,,ziggy,,
33349,PN G359.5-03.6,L,PNG359.57-03.62,269.75725,-31.14828,55,0.917,,,ziggy,,
33358,PN G357.5-03.2,L,PNG357.57-03.26,268.21158,-32.69631,54,0.9,,,ziggy,,
33362,PN G357.8-05.2,L,PNG357.87-05.25,270.45346,-33.41869,24,0.4,,,ziggy,,
33370,PN G357.6-04.8a,c,PNG357.69-04.83,269.90533,-33.37447,100,1.667,,,ziggy,,
33374,PN G358.2-04.3,L,PNG358.27-04.39,269.78887,-32.6554,41,0.683,,,ziggy,,
33408,PN G331.9-59.8,c,Bic 1,349.71371,-51.7485,12,0.2,,,Parker,,
33412,PN G206.2+00.6,c,PaRasMoMi 1,100.375,6.275,1560,26,,,Parker,,
33414,PN G073.1-03.4,c,Hu 9,307.39621,33.12547,1080,18,,,FrenchAmateurs,,
33416,PN G006.4-01.9,L,Mul 17,271.88375,-24.33831,6,0.1,,,FrenchAmateurs,,
33417,PN G341.6-03.7,c,Pa 205,257.34908,-46.27803,6,0.1,,,FrenchAmateurs,,
33418,PN G345.5-03.8,c,Pa 206,260.69408,-43.16004,6,0.1,,,FrenchAmateurs,,
33419,PN G005.8+08.2,c,Pa 207,262.11483,-19.58754,6,0.1,,,FrenchAmateurs,,
33420,PN G349.2-03.1,c,Pa 208,262.66708,-39.66124,6,0.1,,,FrenchAmateurs,,
33421,PN G350.3-03.2a,c,Pa 209,263.60375,-38.82361,6,0.1,,,FrenchAmateurs,,
33422,PN G043.3+11.1,c,PaMor 1,277.52179,14.27051,336,5.6,,,FrenchAmateurs,,
33423,PN G148.4-09.1,c,PaStDr 6,50.66237,46.07604,900,15,1.5,,FrenchAmateurs,,
33425,PN G140.4-21.2,c,PaStDr 9,33.99325,38.77221,5400,90,,,FrenchAmateurs,,
33426,PN G033.7-01.3,c,RaStDr 1,284.45292,0.04914,6,0.1,,,FrenchAmateurs,,
33428,PN G156.7-07.0,c,StDr 104,61.52192,42.68899,720,12,,,FrenchAmateurs,,
33429,PN G307.5+00.4,c,StDr 105,202.67863,-62.03258,6,0.1,,,FrenchAmateurs,,
33430,PN G333.5+01.0,c,StDr 106,244.11937,-49.19261,120,2,,,FrenchAmateurs,,
33431,PN G001.4+12.6,c,StDr 107,255.67025,-20.71783,6,0.1,,,FrenchAmateurs,,
33432,PN G354.2-00.3,c,StDr 108,263.12071,-33.98425,6,0.1,,,FrenchAmateurs,,
33433,PN G016.3+04.8,c,StDr 110,270.73658,-12.41478,6,0.1,,,FrenchAmateurs,,
33435,PN G011.9-04.2,c,StDr 112,276.93462,-20.56908,6,0.1,,,FrenchAmateurs,,
33436,PN G025.3+02.2,c,StDr 113,277.36625,-5.66181,6,0.1,,,FrenchAmateurs,,
33437,PN G033.4+05.7,c,StDr 114,278.01763,3.06736,6,0.1,,,FrenchAmateurs,,
33438,PN G016.3-04.6,c,StDr 115,279.43533,-16.85161,6,0.1,,,FrenchAmateurs,,
33439,PN G019.7-03.2,c,StDr 116,279.67854,-13.17928,6,0.1,,,FrenchAmateurs,,
33440,PN G024.1-02.0,c,StDr 117,280.72325,-8.72283,6,0.1,,,FrenchAmateurs,,
33441,PN G030.6-01.5,c,StDr 118,283.20183,-2.7718,6,0.1,,,FrenchAmateurs,,
33442,PN G067.4+15.7,c,StDr 119,283.40229,37.48739,600,10,,,FrenchAmateurs,,
33443,PN G067.9+14.6,c,StDr 120,284.85746,37.50731,600,10,,,FrenchAmateurs,,
33444,PN G071.5+04.2,c,StDr 121,298.44733,36.03826,90,1.5,,,FrenchAmateurs,,
33445,PN G057.0-06.5,c,StDr 122,300.35492,18.03325,900,15,,,FrenchAmateurs,,
33446,PN G064.2-02.5,c,StDr 123,300.85108,26.22833,360,6,,,FrenchAmateurs,,
33448,PN G164.1+03.6,c,StDr 125,79.31454,44.18916,372,6.2,,,FrenchAmateurs,,
33449,PN G098.6+06.4,c,StDr 126,320.26763,59.02535,180,3,,,FrenchAmateurs,,
33450,PN G298.2+18.2,T,StDr 127,186.63362,-44.35323,42,0.7,,,FrenchAmateurs,,
33452,PN G248.9+13.7,c,StDr 129,133.8765,-23.57881,180,3,,,FrenchAmateurs,,
33453,PN G228.0+06.8,c,StDr 130,116.04929,-10.14481,780,13,,,FrenchAmateurs,,
33454,PN G257.4+19.5,c,StDr 131,144.56679,-25.77119,1500,25,,,FrenchAmateurs,,
33455,PN G067.0+07.0,c,StDr 132,292.86208,33.45655,240,4,,,FrenchAmateurs,,
33456,PN G086.6-04.6,c,StDr 133,319.42029,42.70995,168,2.8,,,FrenchAmateurs,,
33457,PN G355.0+04.3,c,StDr 134,259.05588,-30.65125,156,2.6,,,FrenchAmateurs,,
33458,PN G015.5-07.8,c,StDr 135,282.0535,-19.01468,240,4,,,FrenchAmateurs,,
33459,PN G354.0-08.8,c,StDr 136,272.17088,-38.49358,120,2,,,FrenchAmateurs,,
33460,PN G152.0-09.5,T,StDr 138,54.48233,43.7377,720,12,1.26,,FrenchAmateurs,,
33461,PN G082.3+07.2,T,StDr 139,302.54133,46.72194,162,2.7,1.13,,FrenchAmateurs,,
33462,PN G056.8-06.5,L,StDrBl 1,300.35596,17.85683,96,1.6,,,FrenchAmateurs,,
33464,PN G346.0-06.6,c,Pa Objet 5,264.40417,-44.27389,6,0.1,,,FrenchAmateurs,,
33465,PN G060.4+03.5,c,Pa Objet 6,292.86042,26.04406,6,0.1,,,FrenchAmateurs,,
33466,PN G155.3-00.5,c,StDr Objet 21,66.59854,48.33573,480,8,1.78,,FrenchAmateurs,,
33467,PN G348.0+01.8,c,StDr Objet 23,256.5555,-37.84611,6,0.1,,,FrenchAmateurs,,
33468,PN G351.2+02.9,c,StDr Objet 24,257.87092,-34.58481,6,0.1,,,FrenchAmateurs,,
33469,PN G027.6-04.3,c,StDr Objet 25,284.34812,-6.72447,6,0.1,,,FrenchAmateurs,,
33470,PN G076.2+06.2,c,StDr Objet 27,299.37462,40.97989,96,1.6,,,FrenchAmateurs,,
33471,PN G067.7-01.8,c,StDr Objet 28,302.28542,29.53531,84,1.4,,,FrenchAmateurs,,
33472,PN G064.2+02.4,c,StDr Objet 29,296.03508,28.80869,36,0.6,,,FrenchAmateurs,,
33473,PN G210.8-28.1,c,StDr Objet 30,76.58262,-10.79371,420,7,,,FrenchAmateurs,,
33475,PN G282.3-00.7a,c,Su Objet 5,152.54833,-57.00256,30,0.5,1.67,,FrenchAmateurs,,
33476,PN G285.4-02.1,c,Su Objet 6,156.14542,-59.93494,18,0.3,1.5,,FrenchAmateurs,,
33478,PN G077.4+03.8,c,Harling 1,302.91667,40.74861,19,0.317,,,Ziggy,,
33480,PN G203.8+18.5,L,StDr 140,115.83467,16.13136,414,6.9,,,FrenchAmateurs,,
33481,PN G120.4-00.0,c,MoMi 4,7.33817,62.72569,324,5.4,,,FrenchAmateurs,,
33483,PN G115.9-13.5,T,StDr 141,2.59029,48.78664,252,4.2,1.54,,FrenchAmateurs,,
33487,PN G315.7+02.2,L,Sl 1,217.65492,-58.16111,6.7,0.112,,,FrenchAmateurs,,
33488,PN G259.6-32.0,c,PaStDr 10,84.65342,-52.28181,3300,55,,,FrenchAmateurs,,
33489,PN G210.0+36.4,c,PaEl 1,135.26383,17.8989,480,8,,,FrenchAmateurs,,
33490,PN G337.0-03.1,c,Sl 2,252.50625,-49.51432,30,0.5,1.25,,FrenchAmateurs,,
33491,PN G285.9+00.0,c,MoMi 5,159.1555,-58.30165,12,0.2,,,FrenchAmateurs,,
33496,PN G310.8-05.5,L,MPA J1413-6709,213.4958,-67.1556,5,0.083,,,ziggy,,
33499,PN G320.2-02.4,c,BMP J1518-6016,229.65,-60.2789,30,0.5,,,ziggy,,
33501,PN G347.2+01.2,T,MPA J1706-3848,256.50796,-38.80995,10,0.167,,,ziggy,,
33503,PN G022.7-05.4,L,MPA J1852-1128,283.09379,-11.47444,6,0.1,,,ziggy,,
33510,PN G350.5-02.6,T,BMP J1732-3817,263.05,-38.28639,45,0.75,,,ziggy,,
33515,PN G332.8-02.5,L,MPA J1629-5215,247.38388,-52.25946,9,0.15,,,ziggy,,
33519,PN G327.0-04.7,L,BMP J1611-5752,242.875,-57.87722,54,0.9,,,ziggy,,
33520,PN G281.2+20.7,c,StDr 142,166.90933,-37.70373,780,13,,,FrenchAmateurs,,
33521,PN G013.0-39.1,c,StDr 143,314.01488,-31.49387,3180,53,,,FrenchAmateurs,,
33522,PN G179.2-01.6,c,StDr 144,84.35313,28.71103,960,16,,,FrenchAmateurs,,
33523,PN G321.9-04.1,c,StDr 145,234.49321,-60.77633,138,2.3,,,FrenchAmateurs,,
33524,PN G089.8+02.9,c,StDr 146,314.58004,50.202,180,3,,,FrenchAmateurs,,
33525,PN G358.6+09.0,c,StDr 147,257.03946,-25.04497,3030,50.5,,,FrenchAmateurs,,
33526,PN G055.7-04.2,c,StDr 148,297.67958,18.1117,54,0.9,,,FrenchAmateurs,,
33527,PN G064.7+00.9,c,StDr 149,297.69442,28.43633,132,2.2,,,FrenchAmateurs,,
33528,PN G063.8+00.4,c,StDr 150,297.74371,27.46237,120,2,,,FrenchAmateurs,,
33529,PN G304.6+24.1,c,StDr 151,194.91467,-38.7095,3240,54,,,FrenchAmateurs,,
33530,PN G306.2+25.8,c,StDr 152,196.60354,-36.93655,600,10,,,FrenchAmateurs,,
33531,PN G014.6+00.7,c,StDr 153,273.61192,-15.89126,150,2.5,,,FrenchAmateurs,,
33532,PN G196.7-02.7,c,StDr 154,92.86792,13.08706,132,2.2,,,FrenchAmateurs,,
33533,PN G203.1-00.3,c,StDr 155,98.10242,8.53652,810,13.5,,,FrenchAmateurs,,
33534,PN G012.0+00.0,c,StDr 156,272.91733,-18.50323,600,10,,,FrenchAmateurs,,
33535,PN G243.6-04.4,c,StDr 157,113.60242,-29.21355,240,4,,,FrenchAmateurs,,
33536,PN G334.3-12.1,c,Pre 72,262.01392,-56.98936,558,9.3,1.86,,FrenchAmateurs,,
33537,PN G335.2-12.1,c,Pre Objet 13,263.04338,-56.22217,348,5.8,2.15,,FrenchAmateurs,,
33538,PN G248.4+04.5,c,Pre Objet 14,125.32292,-28.65139,42,0.7,,,FrenchAmateurs,,
33539,PN G317.5+00.5,c,Pre 73,222.15417,-58.91417,6,0.1,,,FrenchAmateurs,,
33540,PN G235.7-08.0,c,Pre Objet 15,105.97125,-23.91208,300,5,,,FrenchAmateurs,,
33541,PN G014.7+00.8,L,StMul 1,273.60821,-15.69283,7,0.117,,,FrenchAmateurs,,
33542,PN G004.5-01.7,c,StMul 2,270.6465,-25.89023,6,0.1,,,FrenchAmateurs,,
33543,PN G018.0+03.1,c,StDr 158,273.09225,-11.66864,810,13.5,,,FrenchAmateurs,,
33545,PN G086.4+07.6,T,StDr 159,305.42225,50.30848,108,1.8,,,FrenchAmateurs,,
33546,PN G038.3-02.7,T,StDr 160,287.78275,3.54931,24,0.4,,,FrenchAmateurs,,
33547,PN G037.8-03.4,c,Sai 1,288.16179,2.77937,6,0.1,,,FrenchAmateurs,,
33548,PN G038.4-03.0,c,StDr Objet 32,288.10058,3.50192,1080,18,,,FrenchAmateurs,,
33549,PN G332.2+25.0,c,PaStDr Objet 1,223.86921,-30.69907,930,15.5,,,FrenchAmateurs,,
33551,PN G283.3-29.6,L,Mul 19,89.85679,-72.64564,2,0.033,,,FrenchAmateurs,,
33556,PN G184.4+05.4,L,StDr 163,94.31746,27.77692,240,4,,,FrenchAmateurs,,
33557,PN G063.2-02.6,L,StDr 164,300.30708,25.32637,186,3.1,,,FrenchAmateurs,,
33558,PN G069.3+04.7,L,StDr 165,296.58596,34.39401,48,0.8,,,FrenchAmateurs,,
33559,PN G088.6+07.2,T,StDr 166,307.97625,51.90241,18,0.3,,,FrenchAmateurs,,
33561,PN G322.6-03.2,L,StDrLu 1,234.51721,-59.59038,480,8,,,FrenchAmateurs,,
33562,PN G126.0-02.7,L,MoMiJi 1,19.18608,60.01464,300,5,,,FrenchAmateurs,,
33564,PN G068.9+05.5,c,Cop 1,295.488,34.37346,192,3.2,,,FrenchAmateurs,,
33565,PN G059.0+01.1,L,Cop 2,294.34142,23.60379,60,1,,,FrenchAmateurs,,
33569,PN G081.6-17.5,L,El 1,326.272,29.99976,144,2.4,,,FrenchAmateurs,,
33571,PN G133.7-31.4,L,Maa 2,23.60033,30.52161,28,0.467,,,FrenchAmateurs,,
33572,PN G252.7-10.4,L,Lu 1,112.30725,-40.04142,240,4,,,FrenchAmateurs,,
33574,PN G042.5-25.7,T,JeWeKi 1,309.99792,-3.68806,50,0.833,,,ziggy,,
33576,PN G262.3+13.6,c,StDrMoMi 1,143.7025,-33.31333,180,3,,,FrenchAmateurs,,
33578,PN G088.3+06.8,c,EkGo 2,308.17313,51.49393,6,0.1,,,FrenchAmateurs,,
33580,PN G122.0-22.5,c,StDrSai Objet 1,11.75,40.35,7200,120,,,FrenchAmateurs,,
33581,PN G277.5-36.1,c,Bish 1,73.84558,-66.69011,12,0.2,,,FrenchAmateurs,,
33582,PN G277.2-36.3,c,Bish 2,73.56038,-66.40486,18,0.3,,,FrenchAmateurs,,
33583,PN G194.0-00.5,c,Cop 3,93.53025,16.48853,12,0.2,,,FrenchAmateurs,,
33584,PN G321.9-02.0,c,StDrLu 2,232.09125,-58.97443,6,0.1,,,FrenchAmateurs,,
33585,PN G322.2-02.7,c,StDrLu 3,233.35458,-59.45157,72,1.2,,,FrenchAmateurs,,
33586,PN G321.5-04.1,c,StDrLu 4,233.881,-60.931,18,0.3,,,FrenchAmateurs,,
33587,PN G321.5-04.3,c,StDrLu 5,234.018,-61.08489,252,4.2,1.4,,FrenchAmateurs,,
33588,PN G322.4-04.2,c,StDrLu 6,235.448,-60.466,72,1.2,,,FrenchAmateurs,,
33589,PN G322.1-05.5,c,StDrLu 7,236.54167,-61.68941,78,1.3,,,FrenchAmateurs,,
33595,PN G248.6-04.0,c,RebZva 1,116.91579,-33.40564,78,1.3,,,FrenchAmateurs,,
33596,PN G344.1-01.3,L,Sl 3,256.822,-42.78998,3.2,0.053,,,FrenchAmateurs,,
33597,PN G300.7-02.1,L,Sl 4,187.63221,-64.95798,84,1.4,,,FrenchAmateurs,,
33598,PN G299.5-07.2,T,Bic 2,182.99025,-69.80928,12,0.2,,,FrenchAmateurs,,
33600,PN G040.1-01.9,L,Cop 5,287.856,5.52047,6,0.1,,,FrenchAmateurs,,
33602,PN G299.6-42.7,T,Pi 1,21.66671,-74.171,12,0.2,,,FrenchAmateurs,,
33603,PN G307.8-19.7,L,PaMor 2,225.26333,-81.41264,30,0.5,,,FrenchAmateurs,,
33604,PN G184.7+02.5,c,Br 1,91.57654,26.15731,6,0.1,,,FrenchAmateurs,,
33605,PN G345.0-01.6,c,MPA J1711-4220,257.90263,-42.34461,20,0.333,,,ziggy,,
33610,PN G158.1-03.3,c,Br 2,66.47438,44.31886,12,0.2,,,FrenchAmateurs,,
33615,PN G016.2-02.5,c,MPA J1829-1557,277.4175,-15.95806,50,0.833,,,ziggy,,
33620,PN G032.0+00.0,c,BMP J1849-0044,282.39083,-0.73917,20,0.333,,,ziggy,,
33626,PN G279.4-35.4,c,RP XXXX,74.39792,-68.36778,100,1.667,,,ziggy,,
33632,PN G219.6-01.3,c,Fal Objet 1,104.70946,-6.55911,2820,47,,,FrenchAmateurs,,
33634,PN G071.5-03.5,T,Cop 7,306.3705,31.71886,12,0.2,,,FrenchAmateurs,,
33636,PN G321.0-03.8a,c,StDrLu 8,232.59346,-61.03047,10.8,0.18,,,FrenchAmateurs,,
33637,PN G323.3-06.9,T,StDr 167,240.38317,-61.99939,72,1.2,,,FrenchAmateurs,,
33638,PN G211.8+04.7,c,StDr 168,106.56479,3.10521,240,4,1.18,,FrenchAmateurs,,
33639,PN G231.4-04.4,c,StDr 169,107.37625,-18.52906,30,0.5,1.25,,FrenchAmateurs,,
33640,PN G019.9+08.6,c,KinPau 1,269.1235,-7.38025,1200,20,2.67,,FrenchAmateurs,,
33641,PN G181.0-06.4,T,Br 3,81.00517,24.56275,18,0.3,,,FrenchAmateurs,,
33643,PN G336.7+01.2,T,StDr 170,247.32917,-46.80811,6,0.1,,,FrenchAmateurs,,
33644,PN G244.9-12.5,L,Fal 1,105.83958,-34.06258,600,10,,,FrenchAmateurs,,
33645,PN G046.9+04.6,c,Ek 1,285.11375,14.53452,132,2.2,,,FrenchAmateurs,,
33646,PN G288.9-27.7,c,Bic 4,96.69842,-77.601,6,0.1,,,FrenchAmateurs,,
33650,PN G352.3-05.6,c,BMP J1749-3825,267.48708,-38.42833,40,0.667,,,ziggy,,
33651,PN G287.8-02.2a,c,PHR J1040-6112,160.18333,-61.20694,20,0.333,,,ziggy,,
33659,PN G281.1-36.1,c,Guoyou 2,71.46046,-69.47944,7,0.117,,,ziggy,,
33664,PN G065.4-02.8,c,Sot 3,301.79667,27.06468,36,0.6,1.2,,FrenchAmateurs,,
33665,PN G062.7+02.4,c,Sot 4,295.09321,27.50483,54,0.9,,,FrenchAmateurs,,
33666,PN G089.9+05.3,c,Fal 2,311.65904,51.79322,408,6.8,1.26,,FrenchAmateurs,,
33667,PN G057.0-03.7,c,Fal 3,297.82529,19.41931,282,4.7,,,FrenchAmateurs,,
33668,PN G307.5-05.4,c,Fal 4,205.17983,-67.86492,30,0.5,,,FrenchAmateurs,,
33669,PN G306.1-05.9,c,Fal 5,201.71646,-68.57031,1260,21,,,FrenchAmateurs,,
33670,PN G303.9-05.8,c,Fal 6,195.69292,-68.74841,900,15,,,FrenchAmateurs,,
33671,PN G320.5-08.6,c,PaFal 1,238.12642,-65.13915,1380,23,1.28,,FrenchAmateurs,,
33672,PN G321.3-10.2,c,PaFal 2,242.23596,-65.78244,480,8,,,FrenchAmateurs,,
33673,PN G323.0+02.5,c,FalFer 1,229.12917,-54.58361,1200,20,2,,FrenchAmateurs,,
33675,PN G317.9-02.7,c,Lu 3,225.86429,-61.67694,114,1.9,1.27,,FrenchAmateurs,,
33676,PN G073.4+04.7,c,Ek 2,299.18333,37.85333,144,2.4,,,FrenchAmateurs,,
33677,PN G076.8-03.7,c,Ek 3,310.36517,35.89808,240,4,,,FrenchAmateurs,,
33678,PN G084.9+02.1,L,Br 4,310.73346,45.92492,9,0.15,,,FrenchAmateurs,,
33679,PN G086.4+01.7,c,Br 5,312.57538,46.83714,12,0.2,,,FrenchAmateurs,,
33680,PN G088.2-00.8,T,Br 6,317.13042,46.48047,7,0.117,,,FrenchAmateurs,,
33681,PN G090.2-01.1,L,Br 7,319.42667,47.69392,12.7,0.212,,,FrenchAmateurs,,
33682,PN G065.9+01.5,L,Br 8,297.85292,29.84408,6,0.1,,,FrenchAmateurs,,
33683,PN G054.9+03.9,c,NHZ 1,289.59675,21.32902,132,2.2,,,FrenchAmateurs,,
33684,PN G055.9-01.8,c,EkGo 3,295.56129,19.4866,96,1.6,,,FrenchAmateurs,,
33685,PN G056.3-02.0,c,EkGo 4,295.91713,19.68614,108,1.8,2.25,,FrenchAmateurs,,
33686,PN G071.0-02.5,c,Ek 4,305.05375,31.95672,150,2.5,,,FrenchAmateurs,,
33687,PN G081.7+04.5,T,Br 9,305.30771,44.78728,12,0.2,2,,FrenchAmateurs,,
33694,PN G036.8+09.5,L,PaEl 2,276.09308,7.83983,168,2.8,,,FrenchAmateurs,,
33696,PN G123.1+07.8,c,Ek 5,13.47858,70.76099,1380,23,,,qparker,,
33700,PN G345.7+03.3,L,Pa J1652.8-3841,253.22283,-38.68347,11,0.183,,,qparker,,
33703,PN G354.0+04.3,L,Pa J1713.5-3132,258.39654,-31.5395,11.5,0.192,,,qparker,,
33706,PN G009.6+02.0,L,Pa J1759.3-1932,269.83033,-19.54728,12,0.2,,,qparker,,
33707,PN G004.5-01.1,L,Pa J1800.5-2536,270.13171,-25.60288,7.5,0.125,,,qparker,,
33709,PN G286.4-66.2,L,Fal Objet 3,23.03921,-49.57498,660,11,,,FrenchAmateurs,,
33712,PN G061.5+02.6,c,WoPut 1,294.21842,26.55287,12,0.2,,,FrenchAmateurs,,
33713,PN G060.0+01.2,c,WoPut 2,294.85346,24.53864,12,0.2,,,FrenchAmateurs,,
33714,PN G002.6+09.0,c,Pa 210,259.52513,-21.79835,24,0.4,,,FrenchAmateurs,,
33715,PN G186.2-04.0,c,Br 13,86.11667,21.50278,30,0.5,5,,FrenchAmateurs,,
33717,PN G090.1+04.1,c,Br 14,313.35546,51.13821,30,0.5,2.5,,FrenchAmateurs,,
33718,PN G076.1-08.7,c,LieSto 1,314.529,32.18039,468,7.8,,,FrenchAmateurs,,
33719,PN G343.0-06.8,c,Fal 7,262.32217,-46.9371,150,2.5,,,FrenchAmateurs,,
33720,PN G095.3-04.4,c,Oli 1,328.41229,48.69714,168,2.8,,,FrenchAmateurs,,
33721,PN G095.8-04.1,c,Oli 2,328.81496,49.22864,120,2,,,FrenchAmateurs,,
33722,PN G101.9+02.0,L,HorFulEvReb 1,330.65825,57.85675,30,0.5,,,FrenchAmateurs,,
33723,PN G103.5+03.7,c,HorFulEvReb 2,331.14217,60.23508,60,1,2,,FrenchAmateurs,,
33726,PN G266.2+00.8,c,YP0900-4457,135.23958,-44.95083,10,0.167,,,Li-Parker-1,,
33727,PN G284.5+00.4,c,YP1028-5714,157.17167,-57.24083,10,0.167,,,Li-Parker-1,,
33728,PN G303.4-55.6,c,YP1048-6127,12.2375,-61.45278,10,0.167,,,Li-Parker-1,,
33729,PN G296.1-00.6,c,YP1151-6247,177.96458,-62.78639,10,0.167,,,Li-Parker-1,,
33730,PN G298.2-01.0,L,YP1209-6332,182.31833,-63.53417,10,0.167,,,Li-Parker-1,,
33731,PN G298.6+00.1,L,YP1214-6226,183.64417,-62.43528,10,0.167,,,Li-Parker-1,,
33732,PN G305.6-02.4,T,YP1317-6513,199.46833,-65.22472,10,0.167,,,Li-Parker-1,,
33733,PN G306.9-00.8,T,YP1327-6328,201.91767,-63.46831,10,0.167,,,Li-Parker-1,,
33734,PN G314.0-01.5,c,YP1429-6214,217.3925,-62.23361,10,0.167,,,Li-Parker-1,,
33736,PN G318.3-01.7,T,YP1502-6040,225.6965,-60.67958,10,0.167,,,Li-Parker-1,,
33737,PN G331.0-00.6,T,YP1612-5209,243.15042,-52.15528,10,0.167,,,Li-Parker-1,,
33738,PN G339.5-00.4,c,YP1647-4550,251.77458,-45.84111,10,0.167,,,Li-Parker-1,,
33739,PN G341.7+00.6,c,YP1650-4328,252.66917,-43.47056,10,0.167,,,Li-Parker-1,,
33740,PN G357.4+10.1,c,YP1701-2519,255.375,-25.33,10,0.167,,,Li-Parker-1,,
33741,PN G357.9+09.4,c,YP1705-2524,256.29583,-25.41111,10,0.167,,,Li-Parker-1,,
33742,PN G358.0+06.3,c,YP1716-2705,259.17583,-27.08861,10,0.167,,,Li-Parker-1,,
33743,PN G357.2+01.9,c,YP1731-3011,262.82417,-30.19361,10,0.167,,,Li-Parker-1,,
33744,PN G010.2+03.7,c,YP1754-1815,268.635,-18.26333,10,0.167,,,Li-Parker-1,,
33745,PN G008.7+01.4,c,YP1759-2036,269.92125,-20.60778,10,0.167,,,Li-Parker-1,,
33746,PN G014.3+03.7,c,YP1802-1440,270.74125,-14.67194,10,0.167,,,Li-Parker-1,,
33747,PN G006.3-02.7,c,YP1810-2450,272.665,-24.84083,10,0.167,,,Li-Parker-1,,
33748,PN G009.3-01.8,c,YP1813-2146,273.34208,-21.78056,10,0.167,,,Li-Parker-1,,
33749,PN G018.3+01.6a,c,YP1818-1211,274.62083,-12.18667,10,0.167,,,Li-Parker-1,,
33750,PN G007.9-04.1a,c,YP1819-2405,274.82333,-24.09083,10,0.167,,,Li-Parker-1,,
33751,PN G020.7+00.7,c,YP1826-1029,276.59583,-10.49639,10,0.167,,,Li-Parker-1,,
33752,PN G027.9+01.2,c,YP1837-0354,279.47625,-3.90861,10,0.167,,,Li-Parker-1,,
33753,PN G027.6-01.0,c,YP1845-0511,281.42792,-5.19722,10,0.167,,,Li-Parker-1,,
33754,PN G029.6-03.1,c,YP1856-0424,284.19208,-4.41278,10,0.167,,,Li-Parker-1,,
33755,PN G294.9-01.2,c,Guoyou 7,175.04992,-63.00314,30,0.5,,,AmateurCandidates,,
33756,PN G276.4-31.4,c,Guoyou 8,85.76275,-66.56953,15,0.25,,,AmateurCandidates,,
33757,PN G322.6-08.4,c,Guoyou 9,241.39158,-63.58182,250,4.167,,,AmateurCandidates,,
33758,PN G294.8-01.1,c,Guoyou 10,174.85258,-62.90242,60,1,,,AmateurCandidates,,
33760,PN G108.9+05.9,c,Ek 6,338.28583,64.97433,18,0.3,,,FrenchAmateurs,,
33761,PN G237.9-07.3,c,KinPau 2,107.74729,-25.54535,42,0.7,,,FrenchAmateurs,,
33762,PN G113.2-00.5,T,BrRe 2,352.63833,60.83758,6,0.1,,,FrenchAmateurs,,
33763,PN G205.8-20.3,c,Bish 3,81.58,-3.19611,102,1.7,,,FrenchAmateurs,,
33766,PN G261.3-13.4,T,Su 10,113.75242,-48.9114,26,0.433,,,FrenchAmateurs,,
33767,PN G072.9+03.6,c,Sha 1,300.046,36.888,30,0.5,,,FrenchAmateurs,,
33768,PN G277.0-30.0,T,Su 11,89.38146,-67.15787,6,0.1,,,FrenchAmateurs,,
33769,PN G282.3-28.1,L,Su 12,94.9195,-71.77731,6,0.1,,,FrenchAmateurs,,
33770,PN G267.1+14.6,c,Guoyou 11,148.7483,-35.6612,60,1,,,FrenchAmateurs,,
33771,PN G278.6-31.2,c,Guoyou 12,86.05242,-68.45829,6,0.1,,,FrenchAmateurs,,
33772,PN G277.9-30.2,c,Guoyou 13,88.73492,-67.9488,4,0.067,,,FrenchAmateurs,,
33773,PN G260.7+05.0,T,HuBesPer 1,134.59842,-38.09013,66,1.1,,,FrenchAmateurs,,
33776,PN G302.7-42.9,c,Re 1,13.2881,-74.2189,6,0.1,,,AmateurCandidates,,
33777,PN G149.6-17.5,L,PaElPos 1,46.03471,38.3858,165,2.75,,,FrenchAmateurs,,
33778,PN G165.6-10.1,c,,66.77368,34.25042,150,2.5,,,qparker,,
33779,PN G286.2-29.4,L,Bic 6,89.77542,-75.12911,6,0.1,,,FrenchAmateurs,,
33792,PN G008.6-01.6,c,YP1811-2216,272.78778,-22.27977,10,0.167,,,Li-Parker-1,,
33793,PN G235.9+03.5,c,YP0748-1838,117.05851,-18.63577,10,0.167,,,Li-Parker-1,,
33794,PN G249.0+01.0,c,YP0809-3104,122.26171,-31.06695,10,0.167,,,Li-Parker-1,,
33795,PN G285.3+00.6,c,YP1034-5726,158.67931,-57.43605,10,0.167,,,Li-Parker-1,,
33796,PN G296.0-00.7,c,YP1150-6248,177.59024,-62.80116,10,0.167,,,Li-Parker-1,,
33797,PN G354.0+02.9,c,YP1718-3219,259.70778,-32.31849,10,0.167,,,Li-Parker-1,,
33798,PN G261.1-03.9,T,YP0821-4253,125.525,-42.8914,240,4,,,Li-Parker-1,,
33799,PN G032.4+01.7,c,YP1844+0024,281.07563,0.40091,10,0.167,,,Li-Parker-1,,
33801,PN G030.0+01.3,c,YP1841-0158,280.38354,-1.96906,10,0.167,,,Li-Parker-1,,
33802,PN G028.0+02.2,c,YP1834-0321,278.65403,-3.35492,10,0.167,,,Li-Parker-1,,
33804,PN G029.1+02.2,c,YP1836-0219,279.17815,-2.32568,10,0.167,,,Li-Parker-1,,
33805,PN G027.8+01.5,c,YP1836-0349,279.13349,-3.82431,10,0.167,,,Li-Parker-1,,
33806,PN G025.8+02.4,c,YP1829-0508,277.40959,-5.13655,10,0.167,,,Li-Parker-1,,
33807,PN G221.1-03.7,c,YP0652-0901,103.23524,-9.02862,10,0.167,,,Li-Parker-1,,
33808,PN G017.8+05.0,c,YP1805-1059,271.31708,-10.98719,20,0.333,,,Li-Parker-1,,
33809,PN G018.1+05.2,c,YP1804-1038,271.24977,-10.63638,20,0.333,,,Li-Parker-1,,
33810,PN G022.5-04.5,c,YP1848-1117,282.18602,-11.29348,10,0.167,,,Li-Parker-1,,
33811,PN G016.2+03.7,c,YP1806-1300,271.71674,-13.00107,10,0.167,,,Li-Parker-1,,
33812,PN G015.2+01.5,c,YP1812-1456,273.19681,-14.93925,10,0.167,,,Li-Parker-1,,
33813,PN G012.4+02.5a,T,YP1803-1653,270.85053,-16.88945,10,0.167,,,Li-Parker-1,,
33814,PN G015.8-02.5,c,YP1828-1621,277.17794,-16.36612,10,0.167,,,Li-Parker-1,,
33815,PN G012.2-00.9,c,YP1815-1844,273.99401,-18.7396,10,0.167,,,Li-Parker-1,,
33816,PN G008.6+03.0,c,YP1753-1957,268.41038,-19.96357,20,0.333,,,Li-Parker-1,,
33817,PN G003.5+02.2,c,YP1745-2445,266.36374,-24.76359,10,0.167,,,Li-Parker-1,,
33818,PN G006.0-02.0,c,YP1807-2444,271.81099,-24.73361,10,0.167,,,Li-Parker-1,,
33819,PN G005.6-01.9,c,YP1805-2501,271.4544,-25.02399,10,0.167,,,Li-Parker-1,,
33822,PN G260.1-00.8,c,YP0832-4116,128.22863,-41.27214,10,0.167,,,Li-Parker-1,,
33823,PN G343.3+00.7,c,YP1655-4213,253.8933,-42.2181,10,0.167,,,Li-Parker-1,,
33824,PN G337.3+01.7,c,YP1629-4602,247.42457,-46.04852,10,0.167,,,Li-Parker-1,,
33825,PN G337.5+01.0,c,YP1633-4620,248.25648,-46.33617,10,0.167,,,Li-Parker-1,,
33826,PN G337.6-00.1,c,YP1638-4706,249.63339,-47.11458,10,0.167,,,Li-Parker-1,,
33828,PN G282.1+00.9,c,YP1016-5535,154.05677,-55.59198,10,0.167,,,Li-Parker-1,,
33831,PN G312.3+01.4,T,YP1408-6003,212.00029,-60.05146,10,0.167,,,Li-Parker-1,,
33833,PN G004.2+10.1,c,YP1718-1952,259.55547,-19.87845,20,0.333,,,Li-Parker-1,,
33834,PN G001.1+09.0,c,YP1714-2301,258.71222,-23.01839,10,0.167,,,Li-Parker-1,,
33835,PN G354.1-04.7,c,YP1750-3625,267.6565,-36.42319,10,0.167,,,Li-Parker-1,,
33838,PN G265.1-06.7,c,,125.50833,-48.77611,1800,30,,,ziggy,,
33841,PN G051.7+05.6,T,Wo 1,286.37104,19.28793,10,0.167,,,FrenchAmateurs,,
33842,PN G007.8+11.5,c,Wo 2,260.31946,-16.13753,15,0.25,,,FrenchAmateurs,,
33843,PN G176.9-21.8,c,El 2,65.22067,18.40024,144,2.4,1.09,,FrenchAmateurs,,
33844,PN G242.0-13.6,c,,103.3,-31.91615,100,1.667,,,ziggy,,
33845,PN G119.5-05.7,c,El 3,6.70863,56.97855,138,2.3,,,FrenchAmateurs,,
33846,PN G336.0+12.1,c,Fal 8,236.42633,-39.25275,1080,18,,,FrenchAmateurs,,
33847,PN G345.54 1.28,T,DeGaPe 81,255.14213,-40.13934,330,5.5,,,FrenchAmateurs,,
33848,PN G025.2-02.6,T,SFO 1,281.72525,-8.02503,78,1.3,,,FrenchAmateurs,,
33849,PN G043.5+02.2,T,PaEk 1,285.75013,10.44366,36,0.6,,,FrenchAmateurs,,
33853,PN G105.3-14.2,c,YZ 1,348.25,45.25056,1200,20,2,,ziggy,,
33854,PN G320.1-03.9,c,Dev 1,231.16371,-61.60451,12,0.2,,,FrenchAmateurs,,
33855,PN G084.1-09.9,c,Ek 7,322.10375,37.21667,180,3,,,FrenchAmateurs,,
33856,PN G023.2+13.6,c,Mul 20,266.27725,-2.14558,15,0.25,,,FrenchAmateurs,,
33857,PN G025.6-05.9,c,Mul 21,284.91129,-9.1842,5,0.083,,,FrenchAmateurs,,
33858,PN G022.5+14.4,c,Mul 22,265.27658,-2.42295,15,0.25,,,FrenchAmateurs,,
33860,PN G300.7-43.8,L,DeGaPe 83,18.37888,-73.16167,6,0.1,,,FrenchAmateurs,,
33862,PN G079.6-02.7,c,Ek 8,311.49375,38.7467,168,2.8,,,FrenchAmateurs,,
33863,PN G081.9-04.1,c,Ek 9,314.85163,39.6,60,1,,,FrenchAmateurs,,
33864,PN G085.9-07.6,c,Ek 10,321.675,40.14722,30,0.5,,,FrenchAmateurs,,
33865,PN G046.6-16.5,c,NHZ 2,303.78554,4.14952,500,8.333,,,FrenchAmateurs,,
33866,PN G308.7-20.0,c,HuBesPer 2,230.95333,-81.10147,780,13,,,FrenchAmateurs,,
33867,PN G343.7-00.3,c,Lu 6,255.41433,-42.59238,690,11.5,,,FrenchAmateurs,,
33870,PN G083.5-12.6,c,Wo 4,323.90163,34.78879,8,0.133,,,FrenchAmateurs,,
33871,PN G113.8+08.4,c,Sai 2,346.51904,69.49303,96,1.6,,,FrenchAmateurs,,
33872,PN G051.3-03.0,c,Sot 2,294.27296,14.91744,210,3.5,,,FrenchAmateurs,,
33873,PN G286.1-33.0,T,Bic 7,76.42183,-74.35342,6,0.1,,,FrenchAmateurs,,
33874,PN G304.8+03.0,c,Sha 2,196.68642,-59.72046,114,1.9,,,FrenchAmateurs,,
33875,PN G058.7+03.7,L,Sl 5,291.68521,24.64376,30,0.5,,,FrenchAmateurs,,
33878,PN G145.6+26.6,L,PaNi 1,106.63458,69.72768,174,2.9,,,FrenchAmateurs,,
33879,PN G279.2-00.4,L,LuFal 1,148.49758,-54.97975,156,2.6,,,FrenchAmateurs,,
33883,PN G177.2+02.0,L,PaZib 1,86.74829,32.36569,126,2.1,1.17,,FrenchAmateurs,,
33886,PN G279.6+02.2a,T,TelCom 1,151.75858,-53.0468,30,0.5,,,FrenchAmateurs,,
33887,PN G184.8+06.7,L,Br 15,95.77908,28.01227,72,1.2,1.57,,FrenchAmateurs,,
33890,PN G127.2+08.5,c,Ek 12,26.11538,70.95994,72,1.2,,,FrenchAmateurs,,
33891,PN G157.0-19.5,c,Oli 3,51.85475,32.792,60,1,,,FrenchAmateurs,,
33892,PN G306.7-02.8,L,SADR 2,202.12888,-65.48522,36,0.6,,,FrenchAmateurs,,
33894,PN G007.3-02.7,L,DeGaPe 85,273.19542,-23.91992,30,0.5,,,FrenchAmateurs,,
33895,PN G119.0-06.6,c,Pa 211,6.03525,56.02756,100,1.667,,,FrenchAmateurs,,
33896,PN G183.6+26.5,c,Li 2,117.11392,36.33934,4,0.067,,,AmateurCandidates,,
33898,PN G167.5+23.0,c,PaZib Objet 1,107.33788,49.56098,1380,23,,,FrenchAmateurs,,
33899,PN G272.1+12.3a,c,Sel 1,151.79667,-40.50679,72,1.2,,,FrenchAmateurs,,
33903,PN G093.0+09.8,L,MarSaiLeSot 1,308.66433,57.01894,204,3.4,1.26,,FrenchAmateurs,,
33906,PN G321.0+03.9a,c,Ri 3,224.98775,-54.30205,2,0.033,1,,ziggy,,
33907,PN G299.3-44.1,c,,21.52317,-72.73942,5,0.083,,,ziggy,,
33908,PN G301.0-45.3a,c,,17.07142,-71.7047,4,0.067,,,ziggy,,
33909,PN G176.4-35.0,c,Li 3,283.75593,23.887,720,12,2,,AmateurCandidates,,
33910,PN G305.1+12.8,c,Cap 1,196.16933,-50.00454,18,0.3,,,FrenchAmateurs,,
33912,PN G068.4+01.6,L,Sha 3,299.31213,32.01244,6,0.1,,,FrenchAmateurs,,
33914,PN G104.1+46.0,c,PaElPos J1503.9+6555,225.99071,65.91971,9600,160,1.09,,DSHPNe,,
33915,PN G114.1+36.8,c,Ri 27,228.10917,77.77528,600,10,,,ziggy,,
33916,PN G049.9-05.9,T,Pa J1944.6+1217,296.15075,12.29431,120,2,,,DSHPNe,,
33918,PN G044.8-06.4,c,Pa J1936.4 +0731,294.10275,7.53315,60,1,,,DSHPNe,,
33919,PN G096.5-06.6,c,Pa J2207.6+4740,331.91921,47.67875,60,1,,,DSHPNe,,
33921,PN G051.8-24.5,L,Pa J 2053.0+0410,313.25438,4.17639,270,4.5,,,DSHPNe,,
33925,PN G218.5-26.4,c,Pa J0524.0-1618,81.02075,-16.30971,370,6.167,,,DSHPNe,,
33926,PN G042.9-24.8,c,Pa J2037.4-0256,309.36658,-2.9429,90,1.5,,,DSHPNe,,
33928,PN G149.1+31.3,c,TBG-1,119.58346,66.7663,540,9,,,2024arXiv240205658C,,
33929,PN G074.2-13.2,c,OgPeRi 3,317.10404,27.84717,3060,51,,,FrenchAmateurs,,
33930,PN G132.7-11.2,c,Pa J0152.4+5029,28.10375,50.49859,600,10,,,DSHPNe,,
33931,PN G124.4+24.5,c,Pa J0242.9+8704,40.749,87.07719,120,2,,,DSHPNe,,
33932,PN G078.6+00.8,c,LAMOST_2067366363153066112,307.03208,40.01803,60,1,,,ziggy,,
33933,PN G085.3-00.6,c,LAMOST_2163000613239732736,314.17216,44.43583,60,1,,,ziggy,,
33934,PN G086.1-01.2,c,LAMOST_2162594034460406528,315.6129,44.65019,60,1,,,ziggy,,
33935,PN G084.4-00.3,c,LAMOST_2162928767011864320,313.04349,43.94282,60,1,,,ziggy,,
33936,PN G084.5+00.0,c,LAMOST_2163136471634785536,312.77733,44.30453,60,1,,,ziggy,,
33937,PN G190.0+00.3,c,LAMOST_3375177406494676224,92.28231,20.41515,60,1,,,ziggy,,
33938,PN G084.3+00.0,c,LAMOST_2067057125508391296,312.60203,44.11314,60,1,,,ziggy,,
33939,PN G085.5-00.7,c,LAMOST_2163005457962913024,314.53543,44.50365,60,1,,,ziggy,,
33940,PN G086.0-01.4,c,LAMOST_2162578297699833728,315.64986,44.4042,60,1,,,ziggy,,
33941,PN G189.9+00.3,c,LAMOST_3375183183227622528,92.26133,20.51924,60,1,,,ziggy,,
33942,PN G084.6-00.3,c,LAMOST_2162931275273285632,313.21665,44.08306,60,1,,,ziggy,,
33943,PN G083.2-00.3,c,LAMOST_2066714971236484480,311.99995,42.96846,60,1,,,ziggy,,
33944,PN G173.5-01.8,c,LAMOST_181169421425618176,80.48798,33.31419,60,1,,,ziggy,,
33945,PN G085.0-00.8,c,LAMOST_2162900179709565184,314.14678,44.13437,60,1,,,ziggy,,
33946,PN G083.1-00.4,c,LAMOST_2066713150170486784,312.02914,42.90218,60,1,,,ziggy,,
33947,PN G190.0+00.5a,c,LAMOST_3375203455473215616,92.48696,20.54622,60,1,,,ziggy,,
33948,PN G084.3-00.3,c,LAMOST_2066851443816645376,312.97893,43.8771,60,1,,,ziggy,,
33949,PN G084.5-01.6,c,LAMOST_2162050600820887680,314.53062,43.234,60,1,,,ziggy,,
33950,PN G084.3-00.6,c,LAMOST_2066795579179263360,313.28191,43.64054,60,1,,,ziggy,,
33951,PN G188.8+03.2,c,LAMOST_3377110558392947712,94.42961,22.87161,60,1,,,ziggy,,
33952,PN G085.7-00.3,c,LAMOST_2163029333671145600,314.28032,44.95781,60,1,,,ziggy,,
33953,PN G085.0-01.5,c,LAMOST_2162156153946570496,314.89327,43.63453,60,1,,,ziggy,,
33954,PN G085.7-00.3a,c,LAMOST_2163029028743929728,314.19536,44.91803,60,1,,,ziggy,,
33955,PN G086.2-01.3,c,LAMOST_2162587574829363584,315.8195,44.67699,60,1,,,ziggy,,
33956,PN G160.3-12.5,c,LAMOST_219483484643689472,60.14981,36.21142,60,1,,,ziggy,,
33957,PN G084.8-01.4,c,LAMOST_2162072453614285440,314.57735,43.5351,60,1,,,ziggy,,
33958,PN G080.1+02.4,c,LAMOST_2068861832105597824,306.44961,42.21787,60,1,,,ziggy,,
33959,PN G085.3-00.6a,c,LAMOST_2163002468665612800,314.1918,44.49719,60,1,,,ziggy,,
33960,PN G189.9+00.3a,c,LAMOST_3375183492465264256,92.28614,20.52167,60,1,,,ziggy,,
33961,PN G073.5+02.2,c,LAMOST_2059233103873234432,301.89942,36.64421,60,1,,,ziggy,,
33962,PN G190.1+00.3,c,LAMOST_3374989703540705152,92.39326,20.34113,60,1,,,ziggy,,
33963,PN G085.6-00.1,c,LAMOST_2163079395807785344,313.90409,44.97898,60,1,,,ziggy,,
33964,PN G190.0+00.6,c,LAMOST_3375016332337937408,92.58807,20.53762,60,1,,,ziggy,,
33965,PN G160.1-12.6,c,LAMOST_219497881373807488,59.96956,36.28557,60,1,,,ziggy,,
33966,PN G189.8+00.5,c,LAMOST_3375209571506629376,92.44325,20.67093,60,1,,,ziggy,,
33967,PN G160.1-12.6a,c,LAMOST_219403941849013504,59.92126,36.25754,60,1,,,ziggy,,
33968,PN G173.3-01.5,c,LAMOST_181181344254675712,80.64335,33.63651,60,1,,,ziggy,,
33969,PN G085.2-00.6,c,LAMOST_2162999238831818752,314.14438,44.37069,60,1,,,ziggy,,
33970,PN G194.2-02.0,c,LAMOST_3345923731407163008,92.20749,15.6104,60,1,,,ziggy,,
33971,PN G160.1-12.5,c,LAMOST_219498396769876864,60.00793,36.3173,60,1,,,ziggy,,
33972,PN G083.0-00.2,c,LAMOST_2066694149234645376,311.71397,42.92505,60,1,,,ziggy,,
33973,PN G078.6+00.8a,c,LAMOST_2067367462663286528,306.98602,40.06957,60,1,,,ziggy,,
33974,PN G083.0-00.2a,c,LAMOST_2066694351094311424,311.75763,42.93856,60,1,,,ziggy,,
33975,PN G189.8+00.4,c,LAMOST_3375219295312631168,92.27388,20.60128,60,1,,,ziggy,,
33976,PN G137.8+01.1,c,LAMOST_464628879191020032,44.16088,60.35578,60,1,,,ziggy,,
33977,PN G173.7-01.7,c,LAMOST_180977968964575616,80.72709,33.19877,60,1,,,ziggy,,
33978,PN G084.4-00.4,c,LAMOST_2162924403325080704,313.15538,43.85181,60,1,,,ziggy,,
33979,PN G190.0+00.6a,c,LAMOST_3375016740358802944,92.61964,20.5501,60,1,,,ziggy,,
33980,PN G084.6+00.1,c,LAMOST_2163140354285233408,312.73795,44.39539,60,1,,,ziggy,,
33981,PN G160.3-12.3,c,LAMOST_219492280736634496,60.32785,36.40052,60,1,,,ziggy,,
33982,PN G159.7-12.7,c,LAMOST_220163395146728064,59.44086,36.4499,60,1,,,ziggy,,
33983,PN G085.3-00.4a,c,LAMOST_2163016865396026880,313.98235,44.56214,60,1,,,ziggy,,
33984,PN G173.8-01.6,c,LAMOST_180979721310297728,80.85271,33.18863,60,1,,,ziggy,,
33985,PN G190.1+00.5,c,LAMOST_3375014064595351424,92.51877,20.44494,60,1,,,ziggy,,
33986,PN G194.1-01.8,c,LAMOST_3345953010202104960,92.34066,15.78071,60,1,,,ziggy,,
33987,PN G161.0-12.2,c,LAMOST_219253102598191616,61.00791,35.98852,60,1,,,ziggy,,
33988,PN G161.2-12.3,c,LAMOST_219235201174543360,61.10092,35.77004,60,1,,,ziggy,,
33989,PN G190.1+00.3a,c,LAMOST_3375176105119724416,92.32527,20.34706,60,1,,,ziggy,,
33990,PN G189.8+00.6,c,LAMOST_3375222387689030144,92.41698,20.76158,60,1,,,ziggy,,
33991,PN G189.1+02.7,c,LAMOST_3377017580941131904,94.13235,22.38016,60,1,,,ziggy,,
33992,PN G085.1-01.6,c,LAMOST_2162153886203714944,315.09269,43.62075,60,1,,,ziggy,,
33993,PN G189.9+00.7,c,LAMOST_3375212011048030208,92.58438,20.67708,60,1,,,ziggy,,
33994,PN G084.7-01.3,c,LAMOST_2162069773554982400,314.40902,43.46752,60,1,,,ziggy,,
33995,PN G078.5+00.7,c,LAMOST_2067364026689406592,306.98151,39.92713,60,1,,,ziggy,,
33996,PN G172.1-02.1,c,LAMOST_182060468222641792,79.24012,34.2933,60,1,,,ziggy,,
33997,PN G084.2-00.3,c,LAMOST_2066849936285582848,312.83889,43.77912,60,1,,,ziggy,,
33998,PN G205.1+14.2a,c,LAMOST_3163547913802910336,112.31706,13.26271,60,1,,,ziggy,,
33999,PN G086.1+00.2,c,LAMOST_2163314592515510272,313.93675,45.58238,60,1,,,ziggy,,
34000,PN G194.1-01.9,c,LAMOST_3345950776819160960,92.23468,15.68435,60,1,,,ziggy,,
34001,PN G173.5-01.8a,c,LAMOST_181168008381155072,80.53863,33.34268,60,1,,,ziggy,,
34002,PN G083.0-01.1,c,LAMOST_2065876589317718784,312.66407,42.36352,60,1,,,ziggy,,
34003,PN G194.0-01.8,c,LAMOST_3345954522030587136,92.28858,15.84743,60,1,,,ziggy,,
34004,PN G086.2-00.0,c,LAMOST_2163117092757268352,314.43759,45.51375,60,1,,,ziggy,,
34005,PN G190.1+00.7,c,LAMOST_3375016504136723072,92.65918,20.53091,60,1,,,ziggy,,
34006,PN G173.7-01.6,c,LAMOST_180984046339778688,80.77657,33.26637,60,1,,,ziggy,,
34007,PN G189.9+00.6,c,LAMOST_3375209296628711424,92.49886,20.69119,60,1,,,ziggy,,
34008,PN G194.0-01.9,c,LAMOST_3345953830538381440,92.22969,15.80066,60,1,,,ziggy,,
34009,PN G190.1+00.3b,c,LAMOST_3375176203903267328,92.32494,20.35749,60,1,,,ziggy,,
34010,PN G189.7+00.5,c,LAMOST_3375222937444858624,92.3344,20.75145,60,1,,,ziggy,,
34011,PN G190.0+00.7,c,LAMOST_3375210774097454976,92.60489,20.62233,60,1,,,ziggy,,
34012,PN G123.1-05.9,c,LAMOST_423829846671789952,13.21114,56.88732,60,1,,,ziggy,,
34013,PN G173.9-01.6,c,LAMOST_180968210797910912,80.974,33.18767,60,1,,,ziggy,,
34014,PN G189.8+00.4a,c,LAMOST_3375195823314661376,92.26612,20.59179,60,1,,,ziggy,,
34015,PN G189.9+00.7a,c,LAMOST_3375210945896137600,92.63166,20.6545,60,1,,,ziggy,,
34016,PN G189.4+04.2,c,LAMOST_3377245003751103488,95.69646,22.8152,60,1,,,ziggy,,
34017,PN G159.9-12.6,c,LAMOST_220160337129778816,59.75403,36.43405,60,1,,,ziggy,,
34018,PN G123.1-06.0,c,LAMOST_423828751462867328,13.32493,56.83532,60,1,,,ziggy,,
34019,PN G173.7-01.6a,c,LAMOST_180984149419000064,80.79371,33.27552,60,1,,,ziggy,,
34020,PN G190.2+00.5,c,LAMOST_3375009700909324672,92.57852,20.3678,60,1,,,ziggy,,
34021,PN G173.5-01.6a,c,LAMOST_181174811606778752,80.69338,33.44353,60,1,,,ziggy,,
34022,PN G189.8+00.4b,c,LAMOST_3375219604548412160,92.25853,20.63239,60,1,,,ziggy,,
34023,PN G173.4-01.8,c,LAMOST_181172062828199552,80.47344,33.39558,60,1,,,ziggy,,
34024,PN G190.1+00.6,c,LAMOST_3375014820509567744,92.64144,20.45129,60,1,,,ziggy,,
34025,PN G173.4-01.6,c,LAMOST_181179587611589760,80.59898,33.57325,60,1,,,ziggy,,
34026,PN G194.2-02.0a,c,LAMOST_3345947134686901760,92.24708,15.63404,60,1,,,ziggy,,
34027,PN G206.6+01.4,c,LAMOST_3132684484972369792,101.24623,6.25952,60,1,,,ziggy,,
34028,PN G188.9+03.8,c,LAMOST_3377435120481901952,95.02721,23.08608,60,1,,,ziggy,,
34030,PN G205.8-02.2,c,LAMOST_3131405615511426944,97.64875,5.22907,60,1,,,ziggy,,
34031,PN G171.9-02.2,c,LAMOST_182076411142822528,79.02851,34.4306,60,1,,,ziggy,,
34032,PN G173.4-01.6a,c,LAMOST_181178453739937920,80.61223,33.51977,60,1,,,ziggy,,
34033,PN G160.6-12.2,c,LAMOST_219450705453424896,60.66728,36.22372,60,1,,,ziggy,,
34034,PN G160.2-12.6,c,LAMOST_219484618515082368,60.02974,36.17012,60,1,,,ziggy,,
34035,PN G159.8-12.7,c,LAMOST_220161058684303744,59.59382,36.42467,60,1,,,ziggy,,
34036,PN G160.3-12.4,c,LAMOST_219483175406023552,60.24759,36.23893,60,1,,,ziggy,,
34037,PN G083.1-00.2,c,LAMOST_2066718407210599936,311.7941,43.03786,60,1,,,ziggy,,
34038,PN G189.8+00.6a,c,LAMOST_3375210288764617216,92.4526,20.71142,60,1,,,ziggy,,
34039,PN G188.8+03.2a,c,LAMOST_3377104575501122688,94.37415,22.8382,60,1,,,ziggy,,
34040,PN G188.8+03.2b,c,LAMOST_3377110794615453696,94.38921,22.88086,60,1,,,ziggy,,
34041,PN G173.3-01.7,c,LAMOST_181191854038227712,80.4761,33.58532,60,1,,,ziggy,,
34042,PN G190.0+00.5b,c,LAMOST_3375202317311760128,92.52604,20.48583,60,1,,,ziggy,,
34043,PN G189.9+00.5,c,LAMOST_3375208643793697280,92.46622,20.63243,60,1,,,ziggy,,
34044,PN G159.9-12.6a,c,LAMOST_219503310212462464,59.81725,36.41494,60,1,,,ziggy,,
34045,PN G194.1-02.0,c,LAMOST_3345927790154216832,92.11734,15.66805,60,1,,,ziggy,,
34046,PN G194.2-02.0b,c,LAMOST_3345923353449983872,92.18292,15.58438,60,1,,,ziggy,,
34047,PN G071.7+02.9,c,LAMOST_2059485407430073344,299.9172,35.48232,60,1,,,ziggy,,
34048,PN G073.5+01.9,c,LAMOST_2059213273979051136,302.2351,36.44581,60,1,,,ziggy,,
34049,PN G072.5+01.5,c,LAMOST_2059025051342384000,301.9886,35.37924,60,1,,,ziggy,,
34050,PN G078.5+00.8,c,LAMOST_2067366912904422272,306.936,40.01983,60,1,,,ziggy,,
34051,PN G078.9+01.3,c,LAMOST_2067588120903899136,306.6458,40.59709,60,1,,,ziggy,,
34052,PN G075.4-09.1,c,LAMOST_1864830338425242624,314.3112,31.39401,60,1,,,ziggy,,
34053,PN G189.3+04.2,c,LAMOST_3377249234296775680,95.61736,22.87337,60,1,,,ziggy,,
34054,PN G189.9+00.5a,c,LAMOST_3375209326691883520,92.41839,20.63939,60,1,,,ziggy,,
34055,PN G189.9+00.5b,c,LAMOST_3375207711784151808,92.38157,20.60929,60,1,,,ziggy,,
34056,PN G085.7-02.3,c,LAMOST_2162296444756255872,316.3554,43.60173,60,1,,,ziggy,,
34057,PN G085.6-00.7,c,LAMOST_2163007244669636864,314.5521,44.62963,60,1,,,ziggy,,
34058,PN G085.3-01.1,c,LAMOST_2162230405342928128,314.7632,44.0918,60,1,,,ziggy,,
34059,PN G085.6-00.3,c,LAMOST_2163026176885565568,314.1843,44.80388,60,1,,,ziggy,,
34060,PN G206.4-02.3,c,LAMOST_3131302020900694528,97.7716,4.69928,60,1,,,ziggy,,
34061,PN G171.9-02.1,c,LAMOST_182077308792007424,79.08309,34.46085,60,1,,,ziggy,,
34062,PN G190.0+00.5c,c,LAMOST_3375203622975218432,92.43156,20.54133,60,1,,,ziggy,,
34063,PN G189.9+00.6a,c,LAMOST_3375208433339815680,92.47594,20.62418,60,1,,,ziggy,,
34064,PN G188.9+03.1,c,LAMOST_3377056815464592256,94.34275,22.75643,60,1,,,ziggy,,
34065,PN G160.2-12.5,c,LAMOST_219485202630608512,60.09383,36.23491,60,1,,,ziggy,,
34066,PN G189.8+00.4c,c,LAMOST_3375219535830794240,92.27917,20.62024,60,1,,,ziggy,,
34067,PN G189.8+00.5a,c,LAMOST_3375221459976112256,92.38577,20.6838,60,1,,,ziggy,,
34068,PN G189.4+04.2a,c,LAMOST_3377245725305610240,95.6663,22.81622,60,1,,,ziggy,,
34069,PN G173.3-01.6,c,LAMOST_181193194068189312,80.57545,33.62552,60,1,,,ziggy,,
34070,PN G159.7-12.6,c,LAMOST_2.20176E+17,59.49401,36.51817,60,1,,,ziggy,,
34071,PN G190.1+00.4,c,LAMOST_3375178132346075136,92.43097,20.41126,60,1,,,ziggy,,
34072,PN G190.0+00.3a,c,LAMOST_3375181877557571584,92.29592,20.44268,60,1,,,ziggy,,
34073,PN G190.2+00.6,c,LAMOST_3375010280727903232,92.63524,20.42166,60,1,,,ziggy,,
34074,PN G190.0+00.4,c,LAMOST_3375179472375874048,92.3549,20.46756,60,1,,,ziggy,,
34075,PN G078.3+00.7,c,LAMOST_2067269468690226048,306.8912,39.81598,60,1,,,ziggy,,
34076,PN G189.9+00.6b,c,LAMOST_3375205895014615680,92.54718,20.62495,60,1,,,ziggy,,
34077,PN G190.0+00.6b,c,LAMOST_3375016740358808960,92.6178,20.55599,60,1,,,ziggy,,
34078,PN G190.1+00.5a,c,LAMOST_3375014442552469888,92.52835,20.44693,60,1,,,ziggy,,
34079,PN G189.7+00.5a,c,LAMOST_3375225956805361408,92.30485,20.77466,60,1,,,ziggy,,
34080,PN G190.1+00.6a,c,LAMOST_3375016401057515136,92.64542,20.51956,60,1,,,ziggy,,
34081,PN G085.1-01.5,c,LAMOST_2162157906293213184,314.9842,43.69758,60,1,,,ziggy,,
34082,PN G194.2-01.9,c,LAMOST_3345947478284274176,92.28564,15.65308,60,1,,,ziggy,,
34084,PN G190.0+00.6c,c,LAMOST_3375204073948489728,92.57344,20.55764,60,1,,,ziggy,,
34085,PN G079.7+01.5,c,LAMOST_2068017892509757824,307.1008,41.4215,60,1,,,ziggy,,
34086,PN G189.7+00.4,c,LAMOST_3375221288177433728,92.27672,20.71445,60,1,,,ziggy,,
34087,PN G190.0+00.5d,c,LAMOST_3375203318034271232,92.46845,20.5248,60,1,,,ziggy,,
34088,PN G189.2+02.6a,c,LAMOST_3377002149119792512,94.11369,22.2072,60,1,,,ziggy,,
34089,PN G190.1+00.4a,c,LAMOST_3374989634821415040,92.43692,20.34259,60,1,,,ziggy,,
34090,PN G189.8+00.6b,c,LAMOST_3375209945167210240,92.45232,20.67991,60,1,,,ziggy,,
34091,PN G190.2+00.3,c,LAMOST_3374987848115056256,92.36898,20.28283,60,1,,,ziggy,,
34092,PN G194.2-02.0c,c,LAMOST_3345923632625880704,92.16754,15.59661,60,1,,,ziggy,,
34093,PN G071.7+02.8,c,LAMOST_2059437677426427776,300.088,35.45671,60,1,,,ziggy,,
34094,PN G078.3+01.4,c,LAMOST_2067477551266905088,306.2044,40.18691,60,1,,,ziggy,,
34095,PN G078.8+01.3,c,LAMOST_2067587983464944896,306.6159,40.56144,60,1,,,ziggy,,
34096,PN G190.2+00.6a,c,LAMOST_3375009013713805952,92.64431,20.3469,60,1,,,ziggy,,
34097,PN G083.6-01.3,c,LAMOST_2065969055673972736,313.4868,42.68231,60,1,,,ziggy,,
34098,PN G085.7-02.4,c,LAMOST_2162292321587636864,316.4202,43.5378,60,1,,,ziggy,,
34099,PN G086.2-01.4,c,LAMOST_2162585818165394944,315.8174,44.5664,60,1,,,ziggy,,
34100,PN G190.0+00.5e,c,LAMOST_3375202940077160960,92.42563,20.50705,60,1,,,ziggy,,
34101,PN G206.0-02.1,c,LAMOST_31314013549040384,97.7705,5.1719,60,1,,,ziggy,,
34102,PN G206.5-01.6,c,LAMOST_3131692347530614528,98.44485,4.8825,60,1,,,ziggy,,
34103,PN G189.8+00.5b,c,LAMOST_3375221837933231104,92.37891,20.71031,60,1,,,ziggy,,
34104,PN G190.0+00.7a,c,LAMOST_3375210701081403264,92.6182,20.61952,60,1,,,ziggy,,
34105,PN G160.8-12.3,c,LAMOST_219233586266814592,60.81074,36.01059,60,1,,,ziggy,,
34106,PN G160.5-12.4,c,LAMOST_219436617960536960,60.45609,36.13071,60,1,,,ziggy,,
34107,PN G159.7-12.7a,c,LAMOST_220163876182846208,59.51108,36.48251,60,1,,,ziggy,,
34108,PN G159.9-12.6b,c,LAMOST_220160474568740480,59.70754,36.4173,60,1,,,ziggy,,
34109,PN G173.4-01.8a,c,LAMOST_181184329254825984,80.436,33.46062,60,1,,,ziggy,,
34110,PN G190.0+00.3b,c,LAMOST_3375178544662952576,92.33243,20.39395,60,1,,,ziggy,,
34111,PN G194.0-02.1,c,LAMOST_3345974996136988416,92.0712,15.68991,60,1,,,ziggy,,
34112,PN G071.6+02.8,c,LAMOST_2059434383216170112,300.0464,35.32718,60,1,,,ziggy,,
34113,PN G078.3+00.9,c,LAMOST_2067271908231809152,306.6809,39.84852,60,1,,,ziggy,,
34114,PN G073.2-07.6,c,LAMOST_1859329829651709056,311.4592,30.67623,60,1,,,ziggy,,
34115,PN G084.1-00.3,c,LAMOST_2066844232569023104,312.8073,43.76865,60,1,,,ziggy,,
34116,PN G084.7-01.5,c,LAMOST_2162064516514999296,314.5612,43.37275,60,1,,,ziggy,,
34117,PN G083.0-00.1,c,LAMOST_2066882337519452288,311.7284,42.98206,60,1,,,ziggy,,
34118,PN G085.4-00.2,c,LAMOST_2163069848115438720,313.8225,44.77327,60,1,,,ziggy,,
34119,PN G190.0+00.6d,c,LAMOST_3375205620136706816,92.57825,20.61221,60,1,,,ziggy,,
34120,PN G189.9+00.4,c,LAMOST_3375195754595169536,92.27426,20.57303,60,1,,,ziggy,,
34121,PN G190.2+00.4,c,LAMOST_3374988466590310272,92.48984,20.2972,60,1,,,ziggy,,
34122,PN G190.0+00.6e,c,LAMOST_3375205104740643840,92.53066,20.58338,60,1,,,ziggy,,
34123,PN G190.0+00.5f,c,LAMOST_3375202184162912,92.49455,20.47381,60,1,,,ziggy,,
34124,PN G160.2-12.6a,c,LAMOST_219486439580930560,60.00173,36.27357,60,1,,,ziggy,,
34125,PN G171.9-02.2a,c,LAMOST_182076793395934464,79.01867,34.46771,60,1,,,ziggy,,
34126,PN G189.9+00.6c,c,LAMOST_3375209154893221760,92.49125,20.67197,60,1,,,ziggy,,
34127,PN G189.9+00.5d,c,LAMOST_3375208364619187072,92.47295,20.61356,60,1,,,ziggy,,
34129,PN G172.0-02.1,c,LAMOST_182071330197536640,79.14914,34.34472,60,1,,,ziggy,,
34130,PN G189.9+00.6d,c,LAMOST_3375205723215918464,92.56982,20.6381,60,1,,,ziggy,,
34131,PN G075.2-09.2,c,LAMOST_1864804847802488192,314.3165,31.24778,60,1,,,ziggy,,
34132,PN G190.0+00.3c,c,LAMOST_3375181877557572736,92.29098,20.43951,60,1,,,ziggy,,
34133,PN G084.3+00.0a,c,LAMOST_2067060492762763648,312.5504,44.17238,60,1,,,ziggy,,
34134,PN G084.9-01.4,c,LAMOST_2162076061386824576,314.6183,43.61205,60,1,,,ziggy,,
34135,PN G085.7-00.4,c,LAMOST_2163048441997091712,314.3943,44.88108,60,1,,,ziggy,,
34136,PN G085.4-00.0,c,LAMOST_2163086959265512704,313.626,44.9305,60,1,,,ziggy,,
34137,PN G084.7+00.1,c,LAMOST_2163142725107126400,312.7981,44.50212,60,1,,,ziggy,,
34138,PN G172.1-02.1a,c,LAMOST_182060743100613888,79.22617,34.31225,60,1,,,ziggy,,
34139,PN G189.9+00.5e,c,LAMOST_3375203799070599680,92.45823,20.57074,60,1,,,ziggy,,
34140,PN G160.0-12.5,c,LAMOST_219502657377432576,59.89163,36.38504,60,1,,,ziggy,,
34141,PN G160.3-12.5a,c,LAMOST_219484240557910656,60.19122,36.27292,60,1,,,ziggy,,
34142,PN G083.0-00.2b,c,LAMOST_2066693633838588160,311.8254,42.93105,60,1,,,ziggy,,
34143,PN G172.0-02.0,c,LAMOST_182096996922082688,79.25188,34.43665,60,1,,,ziggy,,
34144,PN G192.6-00.0,c,LAMOST_3373362460692438656,93.28039,17.97805,60,1,,,ziggy,,
34145,PN G188.8+03.1,c,LAMOST_3377104820316363648,94.3374,22.85957,60,1,,,ziggy,,
34146,PN G159.9-12.6c,c,LAMOST_220159748716228992,59.70313,36.36562,60,1,,,ziggy,,
34147,PN G189.1+03.2a,c,LAMOST_3377038093704790400,94.55537,22.54043,60,1,,,ziggy,,
34148,PN G194.1-01.9a,c,LAMOST_3345950811178891648,92.25683,15.69592,60,1,,,ziggy,,
34149,PN G194.0-02.0,c,LAMOST_3345999773805787776,92.05172,15.77426,60,1,,,ziggy,,
34150,PN G071.9+02.6,c,LAMOST_2059428920018112000,300.42,35.45473,60,1,,,ziggy,,
34151,PN G073.3+01.6,c,LAMOST_2059157473762001536,302.3601,36.1454,60,1,,,ziggy,,
34152,PN G075.0-09.1,c,LAMOST_1864795536313424512,314.0704,31.08163,60,1,,,ziggy,,
34153,PN G189.8+00.7,c,LAMOST_3375215859338710528,92.57979,20.76326,60,1,,,ziggy,,
34154,PN G085.0-00.7,c,LAMOST_2162899526874547840,314.1116,44.14301,60,1,,,ziggy,,
34155,PN G084.8-01.5,c,LAMOST_2162070907425996032,314.6542,43.42937,60,1,,,ziggy,,
34156,PN G086.3+00.1,c,LAMOST_2163134341345752576,314.2127,45.68798,60,1,,,ziggy,,
34157,PN G086.3-01.2,c,LAMOST_2162600700249648000,315.7474,44.763,60,1,,,ziggy,,
34158,PN G085.8-00.1,c,LAMOST_2163104688891890944,314.1357,45.12644,60,1,,,ziggy,,
34159,PN G189.8+00.5c,c,LAMOST_3375209640226114432,92.40714,20.65915,60,1,,,ziggy,,
34160,PN G189.8+00.4d,c,LAMOST_3375220497903463424,92.27902,20.66373,60,1,,,ziggy,,
34161,PN G189.9+00.8,c,LAMOST_3375214106992041216,92.66487,20.75392,60,1,,,ziggy,,
34162,PN G160.4-12.5,c,LAMOST_219483003607333888,60.26743,36.22206,60,1,,,ziggy,,
34163,PN G160.1-12.5a,c,LAMOST_219486680099091968,60.02501,36.31611,60,1,,,ziggy,,
34164,PN G083.8+03.2,c,LAMOST_2071171498026677760,308.5275,45.69883,60,1,,,ziggy,,
34165,PN G194.2-01.7,c,LAMOST_3345954930049913600,92.44366,15.75021,60,1,,,ziggy,,
34166,PN G085.0-01.4,c,LAMOST_2162168042416105472,314.8174,43.67365,60,1,,,ziggy,,
34167,PN G084.4-01.8,c,LAMOST_2161856811901425664,314.6489,43.00927,60,1,,,ziggy,,
34168,PN G086.2+00.0,c,LAMOST_2163133035675934592,314.2493,45.61643,60,1,,,ziggy,,
34169,PN G189.0+03.2,c,LAMOST_3377039846051420160,94.54795,22.6463,60,1,,,ziggy,,
34170,PN G160.5-12.2,c,LAMOST_219463624714828160,60.60867,36.29498,60,1,,,ziggy,,
34171,PN G190.2+00.3a,c,LAMOST_3374986886042372224,92.42039,20.26328,60,1,,,ziggy,,
34172,PN G159.8-12.5,c,LAMOST_220258571621007872,59.68086,36.53299,60,1,,,ziggy,,
34173,PN G072.4+01.6,c,LAMOST_2059005264443137408,301.8152,35.37628,60,1,,,ziggy,,
34174,PN G084.7-01.4,c,LAMOST_2162065856544807424,314.4929,43.4385,60,1,,,ziggy,,
34175,PN G086.4-00.0,c,LAMOST_2163493606772622848,314.5263,45.6781,60,1,,,ziggy,,
34176,PN G123.3-06.1,c,LAMOST_423812911623539712,13.62676,56.76306,60,1,,,ziggy,,
34177,PN G064.1+01.7,c,LAMOST_2028298344257132544,296.5895,28.37371,60,1,,,ziggy,,
34178,PN G161.2-12.4,c,LAMOST_219211149357712640,61.04138,35.69899,60,1,,,ziggy,,
34179,PN G084.4-00.3a,c,LAMOST_2162925674635409664,313.1045,43.92367,60,1,,,ziggy,,
34180,PN G206.5-01.6a,c,LAMOST_3131691488537160064,98.4462,4.85496,60,1,,,ziggy,,
34181,PN G206.7-01.6,c,LAMOST_3130939044624389248,98.52087,4.77201,60,1,,,ziggy,,
34182,PN G084.0-00.4,c,LAMOST_2066839250406878080,312.8389,43.6153,60,1,,,ziggy,,
34183,PN G084.9-00.3,c,LAMOST_2162960859007723520,313.4642,44.31796,60,1,,,ziggy,,
34184,PN G083.4-01.3,c,LAMOST_2065964210950488192,313.2198,42.51622,60,1,,,ziggy,,
34185,PN G083.1-01.1,c,LAMOST_2065882847087627392,312.7733,42.42768,60,1,,,ziggy,,
34186,PN G084.8-01.7,c,LAMOST_2162055823500780928,314.8741,43.35279,60,1,,,ziggy,,
34187,PN G084.7+00.2,c,LAMOST_2163155438210342400,312.694,44.57606,60,1,,,ziggy,,
34188,PN G205.9-02.2,c,LAMOST_3131404790877953664,97.64098,5.17718,60,1,,,ziggy,,
34189,PN G083.9-00.5,c,LAMOST_2066836123670620416,312.8741,43.46654,60,1,,,ziggy,,
34190,PN G085.1-01.4,c,LAMOST_2162168282934260096,314.8709,43.69595,60,1,,,ziggy,,
34191,PN G205.9-02.0,c,LAMOST_3131404412920649088,97.84269,5.27083,60,1,,,ziggy,,
34192,PN G206.3-02.3,c,LAMOST_3131302433217542272,97.77216,4.7325,60,1,,,ziggy,,
34193,PN G071.5+02.8,c,LAMOST_2059433863497123584,299.9803,35.26767,60,1,,,ziggy,,
34194,PN G078.7+01.2,c,LAMOST_2067389521615488128,306.7057,40.38103,60,1,,,ziggy,,
34195,PN G078.8+01.1,c,LAMOST_2067395328411251712,306.7759,40.4137,60,1,,,ziggy,,
34196,PN G083.0-01.0,c,LAMOST_2066628384694482048,312.5916,42.42929,60,1,,,ziggy,,
34197,PN G083.9-00.4,c,LAMOST_2066816229382186368,312.6592,43.48041,60,1,,,ziggy,,
34198,PN G084.3-00.1,c,LAMOST_2066864023778579712,312.796,43.95996,60,1,,,ziggy,,
34199,PN G084.2-00.1,c,LAMOST_2066860587804624128,312.6405,43.88125,60,1,,,ziggy,,
34200,PN G084.2-00.2,c,LAMOST_2066863061705719296,312.7527,43.86285,60,1,,,ziggy,,
34201,PN G084.2-00.1a,c,LAMOST_2066866738197816832,312.6855,43.9635,60,1,,,ziggy,,
34202,PN G084.1-00.3a,c,LAMOST_2066843614093741696,312.7239,43.70634,60,1,,,ziggy,,
34203,PN G084.0-00.3,c,LAMOST_2066841994886788480,312.6924,43.66993,60,1,,,ziggy,,
34204,PN G084.3-00.1a,c,LAMOST_2066868662343269376,312.7906,44.0406,60,1,,,ziggy,,
34205,PN G084.3-00.0,c,LAMOST_2067055922917541504,312.6188,44.07343,60,1,,,ziggy,,
34206,PN G085.2-00.7,c,LAMOST_2162995390559450112,314.2888,44.31332,60,1,,,ziggy,,
34207,PN G083.1-01.0,c,LAMOST_2066633744813820032,312.6733,42.48314,60,1,,,ziggy,,
34208,PN G085.1-01.4a,c,LAMOST_2162170344518596992,314.9106,43.79419,60,1,,,ziggy,,
34209,PN G085.3-01.2,c,LAMOST_2162223395956273536,314.7994,44.01942,60,1,,,ziggy,,
34210,PN G085.3-01.4,c,LAMOST_2162165259277466240,315.0629,43.86644,60,1,,,ziggy,,
34211,PN G085.6-00.5,c,LAMOST_2163011780155167360,314.4072,44.73486,60,1,,,ziggy,,
34212,PN G206.6-01.9,c,LAMOST_3131314424766422912,98.26915,4.74913,60,1,,,ziggy,,
34213,PN G206.6-01.9a,c,LAMOST_3131312809858899584,98.26883,4.69252,60,1,,,ziggy,,
34214,PN G189.0+03.3,c,LAMOST_3377058022352989824,94.56641,22.71827,60,1,,,ziggy,,
34215,PN G194.0-01.8a,c,LAMOST_3345960260106872960,92.35798,15.85656,60,1,,,ziggy,,
34216,PN G071.5+02.8a,c,LAMOST_2059339962647461248,299.9129,35.2335,60,1,,,ziggy,,
34217,PN G072.4+01.6a,c,LAMOST_2059006157796423040,301.7862,35.41729,60,1,,,ziggy,,
34218,PN G078.5+01.4,c,LAMOST_2067497823512566144,306.2688,40.37678,60,1,,,ziggy,,
34219,PN G078.5+01.6,c,LAMOST_2067501706163086592,306.1015,40.49048,60,1,,,ziggy,,
34220,PN G082.8-00.7,c,LAMOST_2066622165581431040,312.0724,42.48147,60,1,,,ziggy,,
34221,PN G083.8-00.3,c,LAMOST_2066816985296462976,312.596,43.49703,60,1,,,ziggy,,
34222,PN G084.1-00.0,c,LAMOST_2066861274999442816,312.5606,43.91621,60,1,,,ziggy,,
34223,PN G084.0-00.3a,c,LAMOST_2066841174552285952,312.6731,43.59658,60,1,,,ziggy,,
34224,PN G085.1-00.5,c,LAMOST_2162917840615187968,313.9478,44.34133,60,1,,,ziggy,,
34225,PN G083.5-01.3,c,LAMOST_2065969949027608704,313.3715,42.63032,60,1,,,ziggy,,
34226,PN G083.3-01.3,c,LAMOST_2065962664762249344,313.2184,42.43942,60,1,,,ziggy,,
34227,PN G085.6-02.4,c,LAMOST_2161919690223206912,316.3093,43.46978,60,1,,,ziggy,,
34228,PN G084.8-01.5a,c,LAMOST_2162059774870760448,314.7295,43.48155,60,1,,,ziggy,,
34229,PN G085.7-00.6,c,LAMOST_2163031365207454336,314.6139,44.71306,60,1,,,ziggy,,
34230,PN G085.7-00.6a,c,LAMOST_2163031296487239296,314.6321,44.71433,60,1,,,ziggy,,
34231,PN G083.0-00.1a,c,LAMOST_2066883093433704576,311.6432,43.02775,60,1,,,ziggy,,
34232,PN G083.0-00.2c,c,LAMOST_2066694011795691136,311.7,42.90575,60,1,,,ziggy,,
34233,PN G086.2-00.1,c,LAMOST_2163115443489754496,314.4416,45.41721,60,1,,,ziggy,,
34234,PN G085.7-00.4a,c,LAMOST_2163028101030983168,314.2965,44.87295,60,1,,,ziggy,,
34235,PN G085.6-00.2,c,LAMOST_2163074555399867008,314.0798,44.90819,60,1,,,ziggy,,
34236,PN G085.7-00.2,c,LAMOST_2163077201099869056,314.0852,44.97707,60,1,,,ziggy,,
34237,PN G194.1-01.9b,c,LAMOST_3345947817583898624,92.25476,15.67219,60,1,,,ziggy,,
34238,PN G194.1-02.0a,c,LAMOST_3345950428924017920,92.21676,15.67344,60,1,,,ziggy,,
34239,PN G206.6-01.9b,c,LAMOST_3131313462693783808,98.21343,4.67558,60,1,,,ziggy,,
34240,PN G206.4-01.8,c,LAMOST_3131320540799832192,98.20959,4.88059,60,1,,,ziggy,,
34241,PN G173.4-01.8b,c,LAMOST_181182512485935232,80.38937,33.39221,60,1,,,ziggy,,
34242,PN G159.8-12.5a,c,LAMOST_220255513604289024,59.74447,36.5373,60,1,,,ziggy,,
34243,PN G193.9-02.0,c,LAMOST_3346000357921319936,92.10947,15.81883,60,1,,,ziggy,,
34244,PN G194.1-01.8a,c,LAMOST_3345955724621423360,92.41882,15.75502,60,1,,,ziggy,,
34245,PN G194.0-01.9a,c,LAMOST_3345953697396883456,92.27363,15.79816,60,1,,,ziggy,,
34246,PN G071.6+02.9,c,LAMOST_2059482211974358016,299.9067,35.36644,60,1,,,ziggy,,
34247,PN G084.4-01.9,c,LAMOST_2161831866730988800,314.7129,42.90038,60,1,,,ziggy,,
34248,PN G085.1-01.5a,c,LAMOST_2162156738062331904,314.9974,43.65018,60,1,,,ziggy,,
34249,PN G084.9-01.4a,c,LAMOST_2162072762851919744,314.6604,43.57275,60,1,,,ziggy,,
34250,PN G085.2-01.5,c,LAMOST_2162163850527917440,315.1314,43.77704,60,1,,,ziggy,,
34251,PN G085.2-01.2,c,LAMOST_2162175842076848768,314.7694,43.9498,60,1,,,ziggy,,
34252,PN G085.7-00.8,c,LAMOST_2162278852575543040,314.7082,44.5917,60,1,,,ziggy,,
34253,PN G085.6-00.7a,c,LAMOST_2162255419232793472,314.5983,44.56379,60,1,,,ziggy,,
34254,PN G086.3-00.1,c,LAMOST_2163491648267432192,314.537,45.54445,60,1,,,ziggy,,
34255,PN G206.6-01.9c,c,LAMOST_3131313600132724352,98.24316,4.69656,60,1,,,ziggy,,
34256,PN G206.5-02.2,c,LAMOST_3131321468512574464,97.90842,4.66894,60,1,,,ziggy,,
34257,PN G159.9-12.5,c,LAMOST_220254207934237312,59.77876,36.44978,60,1,,,ziggy,,
34258,PN G071.5+02.9,c,LAMOST_2059435104770783488,299.8956,35.3133,60,1,,,ziggy,,
34259,PN G073.5-07.5,c,LAMOST_1859711944304308352,311.5189,30.91367,60,1,,,ziggy,,
34260,PN G082.9-00.9,c,LAMOST_2066630652437260032,312.4383,42.43946,60,1,,,ziggy,,
34261,PN G084.7-01.5a,c,LAMOST_2162065203709451904,314.5743,43.4243,60,1,,,ziggy,,
34262,PN G084.8-01.3,c,LAMOST_2162070769987142528,314.4596,43.576,60,1,,,ziggy,,
34263,PN G083.7-01.5,c,LAMOST_2065943663827207936,313.674,42.60396,60,1,,,ziggy,,
34264,PN G084.5-02.0,c,LAMOST_2161839597672422528,314.9472,42.85867,60,1,,,ziggy,,
34265,PN G084.9-01.6,c,LAMOST_2162060324626550656,314.8293,43.47691,60,1,,,ziggy,,
34266,PN G084.9-01.7,c,LAMOST_2161868459852907904,315.0151,43.38464,60,1,,,ziggy,,
34267,PN G085.9-00.5,c,LAMOST_2163037309442142592,314.6696,44.94078,60,1,,,ziggy,,
34268,PN G085.5-00.9,c,LAMOST_2162253392008119936,314.6365,44.4079,60,1,,,ziggy,,
34269,PN G086.4-00.1,c,LAMOST_2163490789274283648,314.6749,45.61135,60,1,,,ziggy,,
34270,PN G086.5-00.0,c,LAMOST_2163494500126062592,314.65,45.69239,60,1,,,ziggy,,
34271,PN G086.4-00.1a,c,LAMOST_2163490273878860160,314.7506,45.60239,60,1,,,ziggy,,
34272,PN G086.3-01.4,c,LAMOST_2162588021505827968,315.9121,44.65351,60,1,,,ziggy,,
34273,PN G086.1-01.5,c,LAMOST_2162575136603630592,315.8996,44.38228,60,1,,,ziggy,,
34274,PN G086.2-01.5,c,LAMOST_2162395572603174528,316.0414,44.50101,60,1,,,ziggy,,
34275,PN G085.7-00.1,c,LAMOST_2163081564786425728,314.0311,45.11016,60,1,,,ziggy,,
34276,PN G085.3-00.2,c,LAMOST_2163066309062291200,313.8121,44.69749,60,1,,,ziggy,,
34277,PN G194.0-01.9b,c,LAMOST_3345953628677419776,92.23332,15.78103,60,1,,,ziggy,,
34278,PN G138.0+01.6,c,LAMOST_466126895061051648,45.11839,60.69639,60,1,,,ziggy,,
34279,PN G190.0+00.5g,c,LAMOST_3375202630839495808,92.50702,20.5236,60,1,,,ziggy,,
34280,PN G105.1+24.0,c,PaElPos 2,289.92642,73.6671,420,7,,,DSHPNe,,
34281,PN G067.3-01.5,c,PaTal 1,301.71125,29.36133,180,3,,,DSHPNe,,
34282,PN G343.3-04.5,L,Ster 1,259.83917,-45.35231,75,1.25,,,FrenchAmateurs,,
34283,PN G067.7-01.9,c,PaTal 2,302.31404,29.51294,15,0.25,1.15,,DSHPNe,,
34284,PN G043.5-13.6,c,PaElPos 3,299.81296,2.94823,234,3.9,,,DSHPNe,,
34285,PN G040.8+01.8,c,EkNHZ 1,284.85292,7.85067,600,10,2,,FrenchAmateurs,,
34286,PN G035.0+32.0,c,PaEl 3,254.43042,15.62519,420,7,1.17,,FrenchAmateurs,,
34287,PN G016.8-04.5,c,WoMart 1,279.49521,-16.39323,216,3.6,,,FrenchAmateurs,,
34288,PN G041.1+00.9,c,Ek 13,285.72642,7.72522,156,2.6,,,FrenchAmateurs,,
34289,PN G110.8+00.1,c,CarMoi 1,347.69208,60.59678,36,0.6,,,FrenchAmateurs,,
34291,PN G127.9+01.8,c,BKDWMAH 1,24.42725,64.23511,48,0.8,,,FrenchAmateurs,,
34292,PN G102.6+05.2,c,Cop 9,327.90988,60.82349,144,2.4,,,FrenchAmateurs,,
34294,PN G011.4-07.2,c,CopMart 1,279.552,-22.34931,50,0.833,,,FrenchAmateurs,,
34295,PN G010.8-06.7,c,CopMart 2,278.766,-22.71117,150,2.5,,,FrenchAmateurs,,
34296,PN G012.5-05.4,c,CopMart 3,278.36908,-20.61697,162,2.7,1.29,,FrenchAmateurs,,
34297,PN G017.7-04.2,c,CopMart 4,279.66088,-15.43728,102,1.7,1.31,,FrenchAmateurs,,
34298,PN G232.5+03.1,c,CopMart 5,114.95796,-15.82321,240,4,,,FrenchAmateurs,,
34299,PN G146.8+05.9,c,CopMart 6,64.22321,58.97614,162,2.7,,,FrenchAmateurs,,
34300,PN G014.7-03.3,c,CopMart 7,277.48342,-17.66863,30,0.5,,,FrenchAmateurs,,
34301,PN G241.3-17.9,L,SADR 3,98.28321,-32.9285,42,0.7,,,FrenchAmateurs,,
34302,PN G293.4+02.9,T,SADR 4,174.43483,-58.58953,16,0.267,1.23,,FrenchAmateurs,,
34303,PN G232.9-08.7,c,Son 1,104.01375,-21.72226,150,2.5,,,FrenchAmateurs,,
34305,PN G033.1+02.5,c,PN G033.1+02.5,280.7275,1.3725,10,0.167,,,AmateurCandidates,,
34306,PN G032.2+02.6,c,PN G032.2+02.6,280.19792,0.57361,10,0.167,,,AmateurCandidates,,
34307,PN G225.3+26.9,c,PN G225.3+26.9,132.24292,2.04361,15,0.25,,,AmateurCandidates,,
34308,PN G201.2-28.1,c,PaElPos J0450.7-0315,72.68667,-3.25528,2040,34,1.19,,AmateurCandidates,,
34310,PN G278.2-31.2,c,AZ 2,86.075,-68.06667,300,5,1,,AmateurCandidates,,
34311,PN G043.1-26.1,c,PaElPos J2042.3-0324,310.58296,-3.41053,450,7.5,,,FrenchAmateurs,,
34314,PN G095.3-05.5,L,ShaReb 1,329.57733,47.79,114,1.9,,,FrenchAmateurs,,
34315,PN G010.9-03.9,L,CopMart 8,276.12025,-21.342,60,1,,,FrenchAmateurs,,
34316,PN G092.3+07.8,T,Ek 15,310.74454,55.2542,24,0.4,,,FrenchAmateurs,,
34317,PN G297.9+08.7,L,LMoBoTo 1,184.50621,-53.76535,90,1.5,,,FrenchAmateurs,,
34318,PN G311.4+02.7,T,RasCapBlo 1,209.64296,-58.98256,60,1,,,FrenchAmateurs,,
34319,PN G186.2-09.5,c,PaElPos J 0524.8+1832,81.21788,18.54259,1800,30,,,AmateurCandidates,,
34322,PN G027.7+10.3,L,PaEl 4,271.24388,0.15111,42,0.7,,,FrenchAmateurs,,
34323,PN G110.7+08.5,L,Ek 16,338.69638,68.09898,18,0.3,,,FrenchAmateurs,,
34325,PN G110.3+09.3,L,Ek 18,336.77558,68.65452,50,0.833,,,FrenchAmateurs,,
34327,PN G156.2+40.5,c,PaElPos J 0910.3+5930,137.58933,59.50941,2700,45,,,AmateurCandidates,,
34328,PN G109.1-01.0,c,,345.39583,58.88333,1680,28,,,ziggy,,
34331,PN G307.0-02.7,c,EOS 2,202.68529,-65.35216,24,0.4,,,FrenchAmateurs,,
34332,PN G157.5+08.2,c,FACT 1,79.41225,52.19063,700,11.667,,,FrenchAmateurs,,
34333,PN G010.2-04.5,c,CopMart 9,276.41704,-22.20172,15,0.25,,,FrenchAmateurs,,
34335,PN G011.4+02.7,c,CopMart 10,270.142,-17.69422,114,1.9,1.36,,FrenchAmateurs,,
34336,PN G026.4-01.5,c,Rei 1,281.25675,-6.43192,50,0.833,,,FrenchAmateurs,,
34337,PN G118.2-08.3,c,Ek 19,4.99804,54.19456,420,7,,,FrenchAmateurs,,
34338,PN G085.8+06.5,c,CePozPruZib 1,306.24525,49.22906,132,2.2,1.05,,FrenchAmateurs,,
34339,PN G088.8+04.2,c,NiLe 1,311.86896,50.24792,36,0.6,,,FrenchAmateurs,,
34340,PN G032.2-02.3,c,PaTal J1858.6-0143,284.65246,-1.72782,120,2,,,AmateurCandidates,,
34342,PN G227.7+00.1,c,AZ 3,109.8921,-13.05566,300,5,1.07,,AmateurCandidates,,
34343,PN G207.7-05.9,c,NHZ 3,95.225,1.8775,210,3.5,,,AmateurCandidates,,
34344,PN G194.3+07.2,c,NHZ 4,100.9525,19.76836,135,2.25,,,AmateurCandidates,,
34346,PN G027.5+11.4,c,PaElPos J1800.9+0032,270.22675,0.54225,165,2.75,,,AmateurCandidates,,
34347,PN G117.4+14.7,c,Marbles Nebula,349.25583,76.59381,120,2,,,AmateurCandidates,,
