N,id,alpha,delta,magU,magB,magV,magR,magI,Spectral_type,diameter,minAxis,posAngle,axisRatio,Notes,Common name,Other name
1,PN Hu 1-2,323.284627601,39.63598734132,,,12,,,,0.307,0.27,105,1.13703703703704,,,
2,PN Vy 2-3,350.74126801609,46.89946483246,,,,,,O(H)3-4I,0.2,0.148,25,1.35135135135135,,,
3,DSH J2050.0+3753,312.5083,37.8881,,,,,,,0.58,0.58,90,1,,,
4,PN Me 2-2,337.9319807425,47.80106579073,,9.3,,,,,0.02684183,0.02636483,7,1.01809228430451,,,
5,PN K 1-20,354.795175,48.208075,,,,,,,0.567,0.567,90,1,,,
6,NGC 7027,316.7565498,42.236242,,10.358,8.831,10.157,,,0.19885333,0.18750334,-38,1.06053220171971,,,
7,IC 5117,323.129038,44.596539,,,,,,,0.03333334,0.03265983,84,1.02062196894473,,,
8,PN A66 84,356.93355960172,51.39921165369,,18.366,18.584,18.613,18.671,,1.583,1.583,90,1,,,
9,PN M 1-1,24.33067664078,50.46981779701,,13.07,13.91,,,,0.19,0.156,40,1.21794871794872,,,
10,PN A66 4,41.3485483867492,42.5512754411206,,15.6,,,,,0.333,0.333,90,1,,,
11,PN Sd 1,307.328879,40.255722,,,,,,,0.127,0.127,90,1,,,
12,SH 1-89,318.531783,47.772825,,,,,,,0.633,0.633,90,1,,,
13,NGC 7048,318.563282042406,46.288084395585,,,,,,,0.917,0.917,90,1,,,
14,PN M 1-77,319.78070189449,46.31310018421,,12.34,11.91,12.05,,B,0.43,0.404,140,1.06435643564356,,,
15,PN M 1-79,324.25625,48.934061,,,19.11,,,,0.5,0.5,90,1,,,
16,PN M 2-49,325.82333,50.42067,,,,,,,0.036666665,0.036666665,0,1,,,
17,PN G097.6-02.4,329.42410270401,51.69424718793,,,,,,,0.077,0.077,90,1,,,
18,IC 5217,335.98215839051,50.96679565007,,,15.5,,,[WC7],0.33333334,0.106429,6,3.13197850209999,,,
19,PN K 3-86,343.68842,54.93369,,14.1,,12.7,,,0.23,0.23,90,1,,,
20,PN A66 83,356.694621,54.743803,,,,,,,0.783333361,0.783333361,0,1,,,
21,PN Hu 1-1,7.064312,55.965133,,,,,,,0.217,0.199,0,1.09045226130653,,,
22,PN Vy 1-1,4.67572179064,53.87216072861,,,,,,[WC],0.257,0.216,0,1.18981481481481,,,
23,M 76,25.58189905342,51.57542638057,,,17.48,,17.69,DOZ,2.307,2.307,90,1,,Little Dumbbell Nebula,NGC 650
24,PN KjPn 2,303.84246,40.57906,,19.8,17.6,,,,0.603,0.603,0,1,,,
25,DSH J2009.6+4114,302.4204,41.2453,,,,,,,0.77,0.77,90,1,,,
26,PN K 4-55,311.291754,44.65405,,16,16.5,,,,1.377,1.377,0,1,,,
27,NGC 7026,316.57738475622,47.85188187105,,15.33,15.1,,,[WC3],0.59,0.378,15,1.56084656084656,,,
28,PN K 3-82,322.71448036426,50.002351604,,,,,,,0.417,0.417,90,1,,,
29,PN K 3-83,323.932639,50.90451,,,,,,,0.083,0.083,90,1,,,
30,PN K 3-62,322.95910743763,52.56432549611,,,,,,,0.1,0.051937,3,1.92540963089897,,,
31,IRAS 21326+5224,323.596795,52.624393,,,,,,,0.12,0.12,90,1,,,
32,PN G102.9-02.3,336.57194767933,54.82729005508,,17.825,16.965,16.397,15.743,,0.903,0.903,90,1,,,
33,PN M 2-53,338.073833,56.173922,,,,,,,0.333,0.333,90,1,,,
34,PN K 3-87,343.77889481724,56.70861739019,,,,,,,0.1,0.1,90,1,,,
35,PN M 1-80,344.082911,57.155796,,,,,,,0.2,0.16,95,1.25,,,
36,PN Hb 12,351.56176515686,58.18181758121,,13.51,11.49,12.44,,Oe,0.013333334,0.013333334,0,1,,,
37,PN G114.0-04.6,356.44895873241,57.06623417784,,,,,,,1.35,1.35,90,1,,,
38,PN A66 2,11.394492,57.959689,,,,,,,0.517,0.517,90,1,,,
39,PN A66 5,43.062796,50.59835,,,,,,,2.123,2.123,90,1,,,
40,PN Dd 1,302.1795,42.503108,,,,,,,0.333333343,0.333333343,0,1,,,
41,PN A66 71,308.096733,47.347336,,19.384,19.335,19.253,19.185,,2.633,2.633,90,1,,,
42,PN K 3-78,311.34453576485,50.37773891281,,,,,,,0.073,0.073,90,1,,,
43,PN K 3-61,322.50315237461,54.45755419742,,15.9,14.8,,,[WC4/6],0.167,0.137,145,1.21897810218978,,,
44,DSH J2120.0+5141,320.0004,51.6847,,,,,,,0.15,0.15,90,1,,,
45,DSH J2122.0+5504,320.5042,55.075,,,,,,,0.93,0.93,90,1,,,
46,PN K 3-63,324.7999,55.767761,,,,,,,0.117,0.117,90,1,,,
47,PN Bl 2-1,335.06928,58.237934,,,,,,,0.05,0.02805267,2,1.78236153635287,,,
48,PN M 2-52,335.12677,57.60545694,,,,,,,0.377,0.143,55,2.63636363636364,,,
49,PN M 2-51,334.016208,57.476042,,,,,,,0.653,0.653,90,1,,,
50,PN KjPn 8,351.043633,60.958542,,,,,,,0.063333333,0.063333333,0,1,,,
51,PN G131.4-05.4,28.2643,56.404753,,10.3,10.3,,,,0.400000006,0.400000006,0,1,,,
52,NGC 6884,302.59851032684,46.46100883178,,11.9,10.9,,,,0.127,0.127,90,1,,,
53,DSH J2046.1+5257,311.54432989615,52.95149585518,,,,15.9,,sdOB,0.5,0.5,0,1,,,
54,NGC 7008,315.13674,54.54316,,,,13.21,,,1.427,1.427,90,1,,,
55,PN K 3-60,321.860331,57.651714,,,,,,,0.033333335,0.033333335,0,1,,,
56,NGC 7354,340.08280569342,61.28576296827,,,,,,,0.41482833,0.41215667,27,1.00648214670407,,,
57,PN BV 1,5.001875,62.984211,,,,,,,0.693,0.693,90,1,,,
58,PN BV 2,10.090058,62.859522,,,21.5,,,,0.666666687,0.666666687,0,1,,,
59,PN G129.2-02.0,25.658333,60.162367,,,,,,,3.233,3.233,90,1,,,
60,PN K 3-73,300.999804,49.318375,,,,,,,0.266666681,0.266666681,0,1,,,
61,PN A66 73,314.112633,57.434181,,,,,,,1.22,1.22,90,1,,,
62,PN K 3-88,348.064558,64.654925,,,,,,,0.085000001,0.085000001,0,1,,,
63,DSH J2327.2+6509,351.80292,65.15519,,,,,,,0.32,0.32,90,1,,,
64,SH 1-118,1.83390738965,64.95590445082,,14.95,13.87,13.6,,,1.917,1.917,90,1,,,
65,PN G121.6+03.5,9.725742,66.396842,,,,,,,0.317,0.317,90,1,,,
66,PN G124.0+02.9,15.60189580037,65.77569236778,,,,,,,0.277,0.227,30,1.22026431718062,,,
67,PN K 3-90,21.24423347157,65.6433605957,,,,,,,0.177,0.163,155,1.08588957055215,,,
68,IPHAS PN-1,21.28315903034,63.94798843583,,,,,,,0.14,0.14,90,1,,,
69,IC 1747,29.39870800127,63.32179092466,,15.8,15.4,,,[WC4],0.283,0.278,150,1.01798561151079,,,
70,PN M 1-4,55.43091307073,52.28340762551,,15.86,14.27,15.26,,,0.21,0.197,15,1.06598984771574,,,
71,NGC 6833,297.44402811438,48.96114257691,,,,,,,0.014641,0.01448193,14,1.01098403320552,,,
72,NGC 6826,296.20062509412,50.52506917637,,9.779,9.359,10.775,,O3f(H),0.663,0.584,90,1.13527397260274,,,
73,NGC 7076,321.598083,62.892175,,,,,,,0.95,0.95,90,1,,,
74,NGC 7139,326.535775,63.791514,,,,,,,1.267,1.267,90,1,,,
75,PN KjPn 6,342.25907188701,67.02729237217,,,,,,,0.153,0.153,90,1,,,
76,PN A66 1,3.229,69.173,,,,,,,0.783,0.783,90,1,,,
77,PN K 3-91,29.65112288389,66.5662492734,,,,,,,0.287,0.229,120,1.25327510917031,,,
78,PN K 3-92,30.921546,64.960522,,,,,,,0.217,0.217,90,1,,,
79,PN A66 3,33.02776467542,64.15064801706,,,,,,,1,1,90,1,,,
80,PN K 3-93,36.625063,65.798081,,,,,,,0.14,0.14,90,1,,,
81,IC 289,47.58042305376,61.31692042317,,16.8,,,,,0.76454663,0.76454335,45,1.00000429014261,,,
82,IRAS 03272+5528,52.7721,55.6475,,,,,,,0.45,0.45,90,1,,,
83,IRAS 03596+5200,60.8738,52.1406,,,,,,,0.42,0.42,90,1,,,
84,PN K 3-65,63.97721,48.82781,,,,,,,0.083,0.083,90,1,,,
85,PN Pa 5,289.87709987547,44.76186250281,,,15.67,,,O(He),2.6,2.6,0,1,,,
86,PN M 2-55,352.969617,70.369475,,,,,,,0.667,0.667,90,1,,,
87,NGC 40,3.25423754052,72.5219537052,,11.63,11.46,,,[WC8],0.933333,0.566667,24,1.6470572664369,"updated diam minaxis and PA from HASH 8/31/2026",Bow Tie Nebula,Caldwell 2
88,PN A66 86,0.379058,70.708314,,,,,,,1.049999952,1.049999952,0,1,,,
89,PN A66 6,44.6744327699846,64.5017433498839,,,,,,DAO,3.1,3.1,90,1,,,
90,PN K 3-94,54.033692,60.062858,,,,,,,0.167,0.167,90,1,,,
91,PN G160.5-00.5,71.67933333,44.46711111,,,,,,,1.533,1.533,90,1,,,
92,NGC 1501,61.74746704555,60.92063292834,,15.17,13,,,[WO4],0.863,0.863,90,1,,,
93,PN M 2-2,63.31261935271,56.94955772461,,,,,,,0.273,0.262,25,1.04198473282443,,,
94,PN K 4-47,65.18842461764,56.30336530926,,,,,,,0.167,0.167,90,1,,,
95,NGC 6742,284.833458,48.465344,,,16.567,,,O(H)III-V,0.45,0.45,90,1,,,
96,PN M 4-18,66.46181506781,60.12021679075,,14.22,13.96,,,[WC11],0.063,0.063,90,1,,,
97,IC 1454,340.60257999655,80.44201308472,,,,,,,0.567,0.567,90,1,,,
98,PN K 1-16,275.46711951582,64.36483508114,,14.44,14.96,15.26,,PG1159,1.567,1.567,90,1,,,
99,IC 4677,269.5658,66.6331,,15,,,,,1.202,0.776,0,1.54896907216495,,,
100,PN PuWe 1,94.89142856127,55.61219653839,,15.291,15.545,15.662,15.792,DAO.5,6.667,6.667,90,1,,,
101,PN A66 16,100.98090868597,61.79018253695,,18.517,18.714,18.733,18.686,DAO,2.35,2.35,90,1,,,
102,PN A66 28,130.39814568511,58.23010684998,,16.28,16.557,16.691,16.877,DAH:,4.467,4.467,90,1,,,
103,PN ARO 121,119.46507051555,53.42137513468,,16.775,17.128,17.288,17.501,DQ,6.333,6.333,90,1,,,
104,M 97,168.69880122825,55.01902300891,,15.414,15.777,15.96,16.194,,3.333,3.333,90,1,,Owl Nebula,NGC 3587
105,NGC 1360,53.31102855331,-25.87166045775,,10.95,11.16,,,sdO,6.4,6.4,90,1,,,
106,IC 351,56.88741935131,35.04684420203,,13.11,12.27,14.35,,Of(H),0.213,0.213,30,1,,,
107,PN Ba 1,58.402288,19.494061,,14.6,14.3,,,,0.633,0.633,90,1,,,
108,IC 2003,59.09161841127,33.87521110473,,13.11,11.87,13.44,,[WC3?],0.263,0.211,0,1.24644549763033,,,
109,NGC 1514,62.32077328068,30.77596414103,,10.01,9.48,,,sdO+A0/3III,1.673,1.673,90,1,,,
110,PN K 3-67,69.949701,36.761841,,15.085,13.68,14.965,,,0.25,0.25,90,1,,,
111,PN K 3-66,69.1551562981,33.65835408055,,,,,,O,0.037,0.037,90,1,,,
112,PN H 3-29,69.348188,25.045528,,15.7,,,,,0.2,0.2,90,1,,,
113,PN A66 7,75.78138642496,-15.60631133732,13.99,15.19,15.495,15.632,15.818,DAO.6,12.733,12.733,90,1,,,
114,PN A66 8,76.66007749112,39.13574117968,,,,,,,1,1,90,1,,,
115,Jonckheere 320,76.39282407943,10.70636799393,,,,,,O3V(f),0.12,0.12,90,1,,,
116,PN K 3-68,82.8994,28.978208,,,,,,,0.2,0.2,90,1,,,
117,PN K 1-7,82.939575,6.933772,,,,,,,0.333,0.333,90,1,,,
118,IC 418,81.86752480565,-12.69730063549,,9.405,9.01,10.118,,O7fp,0.26287332,0.261415,-30,1.00557856282157,,,
119,PN K 3-69,85.34222145529,39.25219042097,,,,,,,0.007666667,0.007666667,0,1,,,
120,PN M 1-5,86.70838331475,24.36745779151,,,,,,,0.036666665,0.036666665,0,1,,,
121,PN H 3-75,85.18738459848,12.35625503279,,14.8,,,,,0.400000006,0.400000006,0,1,,,
122,NGC 2022,85.52579343888,9.08627388766,,14.9,14.2,,,[WC],0.30681834,0.30467501,78,1.00703480735095,,,
123,PN Pu 1,88.20189806504,28.09976554257,,14,18,,,,1.1,1.1,90,1,,,
124,PN K 3-70,89.68897865747,25.31219734256,,,,,,,0.027,0.027,90,1,,,
125,PN A66 14,92.78606958434,11.77884012754,,15.75,15.24,,,B8-9,0.547,0.547,90,1,,,
126,PN A66 12,90.583521,9.653914,,,,,,,0.617,0.617,90,1,,,
127,PN A66 13,91.199567,3.943267,,20.06,19.87,,,,2.543,2.543,90,1,,,
128,PN We 1-4,93.640483,7.574964,,,,,,,0.666666687,0.666666687,0,1,,,
129,IC 2165,95.4282699181525,-12.9872336102989,,12.146,10.782,12.305,,,0.14666666,0.14596333,45,1.0048185390125,,,
130,PN VV 28,96.48862934421,17.79087126338,,,12.5,,,[WC],0.337,0.249,155,1.35341365461847,,,
131,PN K 3-72,95.978667,5.503578,,,,,,,0.383,0.383,90,1,,,
132,PN A66 15,96.75849339642,-25.38047222257,,15.41,15.72,,,sdOp,0.567,0.567,90,1,,,
133,PN M 1-7,99.3371647133533,24.0098522125197,,,,,,,0.287,0.241,160,1.19087136929461,,,
134,PN K 4-48,99.982675,11.108428,,,13.2,,,,0.133,0.133,90,1,,,
135,PN M 1-6,98.93801711364,-0.09372137738,,,15.84,,,O6-9I,0.22,0.198,0,1.11111111111111,,,
136,PN K 2-2,103.09652284929,9.96549226706,,13.977,14.263,14.39,14.553,sdO,6.9,6.9,90,1,,,
137,DSH J0646.4+0828,101.6029,8.4839,,,,,,,1.1,1.1,0,1,,,
138,PN M 1-8,103.390812,3.140822,,11.7,,,,,0.307,0.307,90,1,,,
139,PN A66 18,104.061079,-2.885503,,,20.9,,,,1.22,1.22,90,1,,,
140,IRAS 06518-1041,103.55598222596,-10.76063255426,,,,,,[WC7/8],0.45,0.27,0,1.66666666666667,,,
141,PN A66 19,104.985117,14.609436,,,,,,,1.117,1.117,90,1,,,
142,PN M 1-9,106.3300006771,2.78318115938,,,,,,,0.037,0.037,90,1,,,
143,PN PB 1,105.695038,-13.709372,,,,,,,0.213,0.154,10,1.38311688311688,,,
144,PN K 2-3,106.7367,-22.0406,,15.8,,,,,1.049999952,1.049999952,0,1,,,
145,PN M 3-1,105.70793078763,-31.5914341069544,,12.9,12.7,,,,0.23,0.221,55,1.04072398190045,,,
146,NGC 2346,107.34383991685,-0.80655861037,,11.76,11.58,,,A5V,0.91,0.91,90,1,,,
147,PN We 1-6,109.3585104356,-10.17692763754,,,,,,,1.033,1.033,90,1,,,
148,PN We 2-37,109.0333,-10.885,,,,,,,1.74,1.18,0,1.47457627118644,,,
149,PN K 1-10,108.147888,-16.099919,,,,,,,1.036666632,1.036666632,0,1,,,
150,PN M 1-11,107.81956200665,-19.85080513234,,,13.5,,,WC10-11,0.403,0.347,5,1.16138328530259,,,
151,PN M 3-2,108.70800965398,-27.8397871099,,,,,,,0.127,0.127,90,1,,,
152,NGC 2371,111.39453497042,29.49067507002,,14.48,13.5,,,Oe,0.727,0.727,90,1,,,
153,NGC 2392,112.29486308254,20.91179858002,,,9.68,,,O6f,0.33549997,0.33528835,72,1.00063115822545,,,
154,PN A66 21,112.26129027258,13.24682987644,,15.67,15.99,,,DOZ,10.25,10.25,90,1,,,
155,PN A66 20,110.74030435369,1.75942847338,,16.216,16.466,16.559,16.701,DA,1.117,1.117,90,1,,,
156,PN M 3-3,111.642617,-5.364489,,,,,,,0.203,0.203,90,1,,,
157,PFP 1,110.57373811263,-6.36277292478,,,,,,DO:,19.17,18.33,0,1.04582651391162,,,
158,PN M 1-13,110.312654,-18.142958,,11,,,,,0.253,0.218,45,1.1605504587156,,,
159,PN M 1-14,111.98545910321,-20.22295846818,,,,,,O(H)7-9,0.094188,0.09184866,85,1.02546950603308,,,
160,PN M 1-12,109.83945216185,-21.73205617454,,,14.08,,,WC10-11,0.029999999,0.029999999,0,1,,,
161,PN M 4-2,112.22427040922,-35.75389890255,,,13.7,,,wels,0.1,0.1,90,1,,,
162,PN K 1-11,114.03299165266,2.70765110759,,19.24,19.59,,,,1.399999976,1.399999976,0,1,,,
163,PN M 1-16,114.32875804,-9.646655,,14.959,13.393,14.669,,,0.193,0.135,225,1.42962962962963,,,
164,PN M 1-17,115.0923851498,-11.54160656699,,,,,,,0.193,0.128,40,1.5078125,,,
165,PN M 1-18,115.517363,-14.353686,,,,,,,0.507,0.507,90,1,,,
166,NGC 2438,115.46049760579,-14.73540837354,,,,,,,1.173,1.173,90,1,,,
167,NGC 2440,115.48060846,-18.20844769,,11.469,10.104,,,,0.36363664,0.34044999,68,1.06810589126468,,,
168,PN K 1-12,117.548342,-19.304575,,,,,,,0.617,0.617,90,1,,,
169,NGC 2452,116.85943729381,-27.33522777283,,17.9,12.2,,,[WO1],0.30530331,0.30485168,46,1.00148147453214,,,
170,FEGU 248-5,115.5983,-32.7958,,17,17.5,,,,3.01,2.55,0,1.18039215686275,,,
171,PN A66 23,115.824933,-34.754344,,,,,,,0.9,0.9,90,1,,,
172,PN M 3-4,118.79749211818,-23.63683507765,,,,,,,0.23,0.23,90,1,,,
173,PN M 3-5,120.62065112,-27.69861,,,,,16.135,,0.197,0.161,195,1.22360248447205,,,
174,NeVe 3-3,120.8021,-33.5172,,,,,,,1.23,0.93,0,1.32258064516129,,,
175,PN K 1-13,121.6937546267,-2.876439274,,18.051,18.425,18.592,18.846,,2.767,2.767,90,1,,,
176,PN Sa 2-21,122.1846,-19.2339,,14,,,,,0.666666687,0.666666687,0,1,,,
177,PN Y-C 2-5,122.67350524978,-20.52564150029,,,,,,wels,0.167,0.14,120,1.19285714285714,,,
178,PN K 1-21,121.059138,-34.2687,,,,,,,0.483,0.483,90,1,,,
179,PN A66 26,122.25685,-32.673586,,11.86,11.58,,,,0.667,0.667,90,1,,,
180,PN MeWe 2-1,125.21833,-35.27611,,,19,,,,0.4,0.4,0,1,,,
181,NGC 2610,128.3475993403,-16.14938798211,,9.02,,11.23,,,0.573,0.573,90,1,,,
182,PN K 1-1,127.969304,-32.102414,,,,,,,0.723,0.723,90,1,,,
183,PN A66 30,131.72276661453,17.87954705405,,14.23,14.3,13.47,,[WC5],0.287,0.132,75,2.17424242424242,,,
184,PN M 3-6,130.16760866182,-32.37599885811,,,12.79,,,[WC],0.307,0.251,45,1.22310756972112,,,
185,PN A66 31,133.55485047748,8.8980392975,,15.201,15.544,15.693,15.831,sdO6,16.2,16.2,90,1,,,
186,IC 5148,329.89619389693,-39.38562028893,,,16.5,,,O?,2,2,90,1,,,
187,[MAC2021] 374,13.67405,-37.67259,,,,,,,0.03843,0.03843,0,1,,,
188,NGC 7293,337.41060585298,-20.83715201178,11.894,13.158,13.524,13.689,13.898,DAO.5,13.4,13.4,90,1,,,
189,NGC 7009,316.04506466152,-11.36349448821,,12.48,12.07,,,,0.707,0.523,70,1.35181644359465,,,
190,PN BoBn 1,9.31679,-13.71628,,16,,,,,0.050000001,0.050000001,0,1,,,
191,NGC 246,11.76392514234,-11.87193642391,10.15,11.52,11.76,12.18,,PG1159,3.733,3.733,90,1,,,
192,PN Ps 1,322.497488608913,12.1739653732597,,13.39,14.06,,,sdO,0.03125833,0.03062683,-3,1.0206191760623,,,
193,NGC 7094,324.22070306837,12.78863868726,,,13.65,13.775,,sdB/sdO,1.583,1.583,90,1,,,
194,PN Jn 1,353.97217284945,30.46842687367,,15.52,15.62,,,DOZ,5.533,5.533,90,1,,,
195,PN A66 78,323.8724234413,31.69595811003,,13.04,13.25,,,[WC5],1.783,1.783,90,1,,,
196,BA 1-55,10.91333,41.44803,,,20.35,,,,0.1,0.1,0,1,,,
197,BA 1-331,10.140929,40.546192,19.706,19.67,19.461,19.294,19.816,,0.15,0.15,0,1,,,
198,BA 1-478,9.79208,40.62447,,,20.91,,,,0.45,0.2,0,2.25,,,
199,BA 1-317,10.238529,40.602164,19.018,19.89,19.722,18.885,19.03,,0.1,0.1,0,1,,,
200,BA 1-310,10.12840491763,40.70838170401,18.658,19.53,19.666,19.038,19.642,,0.2,0.1,0,2,,,
201,[SCM2012b] PN258,10.85375,41.16578,,,22.11,,23.066,,0.0344,0.0344,0,1,,,
202,[SCM2012b] PN260,10.8625,41.17458,,,21.18,,22.279,,0.017,0.0153333,63,1.10869806238709,,,
203,[SCM2012b] PN273,10.91542,41.14883,,,21.51,,22.693,,0.0344,0.0344,0,1,,,
204,[SCM2012b] PN277,10.93125,41.24808,,,22.44,,22.686,,0.0384592,0.0307665,90,1.25003494060098,,,
205,[SCM2012b] PN287,10.99417,41.32317,,,21.38,,23.053,,0.0344,0.0344,0,1,,,
206,MLA 899,10.99958,41.25972,,,22.11,,23.009,,0.0111667,0.0038333,156,2.91307750502178,,,
207,[SCM2012b] PN291,11.00708,41.32756,,,21.91,,22.606,,0.0344,0.0344,0,1,,,
208,[SCM2012b] PN293,11.01917,41.20244,,,21.66,,22.41,,0.0344,0.0344,0,1,,,
209,[SCM2012b] PN296,11.02375,41.30072,,,21.79,,22.793,,0.0344,0.0344,0,1,,,
210,[SCM2012b] PN303,11.06625,41.36972,,,21.95,,22.609,,0.0344,0.0344,0,1,,,
211,[SCM2012b] PN304,11.0675,41.31486,,,21.38,,21.878,,0.0384592,0.0307665,60,1.25003494060098,,,
212,MLA 969,11.08708,41.40753,,,21.52,,22.293,,0.009,0.0066667,55,1.34999325003375,,,
213,Ford M 31 557,11.10417,41.52942,,,21.24,,,,0.0105,0.0036667,98,2.86361033081517,,,
214,Ford M 31 559,11.10924383177,41.55410654917,,,20.49,,22.198,,0.0113333,0.0031667,112,3.57889916948243,,,
215,Ford M 31 560,11.12417,41.54589,,,21.56,,22.501,,0.0313333,0.0133333,6,2.35000337500844,,,
216,MLA 1053,11.18883220221,41.53072398905,,,22.17,,23.027,,0.011,0.0046667,149,2.35712602052842,,,
217,[SCM2012b] PN326,11.20917,41.51892,,,20.66,,22.508,,0.0118333,0.005,31,2.36666,,,
218,[SCM2012b] PN002,9.76042,40.38069,,,21.17,,,,0.0344,0.0344,0,1,,,
219,HKPN M31 13,9.8125,40.44297,,,22.15,,,,0.0344,0.0344,0,1,,,
220,HKPN M31 16,9.81792,40.37047,,,21.2,,,,0.04558,0.026015,105,1.75206611570248,,,
221,HKPN M31 25,9.92833,40.38031,,,22.18,,,,0.0344,0.0344,0,1,,,
222,HKPN M31 27,9.93625,40.33306,,,22.44,,,,0.0421314,0.0280876,165,1.5,,,
223,HKPN M31 33,9.95667,40.35692,,,21.85,,,,0.0384592,0.0307665,150,1.25003494060098,,,
224,[SCM2012b] PN030,10.03198581881,40.47593523053,,,21.52,,,,0.0344,0.0344,0,1,,,
225,HKPN M31 45,10.08667,40.46917,,,21.38,,,,0.0344,0.0344,0,1,,,
226,HKPN M31 53,10.18875,40.69172,,,20.79,,,,0.0344,0.0344,0,1,,,
227,HKPN M31 55,10.19708,40.47375,,,22.95,,,,0.0344,0.0344,0,1,,,
228,MLA 273,10.21292,40.98003,,,21.95,,,,0.0344,0.0344,0,1,,,
229,MLA 275,10.21917,40.99517,,,21.23,,,,0.0344,0.0344,0,1,,,
230,MLA 276,10.21833,40.47436,,,21.99,,,,0.0344,0.0344,0,1,,,
231,MLA 282,10.22625,41.14422,,,21.44,,,,0.0344,0.0344,0,1,,,
232,MLA 286,10.235,40.89836,,,22.39,,,,0.0344,0.0344,0,1,,,
233,HKPN M31 59,10.25125,40.4805,,,21.41,,,,0.0344,0.0344,0,1,,,
234,MLA 310,10.27417,40.47042,,,22.77,,,,0.0423077,0.0338453,120,1.25003176216491,,,
235,MLA 320,10.30292,40.97417,,,20.57,,,,0.0384592,0.0307665,0,1.25003494060098,,,
236,MLA 321,10.30583,41.19308,,,22.42,,,,0.0344,0.0344,0,1,,,
237,MLA 327,10.31125,40.74256,,,22.29,,,,0.0344,0.0344,0,1,,,
238,MLA 333,10.32167,41.26719,,,21.8,,,,0.0344,0.0344,0,1,,,
239,MLA 335,10.32292,41.20186,,,22.2,,,,0.0344,0.0344,0,1,,,
240,MLA 337,10.32333,40.97914,,,21.68,,,,0.0344,0.0344,0,1,,,
241,MLA 349,10.33625,41.1715,,,21.97,,,,0.0344,0.0344,0,1,,,
242,MLA 350,10.33667,40.91689,,,21.14,,,,0.0384592,0.0307665,0,1.25003494060098,,,
243,MLA 382,10.41333,40.70617,,,22.61,,,,0.0344,0.0344,0,1,,,
244,MLA 384,10.4175,41.01747,,,22.27,,,,0.0384592,0.0307665,165,1.25003494060098,,,
245,MLA 396,10.435,41.03647,,,21.2,,,,0.0344,0.0344,0,1,,,
246,MLA 398,10.43625,40.80317,,,22.57,,,,0.0384592,0.0307665,0,1.25003494060098,,,
247,MLA 411,10.45583,41.47053,,,21.11,,,,0.09976,0.079808,0,1.25,,,
248,Ford M 31 303,10.46792,41.26203,,,21.51,,,,0.0344,0.0344,0,1,,,
249,MLA 421,10.47708,41.22372,,,22.16,,,,0.045494,0.0260021,0,1.74962791466843,,,
250,MLA 423,10.47792,40.93586,,,22.56,,,,0.0384592,0.0307665,0,1.25003494060098,,,
251,MLA 443,10.52083,40.97669,,,21.92,,,,0.0344,0.0344,0,1,,,
252,MLA 467,10.55625,40.99519,,,21.54,,,,0.0344,0.0344,0,1,,,
253,MLA 473,10.56042,40.87294,,,20.5,,,,0.0344,0.0344,0,1,,,
254,MLA 474,10.5625,40.97928,,,20.54,,,,0.0344,0.0344,0,1,,,
255,[SCM2012b] PN170,10.58833,41.015,,,22.33,,,,0.0344,0.0344,0,1,,,
256,HKPN M31 77,10.635,40.70733,,,22.69,,,,0.0421314,0.0280876,165,1.5,,,
257,HKPN M31 78,10.655,41.07211,,,21.73,,,,0.0384592,0.0307665,15,1.25003494060098,,,
258,MLA 603,10.70625,41.14006,,,21.9,,,,0.0384592,0.0307665,30,1.25003494060098,,,
259,MLA 659,10.74917,41.46914,,,22.6,,,,0.050052,0.0286036,90,1.7498496692724,,,
260,Ford M 31 170,10.77583,41.18231,,,20.84,,,,0.0421314,0.0280876,75,1.5,,,
261,MLA 685,10.77667,41.12294,,,22.05,,,,0.0423077,0.0338453,150,1.25003176216491,,,
262,MLA 697,10.78917,41.08139,,,21.46,,,,0.0384592,0.0307665,150,1.25003494060098,,,
263,[SCM2012b] PN241,10.81125,41.50936,,,22.24,,24.243,,0.048633,0.0243251,0,1.99929291143716,,,
264,HKPN M31 95,10.82917,40.96719,,,22.5,,,,0.0421314,0.0280876,165,1.5,,,
265,[SCM2012b] PN251,10.84583,41.18083,,,21.54,,22.11,,0.0344,0.0344,0,1,,,
266,Ford M 31 247,10.84667,41.36594,,,21.23,,,,0.0384592,0.0307665,90,1.25003494060098,,,
267,[SCM2012b] PN261,10.88625,41.30911,,,21.28,,,,0.0344,0.0344,0,1,,,
268,MLA 803,10.89292,41.3265,,,22.08,,,,0.0384592,0.0307665,0,1.25003494060098,,,
269,[SCM2012b] PN268,10.90417,41.25256,,,21.94,,22.514,,0.0344,0.0344,0,1,,,
270,[SCM2012b] PN278,10.93167,41.32042,,,21.41,,22.18,,0.0344,0.0344,0,1,,,
271,[SCM2012b] PN280,10.95708,41.37842,,,21.48,,22.52,,0.045494,0.0260021,90,1.74962791466843,,,
272,[SCM2012b] PN283,10.97833,41.36808,,,21.97,,23.126,,0.0384592,0.0307665,120,1.25003494060098,,,
273,[SCM2012b] PN294,11.02042,41.15514,,,21.87,,23.718,,0.0344,0.0344,0,1,,,
274,MLA 998,11.11458,41.37481,,,22.5,,24.859,,0.046354,0.0308955,0,1.50034794711204,,,
275,MLA 1391,10.54208,41.12189,,,22.35,,,,0.0344,0.0344,0,1,,,
276,Ford NGC 221 29,10.73333,40.8535,,,22.21,,,,0.0344,0.0344,0,1,,,
277,Ford NGC 221 1,10.64955020437,40.88347426312,,,20.91,,,,0.0344,0.0344,0,1,,,
278,Ford NGC 221 7,10.70083,40.90378,,,21.36,,,,0.0344,0.0344,0,1,,,
279,Ford M 31 552,11.074716,41.503399,,,23.33,,,,0.0344,0.0344,0,1,,,
280,Ford M 31 556,11.1025,41.50753,,,24.31,,23.761,,0.0421314,0.0280876,120,1.5,,,
281,HKPN M31 74,10.58833,40.56389,,,21.74,,,,0.045494,0.0260021,90,1.74962791466843,,,
282,[WB92a] 397,11.09875,41.43106,,,22.64,,22.916,,0.0253333,0.0086667,172,2.92306183437756,,,
283,FJCHP 57,10.05917,40.39,,,21.79,,,,0.0344,0.0344,0,1,,,
284,FJCHP 58,10.06375,40.40375,,,22.42,,,,0.0344,0.0344,0,1,,,
285,HKPN M31 2,9.68417,40.29964,,,22.63,,,,0.046354,0.0308955,135,1.50034794711204,,,
286,HKPN M31 12,9.81167,40.40797,,,22.59,,,,0.0423077,0.0338453,0,1.25003176216491,,,
287,HKPN M31 22,9.90292,40.29758,,,21.03,,,,0.0344,0.0344,0,1,,,
288,HKPN M31 51,10.18333,40.41908,,,21.76,,,,0.0344,0.0344,0,1,,,
289,HKPN M31 91,10.77208,40.89275,,,22,,,,0.0344,0.0344,0,1,,,
290,HKPN M31 94,10.81333,40.85367,,,22.62,,,,0.0344,0.0344,0,1,,,
291,BA 1-157,11.27542,41.60453,,,21.19,,,,0.0203333,0.0138333,6,1.46988065031482,,,
292,MLA 1101,11.26333,41.59778,,,20.56,,,,0.0038333,0.0015,1,2.55553333333333,,,
293,NGC 7662,351.474299497011,42.5349543967722,,,,11.427,,,0.380885,0.38070166,60,1.00048158445119,,,
294,MLA 965,11.08042,41.76919,,,21.73,,,,0.0235,0.0095,44,2.47368421052632,,,
295,MLA 978,11.09708,41.89328,,,21.38,,22.961,,0.0166667,0.0025,8,6.66668,,,
296,MLA 1070,11.22333,41.89036,,,20.74,,22.684,,0.0185,0.01,157,1.85,,,
297,[SCM2012b] PN315,11.15292,41.83142,,,21.22,,22.861,,0.0344,0.0344,0,1,,,
298,MLA 1057,11.20625,41.788,,,21.06,,,,0.0344,0.0344,0,1,,,
299,MLA 1006,11.12708,42.00978,,,21.05,,,,0.0344,0.0344,0,1,,,
300,[WB92a] 481,11.14833,41.93514,,,23.22,,,,0.0126667,0.0041667,104,3.03998368013056,,,
301,[SCM2012b] PN368,11.55667,41.82503,,,20.37,,22.169,,0.0344,0.0344,0,1,,,
302,MLA 1126,11.31,41.65092,,,21.82,,22.125,,0.0091667,0.0031667,158,2.89471689771687,,,
303,[SCM2012b] PN345,11.35333,41.79214,,,21.61,,22.651,,0.0255,0.0065,33,3.92307692307692,,,
304,[SCM2012b] PN349,11.4075,41.85483,,,22.62,,23.124,,0.0384592,0.0307665,120,1.25003494060098,,,
305,BA 1-234,11.635,42.06167,,,22.17,,,,0.019,0.0096667,24,1.96551046375702,,,
306,BA 1-655,11.53515976195,42.19196651014,,,21.03,,18.86,,0.0276667,0.0228333,157,1.21168206084972,,,
307,[SCM2012b] PN371,11.57708,42.05219,,,22.71,,23.827,,0.0384592,0.0307665,0,1.25003494060098,,,
308,MLA 1280,11.73125,42.40056,,,20.4,,,,0.0344,0.0344,0,1,,,
309,NGC 2818A,139.006208969,-36.62708788246,,,,,,,0.58591503,0.56252837,-81,1.04157418762719,,,
310,PN A66 33,144.78809110247,-2.80846861074,,,,,,DAO,4.467,4.467,90,1,,,
311,PN A66 34,146.39723783146,-13.17106531937,,16.06,16.32,,,,4.833,4.833,90,1,,,
312,NGC 3132,151.75735684271,-40.43642515362,,10.14,10.01,,,A2V,0.75,0.75,90,1,,,
313,PN K 1-28,158.62758478375,-29.18755991282,,15.7,16,,,,0.899999976,0.899999976,0,1,,,
314,PN K 1-22,171.682363019875,-34.3697718807111,,16.147,16.07,,,,3.017,3.017,90,1,,,
315,NGC 4361,186.12812938647,-18.78487981564,,12.8,13.2,,,[WC],1.35,1.35,90,1,,,
316,PN LoTr 5,193.89061296184,25.8918220239,,9.72,8.88,,,G5III-IV,0.177,0.177,90,1,,,
317,PN A66 35,193.38660712712,-22.87293600714,,10.52,9.69,,,G8III-IV+DAO,12.867,12.867,90,1,,,
318,PN H 4-1,194.86575446,27.63629478,,,,,,OB,0.05,0.05,90,1,,,
319,PN A66 36,205.17227309607,-19.88203467884,,11.27,11.57,,,sdO7,6.117,6.117,90,1,,,
320,IC 972,211.10800195248,-17.2279388701,,,,,16.42,,0.783,0.783,90,1,,,
321,PN SkAc 1,214.09145500512,13.87340245383,,,,,,O8/O9,1.1,1.1,0,1,,,
322,IRAS 16290-4214,248.131107,-42.349541,,,,,,,0.27,0.22,0,1.22727272727273,,,
323,PN MeWe 2-5,248.7071,-42.0619,,,,,,,0.55,0.38,0,1.44736842105263,,,
324,NGC 6153,247.87737851856,-40.25351283575,,10.7,15.55,,,,0.53,0.498,160,1.06425702811245,,,
325,PN H 1-3,253.38054,-42.65633,,,14,,,,0.263,0.263,90,1,,,
326,PN H 1-5,254.34897664492,-41.63283784363,,,15,,,,1.1,1.1,-1,1,,,
327,IRAS 16529-4341,254.141554,-43.770763,,,,,,,1.017,1.017,-1,1,,,
328,IC 4663,266.36928961717,-44.90499642996,,,,,,[WN3],0.26115835,0.25882834,-89,1.00900214404651,,,
329,PN Lo 11,240.842546,-36.014925,,,,,,,0.983,0.983,90,1,,,
330,IC 4637,256.29362,-40.88547,,,9.2,,,,0.31,0.31,90,1,,,
331,PN H 2-14,263.083721,-39.857111,,,,,,,0.333333343,0.333333343,0,1,,,
332,IC 1297,289.347697995,-39.61284824052,,,10.89,,,[WC3/4],0.117,0.117,90,1,,,
333,NGC 6026,240.33801450415,-34.54327397305,,13.2,12.5,,,O7,0.563,0.563,90,1,,,
334,NGC 6072,243.2431814107,-36.22983197394,,,12.1,,,,1.167,1.167,90,1,,,
335,WRAY 16-229,249.86711609068,-36.57128131081,,,15.2,,,,0.193,0.143,135,1.34965034965035,,,
336,PN H 1-2,252.22544382592,-35.78582011943,,11.5,13.6,,,[WC11],0.013333334,0.013333334,0,1,,,
337,WRAY 15-1567,253.8418901561,-35.58995809075,,,16.4,,,,0.18,0.18,0,1,,,
338,NGC 6302,258.4354,-37.1031,,,,,,O-rich,0.47182336,0.44727832,68,1.0548764357727,,,
339,NGC 6337,260.56530058907,-38.48381544257,,,12,,,wels,0.783,0.783,90,1,,,
340,WRAY 16-287,263.58333,-38.15194,,,17,,,,1.38,0.75,0,1.84,,,
341,PN Fg 3,270.0492345622,-38.83128331339,,12.8,11.18,,,,0.04880333,0.04362217,77,1.11877355023833,,,
342,PN M 3-21,270.63471,-36.65314,,,12.2,,,,0.083333336,0.083333336,0,1,,,
343,PN Lo 13,242.44139102503,-30.91883919609,,15.1,,,,,2.366666555,2.366666555,0,1,,,
344,PN K 1-3,245.82920445326,-31.74961906255,,18.6,20,,,,1.533,1.533,90,1,,,
345,PN M 2-5,255.57953553897,-33.16801199488,,16.28,15.08,,14.44,,0.090000004,0.090000004,0,1,,,
346,PN M 2-4,255.27592923965,-34.82739188803,,,14.4,,,,0.083333336,0.083333336,0,1,,,
347,PN M 1-19,255.94520499728,-33.49567597981,,15.02,13.87,14.87,14.16,[WC],0.05368367,0.05306267,-22,1.01170314271785,,,
348,PN H 2-1,256.151053282592,-33.9885504278233,,,13.25,,,O,0.04436667,0.04414683,56,1.00497974599762,,,
349,PN H 1-8,258.67888,-33.41317,,,13.6,,,,0.059052,0.0571355,-24,1.03354306867009,,,
350,PHR J1706-3544,256.5079,-35.7436,,,,,,,0.9,0.88,0,1.02272727272727,,,
351,PN H 1-13,262.11491586384,-35.12544506418,,,14,,,,0.437,0.376,0,1.16223404255319,,,
352,PN H 1-12,261.60124298303,-35.02816066206,,,14,,,,0.233,0.215,20,1.08372093023256,,,
353,IRAS 17262-3511,262.406404,-35.228911,,,,16.08,,,0.3,0.15,0,2,,,
354,PN H 1-32,266.526365,-34.062871,,,,,,,0.083333336,0.083333336,0,1,,,
355,PN H 1-31,266.38319737455,-34.56522436111,,,14.5,,,,0.083333336,0.083333336,0,1,,,
356,PN H 1-33,266.955901066662,-34.1347574114658,,,15.3,,,,0.047,0.047,90,1,,,
357,PN M 3-14,266.08592,-34.11128,,,14.9,,,,0.059052,0.05743783,76,1.02810290709102,,,
358,PN SAB 41,267.0679,-35.6419,,,15.48,,,,0.93,0.65,0,1.43076923076923,,,
359,PN Hf 2-1,267.800621,-34.923419,,,,,,,0.157,0.157,90,1,,,
360,PN H 1-35,267.30808269133,-34.38133682646,,,12.9,,,wels?,0.02684183,0.0267995,86,1.00157950708036,,,
361,PN H 1-43,269.56016611718,-33.79378378942,,,15.1,,,[WC11],0.05,0.05,90,1,,,
362,PN H 1-39,268.33758601332,-33.93290147698,,,15.2,,,[WC11]?,0.03666667,0.036628,14,1.00105574969968,,,
363,PN M 1-30,268.24563,-34.63961,,16.6,16.4,,,,0.07,0.06858566,-86,1.02062151184373,,,
364,PN H 1-41,269.32961874107,-34.16355128177,,,,,,[WC],0.16,0.16,90,1,,,
365,PN Cn 2-1,268.637542,-34.372542,,,12.7,14.47,13.7,,0.057,0.057,90,1,,,
366,PN K 6-32,268.41633,-34.72767,,,,,,,0.45,0.25,0,1.8,,,
367,PN M 2-24,270.51206077269,-34.46313199322,,15.62,14.6,15.29,,,0.113,0.113,90,1,,,
368,NGC 6563,273.01042,-33.86861,,11.7,10,,,,0.717,0.717,90,1,,,
369,PN Hb 8,286.3997438199,-33.19389221463,,14.47,13.22,15.39,,,0.083,0.083,90,1,,,
370,Hen 2-436,293.02795318187,-34.21597797911,,13.3,,,,[WC4],0.166666672,0.166666672,0,1,,,
371,PN M 2-6,256.076368,-30.891356,,,,15.65,,,0.13333334,0.13333334,0,1,,,
372,PN M 2-7,256.30796,-30.53881,,,15.5,,,O,0.133,0.133,90,1,,,
373,PN M 2-8,256.37792,-32.53558,,,14.5,,,[WC2/3],0.063,0.063,90,1,,,
374,PN M 2-10,258.52927750179,-31.32860656337,,,15,,,,0.06666667,0.06666667,0,1,,,
375,PN K 6-21,257.67992,-30.54122,,,,,,,0.17,0.17,0,1,,,
376,PN Th 3-10,261.17042,-30.86656,,,,,,,0.033,0.033,90,1,,,
377,IRAS 17194-3137,260.670025,-31.665371,,,,,,,0.15,0.13,0,1.15384615384615,,,
378,PN PBOZ 3,261.2429,-30.7178,,,,,,,0.1,0.07,0,1.42857142857143,,,
379,PN Bl D,266.5115,-31.06075,,,18,,,,0.647,0.647,0,1,,,
380,PN RPZM 36,266.2908,-32.7714,,,,,,,0.92,0.57,0,1.6140350877193,,,
381,PN M 4-7,267.936096,-31.60005,,,,,,,0.097,0.097,90,1,,,
382,PN H 2-33,269.5522872876,-31.13510406186,,,17,,,,0.133,0.133,90,1,,,
383,PN M 3-17,269.10687,-31.07144,,,16.5,,,[WC11]?,0.05,0.05,90,1,,,
384,PN H 1-46,269.76042975295,-32.36208186071,,,14.3,,,,0.02016667,0.020085,8,1.00406621857107,,,
385,PN M 2-22,269.63575,-33.47689,,,15.5,,,,0.087,0.087,90,1,,,
386,PN H 1-42,269.354883371619,-33.5953144973977,,,12.8,,,,0.097,0.097,90,1,,,
387,PN M 2-16,268.14321,-32.76428,,,14.8,,,,0.09,0.09,90,1,,,
388,PN M 2-18,268.40771,-32.97994,,,14.9,,,,0.027,0.027,90,1,,,
389,PN K 6-31,268.15233,-31.27553,,,,,,,0.17,0.15,0,1.13333333333333,,,
390,WRAY 17-104,269.60796,-33.08331,,,17.5,,,,0.35,0.25,0,1.4,,,
391,PN Pe 1-11,270.4286929189,-33.25786510345,,,15,,,,0.15,0.15,90,1,,,
392,PN M 1-34,270.342263848962,-33.2959107427917,,,,,16.314,,0.186666667,0.186666667,0,1,,,
393,PN KFL 3,270.720546,-31.399581,,,,,,,0.224999994,0.224999994,0,1,,,
394,PN M 2-27,270.96904932673,-31.29643383234,,,14.4,,,[WC4]:,0.033,0.033,90,1,,,
395,PN M 2-28,271.26137,-30.97167,,,15.5,,,,0.073,0.073,90,1,,,
396,PN H 1-50,270.97295123124,-32.69500418573,,10,12.8,,,,0.023333333,0.023333333,0,1,,,
397,PN KFL 9,271.830754,-31.715819,,,,,,,0.196666673,0.196666673,0,1,,,
398,PN M 2-35,274.405,-31.94633,,14.3,15,,,,0.083333336,0.083333336,0,1,,,
399,PN Cn 1-5,277.29854208203,-31.49975978011,,15.5,15.2,13.34,,[WC5/6],0.213,0.196,5,1.08673469387755,,,
400,PN G002.8-10.7,278.89,-31.5958,,,,,,,0.25,0.22,0,1.13636363636364,,,
401,PN M 3-29,279.85757610389,-30.67700632382,,13,14.1,,,,0.137,0.137,90,1,,,
402,PN Hb 7,283.90751556799,-32.26348711427,,12.58,11.65,13.61,,O3,0.067,0.067,90,1,,,
403,PN Me 2-1,230.58033824731,-23.62539233364,,12.2,12.2,,,,0.1,0.1,90,1,,,
404,Terz N 7,257.9975,-28.8597,,,,,,,0.27,0.27,0,1,,,
405,PN K 6-22,258.16371,-30.36122,,,,,,,0.27,0.17,0,1.58823529411765,,,
406,PN M 3-8,261.21729,-28.0985,,,15.4,,,,0.09,0.09,90,1,,,
407,PN M 3-41,261.49925,-29.364,,,15.4,,,,0.07,0.07,90,1,,,
408,PN M 3-7,261.1435541069,-29.40549895557,,,14.6,,,[WC],0.103,0.103,90,1,,,
409,PN H 2-7,260.8539,-28.985014,,,,,,,0.07,0.07,90,1,,,
410,PN Th 3-12,261.275527491242,-29.7547219047528,,,,,15.647,,0.029999999,0.029999999,0,1,,,
411,PN M 3-38,260.26862460439,-29.04991672881,,,16,,,,0.00806667,0.0079497,-48,1.0147137627835,,,
412,PN H 1-9,260.382964094401,-30.3468355718636,,16.034,14.636,14.808,,,0.013333334,0.013333334,0,1,,,
413,PN PBOZ 1,260.408321,-28.920811,,,,,,,0.13333334,0.13333334,0,1,,,
414,PN M 2-11,260.13862,-29.01086,,,14,,,,0.047,0.047,90,1,,,
415,PN Th 3-19,262.174181962221,-28.4554778822122,,,,,,,0.033333335,0.033333335,0,1,,,
416,PN H 2-10,261.88692,-28.51858,,,16.1,,,,0.033,0.033,90,1,,,
417,PN M 3-10,261.83413,-28.46422,,,14.4,,,,0.053,0.053,90,1,,,
418,PN M 3-42,261.74938,-29.25892,,,16.99,14.45,,,0.15,0.15,90,1,,,
419,PN M 4-4,262.20957396344,-30.12916605284,,,,,,,0.109999999,0.109999999,0,1,,,
420,PN H 1-19,262.51071,-27.98819,,,16.3,,,,0.023333333,0.023333333,0,1,,,
421,PN H 1-18,262.42817,-29.54731,,,,,,,0.416666657,0.416666657,0,1,,,
422,PN H 1-17,262.41914012244,-28.67287047406,,,15.7,,,,0.017,0.017,90,1,,,
423,PN H 1-20,262.68253852919,-28.06856700048,,17.1,16,,,,0.067,0.067,90,1,,,
424,PN HDW 8,262.94708,-28.70097,,,,,,,0.55,0.55,0,1,,,
425,PN TrBr 4,263.931054,-30.357339,,,,,,,0.3,0.3,0,1,,,
426,PN Th 3-26,262.78875,-28.24733,,14.5,14.5,,,,0.11,0.11,90,1,,,
427,PN H 1-23,263.1955,-30.00414,,,16,,,,0.047,0.047,90,1,,,
428,JaSt2 1,263.6221,-29.0342,,,,,,,1,0.78,0,1.28205128205128,,,
429,ESO 455-139,264.76215494232,-28.94323174817,,,17.2,,,,0.400000006,0.400000006,0,1,,,
430,PN Hb 5,266.98417,-29.99433,,10.5,10.78,,,,0.1331455,0.13093616,28,1.01687341373078,,,
431,IRAS 17440-2825,266.8109683941,-28.4468196177,,18.42,17.24,16.97,16.12,,0.93,0.93,0,1,,,
432,PN M 1-26,266.49028050597,-30.2002128481,,12.89,12.08,12,,[WR],0.06495716,0.06327433,-35,1.02659577746615,,,
433,PN G359.3+01.4 a,264.61121,-28.78514,,,,,,,0.17,0.16,0,1.0625,,,
434,PN G358.6+00.7,264.84458,-29.69614,,,,,,,0.533,0.533,-1,1,,,
435,PN G358.6-01.1,266.7175,-30.62856,,,,,,,0.25,0.25,-1,1,,,
436,JaSt 12,264.747,-28.77831,,,,,,,0.27,0.27,0,1,,,
437,PN M 3-44,267.82884604408,-30.39810467055,,,16.5,,,[WC11],0.07333333,0.07333333,0,1,,,
438,PN M 1-29,267.574857560684,-30.581941078115,,,14,,,,0.137,0.137,90,1,,,
439,PN M 3-43,267.60142,-29.42181,,,,,,,0.063,0.063,90,1,,,
440,PN M 3-20,269.83063,-28.23006,,,14.8,,,Of,0.067,0.067,90,1,,,
441,PN Bl M,268.446325,-28.454753,,,16.6,,,,0.077,0.077,90,1,,,
442,PN M 3-19,269.58067,-30.01092,,,15.5,,,,0.117,0.117,90,1,,,
443,PN M 2-21,269.53992,-29.73892,,,,,,,0.05,0.05,90,1,,,
444,PN Bl 3-13,269.01161467918,-29.18793116664,,,16,,,,0.086666666,0.086666666,0,1,,,
445,PN M 2-20,268.6055,-29.60228,,,16.1,,,[WC5/6],0.109999999,0.109999999,0,1,,,
446,PN M 2-19,268.44020221565,-29.72971538163,,,16.976,,15.973,O(H)6-8III-V,0.083,0.083,90,1,,,
447,PN H 1-40,268.90022737445,-30.55898869366,,,15.5,,,,0.063,0.063,90,1,,,
448,PN M 3-16,268.19186317635,-30.8263947405,,,17.007,,16.122,O(H)4-6III-V,0.11,0.11,90,1,,,
449,PN M 3-45,268.02483,-30.08722,,,15.6,,,,0.100000001,0.100000001,0,1,,,
450,PN KFL 1,269.814937,-30.046431,,,,,,,0.13666667,0.13666667,0,1,,,
451,PN G000.0-01.0,267.54168333432,-29.31735617504,,,,,,,0.267,0.267,-1,1,,,
452,PN G000.7-00.8,267.695237,-28.744178,,,,,,,0.283,0.283,-1,1,,,
453,PN G000.1-01.7,268.20438,-29.69858,,,,,,,0.26,0.21,0,1.23809523809524,,,
454,PN G000.3-01.6,268.2175,-29.50003,,,,,,,0.13,0.13,0,1,,,
455,JaSt 88,268.2529,-29.0981,,,,,,,0.23,0.22,0,1.04545454545455,,,
456,JaSt 92,268.3346,-28.4531,,,,,,,0.35,0.35,0,1,,,
457,PN K 6-35,268.93042,-29.06867,,,,,,,0.24,0.21,0,1.14285714285714,,,
458,JaSt 87,268.2496,-28.735,,,,,,,0.3,0.3,0,1,,,
459,JaSt 96,268.487829,-29.337692,,,,,,,0.42,0.42,0,1,,,
460,PN G000.6-01.0,267.797933,-28.9406,,,,,,,0.533,0.533,-1,1,,,
461,PN G359.5-01.8,267.9333,-30.2136,,,,,,,0.68,0.65,0,1.04615384615385,,,
462,PN G001.1-01.2,268.3217,-28.6011,,,,,,,0.19,0.17,0,1.11764705882353,,,
463,JaSt2 11,268.3625,-29.1381,,,,,,,0.25,0.25,0,1,,,
464,PN G000.9-01.4,268.3983,-28.8739,,,,,,,0.3,0.3,0,1,,,
465,JaSt2 15,268.5979,-28.5808,,,,,,,0.25,0.25,0,1,,,
466,PN G001.5-01.6,268.9021,-28.4253,,,,,,,0.4,0.28,0,1.42857142857143,,,
467,PN G000.0-01.2,267.596558,-28.552022,,,,,,,0.217,0.217,-1,1,,,
468,PN H 1-47,270.15675083953,-29.36406628479,,,15.6,,,[WC11]?,0.083333336,0.083333336,0,1,,,
469,PN M 2-23,270.42767210451,-28.42892147039,,,13,,,,0.147,0.147,90,1,,,
470,PN ShWi 1,270.60771,-29.41817,,,,,,,0.216666669,0.216666669,0,1,,,
471,PN M 3-22,270.58031629,-30.24061836,,,,,,,0.107,0.107,90,1,,,
472,PN KFL 2,270.24969230622,-28.2721460941,,,,,,,0.090000004,0.090000004,0,1,,,
473,PN H 1-55,271.81066302577,-29.69018113915,,,16.3,,,,0.04033333,0.040012,76,1.00803084074778,,,
474,PN H 1-56,271.97451751287,-29.74287189188,,,15,,,O?,0.050000001,0.050000001,0,1,,,
475,PN M 1-38,271.52392,-28.675,,,13.9,,,,0.083333336,0.083333336,0,1,,,
476,PN H 1-54,271.78033052539,-29.21832577369,,,13.9,,,,0.033,0.033,90,1,,,
477,PN M 1-42,272.77079,-28.98308,,13.1,14,,,,0.17984,0.178115,51,1.00968475423182,,,
478,PN KFL 12,272.628362,-28.323031,,,,,,,0.046666667,0.046666667,0,1,,,
479,PN M 3-23,271.77567,-30.57161,,,14.5,,,,0.2,0.2,90,1,,,
480,PN G002.2-04.3,272.02675,-29.22103,,,,,,,0.1,0.1,0,1,,,
481,PN K 6-41,272.80154,-29.36792,,,,,,,0.39,0.35,0,1.11428571428571,,,
482,PN H 2-43,273.19994300367,-28.33326158387,,12,14.2,,,,0.15,0.15,90,1,,,
483,EM* AS 283,272.896252905229,-28.3768683054756,,11,13.7,,,B0I-III,0.2,0.2,90,1,,,
484,PN KFL 14,273.254608,-29.420997,,,,,,,0.284999996,0.284999996,0,1,,,
485,NGC 6565,272.96869093037,-28.17845034479,,12.5,12.2,12.12,,PN,0.3,0.216667,10,1.38461325444115,updated diam and minaxis from HASH 8/31/2026,,
486,PN Pe 1-12,274.426579,-28.287167,,,,,,,0.2,0.2,90,1,,,
487,PN M 2-36,274.42262,-29.13886,,,,,17.012,,0.113,0.113,90,1,,,
488,PN SwSt 1,274.05118087682,-30.86886293861,,12.1,11.1,,,[WC9/10],0.05,0.02913,2,1.7164435290079,,,
489,PN M 2-33,273.77734763655,-30.25924033655,,,,14.61,14.03,O5f(H),0.067,0.067,90,1,,,
490,PN H 1-63,274.0806004569,-30.12668553515,,,,14.232,,O?,0.116666667,0.116666667,0,1,,,
491,PN KFL 19,275.787042,-29.723658,,,16.3,,,,0.129999995,0.129999995,0,1,,,
492,CGMW 4-2031,279.4788,-28.4611,,,,,,,0.82,0.58,0,1.41379310344828,,,
493,PN M 3-36,258.16318808636,-25.72708399979,,,14.7,,,,0.053,0.053,90,1,,,
494,PN M 4-3,257.67408091351,-27.14557739964,,,15.2,,,,0.13333334,0.13333334,0,1,,,
495,PN G357.2+07.2,257.8117,-27.1919,,,,,,,0.3,0.28,0,1.07142857142857,,,
496,PN K 6-20,257.18733,-27.51783,,,,,,,0.22,0.2,0,1.1,,,
497,PN M 2-12,261.0061463436,-25.98980091218,,13.5,12.5,,,[WC11],0.083333336,0.083333336,0,1,,,
498,PN Th 3-14,261.43367822672,-26.96331497647,,,,,,,0.023333333,0.023333333,0,1,,,
499,PN M 3-9,261.43071669298,-26.19872429115,,,15.8,13.03,,,0.28,0.28,90,1,,,
500,PN M 3-40,260.61787713114,-27.145102582,,,,,,,0.0512435,0.050811,84,1.00851193639173,,,
501,PN M 3-39,260.297055,-27.19362689,,,,,,,0.4316667,0.3016667,25,1.43093917890175,updated diam and minaxis from HASH 8/31/2026,,
502,PN M 3-37,259.805775,-25.288208,,,,,,,0.037,0.037,90,1,,,
503,PN SaWe 2,261.750821,-27.676419,,,,,,,1.166666627,1.166666627,0,1,,,
504,PN H 2-11,262.35817144938,-25.81866811938,,,,,,,0.045000002,0.045000002,0,1,,,
505,PN M 4-5,263.728,-26.59925,,,17.5,,,,0.086666666,0.086666666,0,1,,,
506,PN H 1-16,262.347620127706,-26.4349372196228,,16.9,15.63,14.25,15.37,,0.083333336,0.083333336,0,1,,,
507,PN G000.3+04.2,262.55096,-26.35064,,,,,,,0.1,0.1,0,1,,,
508,PN K 5-1,262.46817802265,-26.18711442914,,,,,,,0.15,0.15,0,1,,,
509,PN Th 3-25,262.69504,-27.09944,,,16.9,,,,0.03,0.03,90,1,,,
510,PN K 1-4,265.11467,-27.01725,,,15,,,,0.767,0.767,90,1,,,
511,PN G002.1+02.6,265.12854,-25.74442,,,,,,,0.18,0.16,0,1.125,,,
512,WRAY 17-94,265.0535,-26.73942,,,16,,,,0.053,0.053,90,1,,,
513,PN H 2-20,266.41588,-25.66675,,,17,,,,0.06052833,0.057446,7,1.05365612923441,,,
514,JaSt 21,264.9667,-27.7389,,,,,,,0.27,0.27,0,1,,,
515,JaSt 45,265.84767,-27.18803,,,,,,,0.42,0.42,0,1,,,
516,PN G001.1+00.8,266.296187,-27.543889,,,,,,,0.5,0.5,-1,1,,,
517,PN G001.6+00.9,266.40567,-27.02178,,,,,,,0.3,0.3,-1,1,,,
518,PN G001.2+00.7,266.44534306413,-27.51165022585,,,,,,,0.3,0.3,-1,1,,,
519,JaSt 50,266.1396,-26.415,,,,,,,0.27,0.2,0,1.35,,,
520,JaSt2 4,265.61689973608,-27.22549439871,,,16.459,,14.822,,0.38,0.38,0,1,,,
521,Terz N 2337,267.188633,-26.724667,,,,,,,0.45,0.45,-1,1,,,
522,PN G001.5-00.7,268.036321,-28.037933,,,,,,,0.6,0.6,-1,1,,,
523,PN G001.6+00.1,267.192392,-27.427425,,,,,,,0.2,0.2,-1,1,,,
524,JaSt 81,268.01785029702,-27.61056545355,,,,,,,0.533,0.533,-1,1,,,
525,PN Pe 2-12,270.29277722079,-27.63881678275,,,14.6,,,,0.083,0.083,90,1,,,
526,PN G004.8-01.1,270.3204,-25.3772,,,,,,,0.17,0.12,0,1.41666666666667,,,
527,PN G004.3-01.4,270.3288,-25.8892,,,,,,,0.1,0.08,0,1.25,,,
528,PN KFL 4,270.71529,-27.68322,,,,,,,0.050000001,0.050000001,0,1,,,
529,PN H 1-53,271.489319417712,-26.4950426708394,,,,,,,0.416666657,0.416666657,0,1,,,
530,PN M 2-26,270.79967,-26.97533,,,16,,,,0.117,0.117,90,1,,,
531,PN M 1-35,270.91375,-26.72608,,,14.5,,,,0.087,0.087,90,1,,,
532,IC 4673,270.82691080221,-27.10630987912,,,13.5,,,O(H)8,0.247,0.247,90,1,,,
533,PN KFL 7,271.708154,-27.104469,,,,,,,0.083333336,0.083333336,0,1,,,
534,PN KFL 11,272.551017,-27.276389,,,,,,,0.053333335,0.053333335,0,1,,,
535,PN M 2-29,271.6704396715,-26.91565993565,,15.24,14.29,15.15,15.905,,0.057475,0.05498583,70,1.04526929938131,,,
536,PN KFL 10,272.005467,-26.900422,,,,,,,0.100000001,0.100000001,0,1,,,
537,PN K 6-39,270.77120563006,-27.77896118049,,,,,,,0.15,0.14,0,1.07142857142857,,,
538,PN KFL 13,273.18783033325,-25.74009623124,,,,,,,0.236666664,0.236666664,0,1,,,
539,PN H 1-60,273.10508,-27.48689,,,,,,[WC],0.063,0.063,90,1,,,
540,PN M 2-30,273.14333,-27.96958,,13.5,14,,,,0.067,0.067,90,1,,,
541,PN H 1-59,272.871929,-27.771025,,14.5,,,,,0.1,0.1,90,1,,,
542,PN M 2-31,273.31688392999,-25.50147803351,,13.3,13.6,,,[WC4/6],0.085000001,0.085000001,0,1,,,
543,PN KFL 15,273.580517,-25.347561,,,,,,,0.141666666,0.141666666,0,1,,,
544,PN H 2-41,273.099021,-27.870517,,,,,,,0.127,0.127,90,1,,,
545,PN M 2-38,274.85496,-26.58894,,,15.5,,,,0.133,0.133,90,1,,,
546,PN M 3-26,274.04767,-27.24953,,,15,,,,0.117,0.117,90,1,,,
547,PN M 1-44,274.07225812673,-27.07514915844,,12.5,12.5,,,Be,0.067,0.067,90,1,,,
548,PN KFL 16,274.2248640772,-26.39002837912,,13.9,14.1,,,,0.206666663,0.206666663,0,1,,,
549,PN H 1-66,276.239746,-25.698822,,11,,,,,0.11,0.11,90,1,,,
550,NGC 6620,275.725758,-26.821442,,12.8,13.3,14.34,14.55,,0.083,0.083,90,1,,,
551,NGC 6644,278.144595,-25.128933,,,,,,,0.04547583,0.04537917,83,1.00213005218033,,,
552,PN Vy 2-1,276.99844183439,-26.11335146369,,12.8,13.2,,,[WC],0.063,0.063,90,1,,,
553,PN M 3-32,281.17929,-25.35967,,,,,,,0.127,0.127,90,1,,,
554,PN M 3-33,282.0505848474,-25.48122881732,,,13.2,,,,0.163,0.163,90,1,,,
555,PN A66 65,296.64253829593,-23.13693502308,,15.93,15.77,16,15.65,Opk,1.799999952,1.799999952,0,1,,,
556,PN H 1-11,260.32385969362,-22.30986599954,,,,,,,0.1,0.1,90,1,,,
557,PN G001.4+06.3,261.2242,-24.3225,,,,,,,0.98,0.68,0,1.44117647058824,,,
558,PN H 1-14,262.00729832623,-24.42314339769,,,15.5,,,,0.11,0.11,90,1,,,
559,PN H 1-15,262.15678598844,-24.8520052525,,,15.1,,,,0.073,0.073,90,1,,,
560,NGC 6369,262.33523604621,-23.75965883868,,16.6,12,,,[WC4],0.58564001,0.58373833,-65,1.0032577610588,,,
561,PN H 2-15,263.611738,-22.888808,,,,,,,0.057,0.057,90,1,,,
562,PN Th 3-27,263.993612,-24.424764,,,,,,,0.166666672,0.166666672,0,1,,,
563,PN K 6-26,263.27937,-23.46747,,,,,,,0.25,0.2,0,1.25,,,
564,PN H 2-17,265.03094102466,-24.42849779318,,,16,,,,0.0565675,0.05605417,74,1.00915774865634,,,
565,PN H 2-24,267.15225,-24.27633,,,,,,,0.077,0.077,90,1,,,
566,PN Hb 4,265.47000086055,-24.70231407311,,18.4,17,,,[WC4],0.14320117,0.13745283,-23,1.04182045578836,,,
567,PTB 1,265.91283,-24.53125,,,,,,,0.55,0.47,0,1.17021276595745,,,
568,PN H 2-25,267.252004,-23.715164,,,,,,,0.059784,0.05956,42,1.00376091336467,,,
569,PN K 6-33,268.43921,-22.90108,,,,,,,0.42,0.28,0,1.5,,,
570,PN M 1-41,272.37542,-24.20722,,,15,,,,1.8,0.883333,72,2.03773661801382,updated diam and minaxis from HASH 8/31/2026,,
571,PN H 1-65,275.03686103834,-24.25146346819,,12,14.3,,,[WC11],0.087,0.087,90,1,,,
572,PN M 2-39,275.50484206061,-24.1777546916,,,15,,,wels,0.053,0.053,90,1,,,
573,PN H 1-67,276.270733,-22.581289,,,,,,[WC2/3],0.1,0.1,90,1,,,
574,PN M 2-42,275.63367,-24.15769,,,13.9,,,,0.067,0.067,90,1,,,
575,NGC 6629,276.42689240649,-23.20293099651,,11.9,9.9,,,[WC5/6],0.35,0.308,5,1.13636363636364,,,
576,WRAY 16-413,277.970141859,-24.77158090065,,,16.3,,,,0.050000001,0.050000001,0,1,,,
577,IC 4732,278.47764195053,-22.64482851812,,12.5,,,,,0.030303,0.02842467,44,1.06608097824882,,,
578,PN Pe 1-13,278.71488,-22.72178,,,,,,,0.117,0.117,90,1,,,
579,PN H 2-48,281.64632601982,-23.44673929689,,,13,,,OIII-V,0.029999999,0.029999999,0,1,,,
580,PN M 1-62,282.60852929173,-22.57297441535,,,,,,[WC],0.059999999,0.059999999,0,1,,,
581,PPA J1855-2328,283.77031301453,-23.47022216438,,,,,,O(H)6III-V,0.34,0.3,0,1.13333333333333,,,
582,PN A66 66,299.38126193687,-21.61283597868,,17.71,17.39,,,,4.447,4.447,90,1,,,
583,PN PC 12,250.97409965078,-18.95331979004,,,,,,O,0.03,0.03,90,1,,,
584,PN A66 40,252.143812,-21.014075,,,,,,,0.567,0.567,90,1,,,
585,IC 4634,255.38992365621,-21.82583764331,,12.3,11.3,,,O3If,0.121,0.118145,5,1.02416522070337,,,
586,PTB 2,261.5508,-21.2981,,,,,,,0.18,0.12,0,1.5,,,
587,PN M 3-12,264.094308,-21.520061,,,,,,,0.09,0.09,90,1,,,
588,PN M 3-11,263.83929872907,-20.95650858657,,,,,15.44,,0.12,0.12,90,1,,,
589,PN H 1-24,263.40659250333,-21.77354578162,,,,,,,0.143,0.143,90,1,,,
590,G 4.4+6.4,262.96951046944,-21.82519961465,,,,,,,3.67,3.5,0,1.04857142857143,,,
591,PTB 3,263.3875,-21.8564,,,,,,,0.5,0.33,0,1.51515151515152,,,
592,PN H 2-16,264.981729,-21.237031,,,,,,,0.28,0.28,90,1,,,
593,PN H 1-27,265.07477016231,-22.32172560537,,,,,,,0.087,0.087,90,1,,,
594,PN M 1-25,264.62631687549,-22.14414840807,,17.9,,,,[WC6],0.06666667,0.0647665,25,1.0293387785352,,,
595,PN M 3-15,266.38212362465,-20.9670816379,,,,,,[WC4/6],0.07333333,0.070808,-48,1.03566447294091,,,
596,PN M 1-28,266.9096,-22.1056,,18.9,,,,,0.247,0.247,90,1,,,
597,PTB 4,265.7279,-22.2378,,,,,,,0.28,0.19,0,1.47368421052632,,,
598,PTB 6,266.2771,-21.6986,,,,,,,0.32,0.27,0,1.18518518518519,,,
599,PTB 9,265.8917,-20.2322,,,,,,,0.33,0.23,0,1.43478260869565,,,
600,PTB 12,266.815,-19.9578,,,,,,,0.3,0.23,0,1.30434782608696,,,
601,NGC 6445,267.312617660255,-20.0094887889089,,18.9,,,,,3.73333,1.199998928,58,3.11111111259259,updated diam from HASH 8/31/2026 and minaxis from Bracken’s *Astrophotography Sky Atlas* entry scaled up 25% to match the difference in diameter from HASH,Little Gem Nebula,
602,IC 4670,268.7792945,-21.7444559,,15.03,13.28,13.88,13.56,,0.1,0.094835,6,1.05446301470976,,,
603,PN Th 4-7,268.094038,-21.853731,,,15.46,14.01,,,0.100000001,0.100000001,0,1,,,
604,PN M 1-31,268.17268684334,-22.36587758444,,,,,,[WC],0.0512435,0.04767767,4,1.07479035783418,,,
605,PTB 8,267.3071,-21.0286,,,,,,,0.28,0.28,0,1,,,
606,PN M 1-40,272.108287,-22.281369,,11,,,,,0.083333336,0.083333336,0,1,,,
607,NGC 6537,271.3046,-19.843022,,,13.58,,,,0.257,0.185,120,1.38918918918919,,,
608,NGC 6578,274.068779844856,-20.4507619977783,,,,,,[WC4/6],0.17081167,0.1623985,-59,1.05180571249119,,,
609,PN M 1-47,277.29642500523,-21.78168572545,,,,,,,0.093,0.093,90,1,,,
610,PN M 3-31,281.00738591504,-19.91465108442,,,,,,,0.016666668,0.016666668,0,1,,,
611,PN M 1-55,279.141074866023,-21.8174161896161,,,,14.02,13.2,,0.416666657,0.416666657,0,1,,,
612,PN PC 21,281.396729,-20.582867,,,,,,,0.223333329,0.223333329,0,1,,,
613,PN SB 20,282.3512,-19.8711,,,,,,O(H)3-4,0.32,0.28,0,1.14285714285714,,,
614,PN M 1-20,262.24006875636,-19.26500936646,,,,,,,0.026666667,0.026666667,0,1,,,
615,PN M 1-22,263.792662,-18.572336,,,,,,,0.1,0.1,90,1,,,
616,PTB 7,263.6258,-19.0169,,,,,,,0.37,0.22,0,1.68181818181818,,,
617,PN SaSt 2-15,264.73904738498,-18.29327444909,,13.93,13.66,13.82,,,0.016666668,0.016666668,0,1,,,
618,PN Th 4-2,266.540887,-18.658581,,,,,,,0.316666663,0.316666663,0,1,,,
619,PN Th 4-5,267.618237,-19.052781,,,,,,,0.117,0.117,90,1,,,
620,PN G010.2+02.7,269.560062,-18.690597,,,,,,,0.13,0.13,0,1,,,
621,PN M 2-17,268.0204,-17.601453,,,,,,,0.133,0.133,90,1,,,
622,PTB 13,267.7863,-19.4297,,,,,,,0.17,0.17,0,1,,,
623,PN Th 4-11,270.03661444616,-17.6787040208,,,,,,,0.083333336,0.083333336,0,1,,,
624,NGC 6567,273.43818193473,-19.07613101032,,,10.9,,,[WC5/6],0.12884083,0.12506567,-35,1.03018542178681,,,
625,PN M 1-45,275.78326342221,-19.28481204848,,,,,,,0.166666672,0.166666672,0,1,,,
626,PN A66 44,277.546842,-16.757311,,,,,,,1.11667,0.783333,47,1.42553677682416,updated diam and minaxis from HASH 8/31/2026,,
627,PN M 1-50,278.337,-18.27697,,,,,,,0.093,0.093,90,1,,,
628,PN V-V 3-4,277.642030018292,-19.2460172586692,,,,,16.565,,0.02,0.02,90,1,,,
629,PN M 1-48,277.37523075823,-19.09554269745,,,,,,,0.08,0.08,90,1,,,
630,PN M 1-54,279.034821,-16.999172,,,,,,,0.217,0.217,90,1,,,
631,PN M 1-53,278.951112,-17.602419,,,,,,O3If,0.1,0.1,90,1,,,
632,PN M 1-56,279.44279,-17.09633,,,,,,,0.023333333,0.023333333,0,1,,,
633,PN V-V 3,279.29629,-19.03942,,,,,,,0.016666668,0.016666668,0,1,,,
634,PN SB 19,279.9175,-19.2356,,,,,,,0.14,0.14,0,1,,,
635,PN SB 21,282.045683,-18.493889,,,,,,,0.37,0.27,0,1.37037037037037,,,
636,PN G017.5-09.2,284.31889880635,-17.84692065362,,17.25,,18.06,,,0.26,0.14,0,1.85714285714286,,,
637,PN A66 51,285.25580079712,-18.20425601534,,15.3,15.42,,,O(H)3-5Vz,1.117,1.117,90,1,,,
638,PN A66 41,262.25844119046,-15.2179116986,,16.06,15.95,,,sdO,0.307,0.307,90,1,,,
639,PN M 2-15,266.726871,-16.290222,,,,,,,0.097,0.097,90,1,,,
640,PN Sa 2-230,265.508362,-15.935406,,,,,,,0.166666672,0.166666672,0,1,,,
641,NGC 6439,267.082583,-16.479006,,,12.2,,,,0.083,0.083,90,1,,,
642,PTB 16,266.2812,-14.8897,,,,,,,0.38,0.3,0,1.26666666666667,,,
643,PN M 1-33,269.745055,-15.5374428,,,,14.566,,,0.071453,0.071007,3,1.00628107088034,,,
644,PN Sa 3-96,268.937721,-15.061895,,,,,,O-rich,0.35,0.23,0,1.52173913043478,,,
645,PN M 1-32,269.08379,-16.48461,,18.3,17,,,[WC4/5],0.127,0.127,90,1,,,
646,PTB 17,269.2937,-15.9381,,,,,,,0.48,0.42,0,1.14285714285714,,,
647,LBN 56,272.5567,-16.7969,,,,,,,2.07,1.97,0,1.0507614213198,,,
648,IRAS 17597-1442,270.659449125087,-14.7010995535167,,,,,,[WC8],0.32,0.32,0,1,,,
649,PN M 1-46,276.98465643094,-15.54845389924,,,12.83,,,O(H)7I(fc),0.19410333,0.19307834,77,1.00530867418893,,,
650,PN G016.8-01.7,276.9617,-15.0733,,,,,,,0.13,0.13,0,1,,,
651,PTB 23,277.9608,-14.2578,,,,,,,1,0.9,0,1.11111111111111,,,
652,PN M 1-52,278.49375,-14.87406,,,,,,,0.133,0.133,90,1,,,
653,PN M 3-30,280.312242,-15.562106,,,17.9,,,[WC2/3],0.287,0.287,90,1,,,
654,PN M 1-61,281.47967,-14.46053,,,,,,,0.030303,0.03020867,-26,1.00312261347487,,,
655,NGC 6818,295.9907103,-14.1537137,,,9.3,,,,0.4436667,0.4436667,-87,1,,,
656,NGC 6309,258.51794775015,-12.91052590885,,11.6,,,,O(He),0.427,0.299,150,1.42809364548495,,,
657,PN M 2-13,262.142468209933,-13.4390952475535,,,,,,,0.027,0.027,90,1,,,
658,PTB 18,265.7417,-12.9464,,,,,,,0.6,0.6,0,1,,,
659,PN K 2-5,268.609079,-12.809986,,,,,,,0.41,0.41,90,1,,,
660,PN M 1-39,271.878,-13.48017,,,,,,,0.06820517,0.06689683,66,1.01955757843832,,,
661,PN M 3-54,278.265604,-13.738875,,,,,,,0.093,0.093,90,1,,,
662,PN G018.2-00.9,276.8737,-13.4717,,,,,,,0.2,0.2,0,1,,,
663,PN G019.2-01.6,277.9708,-12.9372,,,,,,,0.18,0.18,0,1,,,
664,PTB 25,278.0192,-13.4369,,,,,,,0.68,0.62,0,1.09677419354839,,,
665,PN M 4-10,278.55771,-13.20686,,,,,,,0.03333334,0.01856683,1,1.7953167018818,,,
666,PN VV 201,280.737531471514,-11.1148050701089,,,,,,,0.107,0.107,90,1,,,
667,PN M 1-60,280.90872081192,-13.74702239854,,,,,,[WC4],0.1,0.03525417,2,2.83654387551884,,,
668,PN G021.0-04.1,281.0329,-12.4483,,,,,,WC4,0.25,0.23,0,1.08695652173913,,,
669,PN M 1-63,282.879008,-13.176828,,15.5,14.09,16.04,15.38,,0.07,0.07,90,1,,,
670,PN Sa 1-8,282.68476220114,-13.51732371778,,12,,,,O(H)4-8III,0.093,0.093,90,1,,,
671,EM* AS 350,289.58145,-11.104506,,14,,,,[WR],0.13,0.13,90,1,,,
672,PHR J1911-1049,287.7783,-10.8214,,,,,,,0.5,0.45,0,1.11111111111111,,,
673,PN A66 60,289.8241277993,-12.24336906519,,,,,,,1.233,1.233,90,1,,,
674,PN M 2-9,256.408173,-10.142363,,,,,,,0.767,0.767,90,1,,,
675,DHW 1-2,256.72931295781,-9.78307872316,,,,,,,0.49,0.39,27,1.25641025641026,,,
676,PTB 22,269.0892,-10.9594,,,,,,,0.59,0.56,0,1.05357142857143,,,
677,PN G018.9+04.1,272.61033,-10.48419,,,,,,,0.2,0.2,90,1,,,
678,PTB 24,271.3675,-10.3453,,,,,,,0.22,0.22,0,1,,,
679,PN M 4-8,273.04002340254,-10.71620988639,,,,,,,0.023333333,0.023333333,0,1,,,
680,PN M 3-25,273.820724,-10.169267,,,,,,,0.023333333,0.023333333,0,1,,,
681,PN G022.5+01.0,277.146842,-8.723006,,,,,,,0.437,0.437,0,1,,,
682,PN M 3-55,278.311554,-10.255403,,,,,,,0.467,0.467,0,1,,,
683,IRAS 18231-1047,276.49204,-10.75798,,,,,,,1.033,1.033,0,1,,,
684,PN M 3-28,278.172033,-10.097231,,15.6,,,,,0.15,0.15,90,1,,,
685,PN M 1-51,278.37104,-11.12403,,,,,,[WC4/6],0.25,0.25,90,1,,,
686,IRAS 18326-0840,278.843242,-8.640458,,,,,,,0.03,0.03,90,1,,,
687,PN M 1-59,280.83413,-9.0802853,,,,13.885,13.7,,0.08606833,0.08569866,-75,1.0043136030365,,,
688,PN M 1-57,280.08440068333,-10.6631158171,,,,,,,0.14,0.14,90,1,,,
689,PN K 3-11,280.280462,-8.933047,,,,,,,0.05,0.05,90,1,,,
690,IRAS 18347-0825,279.371204,-8.379736,,,,,,,0.427,0.427,0,1,,,
691,PN M 2-46,281.644238839317,-8.4672194343778,,,,,15.183,,0.073,0.073,90,1,,,
692,IC 1295,283.65478433595,-8.82706110929,,,,,,DAO.56,1.803,1.803,90,1,,,
693,PN Pe 1-17,281.953329,-9.151925,,,,,,,0.117,0.117,90,1,,,
694,PN M 4-11,283.573629,-10.087358,,,,,,,0.349999994,0.349999994,0,1,,,
695,IC 4846,289.1176110404,-9.04352143072,,,,,,,0.0524635,0.05205967,1,1.00775706031175,,,
696,PN A66 70,307.88836479172,-7.08834303071,,,,,16.847,D+G8IV/VeBa,0.7,0.7,90,1,,,
697,PN M 2-40,275.34940797476,-6.03215745102,,,15.8,,,,0.167,0.157,160,1.06369426751592,,,
698,PN Pe 1-14,280.533513,-6.682031,,17,,14,,,0.333,0.333,0,1,,,
699,PN Pe 2-15,281.364758,-6.949286,,,,,,,0.043,0.043,90,1,,,
700,PN K 4-5,281.402729,-6.311133,,,,,,,0.333333343,0.333333343,0,1,,,
701,PN Pe 1-15,281.60146454796,-7.24307626553,,,,,,,0.083,0.083,90,1,,,
702,PN Pe 1-18,282.193486,-5.935266,,,15.2,,,,0.02,0.02,0,1,,,
703,PN Pe 1-19,282.436012,-7.026397,,,,,,,0.073,0.073,90,1,,,
704,PN Vy 1-4,283.50788803036,-6.43895266902,,,12.4,,,,0.067,0.067,90,1,,,
705,PN Pe 1-21,284.456842,-5.461036,,,16,,,,0.143,0.143,90,1,,,
706,PN Pe 1-20,284.322296,-5.997719,,,15.1,,,,0.107,0.107,90,1,,,
707,NGC 6751,286.48140990643,-5.99230246154,,15.78,15.48,,,[WC4],0.4,0.36,105,1.11111111111111,,,
708,PN M 3-34,291.75790893752,-6.58464989681,,,,,,,0.093,0.093,90,1,,,
709,PN Na 1,258.2161677993,-3.26661929028,,,,,,,0.223,0.183,0,1.21857923497268,,,
710,PN M 4-9,273.57671,-4.98947,,,16.6,,,,0.737,0.737,90,1,,,
711,PN G027.0+01.3,278.9742,-4.6689,,,,,,,0.12,0.12,0,1,,,
712,PN A66 48,280.69550279009,-3.22147096433,,19.4,,16.67,,[WN6o],0.7,0.7,90,1,,,
713,PN M 2-44,279.40398414453,-3.09917433553,,,14.1,,,,0.133,0.133,90,1,,,
714,PN M 2-45,279.841024393105,-4.3308377403897,,,,,,,0.107,0.107,90,1,,,
715,NGC 6772,288.651554,-2.706956,,17.01,,,,,1.08,1.08,90,1,,,
716,PN ARO 318,290.50720215815,-4.2006092959,,,,,,,0.44,0.317,155,1.38801261829653,,,
717,PN Sn 1,245.26832900827,-0.26963348887,,,,,,,0.05,0.05,90,1,,,
718,PN K 3-2,276.25235520274,-1.51458273831,,,,,,,0.1,0.0497625,3,2.00954534036674,,,
719,PN M 2-43,276.66687508568,-2.71593449192,,,15.7,,,[WC7/8],0.030303,0.0289005,-81,1.04852857217003,,,
720,IRAS 18302-0058,278.207071,-0.944003,,,,,,,0.08,0.08,90,1,,,
721,PN K 3-7,278.55667,-2.46031,,,17.5,,,,0.107,0.107,90,1,,,
722,PN WeSb 4,282.667925,-1.0531,,,,,,,0.42,0.42,0,1,,,
723,PN HaTr 10,282.603104,-1.672194,,,,,,,1.497,1.497,0,1,,,
724,IRAS 18458-0213,282.121882,-2.167059,,,,,,,0.172833338,0.162833333,340,1.06141251803769,,,
725,PN G032.9-00.7,283.527496,-0.333431,,,,,,,0.263,0.263,0,1,,,
726,DSH J1851.7-0028,282.9492,-0.475,,,,,,,0.25,0.2,0,1.25,,,
727,PN M 1-66,284.60933,-1.06267,,,,,,,0.05368367,0.05306767,-43,1.01160782073153,,,
728,NGC 6741,285.65458,-0.44908,,,9.6,,,,0.13,0.13,90,1,,,
729,PN K 3-19,285.402396,-1.318847,,,,,,,0.1,0.02677283,2,3.73512998065576,,,
730,PN K 3-18,285.145122723602,-2.1994348262178,,,,,15.3,[WC9],0.067,0.067,90,1,,,
731,NGC 6778,289.60397597225,-1.5964320566336,,13.747,12.721,,,,0.3566667,0.2583333,26,1.38064546847038,updated diam and minaxis from HASH 8/31/2026,,
732,PN A66 55,287.607367,-2.33985,,,,,,,0.8,0.8,90,1,,,
733,PN PC 19,276.18552315853,2.49111223081,,,,,,,0.06211333,0.0569425,12,1.09080792027045,,,
734,PN K 3-4,277.750946,2.424264,,,,,,,0.27,0.27,90,1,,,
735,PN K 3-3,276.788483,1.240092,,,,,,,0.267,0.181,35,1.47513812154696,,,
736,PN K 3-6,278.3229039175,0.19632850669,,,16.5,,,,0.03333334,0.01316335,1,2.53228395507223,,,
737,PN K 3-13,281.35278425519,2.02371565283,,,,,,,0.063,0.063,90,1,,,
738,IRAS 18520+0007,283.645033,0.184542,,,,,,,0.16,0.16,0,1,,,
739,PN G033.8+01.5,281.93923759086,1.54643962804,,,,,,,0.85,0.62,0,1.37096774193548,,,
740,IRAS 19021+0209,286.16101040985,2.24005476897,,16.96,15.487,14.915,,B[e],0.35,0.35,90,1,,,
741,SH 2-71,285.50118742649,2.15304923096,,14.69,14,13.66,,A7V-F0V,1.66,1.66,90,1,,,
742,PN K 3-26,288.663242,0.226747,,,,,,,0.166666672,0.166666672,0,1,,,
743,MPA J1911+0027,287.8533,0.4625,,,,,,,0.63,0.32,0,1.96875,,,
744,NGC 6790,290.7373874,1.5128892,,12.247,10.504,12.684,,wels,0.03666667,0.03560017,-52,1.029957722112,,,
745,NGC 6852,300.1633752811,1.72803369265,,17.7,,,,PG1159,0.467,0.467,90,1,,,
746,PN K 3-1,275.84054,3.60783,,,,,,,0.083,0.083,90,1,,,
747,PN K 3-5,277.94095073143,4.08592197968,,,,,,,0.167,0.167,90,1,,,
748,PN K 3-30,289.115407839911,5.2220552821633,,,,,,,0.057,0.057,90,1,,,
749,PN M 2-47,288.3939336893,4.63444831183,,,,,,O3-6,0.137,0.137,90,1,,,
750,PN A66 67,299.61259118176,3.05000265038,,18.2,,,,,1.117,1.117,90,1,,,
751,NGC 6572,273.02632579548,6.8536188709,,9.3,10.8,,,[WC],0.597,0.406,20,1.47044334975369,,,
752,IRAS 18509+0552,283.340592,5.945033,,,,,,,0.08,0.08,90,1,,,
753,PN K 3-17,284.075683,7.123856,,,,,,,0.317,0.291,155,1.0893470790378,,,
754,IRAS 18558+0733,284.566408,7.631314,,,,,,,0.12,0.12,90,1,,,
755,PN A66 53,286.691292,6.397908,,,,,,,0.517,0.517,90,1,,,
756,PN HaTr 14,287.30710431606,7.09562453212,,,,,,,0.543,0.543,0,1,,,
757,NGC 6781,289.617021,6.538692,,,,,,,1.767,1.767,90,1,,,
758,PN M 4-14,290.252992,7.614547,,,,,,,0.123,0.123,90,1,,,
759,PN K 3-36,293.164821,7.464325,,,,,,O?,0.200000003,0.200000003,0,1,,,
760,NGC 6807,293.63971,5.68403,,,12,,,,0.01550335,0.01549922,82,1.00026646502211,,,
761,PN A66 43,268.38448656592,10.6233918771,,14.53,14.71,,,O7fk,1.333,1.333,90,1,,,
762,PN Cn 3-1,274.39208959822,10.15091803011,,12.93,12.49,12.35,,07Ib(f),0.08873333,0.08783817,77,1.01019101376998,,,
763,PN K 3-14,282.13671338411,10.5974208201,,10,,,,O8-9,0.017,0.017,90,1,,,
764,PN M 1-65,284.14014540114,10.86933014739,,,14.89,,,,0.06307834,0.06298634,51,1.0014606341629,,,
765,IRAS 19041+1038,286.633917465396,10.7232121471869,,,,,,,3.347,3.347,0,1,,,
766,AGP 1,288.0671,10.6092,,,,,,,0.537,0.537,0,1,,,
767,AGP 2,288.405,10.6586,,,,,,,0.35,0.35,0,1,,,
768,PN PB 9,291.93671827282,10.4057494767,,,,,,,0.207,0.161,160,1.28571428571429,,,
769,PN Vy 2-2,291.092662569556,9.898960861785,,14.02,12.65,13.38,,O-rich,0.02066817,0.0205315,44,1.00665660083287,,,
770,NGC 6804,292.89643902328,9.22536072783,,13.4,13.4,,,,0.9716667,0.81,58,0.0516382220790765,updated diam and minaxis from HASH 8/31/2026,,
771,NGC 6803,292.818677508229,10.0560056112169,,13.034,11.616,13.242,,,0.093,0.093,90,1,,,
772,IC 4593,242.93561644285,12.07139760794,,10.91,10.84,,,O7fp,0.20966166,0.20858167,-28,1.00517778000339,,,
773,PN K 3-16,283.25662,12.26672,,,,,,,0.067,0.067,90,1,,,
774,IRAS 19033+1055,286.432867,11.004858,,,,,,,0.13,0.13,90,1,,,
775,IRAS 19079+1100,287.591996,11.094722,,,,,,,0.17,0.17,90,1,,,
776,DSH J1909.9+1204,287.4787,12.0811,,,,,,,0.3,0.3,90,1,,,
777,PN K 3-33,290.61111452414,10.68923914757,,,,,,,0.1,0.02723133,2,3.67224076091766,,,
778,PN PB 10,292.060362,12.326975,,,,,,,0.23,0.152,60,1.51315789473684,,,
779,PN A66 62,293.324535454871,10.6166004953008,,,,,,DAO,2.683,2.683,90,1,,,
780,PN M 3-27,276.95109943776,14.48501851361,,,,,,,0.016666668,0.016666668,0,1,,,
781,PN K 4-16,286.21460657967,15.79420146044,,,,,,,0.05,0.05,90,1,,,
782,PN M 4-13,288.41009839359,14.98865489854,,,,,,[WC4/5],0.07,0.07,90,1,,,
783,PN K 3-24,288.0245,15.15125,,,,,,,0.103,0.103,90,1,,,
784,PN K 3-29,288.87736859411,14.06385461578,,,,,,,0.03333334,0.01721,1,1.9368588030215,,,
785,PN M 4-12,288.272705659813,15.7777541985578,,16.327,15.095,15.678,,,0.159999996,0.159999996,0,1,,,
786,IRAS 19255+1355,291.96396,14.02536,,,,,,,0.17,0.17,90,1,,,
787,PN K 4-28,292.56945,14.7894,,,,,,,0.01,0.01,0,1,,,
788,PN M 1-73,295.28872395454,14.94971666836,,,,,,O3.5If,0.083,0.083,90,1,,,
789,PN M 1-74,295.57825,15.15231,,12.8,,,,,0.016666668,0.016666668,0,1,,,
790,PN PC 22,295.514642,13.843703,,,,,,,0.333333343,0.333333343,0,1,,,
791,NGC 6891,303.78684808566,12.70432892965,,12.11,12.51,,,O3Ib(f*),0.323,0.297,0,1.08754208754209,,,
792,EM* AS 345,288.51724009163,17.5258679034,,11,,,,,0.1,0.03576517,2,2.79601634774838,,,
793,IRAS 19234+1627,291.41868910749,16.55161407916,,,,,,,0.38,0.38,0,1,,,
794,PN K 3-41,294.81608,16.34631,,,,,,,0.008,0.008,90,1,,,
795,PN Me 1-1,294.7909175819,15.94674298431,,13.343,11.855,12.493,,,0.08,0.08,90,1,,,
796,PN K 3-38,293.826475,17.216864,,,,,,,0.05,0.05,90,1,,,
797,PN M 1-72,295.39155401762,17.75486819449,,,,,,,0.03333334,0.01305303,1,2.5536860024071,,,
798,PN A66 72,312.50855126813,13.55820150487,,15.761,16.07,16.237,16.381,,2.123,2.123,90,1,,,
799,PN K 1-14,265.65318295829,21.45067755998,,,,,,,0.783,0.783,90,1,,,
800,PN Hu 2-1,282.44817090972,20.84427691521,,12.369,11.126,12.3,,,0.030303,0.03030067,13,1.00007689598943,,,
801,PN K 4-10,284.76566301443,20.61697791406,,,,,,O3-4,0.5,0.5,0,1,,,
802,PN K 1-17,285.905675767333,19.3562323989797,,,,,,,0.75,0.75,0,1,,,
803,PN A66 59,289.666679,19.575819,,,,,,,1.433,1.433,90,1,,,
804,PN K 3-31,289.76102369833,19.03916908501,,,,,,,0.1,0.02652133,2,3.77054996864788,,,
805,Hen 1-1,290.94521,21.11042,,,,,,,0.133,0.133,90,1,,,
806,Hen 2-432,290.85336750136,21.1334395892025,,,,,,,0.1,0.04018217,2,2.48866599290183,,,
807,PN K 3-43,295.10795,18.820611,,,,,,,0.046666667,0.046666667,0,1,,,
808,PN M 1-71,294.112169785032,19.7066718975207,,,,,,[WC],0.063333333,0.063333333,0,1,,,
809,PN K 3-51,300.651432474842,17.6141390946092,,,,,,,0.25,0.25,0,1,,,
810,NGC 6879,302.611220856817,16.9225755862614,,13.661,12.54,14.075,,O3f(He),0.083,0.083,90,1,,,
811,IC 4997,305.03648248915,16.73158303705,,11.94,11.15,,,[WC7/8],0.04880333,0.045776,52,1.06613356343936,,,
812,NGC 6210,251.12299625807,23.79983943286,,12.3,11.7,,,Of/[WR],0.44,0.414,120,1.06280193236715,,,
813,PN A66 54,287.16464298447,22.9832049338,,,,,,,0.933,0.933,90,1,,,
814,PN K 3-35,291.9332291658,21.50080777506,,,,,,O-rich,0.060606,0.04660667,16,1.30037181373396,,,
815,Hen 1-2,291.65727002121,21.15748374663,,,16.7,,,O9-B0I,0.08,0.08,90,1,,,
816,Hen 1-3,297.11000147765,22.14369662618,,,,,,,0.197,0.189,130,1.04232804232804,,,
817,Hen 2-447,296.34234876074,21.33442312584,,11.49,11.04,,,,0.030303,0.0283275,45,1.06973788721207,,,
818,DSH J1942.4+2145,295.608756341,21.75621821317,,,,,,,0.45,0.45,90,1,,,
819,Lan 21,296.24640149185,22.76326489288,,15.4,15.77,16.2,17.4,DA1,4,4,0,1,,,
820,NGC 6886,303.178459,19.98962,,13.053,11.719,,,,0.09272633,0.0896555,-49,1.03425144023512,,,
821,NGC 6905,305.59579967728,20.10452362558,,16.3,14.5,,,[WC3],0.53,0.445,65,1.19101123595506,,,
822,PN Vy 1-2,268.59575,27.99947,,,,,,,0.077,0.077,90,1,,,
823,PN A66 46,277.82746279565,26.93669743058,,,,15.05,,O9k,1.057,1.057,90,1,,,
824,Hen 2-440,294.53483,25.26142,,,,,,,0.05,0.03943167,2,1.26801629248774,,,
825,PN K 3-39,293.976954,24.913389,,,,,,,0.05,0.02228733,1,2.24342709512535,,,
826,PN K 3-37,293.44479,24.54086,,,,,,,0.043,0.043,90,1,,,
827,PN K 3-40,294.09087,23.66325,,,,,,,0.067,0.067,90,1,,,
828,PN K 3-45,296.565112,24.184353,,,,,,,0.243,0.243,0,1,,,
829,M 27,299.90151327087,22.72119779432,,13.749,14.089,14.247,14.405,DAO.6,6.7,6.7,90,1,,Dumbbell Nebula,NGC 6853
830,PN A66 39,246.89049967632,27.90929760566,,15.27,15.6,,,DAO.70,2.9,2.9,90,1,,,
831,PN K 3-27,288.6248331996,28.67924856753,,,,,,G0:,0.273,0.273,90,1,,,
832,Hen 2-437,293.24001688947,26.87863553405,,,,,,,0.59,0.16,0,3.6875,,,
833,Hen 2-442,294.93063868905,26.49250923072,,17.16,15.47,16.14,,,0.166666672,0.166666672,0,1,,,
834,PN K 3-48,298.038025,27.308608,,,,,,,0.1,0.1,90,1,,,
835,PN M 2-48,297.618855,25.908207,,,,,,,0.053,0.053,90,1,,,
836,IRAS 19507+2546,298.20344724869,25.90007282271,,,,,,,0.45,0.45,90,1,,,
837,PN K 3-53,300.84358,27.01522,,,,,,,0.1,0.02277467,1,4.39084298477212,,,
838,PN K 3-54,301.24430911057,25.44368680259,,,,,,,0.013333334,0.013333334,0,1,,,
839,Hen 1-6,304.339267,25.362994,,,,,,,0.373,0.373,90,1,,,
840,NGC 6765,287.77732634759,30.54546502036,,,,,,PG1159,0.633,0.633,90,1,,,
841,HD 184738,293.68847400852,30.5163751809,,10.41,10.44,,,[WC9],0.1098075,0.10896717,84,1.00771177227049,,,
842,NGC 6842,298.75892,29.2895,,,16,,,,0.79,0.79,90,1,,,
843,Hen 1-7,304.90886956057,27.00311766489,,,,,,,0.143,0.143,90,1,,,
844,PN M 1-64,282.508708,35.243361,,,,,,,0.283,0.283,90,1,,,
845,M 57,283.39623652463,33.02913424654,,15.405,15.769,15.901,16.062,DA(O?),1.153,1.153,90,1,,Ring Nebula,NGC 6720
846,PN PC 23,297.96967,32.98828,,,,,,,0.037,0.037,90,1,,,
847,IRAS 19459+3110,296.96631170586,31.3050568792,,,,,,B0I,0.22,0.22,90,1,,,
848,PN K 4-41,299.141779,32.370267,,,,,,,0.05,0.05,90,1,,,
849,EM* AS 375,299.825058,31.910872,,,,,,,0.373,0.373,90,1,,,
850,PN K 3-52,300.79767,30.54281,,,,,,,0.030303,0.03013883,-23,1.00544712585061,,,
851,PN G069.2+01.2,300.17533,32.4615,,,,,,,0.46,0.22,97,2.09090909090909,,,
852,PN M 1-75,301.18421125,31.45740758,,,,,,,0.233,0.233,90,1,,,
853,Hen 2-459,303.49121227672,29.56552056799,,14.1,12.67,,,[WC9],0.02218333,0.02130067,64,1.0414381331667,,,
854,NGC 6894,304.099854,30.564769,,,,,,,0.733,0.733,90,1,,,
855,PN K 3-58,305.492829,29.989189,,,,,,,0.243,0.156,40,1.55769230769231,,,
856,PN K 3-49,298.50256955641,33.37013641156,,,,,,,0.05,0.009097,1,5.49631746729691,,,
857,IRAS 20116+3305,303.41266060628,33.25196826723,,,,,,,0.15,0.15,90,1,,,
858,PN K 3-57,303.198854,34.342442,,,,,,,0.163,0.163,90,1,,,
859,PN K 3-55,301.73448200368,32.27704004098,,,,,,,0.3,0.18,20,1.66666666666667,,,
860,PN M 3-35,305.26567993464,32.49000145325,,15.56,15.3,,,,0.02684183,0.02648617,59,1.01342814004441,,,
861,PN DdDm 1,250.07563218679,38.70556496093,,14,13.9,,,sd+G/K,0.017,0.017,90,1,,,
862,NeVe 2,300.0779,36.9931,,,,,,,0.47,0.47,90,1,,,
863,PN K 3-76,306.27030468482,33.58069265724,,17.1,15.7,,,,0.153,0.153,90,1,,,
864,NGC 6058,241.11061734697,40.68304149751,,,13,,,sd,0.44,0.44,90,1,,,
865,NGC 6881,302.71854,37.41178,,,,,,,0.071453,0.06723,-25,1.06281421984233,,,
866,PN A66 69,304.993096,38.4006,,,,,,,0.367,0.367,90,1,,,
867,WRAY 16-23,129.28375,-39.41861,,14,15.59,,,,1.083333373,1.083333373,0,1,,,
868,EM* AS 200,127.11648804555,-39.39445585129,,12,14,,,[WC],0.293,0.229,160,1.27947598253275,,,
869,[M81] I-224,124.041722,-39.864185,,,,,,,0.21,0.16,5,1.3125,,,
870,EM* AS 204,133.37867242875,-40.06188325013,,,14,,,,12,12,90,1,,,
871,IRAS 08355-4027,129.35246304,-40.63530306,,,,,,,0.26,0.239,35,1.08786610878661,,,
872,PN PB 2,125.16744776527,-46.38291911662,,,13.6,,,wels?,0.05,0.05,90,1,,,
873,NGC 2792,138.110671,-42.427478,,,11.8,,,,0.35,0.315,165,1.11111111111111,,,
874,WRAY 16-16,122.8825,-48.721583,,12.4,12.4,,,,0.253,0.198,165,1.27777777777778,,,
875,WRAY 16-8,116.83350589354,-51.25095350052,,11.9,12.8,,,Of(H),0.04880333,0.04879633,42,1.00014345341135,,,
876,PN PB 5,139.040031,-45.478558,,,,15.45,,,0.083333336,0.083333336,0,1,,,
877,WRAY 16-28,130.872283,-48.913181,,,15.8,,,,0.19,0.167,100,1.1377245508982,,,
878,PN PB 3,133.57649088631,-50.53961122554,,,14.4,,,,0.197,0.189,75,1.04232804232804,,,
879,PN Lo 4,151.44078337892,-44.35931207844,,,,,,sdO,0.800000012,0.800000012,0,1,,,
880,WRAY 16-57,145.406245212107,-49.9662744956406,,15.233,13.95,15.477,,[WC],0.083,0.083,90,1,,,
881,WRAY 16-59,146.85331805579,-48.97073693499,,,13.5,,,,0.383,0.383,90,1,,,
882,PN MeWe 1-1,133.4012,-54.0853,,,,,,,2.34,2.14,0,1.09345794392523,,,
883,PN MeWe 2-2,149.5442,-50.6594,,,,,,,0.46,0.45,0,1.02222222222222,,,
884,PN Pe 2-4,142.701753,-53.166584,,,,,,,0.2,0.148,75,1.35135135135135,,,
885,WRAY 16-40,139.50548870949,-54.65810155448,,14,15,,,,0.07333333,0.07333333,0,1,,,
886,WRAY 16-46,141.19097972705,-54.60430882046,,,12.4,,,,0.233,0.233,90,1,,,
887,WRAY 16-44,140.52826215035,-54.16096171988,,,13.4,,,,0.153,0.153,90,1,,,
888,NGC 2899,141.76258,-56.10586,,,12.4,,,G0,1.5,1.5,90,1,,,
889,WRAY 15-344,138.47021,-55.47144,,,13.7,,,,0.04,0.04,90,1,,,
890,PN PB 4,138.78227990366,-54.87885349076,,14.35,13.12,16.35,15.12,wels?,0.24,0.206,40,1.16504854368932,,,
891,PN G274.8-05.7,136.4242,-55.8139,,,,,,,0.83,0.72,0,1.15277777777778,,,
892,SMP LMC 124,85.18579,-67.30214,18.481,19.799,18.83,,20.423,,0.0833333,0.0833333,0,1,,,
893,[RP2006] 350,84.81396,-66.82878,19.302,20.426,20.11,,,,0.0666667,0.0666667,0,1,,,
894,[RP2006] 356,84.97825,-66.57017,19.129,20.046,19.024,,20.918,,0.0666667,0.0666667,0,1,,,
895,[RP2006] 346,85.08392,-67.03383,19.006,20.043,18.188,,,,0.09,0.09,0,1,,,
896,SV* HV 5967,84.08633961721,-67.30212729521,15.56,16.225,14.948,,16.558,[WN4.5:],0.133333,0.133333,0,1,,,
897,SMP LMC 27,76.97862090549,-66.96264486518,16.84,17.845,17.132,17.03,18.299,,0.105,0.105,0,1,,,
898,SMP LMC 30,77.29392,-66.894,17.17,18.653,17.37,,19.01,,0.146667,0.146667,0,1,,,
899,SMP LMC 45,79.83610288136,-66.96881975779,16.784,17.57,16.024,,17.923,,0.133333,0.133333,0,1,,,
900,LHA 120-N 54,82.34641302473,-67.22289814689,18.119,19.13,18.094,16.19,20.418,,0.178333,0.178333,0,1,,,
901,[RP2006] 1051,82.28596,-66.71564,19.297,19.549,19.208,,20.386,,0.095,0.095,0,1,,,
902,[RP2006] 1052,83.157,-67.14197,18.645,21.516,19.621,,17.473,,0.09,0.09,0,1,,,
903,MGPN LMC 12,75.41758,-66.77944,19.085,20.9,19.784,,21.054,,0.1,0.1,0,1,,,
904,PN PB 6,153.31650940299,-50.33321221658,,17.4,17.6,,,[WO1],0.237,0.213,55,1.11267605633803,,,
905,WRAY 18-173,148.36278157284,-54.87775405759,,,15,,,,0.187,0.131,65,1.42748091603053,,,
906,WRAY 17-35,145.21958,-56.96583,,,14,,,,1.07,0.86,0,1.24418604651163,,,
907,CD-56 2932,145.856800492649,-57.2820919425486,,11.851,11.171,11.206,,A2II,0.367,0.367,90,1,,,
908,NGC 2867,140.3557635284,-58.31128518989,,12,10.3,,,[WO2],0.25255665,0.25071499,-42,1.00734563178691,,,
909,WRAY 16-49,142.72958,-57.61389,,,14,,,,0.63,0.46,139,1.3695652173913,,,
910,PN My 47,139.86458,-59.20008,,12.7,12.4,,,,0.04033333,0.03997067,-58,1.00907315288936,,,
911,SMP LMC 91,86.27487,-68.11414,17.682,18.549,18.018,,19.25,,0.111667,0.111667,0,1,,,
912,SMP LMC 82,83.989688,-69.971378,18.07,18.5,17.5,16.59,18.617,,0.123333,0.123333,0,1,,,
913,SMP LMC 122,83.60104,-69.57461,18.983,19.46,18.43,,,,0.111667,0.111667,0,1,,,
914,[RP2006] 656,82.39862,-69.76811,18.1,18.878,18.28,,19.469,,0.156667,0.156667,0,1,,,
915,MGPN LMC 56,82.93708,-69.71872,19.11,19.5,19.089,,18.973,,0.1,0.1,0,1,,,
916,MGPN LMC 60,83.37838,-69.13703,19.07,20.123,19.407,,19.781,,0.111667,0.111667,0,1,,,
917,[RP2006] 1053,83.80321,-67.63278,19.753,20.875,19.894,,20.383,,0.09,0.09,0,1,,,
918,MGPN LMC 68,84.58110106042,-68.97710670274,17.62,19.07,18.44,,19.41,,0.105,0.105,0,1,,,
919,MGPN LMC 73,85.40313,-69.45261,,21.62,20.57,,,,0.1,0.1,0,1,,,
920,MGPN LMC 75,85.56404,-68.81575,19.665,20.327,19.715,,,,0.0783333,0.0783333,0,1,,,
921,MGPN LMC 76,85.599733,-69.884742,16.84,17.76,17.69,,18.08,,0.09,0.09,0,1,,,
922,MGPN LMC 77,85.94821,-68.64308,19.13,20.68,20.1,,,,0.116667,0.116667,0,1,,,
923,[RP2006] 273,86.60587,-67.83411,20.147,21.581,20.63,,21.142,,0.055,0.055,0,1,,,
924,[M94b] 30,82.89667,-69.39631,16.93,17.62,17.55,,17.981,,0.178333,0.178333,0,1,,,
925,[M94b] 32,83.02229,-69.95739,19.149,19.065,18.252,,17.966,,0.133333,0.133333,0,1,,,
926,[M94b] 36,84.724,-69.96536,18.819,20.62,18.958,,,,0.133333,0.133333,0,1,,,
927,[M94b] 37,84.80991986355,-70.00525070947,19.21,20.595,19.71,,20.433,,0.1,0.1,0,1,,,
928,[M94b] 39,85.67087,-70.09703,20.55,21.107,19.97,,,,0.0666667,0.0666667,0,1,,,
929,LHA 120-N 181,87.41187657797,-69.16673634067,16.535,18.892,18.039,15.06,18.165,,0.231667,0.231667,0,1,,,
930,SMP LMC 78,83.588275,-68.973694,15.75,15.982,14.9,15.26,16.69,,0.19,0.19,0,1,,,
931,LHA 120-N 151,83.4457319557,-68.61228070293,15.753,16.181,14.927,15.41,16.631,,0.166667,0.166667,0,1,,,
932,SMP LMC 86,85.34188,-68.12894,18.456,19.082,20.466,,19.141,,0.111667,0.111667,0,1,,,
933,[RP2006] 655,82.28658,-69.75778,,20.043,18.936,,18.306,,0.1,0.1,0,1,,,
934,2MASS J05291653-6937178,82.31887,-69.62164,,18.909,17.948,,16.849,,0.111667,0.111667,0,1,,,
935,[RP2006] 1687,74.65417,-69.59625,19.374,20.33,20.028,,,,0.0783333,0.0783333,0,1,,,
936,LHA 120-N 133,81.08644474301,-70.08377827039,15.939,16.236,15.368,15.12,16.556,[WC4/5],0.2,0.2,0,1,,,
937,SMP LMC 44,79.62475,-67.28217,17.235,18.549,17.417,,19.352,,0.166667,0.166667,0,1,,,
938,LHA 120-N 53,82.31528878826,-67.54655846198,15.945,17.093,18.76,16.01,17.264,,0.178333,0.178333,0,1,,,
939,SMP LMC 20,76.16862,-69.36086,17.591,18.428,17.364,,18.664,,0.183333,0.183333,0,1,,,
940,SMP LMC 24,76.57612,-68.99192,18.81,20.008,18.348,,,,0.111667,0.111667,0,1,,,
941,LHA 120-N 102,77.01396832969,-68.67126673293,15.58,16.298,15.406,14.86,16.653,,0.2,0.2,0,1,,,
942,LHA 120-N 107,77.66527362618,-68.60133528879,18.464,17.49,16.179,16.33,17.21,,0.126667,0.126667,0,1,,,
943,SMP LMC 46,79.87345858276,-68.85250780066,17.342,18.391,17.354,17.67,19.048,,0.1,0.1,0,1,,,
944,SMP LMC 54,80.42842392613,-68.65686610447,17.923,17.889,17.668,15.96,18.771,,0.145,0.145,0,1,,,
945,SMP LMC 42,78.944796,-68.706533,17.099,17.696,16.613,16.33,18.552,,0.108333,0.108333,0,1,,,
946,LHA 120-N 123,80.03963093406,-69.89420740233,15.38,16.445,15.106,15.57,16.095,,0.223333,0.223333,0,1,,,
947,SMP LMC 57,80.95225,-69.20569,,,17,,,,0.0933333,0.0933333,0,1,,,
948,SMP LMC 105,75.63708,-69.43756,18.582,19.579,18.779,,,,0.1,0.1,0,1,,,
949,SMP LMC 106,75.773292,-68.560278,17.943,19.817,18.936,,20.64,,0.1,0.1,0,1,,,
950,SMP LMC 107,76.682542,-69.260583,18.031,18.728,17.644,16.04,18.137,,0.115,0.115,0,1,,,
951,SMP LMC 110,78.06967,-68.48614,18.85,19.729,19.283,,20.189,,0.08,0.08,0,1,,,
952,SMP LMC 117,81.235896,-69.258597,18.754,19.028,17.986,,,,0.123333,0.123333,0,1,,,
953,[RP2006] 1686,76.115167,-68.969861,17.909,18.582,20.91,,19.93,,0.105,0.105,0,1,,,
954,[RP2006] 1802,76.39879,-68.02781,,20.605,19.959,,19.697,,0.09,0.09,0,1,,,
955,[RP2006] 1409,77.13279,-68.16239,17.748,20.967,19.147,,19.873,,0.0666667,0.0666667,0,1,,,
956,[RP2006] 1410,77.66767,-68.17319,19.22,20.855,20.088,,,,0.11,0.11,0,1,,,
957,[RP2006] 1411,77.94746,-68.26931,17.409,18.164,18.457,,18.464,,0.055,0.055,0,1,,,
958,[RP2006] 1236,78.29058,-69.52167,18.083,19.54,17.206,,19.571,,0.07,0.07,0,1,,,
959,[RP2006] 1412,78.42646,-68.25456,16.749,18.521,17.198,,18.36,,0.0866667,0.0866667,0,1,,,
960,[RP2006] 1413,79.12195372973,-68.30330924295,20.038,19.96,18.972,,20.272,,0.0666667,0.0666667,0,1,,,
961,[RP2006] 1557,79.87029,-67.24069,19.52,20.337,20.211,,,,0.055,0.055,0,1,,,
962,[RP2006] 893,80.646679,-68.407122,18.757,18.923,18.118,,19.432,,0.09,0.09,0,1,,,
963,[RP2006] 1050,81.25925,-67.39897,,19.922,19.102,,18.13,,0.106667,0.106667,0,1,,,
964,[RP2006] 654,81.88388,-69.53856,,19.669,18.736,,17.948,,0.111667,0.111667,0,1,,,
965,[RP2006] 894,82.46421,-68.83489,18.585,19.576,19.218,,18.08,,0.055,0.055,0,1,,,
966,SV* HV 5824,81.35837052459,-68.93161634347,15.497,15.946,14.902,15.59,16.714,,0.166667,0.166667,0,1,,,
967,LHA 120-N 122,79.97764327744,-69.51805499644,15.479,15.916,15.08,14.84,16.317,,0.166667,0.166667,0,1,,,
968,[KWV2015] J050911.13-673402.6,77.2964678664,-67.5673842022,17.151,18.234,18.135,,18.649,,0.0433333,0.0433333,0,1,,,
969,SMP LMC 109,77.94982571246,-69.39508357351,15.846,16.722,16.106,,15.92,,0.18,0.18,0,1,,,
970,SMP LMC 111,78.85354,-69.47864,17.974,18.106,18.035,,17.94,,0.116667,0.116667,0,1,,,
971,SMP LMC 115,80.32313,-69.71694,18.383,18.999,20.93,,,,0.055,0.055,0,1,,,
972,SMP LMC 116,81.15242,-69.09753,17.05,19.354,17.853,,,,0.156667,0.156667,0,1,,,
973,SMP LMC 118,81.53967,-69.01625,17.909,18.597,18.262,,19.327,,0.1,0.1,0,1,,,
974,SMP LMC 112,79.69075,-69.16986,18.809,19.17,18.634,,,,0.123333,0.123333,0,1,,,
975,SMP LMC 113,80.00425,-69.4325,19.571,20.423,19.101,,20.249,,0.09,0.09,0,1,,,
976,[RP2006] 1408,78.24954,-68.95214,20.173,20.729,19.934,,19.831,,0.055,0.055,0,1,,,
977,[RP2006] 1220,78.269,-69.22403,,,,,,,0.055,0.055,0,1,,,
978,[RP2006] 1225,79.34971,-69.65367,,19.42,17.812,,17.339,,0.055,0.055,0,1,,,
979,LHA 120-N 96,75.71783,-69.34817,17.279,17.907,17.272,,17.905,,0.221667,0.221667,0,1,,,
980,HD 269404,80.37381274652,-67.85188933733,14.32,14.96,14.17,,14,,0.261667,0.261667,0,1,,,
981,[RP2006] 1219,77.98071,-69.12578,19.922,20.179,19.727,,19.6,,0.0833333,0.0833333,0,1,,,
982,[RP2006] 1221,78.78625,-69.35025,17.975,18.217,17.853,,18.029,,0.0666667,0.0666667,0,1,,,
983,[RP2006] 1223,78.97783,-69.50992,19.068,19.332,19.295,,19.58,,0.111667,0.111667,0,1,,,
984,2MASS J05185567-6933019,79.73202214147,-69.5505615732,,,,,,,0.0666667,0.0666667,0,1,,,
985,[RP2006] 1231,79.89242,-69.74969,18.851,20.095,20.011,,,,0.09,0.09,0,1,,,
986,[RP2006] 1234,80.28183,-69.74114,17.139,17.49,17.132,,17.115,,0.055,0.055,0,1,,,
987,[RP2006] 1230,79.81283,-69.58128,,,18,,,,0.0716667,0.0716667,0,1,,,
988,[RP2006] 1218,77.93596,-68.99922,20.145,20.356,19.91,,,,0.153333,0.153333,0,1,,,
989,SMP LMC 22,76.46133,-69.04197,17.955,18.574,18,,19.907,,0.143333,0.143333,0,1,,,
990,[RP2006] 1800,73.91579,-68.57231,19.372,19.209,19.453,,,,0.156667,0.156667,0,1,,,
991,[RP2006] 1895,74.08787,-67.40625,19.153,20.595,19.709,,20.85,,0.0866667,0.0866667,0,1,,,
992,[RP2006] 1801,74.15727057034,-67.68199204241,18.687,19.979,18.917,,20.333,,0.0966667,0.0966667,0,1,,,
993,[RP2006] 1896,74.82642,-67.45108,18.736,19.642,19.264,,20.153,,0.0966667,0.0966667,0,1,,,
994,KLSS 1-12,152.6396,-53.9356,,,,,,,0.35,0.35,0,1,,,
995,IC 2501,144.69662570911,-60.0918910107,,11.7,10,,,O3-6,0.463,0.352,65,1.31534090909091,,,
996,SMP LMC 72,82.69101784839,-70.83792659685,18.987,18.234,16.669,16.01,15.469,,0.121667,0.121667,0,1,,,
997,SMP LMC 65,81.93256226612,-71.43236322029,17.133,17.79,17.265,17.15,18.057,,0.126667,0.126667,0,1,,,
998,SMP LMC 88,85.638304,-70.490022,17.119,17.335,16.825,16.26,16.226,,0.145,0.145,0,1,,,
999,SMP LMC 120,82.386375,-70.294083,18.491,19.647,18.459,,20.273,,0.133333,0.133333,0,1,,,
1000,SMP LMC 121,82.60946,-71.23,18.054,19.755,18.683,,20.09,,0.1,0.1,0,1,,,
1001,[RP2006] 411,82.143333,-70.55075,17.62,17.963,19.61,17.78,,,0.11,0.11,0,1,,,
1002,[RP2006] 414,83.03867,-70.41153,19.542,18.747,17.566,,16.948,,0.121667,0.121667,0,1,,,
1003,[RP2006] 74,84.51925,-70.49053,19.939,21.117,20.553,,19.344,,0.133333,0.133333,0,1,,,
1004,[RP2006] 75,86.60538,-71.38953,18.91,20.774,19.717,,,,0.0666667,0.0666667,0,1,,,
1005,SMP LMC 80,83.661833,-70.332417,16.424,17.293,16.581,16.68,17.262,,0.156667,0.156667,0,1,,,
1006,SMP LMC 68,82.261688,-70.323408,17.541,17.683,16.899,17.57,18.67,,0.145,0.145,0,1,,,
1007,SMP LMC 90,86.14458,-70.36133,18.328,18.921,17.877,17.31,,,0.123333,0.123333,0,1,,,
1008,LHA 120-N 196,80.03924157008,-70.42724893484,16.673,17.542,17.912,16.97,18.689,,0.126667,0.126667,0,1,,,
1009,SMP LMC 16,75.50825,-69.81489,16.646,17.927,16.623,,18.121,,0.163333,0.163333,0,1,,,
1010,SMP LMC 14,75.086375,-70.980944,18.103,19.574,18.107,16.89,19.887,,0.123333,0.123333,0,1,,,
1011,SMP LMC 18,75.927638,-70.113192,16.706,17.433,16.77,17.17,17.557,,0.143333,0.143333,0,1,,,
1012,SMP LMC 41,78.363458,-70.559722,17.263,17.248,17.026,16.6,18.874,,0.175,0.175,0,1,,,
1013,LHA 120-N 110,77.848717,-70.0326,15.971,16.222,15.008,15.53,16.678,[WC4],0.221667,0.221667,0,1,,,
1014,SMP LMC 60,81.065179,-70.898872,19.247,18.424,17.591,,19.43,,0.136667,0.136667,0,1,,,
1015,LHA 120-N 201,81.22959062913,-71.54897965718,14.822,15.319,14.24,14.44,15.698,,0.233333,0.233333,0,1,,,
1016,[RP2006] 1117,78.561,-70.842028,18.911,19.273,18.729,18.03,19.764,,0.0783333,0.0783333,0,1,,,
1017,SMP LMC 13,74.999981,-70.461334,16.692,16.809,15.662,16.34,17.75,,0.148333,0.148333,0,1,,,
1018,[RP2006] 539,81.14288,-71.22767,,20.651,19.866,,,,0.09,0.09,0,1,,,
1019,[RP2006] 1608,74.51346,-70.41911,19.151,20.136,19.193,,20.077,,0.103333,0.103333,0,1,,,
1020,[RP2006] 1688,74.78779,-69.84189,19.076,20.878,19.506,,,,0.09,0.09,0,1,,,
1021,[RP2006] 1609,75.40208,-70.44219,19.483,20.874,19.591,,20.167,,0.133333,0.133333,0,1,,,
1022,[RP2006] 1689,76.56221,-69.80686,,,,,,,0.09,0.09,0,1,,,
1023,[RP2006] 1237,77.751833,-70.084833,17.732,18.7,18.02,18.03,19.183,,0.09,0.09,0,1,,,
1024,[RP2006] 1118,77.79533,-71.174,19.173,20.456,19.74,,18.624,,0.0916667,0.0916667,0,1,,,
1025,[RP2006] 412,80.72167,-71.09464,18.594,19.927,19.012,,20.094,,0.0916667,0.0916667,0,1,,,
1026,LHA 120-N 125,80.218492,-70.159858,17.954,17.555,16.334,16.21,17.202,[WC4-5],0.166667,0.166667,0,1,,,
1027,SMP LMC 59,81.113583,-70.373306,18.043,18.323,17.267,16.3,18.764,,0.166667,0.166667,0,1,,,
1028,[RP2006] 1606,73.1885,-70.29697,19.404,20.057,19.424,,,,0.123333,0.123333,0,1,,,
1029,WRAY 16-72,158.579546,-53.684197,,,14.3,,,,0.2,0.18,100,1.11111111111111,,,
1030,PN My 60,157.88930628913,-55.347450439,,,13.3,,,,0.223,0.201,70,1.10945273631841,,,
1031,PN MeWe 1-2,153.6046,-58.1967,,,,,,,4.35,4.15,0,1.04819277108434,,,
1032,PN Pe 1-1,159.61494020057,-56.78534078379,,15.855,14.178,15.394,,[WC4/5],0.050000001,0.050000001,0,1,,,
1033,PN Pe 1-2,159.8862837684,-57.10392847032,,13.8,13.3,,,,0.183,0.158,135,1.15822784810127,,,
1034,THA 35-II-27,154.885421,-60.224856,,,12.5,,,B:Ie,0.31,0.248,75,1.25,,,
1035,PN My 59,155.78807541853,-60.54502881744,,,,,,O(H)7-9I,0.06968133,0.068971,42,1.01029896623218,,,
1036,BRAN 303,154.86429,-60.98625,,,,,,,0.95,0.58,0,1.63793103448276,,,
1037,WRAY 16-66,151.84840982094,-63.9083509342,,,13.8,,,,0.166666672,0.166666672,0,1,,,
1038,IC 2553,152.33692325378,-62.61348478392,,,10.9,,,wels?,0.15,0.15,90,1,,,
1039,NGC 3211,154.4606,-62.670028,,19.4,11.5,,,,0.323,0.226,65,1.42920353982301,,,
1040,WRAY 17-40,151.74831632682,-64.36386029108,,,15.8,,,,1.15,1.12,0,1.02678571428571,,,
1041,IC 2448,136.77632990827,-69.94185907713,,11.1,11.1,,,O(H)3III-V,0.347,0.333,150,1.04204204204204,,,
1042,PN Pe 1-3,161.12967,-61.66069,,,14.7,,,,0.13333334,0.13333334,0,1,,,
1043,WRAY 16-74,158.94050901558,-64.31987849332,,,14.5,,,,0.15,0.15,90,1,,,
1044,PHR J1032-6310,158.0646,-63.1722,,,,,,,3,2.92,0,1.02739726027397,,,
1045,WRAY 16-88,171.004351,-52.855385,,,,,16.245,,0.05,0.05,90,1,,,
1046,PN Fg 1,172.15093479587,-52.93447735954,,13.1,12.2,,,,0.347,0.153,75,2.26797385620915,,,
1047,ESO 216-2,169.54070425931,-52.16741033567,,15.33,,15.6,,O(H)4-5V,0.55,0.51,0,1.07843137254902,,,
1048,PN G291.4-00.3,168.633711,-61.000401,,,,,,,0.22,0.15,0,1.46666666666667,,,
1049,IC 2621,165.0834518,-65.249397,,12.923,11.424,13.309,,wels,0.083,0.083,90,1,,,
1050,PN PB 8,173.32423015163,-57.10414608635,,13.332,12.436,14.114,,[WC5/6],0.083,0.083,90,1,,,
1051,PHR J1124-5711,171.2146,-57.1875,,,,,,,1.33,1.25,0,1.064,,,
1052,WRAY 16-92,172.19745853649,-60.1101855568,,,14.2,,,,0.083333336,0.083333336,0,1,,,
1053,NGC 3699,171.990999335015,-59.9579039758308,,10,13,,,,0.747,0.747,90,1,,,
1054,NeVe 3-6,171.425,-60.2417,,,,,,,0.63,0.57,0,1.10526315789474,,,
1055,PN G292.4-00.7,170.340592,-61.768464,,,,,,,0.12,0.1,0,1.2,,,
1056,WRAY 16-94,172.93941881742,-65.97059546079,,,14.3,,,,0.03273017,0.03250467,10,1.00693746467815,,,
1057,NGC 3195,152.337125,-80.858536,,,,,,,0.667,0.667,90,1,,,
1058,LHA 115-N 9,10.90287291004,-73.04075117801,,14.66,14.4,15.87,15.35,O3-4,0.35,0.3,120,1.16666666666667,,,
1059,[MA93] 1796,18.696383,-73.337167,,,16.5,,,,0.127,0.127,90,1,,,
1060,NGC 3918,177.57404562706,-57.18250480623,,10,8.5,,,,0.26841834,0.26777998,-30,1.00238389740712,,,
1061,WRAY 16-100,177.1587316,-65.14345699337,,14.595,13.036,14.833,,,0.04880333,0.047897,89,1.01892247948723,,,
1062,WRAY 16-98,174.79665246087,-68.86916190244,,,13.7,,,,0.083333336,0.083333336,0,1,,,
1063,LHA 115-N 1,5.99428997832,-73.63443742998,,,,,,,0.25,0.085,125,2.94117647058824,,,
1064,PN G296.8+04.5,181.46303064624,-57.77350278495,,,,,,,0.33,0.23,0,1.43478260869565,,,
1065,BRAN 378,180.0679,-59.0789,,,,,,,1.63,1.38,0,1.18115942028986,,,
1066,NeVe 3-7,180.1458,-59.495,,,,,,,0.38,0.37,0,1.02702702702703,,,
1067,[GM76] 1,185.46605857121,-64.21819298429,,,,,,,0.15,0.15,0,1,,,
1068,NGC 4071,181.06125638406,-67.310127293,,,14,,,,1.05,1.05,90,1,,,
1069,PN G301.5+02.0,189.94346,-60.805,,,,,,,0.13,0.1,0,1.3,,,
1070,WRAY 16-116,187.5319314455,-63.88354423741,,13.59,14.67,,,,0.17,0.17,90,1,,,
1071,WRAY 16-115,187.195190748019,-63.7436312809147,,,15.7,,,,0.6,0.6,-1,1,,,
1072,IRAS 12403-6411,190.83093290812,-64.467039526515,,,,,16.721,[WC9],0.13,0.13,0,1,,,
1073,WRAY 16-117,187.62681030298,-64.86824699632,,14.55,15,,,[WC4],0.05368367,0.0482395,49,1.11285709843593,,,
1074,PN G300.4-04.0,186.6608,-66.83,,,,,,,0.22,0.17,0,1.29411764705882,,,
1075,PN G301.2-04.0,188.5679,-66.8636,,,,,,,0.22,0.2,0,1.1,,,
1076,RCW 69,191.11432701022,-62.52191115178,,,,,,,5,3.92,0,1.27551020408163,,,
1077,IC 4191,197.19711332414,-67.64376190573,,10.32,11.61,,,,0.069829,0.06944683,-6,1.00550305895892,,,
1078,WRAY 17-58,197.58209360522,-59.75308799795,,17.8,16.6,,16.591,,0.33,0.25,0,1.32,,,
1079,WRAY 16-125,197.400996089929,-61.3266600698181,,14.508,13.517,13.568,,B[e],0.166666672,0.166666672,0,1,,,
1080,PN Th 2-A,200.641509152191,-63.3505596381997,,,,,,[WO3]pec,0.383,0.383,90,1,,,
1081,NGC 5189,203.38699183926,-65.97417817452,,14.1,14.5,,14.35,[WO1],2.333,2.333,90,1,,,
1082,PN MyCn 18,204.89608174104,-67.38104180476,,13.3,12.54,13.19,12.61,,0.059052,0.05838017,63,1.01150784590041,,,
1083,WRAY 16-135,206.34317784362,-71.48225505712,,12.9,12.8,,,Of-WR(H),0.083333336,0.083333336,0,1,,,
1084,Hen 2-105,213.85325278985,-74.21279724556,,,,,,O,0.517,0.517,90,1,,,
1085,PN G308.5+02.5,204.09604,-59.89011,,,,,,WC4,0.22,0.18,0,1.22222222222222,,,
1086,WRAY 16-133,205.65068280545,-61.37469790596,,,15.86,,,,0.633,0.633,-1,1,,,
1087,WRAY 16-144,211.40312,-64.68353,,,14,,,,0.333333343,0.333333343,0,1,,,
1088,WRAY 16-139,208.12783646241,-66.39071595802,12.57,13.26,13.18,13.52,,[WC9],0.283,0.283,90,1,,,
1089,NGC 5315,208.48738616486,-66.51412763424,,14.58,14.4,,,[WO4],0.08931617,0.087669,-4,1.0187885113324,,,
1090,WRAY 16-142,209.55791590358,-58.90877333609,,,14,,,,0.15,0.15,90,1,,,
1091,PHR J1408-6106,212.2154,-61.1075,,,,,,,5.12,4.4,0,1.16363636363636,,,
1092,WRAY 16-151,214.68058037915,-63.11946921395,,,14.2,,,O(H)4Ifc,0.167,0.167,90,1,,,
1093,WRAY 17-64,212.19625,-62.49972,,,16,,,,1.37,0.77,0,1.77922077922078,,,
1094,Hen 2-434,293.4556891352,-74.54962657041,,12.92,12.78,,,O,0.166666672,0.166666672,0,1,,,
1095,IRAS 14130-5755,214.157051228531,-58.1589212975139,,,,,,[WC9],0.57,0.48,0,1.1875,,,
1096,WRAY 16-156,218.32488,-60.82675,,16.3,16.7,,15.38,,0.2,0.2,90,1,,,
1097,PN G313.3+00.3,214.614538,-60.786247,,,,,,,0.533,0.533,-1,1,,,
1098,WRAY 16-158,223.15097639306,-64.0395279012,,,16.1,,,,0.2,0.2,0,1,,,
1099,NGC 5844,227.66917,-64.67361,,,12.7,,,,0.88,0.88,90,1,,,
1100,NGC 5307,207.76357536599,-51.20578770694,,11.5,10,,,O3.5V,0.327,0.255,170,1.28235294117647,,,
1101,PN G313.8+10.3,210.1746,-51.0367,,14.3,,,,,2,1.9,0,1.05263157894737,,,
1102,WRAY 16-152,215.20383,-55.46644,,,15.5,,,,0.123,0.123,90,1,,,
1103,IRAS 14345-5858,219.58332151048,-59.19616867905,,,,,,,0.633,0.633,-1,1,,,
1104,WRAY 16-163,226.50792,-61.35528,,,14,,,,0.85,0.85,90,1,,,
1105,WRAY 16-159,226.03593988851,-60.88892805336,,,14,,,,0.61,0.61,90,1,,,
1106,PN G318.2-02.3,226.1654,-61.2194,,,,,,,0.3,0.23,0,1.30434782608696,,,
1107,HD 141969,239.00706253171,-66.1525643947,12.37,10.75,10.95,10.88,,BC0Ibe,0.11,0.1077775,-49,1.02062118716801,,,
1108,LS 3235,216.13480754797,-51.64419193077,12.01,13.02,12.96,13,,O(H)3I,2,1.97,0,1.01522842639594,,,
1109,PN MeWe 1-4,214.3717,-52.4408,,18.2,,,,,1.75,1.75,0,1,,,
1110,PN G321.2-03.5,232.4462,-60.58,,,,,,,0.58,0.42,0,1.38095238095238,,,
1111,NGC 5979,236.92155526555,-61.21820819841,,,12.1,,,wels,0.22272667,0.22078501,78,1.00879434704376,,,
1112,WRAY 16-190,238.044460488071,-62.513112693707,,,13.3,,,,0.166666672,0.166666672,0,1,,,
1113,HD 151895,253.64637379019,-64.24126789696,,12.03,11.72,,,O(H)4-8III-V,0.03247867,0.032137,47,1.01063167065999,,,
1114,WRAY 16-157,220.12888101728,-52.5824772089,,,13.7,,,,0.243,0.243,90,1,,,
1115,WRAY 16-162,226.32,-55.18625,,,14.5,,,,0.05368367,0.05145366,80,1.04334016277948,,,
1116,RCW 90,226.49668954163,-55.98793925071,,,13.5,,,,0.083333336,0.083333336,0,1,,,
1117,WRAY 16-169,227.98567,-55.66294,,,13,,,,0.45,0.45,90,1,,,
1118,PN G322.7+02.6,228.6437,-54.6036,,,,,,,0.47,0.28,0,1.67857142857143,,,
1119,PN Pe 2-8,230.92867719335,-57.15700500734,,,15.5,,,,0.85,0.85,-1,1,,,
1120,IRAS 15204-5735,231.100337,-57.772753,,,,,,,0.12,0.12,0,1,,,
1121,PN G322.0-01.3,231.497663,-58.383931,,,,,,,0.17,0.13,0,1.30769230769231,,,
1122,PN G322.7-01.4,232.7121,-58.0247,,,,,,,0.1,0.1,0,1,,,
1123,WRAY 16-184,234.50514082462,-58.74512376396,,,15,,,,0.297,0.297,90,1,,,
1124,PN Mz 1,233.56933790981,-59.15225150631,,12.8,13.1,,,,0.43,0.43,90,1,,,
1125,WRAY 16-195,239.78687,-58.398,,,14,,,,0.23,0.23,90,1,,,
1126,WRAY 15-1440,243.92621362974,-59.90028146784,,,13.08,,,B0,0.083333336,0.083333336,0,1,,,
1127,WRAY 16-182,231.386062763303,-52.8438729295804,,,15.2,,,,0.026666667,0.026666667,0,1,,,
1128,WRAY 16-178,230.90146,-53.85781,,,15,,,,0.05,0.05,90,1,,,
1129,WRAY 16-175,230.58075434096,-54.13685861497,,,14,,,O3-4,0.2,0.156,80,1.28205128205128,,,
1130,PN G325.7+02.2,233.33611477426,-53.31691717933,,,,,,,0.55,0.15,0,3.66666666666667,,,
1131,WRAY 15-1341,235.49512,-56.60711,,,14.5,,,,0.06599267,0.06238433,45,1.05784048654526,,,
1132,WRAY 16-194,239.53376373925,-55.69731978764,,,15.6,,,,0.0549135,0.05480483,65,1.0019828544309,,,
1133,PL 1547.3-5612,237.82842,-56.35606,,,,,,,1.07,0.57,0,1.87719298245614,,,
1134,WRAY 16-198,239.990153412449,-55.9258340813706,,,,,,[WC9],0.06710467,0.06252517,-45,1.07324250377888,,,
1135,IRAS 15507-5642,238.71397226705,-56.8686954273,,,,,,,1.12,0.93,0,1.20430107526882,,,
1136,WRAY 16-218,245.87769425485,-58.32300019744,,13.7,13.9,,,,0.033,0.033,90,1,,,
1137,WRAY 16-222,247.37917,-59.15667,,14,14.5,,,,0.333,0.333,90,1,,,
1138,CD-59 6479,259.08774625051,-59.48982878009,10.03,,12.279,12.704,,B3e,0.04880333,0.04873433,-38,1.00141583971709,,,
1139,IC 4406,215.60893374037,-44.15060697583,,11.5,10.9,,,,0.51975501,0.51887,83,1.00170564881377,,,
1140,WRAY 16-181,231.28269309843,-51.32837089625,,,14.2,,,wels?,0.083333336,0.083333336,0,1,,,
1141,IRAS 15377-5234,235.373042,-52.730427,,,,,,,0.2,0.17,0,1.17647058823529,,,
1142,WRAY 16-200,240.24642,-55.09447,,,15.8,,,,0.087,0.087,90,1,,,
1143,WRAY 16-212,244.30986330043,-53.53486444522,,,15,,,,0.217,0.217,90,1,,,
1144,PN Mz 2,243.634988571204,-54.9512946818853,,,13,,,,0.383,0.383,90,1,,,
1145,Hen 2-149,243.601108,-54.794117,,,,,,,0.05,0.05,90,1,,,
1146,WRAY 16-221,246.96217519227,-54.02458228283,,,13.2,,,B0I-III,0.083333336,0.083333336,0,1,,,
1147,WRAY 16-224,247.49875,-54.15778,,,14,,,,0.833,0.833,90,1,,,
1148,WRAY 16-219,246.08933,-54.60089,,,15,,,,0.167,0.167,90,1,,,
1149,HD 149427,249.42791687299,-55.70733143785,,12.75,11.23,,,,0.083333336,0.083333336,0,1,,,
1150,PN Lo 18,287.449233,-55.586392,,20.01,,19.11,,,1.23,1.15,0,1.0695652173913,,,
1151,NGC 5882,229.20815106386,-45.64961563337,,11.9,10.9,,,,0.21435833,0.21422167,-76,1.00063793732912,,,
1152,PN Sp 1,237.92062929944,-51.52459606278,,14.43,13.98,13.86,,O(H)3-5(fc),1.2,1.2,90,1,,,
1153,WRAY 15-1375,238.53723679387,-50.37762644683,,,16,,,,0.18,0.18,0,1,,,
1154,PN G330.2+04.2,237.1104,-49.0592,,,,,,,0.3,0.3,0,1,,,
1155,PN Mz 3,244.30579807604,-51.9863088593,,10.8,14,,,O9.5,0.423,0.423,90,1,,,
1156,WRAY 16-217,245.559721854532,-53.6817008133097,,,15.5,,,,0.05,0.05,90,1,,,
1157,WRAY 17-75,244.22512,-53.41103,,14,12.9,,,O,0.3,0.25,0,1.2,,,
1158,WRAY 16-220,246.15746,-53.37614,,,15,,,,0.167,0.167,90,1,,,
1159,WRAY 16-223,247.47206721914,-53.38734382721,,,14.5,,,,0.267,0.267,90,1,,,
1160,WRAY 16-227,248.83845907991,-53.8364966664,,13.5,14.1,,,,0.083333336,0.083333336,0,1,,,
1161,PN G333.4-04.3,250.26828081207,-53.04019130684,,,,,,[WC4]pec,0.35,0.35,0,1,,,
1162,IC 4642,257.93835218711,-55.40046213943,,10,13,,,,0.277,0.277,90,1,,,
1163,WRAY 16-165,226.55714077614,-42.99902768914,,13.2,13.2,,,,0.083333336,0.083333336,0,1,,,
1164,HD 330036,237.816370860388,-48.7495997531542,,11.759,10.892,10.921,,F5III-IVe,0.016666668,0.016666668,0,1,,,
1165,WRAY 16-199,240.09181364507,-48.25988589341,,,16.5,,,,0.213,0.175,90,1.21714285714286,,,
1166,PN Pe 1-5,243.83386196,-49.22266389,,,13.7,,,,0.233,0.201,60,1.1592039800995,,,
1167,WRAY 15-1508,248.55625,-49.35342,,,17,,,,0.363,0.363,90,1,,,
1168,WRAY 15-1585,254.90053874082,-51.70239486578,,,14.3,,,,0.05368367,0.04849917,-70,1.10689873661755,,,
1169,PN PC 14,256.56146,-52.50014,,17.2,16.5,,,[WC4/6],0.117,0.117,90,1,,,
1170,NGC 6326,260.192717,-51.754214,,12.83,11.53,16,15.16,O(H)5-8((fc)),0.29123336,0.28220835,71,1.03197995381781,,,
1171,PN Sa 1-6,270.24781034497,-52.73889902524,,14,15,,,,0.15,0.15,90,1,,,
1172,PN Sp 3,271.81583647142,-51.01950399816,,12.8,12.89,13.46,13.22,O,0.593,0.593,90,1,,,
1173,PN Pe 1-7,247.60777364555,-46.04746232946,,17.9,16.7,,,[WC9],0.02717467,0.02689583,-86,1.0103674063972,,,
1174,PN Pe 1-6,245.976287,-46.704244,,,,,,,0.12,0.12,90,1,,,
1175,WRAY 16-290,264.02892346229,-49.42923399328,,13.5,14.5,,,,0.083333336,0.083333336,0,1,,,
1176,BMP J1749-4848,267.457361394814,-48.8089207601519,,,,15.665,,,0.17,0.17,0,1,,,
1177,NGC 5873,228.21191901195,-38.12544041579,,11.6,9.7,,,[WC],0.117,0.117,90,1,,,
1178,ESO 330-9,240.5754167,-41.4470806,,,,,,,2.7,2.1,0,1.28571428571429,,,
1179,IC 4599,244.84670336596,-42.26019692047,,,12.7,,,,0.47,0.226,90,2.07964601769912,,,
1180,IRAS 16311-4311,248.679988627011,-43.2999104152753,,,,,,,0.3,0.25,0,1.2,,,
1181,PN PC 17,263.9238922238,-46.9970203563,,12.9,13.3,,,wels,0.083,0.083,90,1,,,
1182,PN Tc 1,266.3970330051,-46.08992142298,,11.3,11.49,,,PCyg,0.47,0.423,75,1.11111111111111,,,
1183,IC 4699,274.63352090401,-45.98381533833,,13.83,12.71,15.51,15.09,O3V((f)),0.083,0.083,90,1,,,
1184,PN G321.3-00.3,229.38022650092,-57.85289522078,,,,,,,1.87,1.62,0,1.15432098765432,,,
1185,PN G003.7+00.5,268.0358,-25.4633,,,,,,,0.2,0.19,0,1.05263157894737,,,
1186,PTB 26,262.30520917,-16.79511725,,,,,,,0.5,0.23,0,2.17391304347826,,,
1187,PTB 27,273.80292,-23.01772,,,,,,,0.23,0.2,0,1.15,,,
1188,PTB 29,275.28405966242,-23.39893186679,,,,,,,0.57,0.4,0,1.425,,,
1189,PTB 30,267.94417,-18.06806,,,,,,,0.47,0.45,0,1.04444444444444,,,
1190,PTB 31,275.22375,-20.80303,,,,,,,0.28,0.22,0,1.27272727272727,,,
1191,PTB 33,277.67458,-21.53083,,,,,,,0.35,0.27,0,1.2962962962963,,,
1192,PTB 35,275.43208,-19.66269,,,,,,,0.25,0.17,0,1.47058823529412,,,
1193,PTB 36,278.18875,-19.82561,,,,,,,0.35,0.33,0,1.06060606060606,,,
1194,PTB 37,278.14446,-19.23536,,,,,,,0.27,0.22,0,1.22727272727273,,,
1195,[RP2006] 265,84.25350130743,-69.35826557021,19.446,19.74,18.294,,17.628,,0.09,0.09,0,1,,,
1196,RCW 24,126.448,-40.219447,17.25,18.24,18.21,18.25,,DA,16.78,6.72,-1,2.49702380952381,,,
1197,2MASS J05222375-7033563,80.599,-70.56564,20.386,20.201,19.24,,18.296,,0.07,0.07,0,1,,,
1198,[RP2006] J052612-705855,81.55383,-70.98206,,17.296,17.601,,17.567,,0.116667,0.116667,0,1,,,
1199,[RP2006] J052637-702907,81.65658,-70.48533,21.23,21.711,21.093,,,,0.0883333,0.0883333,0,1,,,
1200,[RP2006] J052639-710027,81.66379,-71.00767,20.235,21.262,20.67,,,,0.0666667,0.0666667,0,1,,,
1201,[RP2006] J052711-702623,81.79596,-70.43981,17.975,20.871,20.66,,,,0.0716667,0.0716667,0,1,,,
1202,[RP2006] J052803-704239,82.01367,-70.711,19.629,20.534,19.848,,,,0.0666667,0.0666667,0,1,,,
1203,[RP2006] J053005-711347,82.52154,-71.22997,,,,,,,0.0833333,0.0833333,0,1,,,
1204,[RP2006] J053010-704639,82.54529,-70.77767,19.905,19.984,19.092,,18.64,,0.123333,0.123333,0,1,,,
1205,[RP2006] J053157-704646,82.99154,-70.7795,17.965,18.985,18.774,,18.526,,0.0783333,0.0783333,0,1,,,
1206,[RP2006] J053229-711101,83.12363,-71.18383,,,,,,,0.126667,0.126667,0,1,,,
1207,[RP2006] J053242-703840,83.17842,-70.64458,,19.095,18.911,,19.331,,0.121667,0.121667,0,1,,,
1208,[RP2006] J053251-703717,83.21396,-70.62139,19.514,20.295,19.157,,19.21,,0.0666667,0.0666667,0,1,,,
1209,[KWV2015] J053308.84-711803.3,83.28666917561,-71.30088826678,16.704,17.671,17.685,18,18.084,,0.0783333,0.0783333,0,1,,,
1210,[RP2006] J053328-712450,83.36721,-71.41408,,,,,,,0.0783333,0.0783333,0,1,,,
1211,[RP2006] J053329-712451,83.37342,-71.41417,,21.749,19.955,,,,0.116667,0.116667,0,1,,,
1212,[RP2006] J053459-710606,83.74767,-71.10189,18.039,18.539,18.432,,18.7,,0.1,0.1,0,1,,,
1213,[RP2006] J053548-710627,83.95283,-71.10753,17.187,18.102,17.451,,17.675,,0.121667,0.121667,0,1,,,
1214,[RP2006] J053611-711719,84.04746,-71.28864,18.07,18.599,16.782,,14.75,,0.121667,0.121667,0,1,,,
1215,[RP2006] J053632-702925,84.13683,-70.49047,,22.051,20.924,,,,0.121667,0.121667,0,1,,,
1216,[RP2006] 232,84.14637,-69.37461,19.577,20.046,18.263,,18.38,,0.1,0.1,0,1,,,
1217,[RP2006] J053638-702505,84.15954,-70.41819,,19.618,18.987,,18.577,,0.1,0.1,0,1,,,
1218,[RP2006] 234,84.17208,-69.36914,,19.885,18.721,,17.59,,0.1,0.1,0,1,,,
1219,[RP2006] 228,84.27809756476,-69.45256435857,19.093,19.08,18.37,,17.55,,0.0666667,0.0666667,0,1,,,
1220,[RP2006] J053707-701951,84.28108,-70.33083,19.527,19.667,19.143,,19.842,,0.0666667,0.0666667,0,1,,,
1221,[KWV2015] J053710.26-712314.3,84.29281089223,-71.38731356564,16.679,17.463,17.505,17.86,17.675,,0.0666667,0.0666667,0,1,,,
1222,[RP2006] 1040,84.33771,-70.069,20.914,21.053,20.128,,20.222,,0.0666667,0.0666667,0,1,,,
1223,[RP2006] 1037,84.35438,-69.80003,,,,,,,0.0666667,0.0666667,0,1,,,
1224,[RP2006] 266,84.3660715048,-69.14877864243,16.02,17.204,17.13,,16.531,,0.16,0.16,0,1,,,
1225,[RP2006] J053729-700750,84.372,-70.13081,20.549,19.664,18.338,,18.02,,0.233333,0.233333,0,1,,,
1226,[RP2006] J053729-701633,84.37267,-70.27583,,18.429,16.486,,15.292,,0.1,0.1,0,1,,,
1227,[RP2006] J053810-703245,84.54396,-70.54597,17.898,18.157,18.004,,18.108,,0.116667,0.116667,0,1,,,
1228,[RP2006] J053838-701325,84.6595,-70.22375,,,,,,,0.0833333,0.0833333,0,1,,,
1229,[RP2006] J053840-701901,84.67021,-70.31706,20.089,19.697,17.948,,17.76,,0.0766667,0.0766667,0,1,,,
1230,[RP2006] J053856-702121,84.73504,-70.356,19.764,19.373,8.366,,19.252,,0.1,0.1,0,1,,,
1231,[RP2006] 182,84.77038,-69.84667,,,,,,,0.116667,0.116667,0,1,,,
1232,[RP2006] 143,84.88021,-70.10428,20.11,20.496,19.256,,18.672,,0.183333,0.183333,0,1,,,
1233,[RP2006] J053950-712801,84.96138,-71.467,,,,,,,0.12,0.12,0,1,,,
1234,[RP2006] J053956-710922,84.98517,-71.15628,18.695,20.103,19.894,,19.887,,0.0883333,0.0883333,0,1,,,
1235,[RP2006] 241,85.08612,-69.21706,17.524,17.97,17.66,,17.231,,0.1,0.1,0,1,,,
1236,[RP2006] 178,85.11904,-69.91083,19.747,19.532,18.797,,17.976,,0.0766667,0.0766667,0,1,,,
1237,[RP2006] J054053-704508,85.22296,-70.75228,21.007,21.141,20.522,,20.356,,0.1,0.1,0,1,,,
1238,[RP2006] J054127-703207,85.36467,-70.53553,,,,,,,0.0833333,0.0833333,0,1,,,
1239,[RP2006] J054152-702818,85.47062,-70.47189,20.222,20.055,19.151,,18.546,,0.0883333,0.0883333,0,1,,,
1240,[RP2006] J054202-702459,85.509,-70.41658,,,,,,,0.0833333,0.0833333,0,1,,,
1241,[RP2006] J054226-704940,85.60921,-70.82789,21.974,21.167,21.359,,20.15,,0.108333,0.108333,0,1,,,
1242,[RP2006] 187,85.65009908877,-69.67328062537,,,,,,,0.116667,0.116667,0,1,,,
1243,[RP2006] J054236-702859,85.65204,-70.48314,,,,,,,0.095,0.095,0,1,,,
1244,[RP2006] 135,85.65745787804,-70.07688355887,18.68,19.09,18.76,,18.526,,0.0666667,0.0666667,0,1,,,
1245,[RP2006] J054302-703332,85.75896,-70.55894,21.359,21.947,21.664,,21.624,,0.138333,0.138333,0,1,,,
1246,[RP2006] 162,85.82354,-69.94736,,,,,,,0.101667,0.101667,0,1,,,
1247,[RP2006] J054346-705804,85.94579,-70.96781,,,,,,,0.145,0.145,0,1,,,
1248,[RP2006] J054422-704043,86.09442,-70.67872,21.203,21.164,20.67,,20.54,,0.1,0.1,0,1,,,
1249,[RP2006] 163,86.12008361929,-69.91239394809,19.805,20.671,20.459,,20.406,,0.111667,0.111667,0,1,,,
1250,[RP2006] J054437-691947,86.15529,-69.32986,,21.979,21.996,,,,0.0883333,0.0883333,0,1,,,
1251,[RP2006] J054534-704303,86.39229,-70.71775,20.569,19.432,18.478,,17.617,,0.166667,0.166667,0,1,,,
1252,[RP2006] J054553-705516,86.47196,-70.92111,21.002,21.085,20.825,,20.163,,0.1,0.1,0,1,,,
1253,[RP2006] J054606-700457,86.52883,-70.08264,21.543,21.074,20.327,,19.727,,0.075,0.075,0,1,,,
1254,[RP2006] J054621-693531,86.58817,-69.59211,19.701,19.858,19.382,,18.831,,0.0766667,0.0766667,0,1,,,
1255,[RP2006] J054623-702555,86.59979,-70.43217,19.979,19.639,18.594,,17.799,,0.0833333,0.0833333,0,1,,,
1256,[RP2006] J054632-705534,86.63596,-70.92611,,21.155,20.462,,19.306,,0.0883333,0.0883333,0,1,,,
1257,[RP2006] J054639-705650,86.66408,-70.94725,,20.57,19.465,,,,0.0833333,0.0833333,0,1,,,
1258,[RP2006] J054653-695133,86.72121,-69.85928,,,,,,,0.0666667,0.0666667,0,1,,,
1259,[RP2006] J054701-702842,86.75637,-70.47847,19.725,19.995,19.914,,19.62,,0.1,0.1,0,1,,,
1260,[RP2006] J054728-702015,86.86958,-70.33775,19.276,19.462,19.245,,18.738,,0.15,0.15,0,1,,,
1261,[RP2006] J054819-700523,87.08075,-70.08994,16.263,17.082,16.995,,16.81,,0.1,0.1,0,1,,,
1262,[RP2006] J054829-700846,87.12133,-70.14625,15.761,16.749,15.547,,16.377,,0.2,0.2,0,1,,,
1263,[RP2006] J054920-702809,87.33434551769,-70.46942937407,19.418,19.112,18.113,,17.116,,0.1,0.1,0,1,,,
1264,[RP2006] J054953-700855,87.47137,-70.14878,20.313,20.408,19.351,,18.405,,0.0783333,0.0783333,0,1,,,
1265,[RP2006] J055004-704035,87.51804,-70.6765,,22.341,21.647,,17.635,,0.0766667,0.0766667,0,1,,,
1266,PHR J1844-0503,281.1904,-5.065,,,13.2,,,,0.58,0.2,0,2.9,,,
1267,PHR J0615-0025,93.835,-0.4303,,,,,,,1.67,1.67,0,1,,,
1268,PN G212.2-04.7,98.2888,-1.5867,,,,,,,0.93,0.83,0,1.12048192771084,,,
1269,PHR J0650+0013,102.66904745808,0.22899109917,,,,,,,1.13,0.43,0,2.62790697674419,,,
1270,PN G215.5-01.4,102.78,-2.9519,,,,,,,0.14,0.14,0,1,,,
1271,PHR J0652-1240,103.0846,-12.6761,,,,,,,3.12,3,0,1.04,,,
1272,PHR J0700-1144,105.0242,-11.7308,,,,,,,0.82,0.78,0,1.05128205128205,,,
1273,PHR J0701-0749,105.28920779722,-7.82330008407,,,,,,,1.12,1.1,0,1.01818181818182,,,
1274,PN G217.2+00.9,105.6425,-3.4097,,,,,,,0.87,0.74,0,1.17567567567568,,,
1275,PN G214.6+02.9,106.2358,-0.1875,,,,,,,0.23,0.23,0,1,,,
1276,PN G227.2-03.4,106.4104,-14.3181,,,,,,,0.25,0.25,0,1,,,
1277,PHR J0705-0924,106.4642,-9.4031,,,,,,,1.42,1.33,0,1.06766917293233,,,
1278,FP J0711-2531,107.8829,-25.5233,,,,,,,11,10,0,1.1,,,
1279,PHR J0711-1238,107.9304,-12.6342,,,,,,,0.94,0.92,0,1.02173913043478,,,
1280,PHR J0719-1222,109.9446,-12.3797,,,,,,,3.22,3.13,0,1.02875399361022,,,
1281,FP J0721+0133,110.4208,1.5589,,,,,,,12,12,0,1,,,
1282,PN G238.1-04.6,110.5596,-24.5172,,,,,,,0.35,0.33,0,1.06060606060606,,,
1283,PN G229.3+00.0,110.5621,-14.5803,,,,,,,1.55,1,0,1.55,,,
1284,PHR J0723+0036,110.95198439721,0.60889692053,,,14,13.77,,[WC4],1.33,1,0,1.33,,,
1285,PHR J0724-1757,111.1808,-17.9642,,,,,,,2.85,2.79,0,1.02150537634409,,,
1286,PHR J0725-1457,111.3483,-14.9528,,,,,,,1.55,1.05,0,1.47619047619048,,,
1287,PN G242.5-05.9,111.52,-28.9731,,,,,,,0.54,0.52,0,1.03846153846154,,,
1288,PHR J0727-1707,111.7846,-17.1206,,,,,,,0.73,0.53,0,1.37735849056604,,,
1289,PN G228.6+01.9,111.9542,-12.9917,,,,,,,0.81,0.78,0,1.03846153846154,,,
1290,PN G236.7-01.6,112.6954,-21.8622,,,,,,,0.46,0.45,0,1.02222222222222,,,
1291,PN G242.6-04.4,113.0725,-28.4217,,,,,,,0.63,0.32,0,1.96875,,,
1292,PHR J0735-2122,113.8471,-21.3783,,,,,,,1,0.95,0,1.05263157894737,,,
1293,PN G252.4-08.7,114.105,-39.0253,,,,,,,0.47,0.42,0,1.11904761904762,,,
1294,FP J0739-2709,114.8996,-27.165,,,,,,,7.5,7.5,0,1,,,
1295,PHR J0740-2055,115.09541732309,-20.93176829436,,,,,,,4,4,0,1,,,
1296,PHR J0743-1951,115.9729,-19.8636,,,,,,,6.67,5.07,0,1.31558185404339,,,
1297,PN G250.5-05.8,116.1421,-35.8992,,,,,,,0.43,0.42,0,1.02380952380952,,,
1298,PHR J0745-3535,116.4212,-35.5844,,,,,,,0.93,0.78,0,1.19230769230769,,,
1299,PHR J0747-2146,116.8283,-21.7806,,,,,,,2.38,2.38,0,1,,,
1300,PN G243.5-01.1,116.8388,-27.4881,,,,,,,0.33,0.33,0,1,,,
1301,PN G244.6-00.3,118.29,-28.0514,,,,,,,1.22,0.94,0,1.29787234042553,,,
1302,PHR J0754-3444,118.7321,-34.7358,,,,,,,1,0.98,0,1.02040816326531,,,
1303,PHR J0755-3346,118.9812,-33.7667,,,,,,,1.67,1.65,0,1.01212121212121,,,
1304,PN G257.8-06.9,119.6096,-42.7314,,,,,,,0.42,0.41,0,1.02439024390244,,,
1305,PN G249.0-01.1,120.12283,-32.20933,,,,,,,0.2,0.2,0,1,,,
1306,PHR J0800-1635,120.24627689184,-16.5937216861583,,,,,,,2.62,2.5,0,1.048,,,
1307,PHR J0808-3745,122.1008,-37.7558,,,,,,,3.25,2.58,0,1.25968992248062,,,
1308,PHR J0809-1650,122.25612297795,-16.83391420226,,,,,,O(H)III-V,0.33,0.3,0,1.1,,,
1309,PN G261.2-04.6,124.8321,-44.3853,,,,,,,1,0.97,0,1.03092783505155,,,
1310,PHR J0834-2819,128.5754,-28.3175,,,,,,DAO,2.67,2.37,0,1.12658227848101,,,
1311,PN G262.6-01.4,129.6058,-43.6767,,,,,,,0.22,0.2,0,1.1,,,
1312,PN G266.8-04.2,130.0937,-48.7092,,,,,,,0.75,0.59,0,1.27118644067797,,,
1313,[FMP2006b] Fr 2-6,130.0958,-57.9136,,,,,,,5.83,5.5,0,1.06,,,
1314,PHR J0840-3801,130.1246,-38.0239,,,,,,,0.71,0.58,0,1.22413793103448,,,
1315,PN G248.5+10.5,130.832498812507,-25.2411682555122,,,,,,,1.39,1.32,0,1.0530303030303,,,
1316,PN G271.7-07.1,131.0492,-54.3256,,,,,,,0.2,0.2,0,1,,,
1317,FP J0905-3033,136.2721,-30.5533,,,,,,,16.08,12.42,0,1.29468599033816,,,
1318,PN G269.3-00.8,136.3683,-48.3822,,,,,,,0.47,0.32,0,1.46875,,,
1319,BRAN 229,136.415,-47.8939,,,,,,,1.47,1.12,0,1.3125,,,
1320,PHR J0907-4532,136.8879,-45.5481,,,,,,,3.32,3.32,0,1,,,
1321,PN G276.2-06.6,136.96247470088,-57.38131532578,,,,,,,4.02,4.02,0,1,,,
1322,PN G274.7-05.2,137.0087,-55.3722,,,,,,,0.69,0.66,0,1.04545454545455,,,
1323,PN G265.4+04.2,137.9521,-42.0861,,,,,,,0.5,0.47,0,1.06382978723404,,,
1324,PN G275.7-04.9,138.51473942325,-55.92233019931,,,,,,,0.47,0.46,0,1.02173913043478,,,
1325,PN G273.2-02.6,138.53601303673,-52.53904299362,,,,,,,0.25,0.2,0,1.25,,,
1326,PN G275.1-03.5,139.6104,-54.5269,,,,,,,0.67,0.62,0,1.08064516129032,,,
1327,PN G267.5+04.6,140.3825,-43.3683,,,,,,,0.67,0.5,0,1.34,,,
1328,PN G273.2-00.3,141.0279,-50.8903,,,,,,,0.45,0.27,0,1.66666666666667,,,
1329,PHR J0924-5506,141.0629,-55.1069,,,,,,,1.13,0.63,0,1.79365079365079,,,
1330,PN G268.6+05.0,141.8671,-43.7981,,,,,,,0.85,0.72,0,1.18055555555556,,,
1331,PN G278.3-04.3,142.7042,-57.2725,,,,,,,0.78,0.75,0,1.04,,,
1332,PN G277.2-03.0,142.8583,-55.5956,,,,,,,0.28,0.27,0,1.03703703703704,,,
1333,PN G281.3-07.1,143.2633,-61.355,,,,,,,0.7,0.65,0,1.07692307692308,,,
1334,PHR J0934-5223,143.5717,-52.3889,,,,,,,0.95,0.92,0,1.03260869565217,,,
1335,PN G275.6-00.5,143.7554,-52.655,,,,,,,1.43,0.89,0,1.60674157303371,,,
1336,PN G275.0+01.5,145.1704,-50.7064,,,,,,,1.35,0.68,0,1.98529411764706,,,
1337,PHR J0941-5356,145.4458,-53.9408,,,,,,,10.03,9.2,0,1.09021739130435,,,
1338,PHR J0942-5220,145.505,-52.345,,,,,,,2.75,2.5,0,1.1,,,
1339,PN G277.4-00.7,145.7533,-53.9747,,,,,,,0.32,0.22,0,1.45454545454545,,,
1340,PN G284.2-05.3,150.3288,-61.8669,,,,,,,1.32,1.32,0,1,,,
1341,PN G282.5-02.1,151.4571,-58.2747,,,,,,,0.31,0.3,0,1.03333333333333,,,
1342,PN G279.6+02.2,151.8008,-53.0792,,,,,,,0.67,0.55,0,1.21818181818182,,,
1343,PN G284.6-04.5,151.96394190027,-61.40673568044,,,,,,,0.43,0.4,0,1.075,,,
1344,PN G279.2+03.5,152.5171,-51.78,,,,,,,0.48,0.48,0,1,,,
1345,PN G283.4+01.1,156.1408,-56.0089,,,,,,,0.56,0.55,0,1.01818181818182,,,
1346,PHR J1025-6115,156.44262606545,-61.25655213899,,,,,,,1.1,0.53,0,2.07547169811321,,,
1347,PHR J1036-5909,159.0383,-59.1556,,,,,,,0.83,0.56,0,1.48214285714286,,,
1348,PHR J1040-5417,160.195,-54.2997,,,,,,,2.77,2.38,0,1.16386554621849,,,
1349,PN G289.3-04.0,161.1858,-63.5414,,,,,,,0.34,0.32,0,1.0625,,,
1350,PN G288.4-01.8,161.71251198039,-61.15652942402,,,,,,,0.94,0.75,0,1.25333333333333,,,
1351,PHR J1052-5042,163.1112,-50.7003,,,,,,,2.57,0.88,0,2.92045454545455,,,
1352,PN G288.7+00.8,164.5121,-58.8928,,,,,,,0.47,0.43,0,1.09302325581395,,,
1353,PN G290.7-01.7,166.1183,-62.0106,,,,,,,1.12,0.88,0,1.27272727272727,,,
1354,PN G291.9-04.0,166.4854,-64.6075,,,,,,,0.88,0.7,0,1.25714285714286,,,
1355,PHR J1107-5642,166.9287,-56.7078,,,,,,,3.13,2.77,0,1.12996389891697,,,
1356,PN G290.1+00.7,167.0042,-59.575,,,,,,,0.23,0.2,0,1.15,,,
1357,PHR J1118-6150,169.6333,-61.8492,,,,,,,5.2,5.15,0,1.00970873786408,,,
1358,PN G291.6+00.8,169.795,-60.0347,,,,,,,0.48,0.45,0,1.06666666666667,"Error in 2006MNRAS.373...79P and V/127A/mash1, min > max, error propagated from MASH to Vizier to SIMBAD to HASH (in that order) (see http://202.189.117.101:8999/gpne/objectInfoPage.php?id=2693), switched the min/max for now.",PHR J1119-6002,
1359,PN G292.6-00.1,170.9958,-61.2708,,,,,,,0.78,0.7,0,1.11428571428571,,,
1360,PN G292.8+00.6,171.9479,-60.5603,,,,,,,1.63,1.17,0,1.39316239316239,,,
1361,PHR J1129-6012,172.46,-60.2022,,,,,,,0.33,0.3,0,1.1,,,
1362,PN G293.4+00.1,172.7454,-61.2475,,,,,,,0.23,0.23,0,1,,,
1363,PN G294.6-02.6,173.4071,-64.2892,,,,,,,0.23,0.2,0,1.15,,,
1364,PHR J1136-5235,174,-52.5925,,,,,,,3.38,3.33,0,1.01501501501502,,,
1365,PHR J1137-6548,174.2712,-65.8031,,,,,,,5.37,5.15,0,1.04271844660194,,,
1366,PHR J1140-6022,175.1533,-60.3694,,,,,,,0.67,0.37,0,1.81081081081081,,,
1367,PHR J1150-6704,177.615,-67.0825,,,,,,,0.98,0.58,0,1.68965517241379,,,
1368,PN G297.0+01.1,180.575,-61.2131,,,,,,,0.23,0.22,0,1.04545454545455,,,
1369,PHR J1202-7000,180.73118906916,-70.01583366328,,,,,,,5.28,3.67,0,1.43869209809264,,,
1370,PN G297.6-01.6,180.8017,-64.0614,,,,,,,0.25,0.2,0,1.25,,,
1371,PN G298.2-03.5,181.40799800725,-66.00609456844,,,,,,,0.45,0.43,0,1.04651162790698,,,
1372,PN G297.5+01.0,181.6062,-61.3789,,,,,,,0.2,0.18,0,1.11111111111111,,,
1373,PN G298.6-01.5,183.1167,-64.1197,,,,,,,0.52,0.48,0,1.08333333333333,,,
1374,PN G298.2+01.8,183.20103040267,-60.72042297096,,,,,,,0.18,0.18,0,1,,,
1375,PN G299.2-04.1,183.3983,-66.7203,,,,,,,0.4,0.35,0,1.14285714285714,,,
1376,PN G298.7-01.1,183.44330350222,-63.75018114768,,,,,,,0.27,0.27,0,1,,,
1377,PN G298.6+01.9,184.0379,-60.6589,,,,,,,0.25,0.22,0,1.13636363636364,,,
1378,PHR J1217-6443,184.4712,-64.7242,,,,,,,0.73,0.6,0,1.21666666666667,,,
1379,PN G299.0+03.5,185.2529,-59.1258,,,,,,,0.87,0.62,0,1.40322580645161,,,
1380,PN G299.7+00.1,185.9917,-62.6058,,,,,,,0.8,0.72,0,1.11111111111111,,,
1381,PN G299.5+02.3,186.0596,-60.3925,,,,,,,1.27,1.25,0,1.016,,,
1382,PN G300.7+04.0,188.7175,-58.7228,,,,,,,0.27,0.25,0,1.08,,,
1383,PN G301.0+06.1,189.3871,-56.6794,,,,,,,0.45,0.4,0,1.125,,,
1384,PHR J1244-6601,191.248240354657,-66.0177771133153,,16.97,15.247,14.783,13.59,,0.37,0.35,0,1.05714285714286,,,
1385,WRAY 17-56,191.61215965021,-63.40774498707,,,16.9,15.1,15.553,,0.52,0.32,0,1.625,,,
1386,PHR J1250-6346,192.5183,-63.7811,,,,,,,1.38,1.23,0,1.1219512195122,,,
1387,PHR J1255-6251,193.825,-62.8511,,,,,,,3.08,1.35,0,2.28148148148148,,,
1388,PN G303.6+01.9,194.2879,-60.8769,,,,,,,0.4,0.29,0,1.37931034482759,,,
1389,PHR J1300-5621,195.0887,-56.3611,,,,,,,0.72,0.5,0,1.44,,,
1390,PHR J1304-6024,196.0554,-60.4158,,,,,,,1.05,0.42,0,2.5,,,
1391,PN G304.7-02.1,197.2571,-64.955,,,,,,,1.25,0.83,0,1.50602409638554,,,
1392,PN G305.9+04.6,198.51812,-58.10819,,,,,,,0.47,0.45,0,1.04444444444444,,,
1393,PHR J1315-6555,198.8283,-65.9167,,,,,,,0.32,0.3,0,1.06666666666667,,,
1394,PHR J1318-5601,199.5779,-56.02,,,,,,,2.58,2.35,0,1.09787234042553,,,
1395,PN G305.9-01.2,199.71141813785,-63.98175824926,,,,,,,0.44,0.25,0,1.76,,,
1396,PN G306.4-01.6,201.0487,-64.3031,,,,,,,1.43,1.38,0,1.03623188405797,,,
1397,PN G306.4-02.1,201.13402399862,-64.80336796929,,,,,,,0.3,0.22,0,1.36363636363636,,,
1398,PN G307.1+01.5,201.5904,-61.0522,,,,,,,0.55,0.48,0,1.14583333333333,,,
1399,PHR J1327-6032,201.8083,-60.5361,,,,,,,3.5,3,0,1.16666666666667,updated diam and minaxis from HASH 8/31/2026,,
1400,PN G307.3-01.6,203.0237,-64.2083,,,,,,,0.33,0.32,0,1.03125,,,
1401,PN G308.2+03.5,203.0583,-58.8606,,,,,,,0.57,0.5,0,1.14,,,
1402,PN G308.5+04.6,203.3779,-57.745,,,,,,,0.37,0.35,0,1.05714285714286,,,
1403,PHR J1335-6015,203.7625,-60.2628,,,,,,,0.55,0.53,0,1.0377358490566,,,
1404,PN G307.0-06.6,204.3092,-69.1372,,,,,,,0.7,0.33,0,2.12121212121212,,,
1405,PHR J1337-6535,204.4696,-65.5903,,,,,,,2.85,2.55,0,1.11764705882353,,,
1406,PKP J1338-6456,204.6087,-64.945,,,,,,,0.06,0.06,0,1,,,
1407,PN G308.2-02.1,205.28108,-64.46494,,,,,,,0.33,0.28,0,1.17857142857143,,,
1408,PN G311.7+07.3,207.9433,-54.495,,,,,,,0.6,0.58,0,1.03448275862069,,,
1409,PN G312.0+04.1,209.9158,-57.4803,,,,,,,0.23,0.2,0,1.15,,,
1410,PN G310.1-03.7,210.5417,-65.5928,,,,,,,0.4,0.35,0,1.14285714285714,,,
1411,PN G311.2-02.7,212.3712,-64.3656,,,,,,,0.45,0.33,0,1.36363636363636,,,
1412,PHR J1414-5857,213.6704,-58.9511,,,,,,,1.3,0.5,0,2.6,,,
1413,PHR J1418-5144,214.6075,-51.7442,,,,,,,6.73,6.25,0,1.0768,,,
1414,PN G313.9+01.4,215.0271,-59.565,,,,,,,0.52,0.45,0,1.15555555555556,,,
1415,PHR J1432-6138,218.04018747392,-61.64491821929,,,,,,,3,2.42,0,1.2396694214876,,,
1416,PHR J1437-5949,219.4717,-59.8236,,,,,,,1.72,1.05,0,1.63809523809524,,,
1417,PN G315.2-01.3,219.5754,-61.6672,,,,,,,0.45,0.45,0,1,,,
1418,PN G318.7+05.6,220.1771,-53.8367,,,,,,,0.53,0.52,0,1.01923076923077,,,
1419,PN G314.8-03.6,220.7929,-63.9128,,,,,,,0.45,0.42,0,1.07142857142857,,,
1420,PN G318.2+02.3,221.7917,-57.0625,,,,,,,0.83,0.72,0,1.15277777777778,,,
1421,PN G316.3-01.6,221.9075,-61.4564,,,,,,,0.52,0.5,0,1.04,,,
1422,PHR J1447-5838,221.9242,-58.6447,,,,,,,1.08,0.95,0,1.13684210526316,,,
1423,PHR J1451-5432,222.9067,-54.5406,,,,,,,0.73,0.7,0,1.04285714285714,,,
1424,PN G318.8+01.8,223.3533,-57.2469,,,,,,,0.47,0.37,0,1.27027027027027,,,
1425,PN G320.0+03.9,223.4208,-54.8025,,,,,,,0.32,0.27,0,1.18518518518519,,,
1426,PN G316.9-02.2,223.5142,-61.775,,,,,,,1.23,1.13,0,1.08849557522124,,,
1427,PN G318.9+00.7,224.3987,-58.2025,,,,,,,0.52,0.42,0,1.23809523809524,,,
1428,PN G315.8-05.5,224.8254,-65.1869,,,,,,,0.62,0.58,0,1.06896551724138,,,
1429,PN G317.0-04.0,225.6712,-63.2503,,,,,,,0.33,0.29,0,1.13793103448276,,,
1430,PN G317.3-03.8,225.9950327996,-62.96198637936,,,,,,,1.4,1.12,0,1.25,,,
1431,PN G319.5-01.0,226.9592,-59.4206,,,,,,,0.37,0.28,0,1.32142857142857,,,
1432,PHR J1510-6754,227.6087,-67.915,,,,,,O(H)e,5.17,3.5,0,1.47714285714286,,,
1433,PN G320.1-02.7,229.855,-60.5439,,,,,,,0.2,0.17,0,1.17647058823529,,,
1434,PN G324.4+03.8,230.1146,-52.7236,,,,,,,0.88,0.88,0,1,,,
1435,PMN J1529-5458,232.3742,-54.9828,,,,,,,1.9,1.25,0,1.52,,,
1436,PN G320.6-04.8,233.2471,-62.0511,,,,,,,0.266667,0.2583333,0,1.03225948803348,"Error in 2006MNRAS.373...79P and V/127A/mash1, min > max, error propagated from MASH to Vizier to SIMBAD to HASH (in that order) (see http://202.189.117.101:8999/gpne/objectInfoPage.php?id=2866 too, which shows a combination of uncoordinated values from Frew and MASH for maj and min axis). Kept values but switched them for now.",PHR J1532-6203,
1437,PHR J1533-4824,233.2583,-48.4119,,,,,,,3.33,1.47,0,2.26530612244898,,,
1438,PN G328.5+06.0,233.39167517182,-48.57344263783,,,,,,,2.7,2.67,0,1.01123595505618,,,
1439,PHR J1534-5829,233.6883,-58.4972,,,,,,,2,1.27,0,1.5748031496063,,,
1440,PHR J1536-4711,234.0154,-47.1925,,,,,,,0.46,0.37,0,1.24324324324324,,,
1441,PHR J1537-6159,234.44125,-61.9966667,,,,,,,2.77,1.07,0,2.58878504672897,,,
1442,PN G324.0-01.6,234.89498793567,-57.45060149661,,,,,,,0.47,0.28,0,1.67857142857143,,,
1443,PN G328.0+01.8,236.79,-52.2456,,,,,,,1.77,1.57,0,1.12738853503185,,,
1444,PHR J1547-4533,236.9342,-45.5503,,,,,,,2.05,1.92,0,1.06770833333333,,,
1445,PN G325.5-01.6,237.0887,-56.4989,,,,,,,0.27,0.27,0,1,,,
1446,PN G325.6-01.8,237.5192,-56.6536,,,,,,,0.13,0.12,0,1.08333333333333,,,
1447,PN G325.6-02.1,237.8346,-56.8975,,,,,,,0.42,0.38,0,1.10526315789474,,,
1448,PN G323.7-04.8,238.0971,-60.1547,,,,,,,0.28,0.22,0,1.27272727272727,,,
1449,PN G328.3+00.7,238.2367,-52.9033,,,,,,,0.52,0.43,0,1.2093023255814,,,
1450,PHR J1553-5738,238.29108697835,-57.63504311312,,,,,,,2.22,2.15,0,1.03255813953488,,,
1451,PN G330.4+02.5,238.9858,-50.2356,,,,,,,0.37,0.33,0,1.12121212121212,,,
1452,FP J1556-4955,239.1383,-49.9208,,,,,,,12.83,11.67,0,1.09940017137961,,,
1453,PN G332.0+04.2,239.1508,-47.8947,,,,,,,0.28,0.22,0,1.27272727272727,,,
1454,PN G329.7+01.4,239.2808,-51.4669,,,,,,,0.98,0.87,0,1.1264367816092,,,
1455,PN G333.0+05.0,239.5608,-46.6283,,,,,,,0.43,0.42,0,1.02380952380952,,,
1456,PN G336.3+08.0,240.2579,-42.15,,,,,,,0.17,0.15,0,1.13333333333333,,,
1457,PN G326.5-03.4,240.6146,-57.2356,,,,,,,0.4,0.33,0,1.21212121212121,,,
1458,PN G331.3+01.6,240.9738,-50.2811,,,,,,,0.28,0.22,0,1.27272727272727,,,
1459,PN G334.3+04.2,241.7721,-46.3322,,,,,,,0.23,0.22,0,1.04545454545455,,,
1460,PN G338.8+07.8,242.8779,-40.6428,,,,,,,0.45,0.45,0,1,,,
1461,PN G329.6-02.7,243.8346,-54.6233,,,,,,,0.35,0.23,0,1.52173913043478,,,
1462,PN G329.8-02.8,244.1183,-54.6328,,,,,,,0.33,0.32,0,1.03125,,,
1463,PN G329.8-03.0,244.3325,-54.7533,,,,,,,0.32,0.27,0,1.18518518518519,,,
1464,PN G346.5+13.5,244.62596609949,-31.3309669889,,,,,,,0.23,0.18,0,1.27777777777778,,,
1465,PN G334.0+00.7,244.9587,-49.1144,,,,,,,0.8,0.78,0,1.02564102564103,,,
1466,PN G340.2+06.4,245.4325,-40.6733,,,,,,,0.13,0.13,0,1,,,
1467,PN G338.9+04.6,246.0004,-42.8794,,,,,,,0.78,0.57,0,1.36842105263158,,,
1468,PHR J1625-4522,246.4619072756,-45.37746889467,,,,,,,5.5,5,0,1.1,,,
1469,PN G332.5-02.2,246.6008,-52.2828,,,,,,,1.63,1.33,0,1.22556390977444,,,
1470,PN G339.2+03.9,246.9217,-43.1508,,,,,,,0.22,0.22,0,1,,,
1471,PN G338.0+02.4,247.2708,-45.0958,,,,,,,1.15,1.12,0,1.02678571428571,"Error in 2006MNRAS.373...79P and V/127A/mash1, min > max, error propagated from MASH to Vizier to SIMBAD to HASH (in that order) (see http://202.189.117.101:8999/gpne/objectInfoPage.php?id=2990), switched min/max for now.",PHR J1629-4505,
1472,PN G337.3+00.6,248.4917,-46.8353,,,,,,,0.4,0.13,0,3.07692307692308,,,
1473,PN G332.0-04.3,248.5854,-54.0844,,,,,,,0.4,0.35,0,1.14285714285714,,,
1474,PN G337.6+00.7,248.7133,-46.4744,,,,,,,0.37,0.28,0,1.32142857142857,,,
1475,PHR J1635-4654,248.9662,-46.9028,,,,,,,1.28,0.57,0,2.24561403508772,,,
1476,PN G327.1-09.2,249.4246,-60.9833,,,,,,,0.32,0.28,0,1.14285714285714,,,
1477,PHR J1637-4957,249.4371,-49.9639,,,,,,,0.38,0.27,0,1.40740740740741,,,
1478,PKP J1638-3731,249.6915,-37.52831,,,,,,,0.16,0.13,0,1.23076923076923,,,
1479,PHR J1639-4516,249.8429,-45.2764,,,,,,,0.63,0.42,0,1.5,,,
1480,PN G341.7+02.6,250.5775,-42.2458,,,,,,,0.17,0.17,0,1,,,
1481,PN G332.1-05.8,250.7326569186,-55.03106649607,,,,,,,0.77,0.77,0,1,,,
1482,PN G332.5-05.6,250.8821,-54.5433,,,,,,,1.57,1.13,0,1.38938053097345,,,
1483,PN G349.3+07.4,252.18729,-33.31569,,,,,,,0.22,0.2,0,1.1,,,
1484,PHR J1651-3148,252.9446,-31.8058,,,,,,,2.68,2.57,0,1.04280155642023,,,
1485,PN G343.5+01.2,253.4804,-41.7333,,,,,,,0.25,0.18,0,1.38888888888889,,,
1486,PN G349.7+06.2,253.5342,-33.7328,,,,,,,0.14,0.12,0,1.16666666666667,,,
1487,PN G334.2-06.2,253.6042,-53.6456,,,,,,,0.47,0.45,0,1.04444444444444,,,
1488,PN G345.8+02.7,253.96668031993,-39.00597812624,,,,,,,0.2,0.13,0,1.53846153846154,,,
1489,PN G346.5+02.7,254.4367,-38.4464,,,,,,,0.14,0.12,0,1.16666666666667,,,
1490,PN G337.8-04.1,254.4983,-49.5575,,,,,,,1.13,1.02,0,1.1078431372549,,,
1491,PN G339.4-03.7,255.45508,-48.06406,,,,,,,0.63,0.6,0,1.05,,,
1492,PHR J1702-4443,255.5179,-44.7222,,,,,,,1.5,1.05,0,1.42857142857143,,,
1493,PHR J1702-4943,255.675,-49.7225,,,,,,,0.78,0.77,0,1.01298701298701,,,
1494,PHR J1702-3219,255.6796,-32.3192,,,,,,,0.85,0.8,0,1.0625,,,
1495,PN G347.4+01.8,256.07,-38.3319,,,,,,,0.44,0.33,0,1.33333333333333,,,
1496,PN G347.4+01.6,256.2463,-38.4011,,,,,,,0.17,0.1,0,1.7,,,
1497,PN G347.9+01.9,256.36313,-37.814,,,,,,,0.16,0.15,0,1.06666666666667,,,
1498,FP J1705-5415,256.4121,-54.2553,,,,,,,14.33,14.17,0,1.01129146083275,,,
1499,PN G349.9+03.2,256.6021,-35.4772,,,,,,,0.17,0.17,0,1,,,
1500,PN G343.9-01.6,256.98812591729,-43.15160885523,,,,,,,0.27,0.17,0,1.58823529411765,,,
1501,PN G347.0+00.3,257.295,-39.5183,,,,,,,0.85,0.22,0,3.86363636363636,,,
1502,PN G351.9+03.9,257.3408,-33.4631,,,,,,,0.35,0.33,0,1.06060606060606,,,
1503,PHR J1709-3629,257.3883,-36.4919,,,,,,,1.75,1.73,0,1.01156069364162,,,
1504,PN G348.7+01.3,257.5512,-37.5475,,,,,,,1.17,1.07,0,1.09345794392523,,,
1505,PN G351.1+03.1,257.58225632134,-34.57682192117,,,,,,,0.25,0.22,0,1.13636363636364,,,
1506,PN G355.0+05.8,257.7,-29.7775,,,,,,,0.35,0.27,0,1.2962962962963,,,
1507,PHR J1711-3210,257.9780676098,-32.17482015493,,,,,,,0.25,0.2,0,1.25,,,
1508,PHR J1712-3114,258.0421,-31.2444,,,,,,,0.78,0.75,0,1.04,,,
1509,PN G351.1+02.6,258.0792,-34.8686,,,,,,,0.13,0.13,0,1,,,
1510,PN G354.5+04.8,258.2246,-30.8311,,,,,,,0.5,0.37,0,1.35135135135135,,,
1511,PN G355.3+05.2,258.3954,-29.9608,,,,,,,0.6,0.58,0,1.03448275862069,,,
1512,PN G347.2-00.8,258.70497748326,-40.10204641885,,,,,,,0.33,0.18,0,1.83333333333333,,,
1513,PN G352.8+03.0,258.7933,-33.23,,,,,,,0.12,0.1,0,1.2,,,
1514,PN G339.4-06.5,258.8596,-49.6542,,,,,,,0.48,0.27,0,1.77777777777778,,,
1515,PN G356.2+05.3,258.9421,-29.0844,,,,,,,0.37,0.33,0,1.12121212121212,,,
1516,PN G353.9+03.6,258.9512,-31.9894,,,,,,,0.23,0.22,0,1.04545454545455,,,
1517,PN G352.2+02.4,258.9917,-34.1119,,,,,,,0.28,0.18,0,1.55555555555556,,,
1518,PN G355.5+04.7,259.01737,-30.03739,,,,,,,0.25,0.24,0,1.04166666666667,,,
1519,PN G357.3+05.7,259.2563,-27.9919,,,,,,,0.33,0.2,0,1.65,,,
1520,PN G355.6+04.1,259.655,-30.3236,,,,,,,0.68,0.57,0,1.19298245614035,,,
1521,PN G000.3+07.3,259.6783,-24.6903,,,,,,,0.38,0.35,0,1.08571428571429,,,
1522,PN G353.2+02.4,259.6871,-33.2567,,,,,,,0.13,0.13,0,1,,,
1523,PN G355.1+03.7,259.6946,-30.9247,,,,,,,0.33,0.3,0,1.1,,,
1524,PN G346.2-02.6,259.8804,-41.8858,,,,,,,0.47,0.47,0,1,,,
1525,PN G355.9+04.1,259.9467,-30.0653,,,,,,,0.37,0.33,0,1.12121212121212,,,
1526,PN G355.4+03.6,259.9783,-30.7494,,,,,,,0.33,0.23,0,1.43478260869565,,,
1527,PHR J1720-3927,260.06,-39.4633,,,,,,,2.17,1.57,0,1.38216560509554,,,
1528,PN G358.3+05.5,260.1283,-27.3278,,,,,,,0.65,0.55,0,1.18181818181818,,,
1529,PN G342.5-05.4,260.1471,-46.555,,,,,,,0.57,0.38,0,1.5,,,
1530,PN G355.6+03.6,260.1792,-30.6433,,,,,,,0.28,0.23,0,1.21739130434783,,,
1531,[FMP2006b] Fr 2-12,260.2875,-56.9069,,,,,,,6.68,5.87,0,1.13798977853492,,,
1532,PN G354.7+02.8,260.3487,-31.8311,,,,,,,0.15,0.12,0,1.25,,,
1533,PN G355.8+03.5,260.3821,-30.4556,,,,,,,0.15,0.08,0,1.875,,,
1534,PN G354.5+02.4,260.5487,-32.1792,,,,,,,0.15,0.15,0,1,,,
1535,PN G353.6+01.7,260.6475,-33.2875,,,,,,,0.07,0.07,0,1,,,
1536,PN G354.4+02.2,260.76762,-32.38636,,,,,,,0.18,0.13,0,1.38461538461538,,,
1537,PN G355.9+03.1,260.8479,-30.6444,,,,,,,0.07,0.07,0,1,,,
1538,PHR J1724-2543,261.0179,-25.7206,,,,,,,0.18,0.17,0,1.05882352941176,,,
1539,PHR J1724-3859,261.12816447002,-38.99540571346,,,,,,,2.53,1.6,0,1.58125,,,
1540,PN G002.4+07.0,261.22176490804,-23.04297049128,,,,,,,0.22,0.22,0,1,,,
1541,PN G000.3+05.6,261.3046,-25.5711,,,,,,,0.27,0.25,0,1.08,,,
1542,PN G354.8+01.8,261.3162,-32.2697,,,,,,,0.13,0.1,0,1.3,,,
1543,PHR J1725-2338,261.42350054,-23.6424855,,,,,,,0.23,0.17,0,1.35294117647059,,,
1544,PN PBOZ 18,261.59804,-30.76078,,,,,,,0.08,0.07,0,1.14285714285714,,,
1545,PN G002.0+06.2,261.7267,-23.8578,,,,,,,0.37,0.35,0,1.05714285714286,,,
1546,PN G002.3+06.2,261.9237,-23.6481,,,,,,,0.12,0.08,0,1.5,,,
1547,PN G358.8+03.8,261.99785096887,-27.7981090524,,,,,,,0.23,0.23,0,1,,,
1548,PN G356.5+02.2,262.0321,-30.6383,,,,,,,0.32,0.25,0,1.28,,,
1549,PHR J1728-1844,262.05854,-18.74197,,,,,,,0.85,0.72,0,1.18055555555556,,,
1550,PN G356.6+02.3,262.0592,-30.5372,,,,,,,0.2,0.13,0,1.53846153846154,,,
1551,PN G000.3+04.5,262.2804,-26.2458,,,,,,,0.28,0.15,0,1.86666666666667,,,
1552,PN G002.2+05.8,262.2937,-23.9083,,,,,,,0.2,0.15,0,1.33333333333333,,,
1553,PHR J1721-5122,262.8283,-51.3675,,,,,,,0.5,0.42,0,1.19047619047619,,,
1554,PN G001.4+04.3,263.1129,-25.3803,,,,,,,0.18,0.18,0,1,,,
1555,PN G002.5+04.9,263.2425,-24.1458,,,,,,,0.52,0.52,0,1,,,
1556,PN G007.3+07.8,263.3163,-18.6044,,,,,,,0.58,0.58,0,1,,,
1557,PN G002.5+04.8,263.34454,-24.25139,,,,,,,0.32,0.25,0,1.28,,,
1558,PHR J1733-2655,263.47,-26.9239,,,,,,,0.15,0.15,0,1,,,
1559,PN G357.3+01.3,263.4925,-30.4961,,,,,,,0.35,0.28,0,1.25,,,
1560,PN G357.8+01.6,263.50658,-29.91,,,,,,,0.28,0.17,0,1.64705882352941,,,
1561,PN G354.0-00.8,263.5571,-34.4333,,,,,,,0.55,0.28,0,1.96428571428571,,,
1562,PN G006.2+06.9,263.557719,-20.01462603,,,,,,,0.33,0.32,0,1.03125,,,
1563,PN G356.9+00.9,263.643054,-31.035467,,,,,,,0.08,0.08,0,1,,,
1564,PN G357.7+01.4,263.6942,-30.0725,,,,,,,0.17,0.1,0,1.7,,,
1565,PN G350.8-03.0,263.72,-38.2886,,,,,,,0.1,0.1,0,1,,,
1566,PN G334.9-12.8,263.7462,-56.8233,,,,,,,0.6,0.6,0,1,,,
1567,PN G359.4+02.3 a,263.8,-28.1586,,,,,,,0.15,0.12,0,1.25,,,
1568,PN G004.8+05.7,263.8208,-21.775,,,,,,,0.73,0.7,0,1.04285714285714,,,
1569,PN G351.2-03.0,263.8708,-37.9906,,,,,,,0.25,0.18,0,1.38888888888889,,,
1570,PN G001.7+03.6,263.9475,-25.4619,,,,,,,0.12,0.12,0,1,,,
1571,PN G000.5+02.8,263.9817,-26.9881,,,,,,,0.38,0.38,0,1,,,
1572,PN G352.1-02.6,264.07189880509,-36.99645478279,,,,,,O(H)8If,0.3,0.23,0,1.30434782608696,,,
1573,PHR J1736-5736,264.1383,-57.6058,,,,,,,0.93,0.75,0,1.24,,,
1574,PN G003.5+04.5,264.1521,-23.5058,,,,,,,0.22,0.17,0,1.29411764705882,,,
1575,PN G003.4+04.3,264.2875,-23.69,,,,,,,0.27,0.23,0,1.17391304347826,,,
1576,PN G002.7+03.8,264.3837,-24.5942,,,,,,,0.3,0.2,0,1.5,,,
1577,PN G352.4-02.7,264.4067,-36.8383,,,,,,,0.1,0.08,0,1.25,,,
1578,PN G354.6-01.4,264.4746,-34.2408,,,,,,,0.1,0.1,0,1,,,
1579,PN G002.4+03.5,264.5012,-25.0128,,,,,,,0.28,0.23,0,1.21739130434783,,,
1580,PN G000.1+02.0,264.51402257658,-27.77171796952,,,,,,,0.27,0.27,0,1,,,
1581,PN G351.5-03.4,264.5458,-37.8947,,,,,,,0.15,0.15,0,1,,,
1582,PN G359.9+01.8,264.5492,-28.0019,,,,,,,0.07,0.07,0,1,,,
1583,PN G353.3-02.2,264.5675,-35.7747,,,,,,,0.13,0.08,0,1.625,,,
1584,PN G000.1+01.9,264.5679,-27.8022,,,,,,,0.22,0.2,0,1.1,,,
1585,PN G006.0+05.6,264.6071,-20.8717,,,,,,,0.32,0.3,0,1.06666666666667,,,
1586,PHR J1739-3829,264.8217,-38.4956,,,,,,,0.9,0.63,0,1.42857142857143,,,
1587,PN G353.5-02.6,265.0892,-35.8586,,,,,,,0.15,0.14,0,1.07142857142857,,,
1588,PN G354.5-02.0 a,265.1271,-34.6214,,,,,,,0.12,0.12,0,1,,,
1589,PN G353.3-02.9,265.209092,-36.129269,,,,,,,0.23,0.18,0,1.27777777777778,,,
1590,PN G000.9+01.8,265.2112,-27.1467,,,,,,,0.12,0.09,0,1.33333333333333,,,
1591,PN G355.6-01.4,265.2287,-33.405,,,,,,,0.15,0.15,0,1,,,
1592,PN G004.1+03.6,265.37,-23.5386,,,,,,,0.05,0.05,0,1,,,
1593,PN G356.0-01.4,265.3892,-33.0375,,,,,,,0.13,0.12,0,1.08333333333333,,,
1594,PN G355.2-02.0,265.4963,-34.0928,,,,,,,0.11,0.11,0,1,,,
1595,PN G002.6+02.3,265.7171,-25.4286,,,,,,,0.19,0.16,0,1.1875,,,
1596,PN G356.0-01.8,265.78,-33.265,,,,,,,0.08,0.08,0,1,,,
1597,PN G352.2-04.3,265.9542,-37.8303,,,,,,,0.62,0.57,0,1.08771929824561,,,
1598,PN G004.9+03.4,266.0708,-22.9164,,,,,,,0.28,0.28,0,1,,,
1599,PN G355.6-02.3,266.11629,-33.92231,,,,,,,0.95,0.42,0,2.26190476190476,,,
1600,PN G002.3+01.7,266.1475,-26.06,,,,,,,0.17,0.13,0,1.30769230769231,,,
1601,PN G004.0+02.6,266.1929,-24.1164,,,,,,,0.32,0.3,0,1.06666666666667,,,
1602,PN G002.7+01.7,266.3288,-25.7014,,,,,,,0.12,0.12,0,1,,,
1603,PN G353.8-03.7,266.3842,-36.1658,,,,,,,0.7,0.37,0,1.89189189189189,,,
1604,PPA J1746-3454,266.71420024795,-34.90155294572,,,,,,,0.13,0.1,0,1.3,,,
1605,PN G002.4+01.1,266.7167,-26.1972,,,,,,,0.6,0.22,0,2.72727272727273,,,
1606,PN G352.8-04.6,266.74871,-37.42669,,,,,,,0.27,0.22,0,1.22727272727273,,,
1607,PN G356.1-02.7,266.77,-33.6842,,,,,,,0.1,0.07,0,1.42857142857143,,,
1608,PPA J1747-3435,266.7846,-34.5953,,,,,,O(H),0.34,0.25,0,1.36,,,
1609,PN G357.3-02.0,266.86954,-32.26281,,,,,,,0.07,0.07,0,1,,,
1610,PHR J1747-2311,266.8779,-23.1969,,,,,,,0.38,0.28,0,1.35714285714286,,,
1611,PN G352.2-05.1,266.9163,-38.1953,,,,,,,0.2,0.2,0,1,,,
1612,PN G007.7+03.9,267.1142,-20.2753,,,,,,,0.18,0.18,0,1,,,
1613,PN G004.3+01.8 a,267.1375,-24.2933,,,,,,,0.23,0.22,0,1.04545454545455,,,
1614,PHR J1748-3844,267.1879,-38.7372,,,,,,,0.35,0.28,0,1.25,,,
1615,PN G005.0+02.2,267.1917,-23.4408,,,,,,,0.22,0.13,0,1.69230769230769,,,
1616,PN G356.2-03.2,267.34908,-33.79475,,,,,,,0.22,0.17,0,1.29411764705882,,,
1617,PN G357.5-02.4,267.40758,-32.27442,,,,,,,0.16,0.12,0,1.33333333333333,,,
1618,PN G355.5-03.7,267.4954,-34.6439,,,,,,,0.23,0.23,0,1,,,
1619,PN G346.9-08.9,267.6905803521,-44.63942178526,,,,,,,0.37,0.33,0,1.12121212121212,,,
1620,PHR J1750-1803,267.6983,-18.0583,,,,,,,0.6,0.32,0,1.875,,,
1621,PN G358.0-02.4,267.7021,-31.8742,,,,,,,0.1,0.1,0,1,,,
1622,PPA J1750-3548,267.7337,-35.8136,,,,,,,0.42,0.32,0,1.3125,,,
1623,PN G355.3-04.1,267.7371,-35.0128,,,,,,,0.32,0.28,0,1.14285714285714,,,
1624,PN G356.2-03.6,267.7787,-34.0281,,,,,,,0.17,0.16,0,1.0625,,,
1625,PN G354.9-04.4,267.8462,-35.5217,,,,,,,0.25,0.15,0,1.66666666666667,,,
1626,PN G358.9-02.1,267.9117,-30.9983,,,,,,,0.25,0.2,0,1.25,,,
1627,PN G357.4-03.1,268.00271,-32.73511,,,,,,,0.17,0.1,0,1.7,,,
1628,PN G357.6-03.0,268.0492,-32.5522,,,,,,,0.18,0.1,0,1.8,,,
1629,PN G357.6-03.0 a,268.0667,-32.5019,,,,,,,0.18,0.17,0,1.05882352941176,,,
1630,PN G007.5+02.7,268.1287,-21.0347,,,,,,,0.26,0.25,0,1.04,,,
1631,PN G000.0-01.8,268.2433,-29.8897,,,,,,,0.28,0.24,0,1.16666666666667,,,
1632,PN G356.0-04.2,268.2704,-34.4775,,,,,,,0.25,0.18,0,1.38888888888889,,,
1633,PN G359.3-02.3,268.3179,-30.6444,,,,,,,0.28,0.17,0,1.64705882352941,,,
1634,PHR J1753-2234,268.3679,-22.5731,,,,,,,1.2,1.05,0,1.14285714285714,,,
1635,PN G359.2-02.4,268.4158,-30.8569,,,,,,,0.21,0.15,0,1.4,,,
1636,PN G359.7-02.2,268.4975,-30.3636,,,,,,,0.33,0.32,0,1.03125,,,
1637,PN G356.5-04.1,268.5125,-33.9808,,,,,,,0.25,0.22,0,1.13636363636364,,,
1638,PN G355.5-04.8,268.5725,-35.2608,,,,,,,0.22,0.2,0,1.1,,,
1639,PN G355.2-05.0,268.6275,-35.5522,,,,,,,0.43,0.43,0,1,,,
1640,PN G353.9-05.8,268.6946,-37.1469,,,,,,,0.42,0.35,0,1.2,,,
1641,PN G007.6+02.0,268.765,-21.3106,,,,,,,0.25,0.25,0,1,,,
1642,PN G007.3+01.7,268.89476422214,-21.7104132499,,,,,,,0.28,0.25,0,1.12,,,
1643,PN G007.4+01.7,268.92788,-21.67197,,,,,,,0.33,0.23,0,1.43478260869565,,,
1644,PN G002.2-01.2,268.94,-27.6614,,,,,,,0.24,0.18,0,1.33333333333333,,,
1645,PN G359.9-02.6,269.0275,-30.3267,,,,,,,0.2,0.17,0,1.17647058823529,,,
1646,PN G359.2-03.1,269.1196,-31.2097,,,,,,,0.23,0.17,0,1.35294117647059,,,
1647,PN G006.1+00.8,269.1383,-23.1964,,,,,,,0.15,0.15,0,1,,,
1648,JaSt2 20,269.1517,-28.955,,,,,,,0.38,0.25,0,1.52,,,
1649,PHR J1756-3342,269.1646,-33.7086,,,,,,O(H)3-4Vz,0.53,0.5,0,1.06,,,
1650,PN G358.6-03.6,269.1821,-31.9592,,,,,,,0.82,0.8,0,1.025,,,
1651,PHR J1756-3414,269.2008,-34.2422,,,,,,,0.3,0.28,0,1.07142857142857,,,
1652,PHR J1757-1649,269.41508025103,-16.82213423592,,,,,,,2.63,2,0,1.315,,,
1653,PHR J1757-2824,269.4258,-28.4019,,,,,,O(H),0.23,0.1,0,2.3,,,
1654,PN G359.4-03.3,269.4654,-31.1031,,,,,,,0.22,0.21,0,1.04761904761905,,,
1655,PHR J1758-2139,269.6037,-21.6628,,,,,,,2.67,1.57,0,1.70063694267516,,,
1656,PHR J1758-2756,269.6462,-27.9489,,,,,,,0.34,0.27,0,1.25925925925926,,,
1657,PN G008.1+01.3,269.6692,-21.2128,,,,,,,0.18,0.15,0,1.2,,,
1658,PN G001.5-02.4,269.705,-28.8822,,,,,,,0.23,0.22,0,1.04545454545455,,,
1659,PN G003.6-01.3,269.80038,-26.50689,,,,,,,0.14,0.14,0,1,,,
1660,PN G003.1-01.6,269.8587,-27.1094,,,,,,,0.63,0.5,0,1.26,,,
1661,PHR J1759-2712,269.8883,-27.2139,,,,,,,1.27,0.93,0,1.36559139784946,,,
1662,PN G000.2-03.4,269.9488,-30.5097,,,,,,,0.32,0.23,0,1.39130434782609,,,
1663,PN G003.3-01.6,269.98092,-26.86347,,,,,,,0.18,0.12,0,1.5,,,
1664,PN G001.6-02.6,269.9867,-28.8986,,,,,,,0.42,0.37,0,1.13513513513514,,,
1665,PN G001.7-02.6,270.0025,-28.7742,,,,,,,0.28,0.22,0,1.27272727272727,,,
1666,PN G002.0-02.5,270.0779,-28.4356,,,,,,,0.3,0.28,0,1.07142857142857,,,
1667,PPA J1800-2818,270.0783,-28.3097,,,,,,,0.27,0.2,0,1.35,,,
1668,PN G001.5-02.8,270.093466969757,-29.0775327940875,,,,,,,0.14,0.12,0,1.16666666666667,,,
1669,PN G003.4-01.8,270.1762,-26.8936,,,,,,,0.2,0.18,0,1.11111111111111,,,
1670,PN G008.6+01.0,270.2546,-20.9594,,,,,,,0.23,0.18,0,1.27777777777778,,,
1671,PN G000.9-03.3,270.3058,-29.7833,,,,,,,0.6,0.6,0,1,,,
1672,PN G003.1-02.1,270.35154,-27.30247,,,,,,,0.63,0.6,0,1.05,,,
1673,PN G002.1-02.8,270.3846,-28.5292,,,,,,,0.32,0.23,0,1.39130434782609,,,
1674,PPA J1801-2746,270.385,-27.7686,,,,,,,0.23,0.19,0,1.21052631578947,,,
1675,PN G002.4-02.6,270.4387,-28.1603,,,,,,,0.72,0.68,0,1.05882352941176,,,
1676,PN G012.1+02.8,270.4821,-17.0311,,,,,,,0.37,0.33,0,1.12121212121212,,,
1677,PN G003.8-01.9,270.54696339377,-26.61889612818,,,,,,,0.15,0.12,0,1.25,,,
1678,PN G357.5-05.5,270.59962,-33.84669,,,,,,,0.15,0.15,0,1,,,
1679,PN G359.7-04.4 a,270.6263,-31.4047,,,,,,,0.28,0.2,0,1.4,,,
1680,PN G002.0-03.1,270.7021,-28.7947,,,,,,,0.31,0.28,0,1.10714285714286,,,
1681,PN G002.0-03.2,270.7913,-28.8142,,,,,,,0.52,0.41,0,1.26829268292683,,,
1682,PN G359.0-04.9,270.8204,-32.3072,,,,,,,0.4,0.25,0,1.6,,,
1683,PN G002.4-03.1,270.8529,-28.4403,,,,,,,0.1,0.1,0,1,,,
1684,PN G001.2-03.8,270.8796,-29.7864,,,,,,,0.78,0.67,0,1.16417910447761,,,
1685,PN G016.6+04.8,270.9133,-12.1661,,,,,,,0.17,0.13,0,1.30769230769231,,,
1686,PN G005.2-01.6,270.9683,-25.2831,,,,,,,0.12,0.08,0,1.5,,,
1687,PN G003.8-02.4,271.0108,-26.8908,,,,,,,0.12,0.07,0,1.71428571428571,,,
1688,PN G002.6-03.1,271.0546,-28.27,,,,,,,0.22,0.22,0,1,,,
1689,PN G358.4-05.5,271.0625,-33.1083,,,,,,,0.37,0.31,0,1.19354838709677,,,
1690,PN G002.9-03.0,271.07221,-27.95336,,,,,,,0.62,0.37,0,1.67567567567568,,,
1691,PHR J1804-2913,271.11883,-29.23256,,,,,,O(H),0.12,0.1,0,1.2,,,
1692,PN G011.0+01.4,271.1217,-18.7114,,,,,,,0.31,0.28,0,1.10714285714286,,,
1693,FP J1804-4528,271.1337,-45.4744,,,,,,,7,6,0,1.16666666666667,,,
1694,PN G000.9-04.2,271.2004,-30.2803,,,,,,,0.17,0.17,0,1,,,
1695,PN G004.0-02.6,271.2479,-26.7547,,,,,,,0.72,0.55,0,1.30909090909091,,,
1696,PN G004.2-02.5,271.3337,-26.5292,,,,,,,0.17,0.15,0,1.13333333333333,,,
1697,PN G004.0-02.7,271.3592,-26.8156,,,,,,,0.32,0.1,0,3.2,,,
1698,PN G359.7-05.0,271.3758,-31.6711,,,,,,,0.27,0.2,0,1.35,,,
1699,PN G002.9-03.3,271.435,-28.0794,,,,,,,0.82,0.47,0,1.74468085106383,,,
1700,PN G003.6-03.0,271.4908,-27.3858,,,,,,,0.37,0.24,0,1.54166666666667,,,
1701,PN G003.3-03.3,271.6167,-27.7878,,,,,,,0.35,0.3,0,1.16666666666667,,,
1702,PN G002.7-03.7,271.6338,-28.4075,,,,,,,0.2,0.2,0,1,,,
1703,PHR J1806-3416,271.6929,-34.2678,,,,,,,0.33,0.29,0,1.13793103448276,,,
1704,PN G002.1-04.1,271.7071,-29.1664,,,,,,,0.47,0.43,0,1.09302325581395,,,
1705,PHR J1806-1956,271.7304,-19.9383,,,,,,,1.02,0.83,0,1.2289156626506,,,
1706,PN G005.2-02.4 a,271.7637,-25.5953,,,,,,,0.45,0.42,0,1.07142857142857,,,
1707,PHR J1807-2715,271.8125,-27.2642,,,,,,,0.28,0.28,0,1,,,
1708,PN G006.1-02.1,271.9204,-24.655,,,,,,,0.26,0.23,0,1.1304347826087,,,
1709,PN G004.4-03.1,272.0008,-26.6272,,,,,,,0.42,0.39,0,1.07692307692308,,,
1710,PN G004.1-03.3,272.00619837924,-27.00440832995,,,15.486,,12.505,,0.22,0.17,0,1.29411764705882,,,
1711,PHR J1808-3201,272.0492,-32.0244,,,,,,,3.08,2.75,0,1.12,,,
1712,PN G002.8-04.1,272.1158,-28.5936,,,,,,,0.27,0.23,0,1.17391304347826,,,
1713,PN G014.6+02.3,272.1329,-15.1106,,,,,,,0.48,0.43,0,1.11627906976744,,,
1714,PN G007.7-01.6,272.3029,-23.0661,,,,,,,0.23,0.18,0,1.27777777777778,,,
1715,PN G016.6+03.1,272.4008,-12.9994,,,,,,,0.27,0.22,0,1.22727272727273,,,
1716,PN G001.8-05.0,272.4454,-29.8817,,,,,,,0.27,0.2,0,1.35,,,
1717,PN G359.4-06.3,272.47,-32.5622,,,,,,,0.13,0.13,0,1,,,
1718,PN G001.2-05.6,272.7613,-30.7033,,,,,,,0.53,0.38,0,1.39473684210526,,,
1719,PHR J1811-2123,272.79429,-21.38719,,,,,,,0.29,0.25,0,1.16,,,
1720,PN G005.4-03.4,272.8346,-25.9597,,,,,,,1.15,0.98,0,1.1734693877551,,,
1721,PHR J1811-2100,272.9125,-21.0122,,,,,,,0.53,0.2,0,2.65,,,
1722,PN G007.5-02.4,272.9192,-23.6211,,,,,,,0.18,0.15,0,1.2,,,
1723,PN G003.0-05.0,273.0975,-28.8028,,,,,,,0.23,0.23,0,1,,,
1724,PN G008.6-02.2,273.2942,-22.5575,,,,,,,0.12,0.12,0,1,,,
1725,PHR J1813-2505,273.3625,-25.0978,,,,,,,0.53,0.37,0,1.43243243243243,,,
1726,PN G014.6+01.0,273.37077781901,-15.72218017836,,,,,,,0.45,0.35,0,1.28571428571429,,,
1727,PN G017.6+02.6,273.39029,-12.34633,,,,,,,0.13,0.13,0,1,,,
1728,PN G010.0-01.5,273.3975,-20.9514,,,,,,,0.28,0.17,0,1.64705882352941,,,
1729,PHR J1814-3340,273.5092,-33.68,,,,,,,0.37,0.2,0,1.85,,,
1730,PN G009.0-02.2,273.5508,-22.2461,,,,,,,0.18,0.12,0,1.5,,,
1731,PN G004.8-04.6,273.7008,-26.9869,,,,,,,0.35,0.33,0,1.06060606060606,,,
1732,PN G009.0-02.4,273.7342,-22.3436,,,,,,,0.22,0.17,0,1.29411764705882,,,
1733,PHR J1815-2513,273.8492,-25.23,,,,,,,0.5,0.4,0,1.25,,,
1734,PN G002.3-06.2,273.9387,-29.9622,,,,,,,0.37,0.37,0,1,,,
1735,PN G009.1-02.7,274.0833,-22.38,,,,,,,0.4,0.32,0,1.25,,,
1736,PPA J1818-2541,274.5063,-25.6839,,,,,,,0.27,0.25,0,1.08,,,
1737,PHR J1818-2531,274.7113,-25.5267,,,,,,,0.27,0.27,0,1,,,
1738,PHR J1818-2239,274.745,-22.6608,,,,,,,1.63,1.33,0,1.22556390977444,,,
1739,PHR J1818-1526,274.74718322965,-15.43903328803,,,,,,,0.92,0.18,0,5.11111111111111,,,
1740,PN G007.9-04.1,274.8329,-24.0844,,,,,,,0.27,0.23,0,1.17391304347826,,,
1741,PN G020.4+02.2,275.06412106047,-10.04088865471,,,,,,,0.4,0.31,0,1.29032258064516,,,
1742,PN G012.1-02.1,275.0729,-19.4439,,,,,,,0.17,0.17,0,1,,,
1743,PN G022.1+03.0,275.1821,-8.1672,,,,,,,0.13,0.13,0,1,,,
1744,PN G007.1-05.0,275.245,-25.1717,,,,,,,0.37,0.32,0,1.15625,,,
1745,PHR J1821-1001,275.4192,-10.0289,,,,,,,2.98,2,0,1.49,,,
1746,PN G006.4-05.5,275.4425,-26.0292,,,,,,,0.38,0.33,0,1.15151515151515,,,
1747,PN G016.4-00.9,276.0087,-15.0925,,,,,,,0.5,0.3,0,1.66666666666667,,,
1748,PN G009.9-04.3,276.0312,-22.4372,,,,,,,0.67,0.67,0,1,,,
1749,FP J1824-0319,276.17022487072,-3.33319881161,,14.673,14.99,15.291,,DA,30,28.67,0,1.04638995465644,,,
1750,PN G008.3-05.3,276.1804,-24.2753,,,,,,,0.35,0.33,0,1.06060606060606,,,
1751,PN G013.4-02.9,276.3979,-18.6622,,,,,,,0.51,0.47,0,1.08510638297872,,,
1752,PN G025.9+03.4,276.5733,-4.5897,,,,,,,0.3,0.28,0,1.07142857142857,,,
1753,PN G021.2+00.9,276.6087,-9.8906,,,,,,,0.9,0.7,0,1.28571428571429,,,
1754,PN G016.3-02.3,277.2325,-15.8217,,,,,,,1.15,1.03,0,1.11650485436893,,,
1755,PN G026.4+02.7,277.3925,-4.5272,,,,,,,0.37,0.25,0,1.48,,,
1756,PN G018.5-01.6,277.6767,-13.5192,,,,,,,0.33,0.28,0,1.17857142857143,,,
1757,PN G023.4+00.7,277.8317,-8.0953,,,,,,,0.21,0.15,0,1.4,,,
1758,PN G009.4-06.6,277.9846,-23.9353,,,,,,,0.09,0.07,0,1.28571428571429,,,
1759,PHR J1832-0317,278.1304,-3.2958,,,,,,,0.5,0.22,0,2.27272727272727,,,
1760,PN G007.2-08.1,278.3396,-26.5411,,,,,,,0.47,0.47,0,1,,,
1761,PHR J1833-3115,278.42837,-31.26192,,,,,,,0.42,0.42,0,1,,,
1762,PHR J1833-0556,278.4988,-5.9353,,,,,,,0.68,0.37,0,1.83783783783784,,,
1763,PN G023.5-00.1,278.6733,-8.4056,,,,,,,0.52,0.43,0,1.2093023255814,,,
1764,PN G019.9-02.8,279.4592,-12.8278,,,,,,,0.4,0.35,0,1.14285714285714,,,
1765,WRAY 15-1879,280.21117,-29.52308,,,15.4,,,,0.28,0.28,0,1,,,
1766,PN G007.3-10.1,280.4792,-27.2783,,,,,,,0.25,0.22,0,1.13636363636364,,,
1767,PN G026.9-00.7,280.7933,-5.6975,,,,,,,0.8,0.65,0,1.23076923076923,,,
1768,PN G028.9+00.2,280.8137,-3.4242,,,,,,,0.17,0.15,0,1.13333333333333,,,
1769,PN G032.0+01.7,280.9379,0.0392,,,,,,,0.23,0.21,0,1.0952380952381,,,
1770,PHR J1843-0232,280.9871,-2.5356,,,,,,,1.02,0.9,0,1.13333333333333,,,
1771,PN G027.7-00.6,281.06808,-4.88111,,,,,,,0.63,0.63,0,1,,,
1772,PN G026.7-01.2,281.1210529375,-6.05709050177,,,,,,,0.25,0.22,0,1.13636363636364,,,
1773,PHR J1844-0517,281.225,-5.2933,,,,,,,0.52,0.43,0,1.2093023255814,,,
1774,PN G032.5+01.5,281.2529,0.3564,,,,,,,0.55,0.48,0,1.14583333333333,,,
1775,PN G030.0+00.0,281.5112,-2.5522,,,,,,,0.6,0.52,0,1.15384615384615,,,
1776,PHR J1847-0215,281.9475,-2.2583,,,,,,,0.33,0.23,0,1.43478260869565,,,
1777,PHR J1848-0912,282.1363,-9.2006,,,,,,,0.32,0.25,0,1.28,,,
1778,PHR J1848-0435,282.1696,-4.5994,,,,,,,0.73,0.7,0,1.04285714285714,,,
1779,PN G032.5-00.0,282.7129,-0.3583,,,,,,,0.25,0.18,0,1.38888888888889,,,
1780,PN G029.2-01.8,282.8004,-4.1486,,,,,,,0.18,0.18,0,1,,,
1781,PHR J1851-0732,282.8804,-7.5414,,,,,,,0.75,0.58,0,1.29310344827586,,,
1782,PN G007.9-12.5,283.2146,-27.8181,,,,,,,0.37,0.37,0,1,,,
1783,PHR J1854-0151,283.6717,-1.8542,,,,,,,0.35,0.25,0,1.4,,,
1784,PN G032.2-01.4,283.8204,-1.2825,,,,,,,0.78,0.75,0,1.04,,,
1785,PN G028.7-03.2,283.8312,-5.1744,,,,,,,0.28,0.25,0,1.12,,,
1786,PN G033.9-00.9,284.2129,0.4814,,,,,,,0.13,0.12,0,1.08333333333333,,,
1787,PN G030.0-04.2,285.3108,-4.4925,,,,,,,0.22,0.22,0,1,,,
1788,PN G033.9-02.9,285.9308,-0.45,,,,,,,0.25,0.22,0,1.13636363636364,,,
1789,PHR J1906-0133,286.5679,-1.5528,,,,,,,2.63,1.57,0,1.67515923566879,,,
1790,PHR J1911-1546,287.76862762154,-15.76874705698,,,,,,,2.62,2.57,0,1.01945525291829,,,
1791,PN G034.7-06.2,289.28129,-1.20669,,,,,,,0.28,0.23,0,1.21739130434783,,,
1792,PN G033.4-06.9,289.3192,-2.6739,,,,,,,0.27,0.25,0,1.08,,,
1793,PN G037.7-05.9,290.33705286836,1.60389206346,,,,,,,0.27,0.27,0,1,,,
1794,PN G039.8-06.9,292.2142,2.8978,,,,,,,0.58,0.52,0,1.11538461538462,,,
1795,PHR J1741-1624,265.2667,-16.4131,,,,,,,0.23,0.19,0,1.21052631578947,,,
1796,PN G011.2-02.7,275.1487,-20.5069,,,,,,,0.72,0.7,0,1.02857142857143,,,
1797,[RP2006] 203,86.07233,-69.18375,,,,,,,0.15,0.15,0,1,,,
1798,[RP2006] J053150-710955,82.96057120724,-71.1652021858,,,,,,,0.0383333,0.0383333,0,1,,,
1799,[RP2006] J052611-701605,81.547,-70.26822,19.623,19.764,18.899,,19.531,,0.09,0.09,0,1,,,
1800,[RP2006] J053636-700704,84.15029,-70.11814,,21.76,21.715,,,,0.0666667,0.0666667,0,1,,,
1801,[RP2006] J052504-694833,81.26942,-69.80925,,,,,,,0.0783333,0.0783333,0,1,,,
1802,[RP2006] J052616-693800,81.56812,-69.63386,,19.257,19.272,,19.236,,0.1,0.1,0,1,,,
1803,[RP2006] J052413-694724,81.05675,-69.78992,18.827,19.531,19.312,,,,0.0566667,0.0566667,0,1,,,
1804,[RP2006] J051815-691621,79.562912,-69.272675,18.705,19.063,18.761,,18.531,,0.0566667,0.0566667,0,1,,,
1805,[RP2006] J051023-684618,77.59867,-68.77167,,,,,,,0.1,0.1,0,1,,,
1806,[RP2006] J050849-684404,77.2065,-68.73475,19.611,19.527,19.242,,19.569,,0.116667,0.116667,0,1,,,
1807,[GC2009] J052141.88-665932.0,80.424475,-66.992117,21.259,21.295,20.96,,,,0.05,0.05,0,1,,,
1808,[RP2006] J050651-685716,76.71546,-68.95444,19.562,21.35,20.447,,20.299,,0.1,0.1,0,1,,,
1809,[RP2006] J052804-685947,82.02054,-68.99642,,,,,,,0.168333,0.168333,0,1,,,
1810,V* V458 Vul,298.602627368394,20.8811483076167,,17.76,15.96,17.9,,,0.45,0.45,90,1,,,
1811,[RP2006] 895,83.65221,-69.30775,,,,,,,0.0816667,0.0816667,0,1,,,
1812,[RP2006] J045233-700043,73.14154,-70.01214,,,,,,,0.191667,0.191667,0,1,,,
1813,[RP2006] J045345-695758,73.43783,-69.96631,,21.705,21.102,,20.744,,0.166667,0.166667,0,1,,,
1814,[RP2006] J045353-704455,73.47383,-70.74875,21.081,20.759,20.421,,21.023,,0.0833333,0.0833333,0,1,,,
1815,[RP2006] J045403-693320,73.51483,-69.55578,19.469,20.386,19.349,,,,0.0833333,0.0833333,0,1,,,
1816,[RP2006] J045446-701850,73.69504,-70.314,,21.975,21.539,,,,0.1,0.1,0,1,,,
1817,[RP2006] J045453-693619,73.72133,-69.6055,,,,,,,0.133333,0.133333,0,1,,,
1818,[RP2006] J045503-693210,73.76325,-69.53614,,21.28,20.94,,,,0.075,0.075,0,1,,,
1819,[RP2006] J045513-690019,73.80467,-69.00542,,20.459,20.345,,,,0.1,0.1,0,1,,,
1820,[RP2006] J045534-700220,73.89475,-70.03897,,,,,,,0.0666667,0.0666667,0,1,,,
1821,[RP2006] J045646-691928,74.1935,-69.3245,,21.779,20.946,,21.696,,0.105,0.105,0,1,,,
1822,[RP2006] J045728-665347,74.36692,-66.89658,,20.549,20.329,,20.69,,0.045,0.045,0,1,,,
1823,[RP2006] J045733-665258,74.38837,-66.88292,20.58,20.512,20.348,,20.797,,0.0566667,0.0566667,0,1,,,
1824,[RP2006] J045751-693333,74.46483,-69.55919,20.339,21.752,20.913,,,,0.06,0.06,0,1,,,
1825,[RP2006] J045754-691421,74.47525,-69.23933,19.208,20.004,19.498,,20.439,,0.07,0.07,0,1,,,
1826,[RP2006] J045829-685210,74.62171,-68.86956,,23.313,21.992,,,,0.0733333,0.0733333,0,1,,,
1827,[RP2006] J045855-685036,74.73038,-68.84336,18.258,18.537,18.726,,18.425,,0.0833333,0.0833333,0,1,,,
1828,[RP2006] J045855-685301,74.7325,-68.88378,20.583,19.971,19.413,,18.653,,0.123333,0.123333,0,1,,,
1829,[RP2006] J045859-675241,74.747,-67.87822,,21.105,20.952,,20.514,,0.05,0.05,0,1,,,
1830,[RP2006] 1930,74.83558,-66.76658,,,,,,,0.05,0.05,0,1,,,
1831,[RP2006] J045934-692242,74.89192,-69.37839,21.611,21.934,20.901,,,,0.0833333,0.0833333,0,1,,,
1832,2MASS J04593813-6718042,74.90887,-67.30119,17.077,17.169,17.246,,17.141,,0.126667,0.126667,0,1,,,
1833,[RP2006] J050026-695607,75.10887,-69.93533,19.552,19.633,19.308,,19.266,,0.166667,0.166667,0,1,,,
1834,[RP2006] J050047-691122,75.19821,-69.18944,19.72,19.972,18.441,,18.605,,0.15,0.15,0,1,,,
1835,[RP2006] J050052-684717,75.21721,-68.78811,20.022,20.297,19.341,,18.757,,0.0666667,0.0666667,0,1,,,
1836,[KWV2015] J050058.17-680748.9,75.2425985566,-68.13026516244,18.297,19.306,18.944,,19.915,,0.0383333,0.0383333,0,1,,,
1837,2MASS J05010826-6813363,75.28442,-68.22678,19.708,20.194,20.286,,,,0.0916667,0.0916667,0,1,,,
1838,[RP2006] J050135-704440,75.39725,-70.74461,,,,,,,0.0833333,0.0833333,0,1,,,
1839,[RP2006] 1938,75.42638,-66.59914,,21.28,20.58,,,,0.0833333,0.0833333,0,1,,,
1840,[RP2006] J050148-692413,75.45146,-69.40367,20.273,20.252,19.778,,20.091,,0.0833333,0.0833333,0,1,,,
1841,[RP2006] J050203-690945,75.5155,-69.16264,,,,,,,0.0833333,0.0833333,0,1,,,
1842,[RP2006] J050204-673343,75.51933,-67.56211,20.184,20.742,20.634,,,,0.0783333,0.0783333,0,1,,,
1843,[RP2006] J050216-690403,75.56721,-69.06753,,,,,,,0.0883333,0.0883333,0,1,,,
1844,[RP2006] J050230-682848,75.62792,-68.48008,,,,,,,0.15,0.15,0,1,,,
1845,[RP2006] J050240-690423,75.66846,-69.07319,,,,,,,0.103333,0.103333,0,1,,,
1846,[RP2006] J050253-701808,75.723,-70.30225,,21.509,20.589,,,,0.1,0.1,0,1,,,
1847,[RP2006] J050311-700744,75.79704,-70.12914,16.361,17.348,17.359,17.83,17.378,,0.0866667,0.0866667,0,1,,,
1848,[RP2006] J050335-694201,75.89658,-69.70042,,,,,,,0.075,0.075,0,1,,,
1849,[RP2006] 1934,75.94025,-66.65475,,21.2,22.934,,,,0.133333,0.133333,0,1,,,
1850,[RP2006] J050419-692548,76.07983,-69.43008,,18.989,18.186,,17.43,,0.161667,0.161667,0,1,,,
1851,[RP2006] J050421-673809,76.08796,-67.63583,19.214,20.3,19.654,,19.726,,0.166667,0.166667,0,1,,,
1852,2MASS J05043206-6919289,76.13354251197,-69.32469906659,,21.81,21.205,,20.757,,0.05,0.05,0,1,,,
1853,[KWV2015] J050434.20-675221.8,76.142559226,-67.87274251648,18.478,20.339,18.658,18.18,17.905,,0.0883333,0.0883333,0,1,,,
1854,[RP2006] J050435-700618,76.146042,-70.105333,18.509,18.868,18.853,,17.697,,0.0666667,0.0666667,0,1,,,
1855,[RP2006] J050436-692304,76.1515,-69.38467,,19.44,18.855,,,,0.0833333,0.0833333,0,1,,,
1856,[RP2006] J050441-692925,76.17296,-69.49042,,,,,,,0.1,0.1,0,1,,,
1857,[RP2006] J050446-695508,76.19525,-69.91894,,,,,,,0.09,0.09,0,1,,,
1858,2MASS J05045470-7043092,76.22796,-70.71925,,,,,,,0.0533333,0.0533333,0,1,,,
1859,[RP2006] J050510-684308,76.2945,-68.71908,19.439,19.394,19.049,,19.037,,0.1,0.1,0,1,,,
1860,[RP2006] J050531-710206,76.37958,-71.03503,,,,,,,0.116667,0.116667,0,1,,,
1861,[RP2006] J050600-692830,76.50154,-69.47503,,,,,,,0.05,0.05,0,1,,,
1862,[RP2006] J050619-690159,76.57938,-69.03317,20.496,21.019,20.207,,,,0.0666667,0.0666667,0,1,,,
1863,[RP2006] J050622-704155,76.59354,-70.69872,19.16,19.022,18.898,,18.77,,0.111667,0.111667,0,1,,,
1864,[RP2006] J050626-684430,76.61063,-68.74178,,19.413,18.338,,17.274,,0.153333,0.153333,0,1,,,
1865,2MASS J05064440-6838136,76.68504,-68.63714,19.613,18.549,17.38,,,,0.173333,0.173333,0,1,,,
1866,[RP2006] J050706-691329,76.77583,-69.22494,,,,,,,0.0666667,0.0666667,0,1,,,
1867,[RP2006] J050725-704845,76.85613,-70.81258,19.71,19.573,19.538,,19.197,,0.141667,0.141667,0,1,,,
1868,[RP2006] J050735-682832,76.89629,-68.47575,16.047,16.996,16.899,,16.941,,0.25,0.25,0,1,,,
1869,[RP2006] J050744-693326,76.93479,-69.55733,,,,,,,0.0666667,0.0666667,0,1,,,
1870,[RP2006] J050750-701705,76.95996,-70.28486,19.337,19.603,19.428,,19.624,,0.18,0.18,0,1,,,
1871,[KWV2015] J050806.80-690855.6,77.02846839886,-69.14878011984,18.715,19.054,18.989,,19.566,,0.0733333,0.0733333,0,1,,,
1872,[RP2006] J050840-685822,77.16896,-68.97294,,19.886,19.429,,19.278,,0.0483333,0.0483333,0,1,,,
1873,[RP2006] J050844-675352,77.18617,-67.89797,17.98,22.207,19.183,,,,0.1,0.1,0,1,,,
1874,[RP2006] J050847-692212,77.19833,-69.37008,,21.434,19.943,,18.919,,0.055,0.055,0,1,,,
1875,[RP2006] J050852-690010,77.21992,-69.00303,19.292,18.792,18.497,,17.915,,0.121667,0.121667,0,1,,,
1876,[RP2006] J050902-685103,77.26246,-68.85097,19.431,19.747,19.401,,19.738,,0.06,0.06,0,1,,,
1877,[RP2006] J050908-691245,77.28679,-69.21261,,,,,,,0.0833333,0.0833333,0,1,,,
1878,[RP2006] J050915-684358,77.31521,-68.73283,18.647,19.436,18.685,,,,0.11,0.11,0,1,,,
1879,[RP2006] J050915-692143,77.3155,-69.36214,,21.159,19.987,,,,0.0666667,0.0666667,0,1,,,
1880,[RP2006] J050927-692351,77.36304,-69.39758,,22.313,21.458,,,,0.166667,0.166667,0,1,,,
1881,[RP2006] J050948-690427,77.45288,-69.07442,,19.963,19.289,,18.287,,0.1,0.1,0,1,,,
1882,[RP2006] J050951-683708,77.46458,-68.61889,19.351,21.685,20.674,,,,0.075,0.075,0,1,,,
1883,[RP2006] J051006-704335,77.52583,-70.72642,,,,,,,0.0666667,0.0666667,0,1,,,
1884,[RP2006] J051010-684256,77.54196,-68.71564,16.869,17.294,17.154,,17.395,,0.166667,0.166667,0,1,,,
1885,[RP2006] J051028-695525,77.61675,-69.92378,20.604,20.057,18.775,,17.924,,0.208333,0.208333,0,1,,,
1886,[RP2006] J051059-703745,77.74933,-70.62942,,20.181,20.07,,20.353,,0.0783333,0.0783333,0,1,,,
1887,[RP2006] J051126-685715,77.86133,-68.95431,,,,,,,0.0666667,0.0666667,0,1,,,
1888,[RP2006] J051135-681727,77.898708,-68.291028,17.253,18.202,18.423,16.55,18.464,,0.1,0.1,0,1,,,
1889,[RP2006] J051144-690520,77.93629,-69.08903,,22.185,21.325,,20.633,,0.0783333,0.0783333,0,1,,,
1890,[RP2006] J051145-683109,77.9375,-68.51917,,20.428,20.293,,20.303,,0.1,0.1,0,1,,,
1891,2MASS J05114605-6930402,77.94216770862,-69.51120345153,19.17,19.553,18.301,,17.102,,0.1,0.1,0,1,,,
1892,[RP2006] J051149-675922,77.9545,-67.9895,20.241,22.061,21.451,,,,0.0666667,0.0666667,0,1,,,
1893,[RP2006] J051216-664937,78.06988,-66.82697,,20.926,19.505,,,,0.075,0.075,0,1,,,
1894,[RP2006] J051229-691402,78.12492,-69.23403,20.494,21.288,20.773,,20.474,,0.045,0.045,0,1,,,
1895,[RP2006] J051232-690452,78.13604,-69.08133,,20.393,19.242,,18.48,,0.166667,0.166667,0,1,,,
1896,[RP2006] J051241-683332,78.17288,-68.55906,20.097,20.883,20.513,,19.813,,0.07,0.07,0,1,,,
1897,[RP2006] J051304-685812,78.26808,-68.97014,,21.048,20.472,,20.446,,0.11,0.11,0,1,,,
1898,[RP2006] J051324-684315,78.35358,-68.72103,20.967,20.486,20.213,,19.847,,0.075,0.075,0,1,,,
1899,[RP2006] J051331-693025,78.38146,-69.50697,,,,,,,0.06,0.06,0,1,,,
1900,[RP2006] J051357-682507,78.48775,-68.41875,20.837,20.338,19.606,,,,0.1,0.1,0,1,,,
1901,[RP2006] J051402-701532,78.50875,-70.259,19.763,21.176,20.716,,20.651,,0.0766667,0.0766667,0,1,,,
1902,2MASS J05140465-7037517,78.51942,-70.63103,18.329,18.242,17.541,,17.216,,0.0883333,0.0883333,0,1,,,
1903,[RP2006] J051412-705533,78.55075,-70.92592,,21.487,20.42,,20.637,,0.0833333,0.0833333,0,1,,,
1904,[RP2006] J051423-683456,78.59679,-68.58233,,21.23,21.03,,20.845,,0.0666667,0.0666667,0,1,,,
1905,2MASS J05144923-6919086,78.7051846926,-69.31908417277,18.421,17.763,16.269,,15.173,,0.123333,0.123333,0,1,,,
1906,[RP2006] J051501-693219,78.75754,-69.53869,,,,,,,0.0783333,0.0783333,0,1,,,
1907,[RP2006] J051505-683655,78.77146,-68.61544,,19.989,19.466,,19.196,,0.0333333,0.0333333,0,1,,,
1908,[RP2006] J051539-691332,78.91437,-69.22561,20.136,19.952,20.084,,19.15,,0.128333,0.128333,0,1,,,
1909,[RP2006] J051549-680445,78.95746,-68.07939,,,,,,,0.103333,0.103333,0,1,,,
1910,2MASS J05155569-6845020,78.98208,-68.75058,,,,,,,0.0716667,0.0716667,0,1,,,
1911,[RP2006] J051611-692036,79.04596,-69.34347,,,,,,,0.101667,0.101667,0,1,,,
1912,EMU ES J051639.5-701411,79.16121,-70.2365,21.19,21.327,20.868,,20.192,,0.0666667,0.0666667,0,1,,,
1913,[RP2006] J051642-685541,79.17552380946,-68.92836244289,20.159,18.879,17.59,,16.448,,0.116667,0.116667,0,1,,,
1914,[RP2006] J051654-691845,79.22771,-69.31258,18.748,19.11,18.692,,18.965,,0.0883333,0.0883333,0,1,,,
1915,[RP2006] J051704-690051,79.26917,-69.01422,19.792,19.438,19.007,,18.663,,0.0933333,0.0933333,0,1,,,
1916,[RP2006] J051717-684650,79.32188,-68.78058,17.039,17.703,17.663,,17.729,,0.0633333,0.0633333,0,1,,,
1917,[RP2006] J051746-704119,79.44404,-70.68881,,20.514,19.67,,18.507,,0.1,0.1,0,1,,,
1918,[RP2006] J051823-700132,79.59942,-70.02578,,20.807,19.119,,19.113,,0.0833333,0.0833333,0,1,,,
1919,[RP2006] J051824-702142,79.60242,-70.36183,,,,,,,0.0666667,0.0666667,0,1,,,
1920,[RP2006] J051837-665645,79.655183,-66.946072,18.64,19.036,18.747,,18.906,,0.05,0.05,0,1,,,
1921,[RP2006] J051847-675739,79.69642,-67.96103,17.905,18.679,18.465,,18.407,,0.05,0.05,0,1,,,
1922,[RP2006] J051855-693559,79.73121,-69.59978,18.954,18.927,17.801,,17.282,,0.105,0.105,0,1,,,
1923,[RP2006] J051901-711535,79.7555,-71.25989,,,,,,,0.166667,0.166667,0,1,,,
1924,[RP2006] J051916-664000,79.81746,-66.66692,19.773,21.154,21.114,,,,0.0416667,0.0416667,0,1,,,
1925,[RP2006] J051916-703237,79.81812,-70.54375,19.675,19.564,18.714,,18.165,,0.0666667,0.0666667,0,1,,,
1926,[RP2006] J051918-684911,79.82758,-68.81983,,21.137,19.663,,19.109,,0.055,0.055,0,1,,,
1927,[RP2006] J051927-670544,79.86425,-67.09561,,,,,,,0.0566667,0.0566667,0,1,,,
1928,[RP2006] J051931-704351,79.88054,-70.73097,,21.421,21.172,,20.587,,0.113333,0.113333,0,1,,,
1929,[RP2006] J051958-694623,79.99179,-69.77314,,19.705,18.286,,17.49,,0.0733333,0.0733333,0,1,,,
1930,[RP2006] J052009-703223,80.04163,-70.53989,,20.476,19.928,,20.48,,0.0666667,0.0666667,0,1,,,
1931,[RP2006] J052017-695407,80.07342,-69.90214,19.068,19.503,19.031,,19.233,,0.0883333,0.0883333,0,1,,,
1932,[RP2006] J052020-683421,80.08354,-68.57253,19.587,19.667,19.589,,,,0.0433333,0.0433333,0,1,,,
1933,[RP2006] 1466,80.14451140807,-68.58837771344,16.274,17.439,17.33,16.85,16.948,,0.101667,0.101667,0,1,,,
1934,[RP2006] J052049-693413,80.20554,-69.57031,,,,,,,0.05,0.05,0,1,,,
1935,[RP2006] J052052-695002,80.219,-69.83394,19.93,19.271,18.087,,17.156,,0.1,0.1,0,1,,,
1936,[RP2006] J052059-694749,80.24833,-69.79717,19.009,19.05,18.786,,18.747,,0.155,0.155,0,1,,,
1937,2MASS J05210072-6949088,80.25304,-69.81914,18.52,19.364,18.27,,17.597,,0.07,0.07,0,1,,,
1938,[RP2006] J052114-693621,80.30987,-69.60594,19.787,20.045,18.496,,17.832,,0.1,0.1,0,1,,,
1939,[RP2006] J052114-700745,80.30987,-70.12936,19.809,19.693,19.246,,,,0.0666667,0.0666667,0,1,,,
1940,[RP2006] J052115-684823,80.31417,-68.80653,,21.05,21.007,,,,0.0333333,0.0333333,0,1,,,
1941,[RP2006] J052133-704548,80.38796,-70.76342,,,,,,,0.111667,0.111667,0,1,,,
1942,[RP2006] J052147-694315,80.44815739079,-69.72099235217,15.139,15.884,15.927,,15.791,,0.28,0.28,0,1,,,
1943,[RP2006] J052152-691043,80.47079,-69.17875,18.978,18.991,18.511,,18.034,,0.0666667,0.0666667,0,1,,,
1944,[RP2006] J052158-685859,80.49512697404,-68.98270292454,19.605,19.2,18.5,,18.046,,0.116667,0.116667,0,1,,,
1945,[RP2006] J052217-664350,80.57492,-66.73081,21.159,21.398,21.279,,,,0.158333,0.158333,0,1,,,
1946,[RP2006] J052218-680239,80.57756627859,-68.04425480531,17.661,18.277,17.826,,17.069,,0.0666667,0.0666667,0,1,,,
1947,[RP2006] J052218-694945,80.57887,-69.82925,,,,,,,0.0783333,0.0783333,0,1,,,
1948,[RP2006] J052221-700013,80.5885,-70.00386,20.691,20.189,19.455,,18.882,,0.07,0.07,0,1,,,
1949,[RP2006] J052238-700420,80.66221,-70.07222,18.393,18.619,18.249,,18.664,,0.0783333,0.0783333,0,1,,,
1950,[RP2006] J052238-675508,80.66239188813,-67.91920606374,15.559,16.198,15.865,,15.417,,0.1,0.1,0,1,,,
1951,[RP2006] J052252-683805,80.71992,-68.63478,20.34,20.674,20.24,,20.177,,0.07,0.07,0,1,,,
1952,EMU ES J052307.2-694006,80.77938,-69.66792,18.874,19.436,18.81,,18.885,,0.125,0.125,0,1,,,
1953,2MASS J05231132-6949291,80.79717,-69.82475,19.829,20.061,20.102,,18.496,,0.13,0.13,0,1,,,
1954,[RP2006] J052321-701305,80.84033,-70.21806,20.211,19.954,18.976,,18.153,,0.0566667,0.0566667,0,1,,,
1955,[RP2006] J052352-692309,80.97037,-69.386,,19.192,18.441,,18.198,,0.15,0.15,0,1,,,
1956,[RP2006] J052400-682731,81.00033,-68.45872,19.652,19.503,18.885,,17.834,,0.055,0.055,0,1,,,
1957,[RP2006] J052404-663502,81.0185,-66.58414,20.31,21.066,20.404,,20.969,,0.0716667,0.0716667,0,1,,,
1958,EMU ES J052410.0-693813,81.04217,-69.63661,15.015,16.564,16.015,,16.311,,0.201667,0.201667,0,1,,,
1959,[RP2006] J052418-691813,81.07721,-69.30372,19.539,19.964,20.169,,20.136,,0.0666667,0.0666667,0,1,,,
1960,[RP2006] J052421-670516,81.08888,-67.08789,,,,,,,0.045,0.045,0,1,,,
1961,[RP2006] J052449-701034,81.20713,-70.17636,19.301,19.305,18.163,,17.585,,0.111667,0.111667,0,1,,,
1962,[RP2006] J052514-694949,81.30912,-69.83039,,,,,,,0.168333,0.168333,0,1,,,
1963,2MASS J05254130-6847466,81.42208,-68.79628,19.114,18.67,17.584,,16.732,,0.08,0.08,0,1,,,
1964,2MASS J05262607-7007543,81.608633,-70.131767,,20.458,19.915,,19.598,,0.0666667,0.0666667,0,1,,,
1965,[RP2006] J052626-700805,81.60954,-70.13475,19.81,19.345,18.372,,17.695,,0.156667,0.156667,0,1,,,
1966,[RP2006] J052628-665621,81.62037,-66.93931,,,,,,,0.09,0.09,0,1,,,
1967,[RP2006] J052637-684034,81.65471,-68.67622,18.601,19.095,18.936,,19.258,,0.2,0.2,0,1,,,
1968,[RP2006] J052647-675035,81.69971,-67.84331,,21.36,20.61,,,,0.0566667,0.0566667,0,1,,,
1969,[RP2006] J052721-700235,81.83829,-70.04331,19.227,21.004,19.937,,19.502,,0.0683333,0.0683333,0,1,,,
1970,[RP2006] J052809-695032,82.03875,-69.84228,20.329,19.423,19.096,,17.68,,0.0783333,0.0783333,0,1,,,
1971,[RP2006] J052830-694814,82.12817,-69.804,19.961,19.134,19.363,,18.683,,0.133333,0.133333,0,1,,,
1972,[RP2006] J052844-695422,82.18375,-69.90617,,18.115,16.846,,15.108,,0.09,0.09,0,1,,,
1973,[RP2006] J052846-665440,82.19636541215,-66.91126322342,19.318,18.642,17.65,,16.534,,0.133333,0.133333,0,1,,,
1974,[RP2006] J052905-694657,82.27108,-69.78261,18.838,18.63,17.619,,16.681,,0.0766667,0.0766667,0,1,,,
1975,[RP2006] J052913-694428,82.30771,-69.74111,18.983,18.474,18.649,,18.554,,0.0566667,0.0566667,0,1,,,
1976,[RP2006] J052914-695829,82.31083,-69.97492,19.45,19.473,18.414,,18.256,,0.123333,0.123333,0,1,,,
1977,[RP2006] J052933-694531,82.39125,-69.75861,20.087,19.488,19.069,,18.298,,0.0566667,0.0566667,0,1,,,
1978,[RP2006] J052937-664216,82.408,-66.70469,,,,,,,0.0733333,0.0733333,0,1,,,
1979,[RP2006] J052946-664130,82.44167,-66.69175,,,,,,,0.0716667,0.0716667,0,1,,,
1980,[RP2006] J052946-700735,82.44525,-70.12644,,20.164,19.127,,18.97,,0.0783333,0.0783333,0,1,,,
1981,[RP2006] J053013-690050,82.55467,-69.01389,21.268,21.197,20.781,,,,0.0666667,0.0666667,0,1,,,
1982,[RP2006] J053022-705848,82.59488,-70.98014,,20.038,19.857,,19.972,,0.0833333,0.0833333,0,1,,,
1983,[RP2006] J053043-701515,82.67954,-70.25428,,18.721,17.621,,16.971,,0.123333,0.123333,0,1,,,
1984,[RP2006] J053044-683853,82.68333,-68.64822,18.914,19.982,18.971,,20.318,,0.1,0.1,0,1,,,
1985,[RP2006] 701,82.73921,-69.81686,,,,,,,0.138333,0.138333,0,1,,,
1986,[RP2006] 700,82.87292,-69.84511,,19.353,18.758,,17.927,,0.106667,0.106667,0,1,,,
1987,[RP2006] 896,82.89312,-68.87939,19.84,20.624,19.79,,,,0.12,0.12,0,1,,,
1988,[RP2006] J053143-672132,82.92946,-67.359,20.393,20.184,19.339,,18.724,,0.0333333,0.0333333,0,1,,,
1989,[RP2006] 748,82.94638,-69.76233,,20.065,19.13,,18.224,,0.0783333,0.0783333,0,1,,,
1990,[RP2006] J053148-672108,82.95046,-67.35231,,,,,,,0.0566667,0.0566667,0,1,,,
1991,[RP2006] 789,83.14825,-69.42836,18.73,18.716,18.476,,18.578,,0.0666667,0.0666667,0,1,,,
1992,[RP2006] J053252-701935,83.21829,-70.32639,20.943,21.143,20.748,,,,0.0833333,0.0833333,0,1,,,
1993,[RP2006] J053254-704146,83.22846,-70.69622,19.52,20.929,19.16,,,,0.0916667,0.0916667,0,1,,,
1994,[RP2006] J053308-664806,83.28638,-66.80175,20.196,20.369,19.444,,,,0.333333,0.333333,0,1,,,
1995,[RP2006] 907,83.700075,-68.809922,17.512,18.656,18.68,17.89,18.645,,0.1,0.1,0,1,,,
1996,[RP2006] 691,83.85822238542,-69.9894896562,21.05,21.249,16.65,,20.744,,0.121667,0.121667,0,1,,,
1997,[RP2006] J053549-665905,83.95829,-66.98489,,21,20.394,,,,0.133333,0.133333,0,1,,,
1998,[RP2006] J053713-673415,84.30542,-67.57089,,22.363,21.592,,20.033,,0.0583333,0.0583333,0,1,,,
1999,[RP2006] J053717-675233,84.3245,-67.87611,18.946,19.775,19.572,,19.613,,0.116667,0.116667,0,1,,,
2000,[RP2006] J053745-671153,84.44016008113,-67.1981161597,,,,,,,0.0583333,0.0583333,0,1,,,
2001,[RP2006] J053836-701225,84.65129,-70.20697,,,,,,,0.05,0.05,0,1,,,
2002,[RP2006] J053916-683527,84.818708,-68.590806,18.245,18.983,18.544,18.63,18.206,,0.0666667,0.0666667,0,1,,,
2003,[RP2006] J053922-703124,84.8435,-70.52333,,,,,,,0.2,0.2,0,1,,,
2004,[RP2006] 142,84.89525,-70.10364,20.885,21.467,20.726,,,,0.0833333,0.0833333,0,1,,,
2005,[RP2006] J053935-704726,84.89775,-70.79081,20.611,20.581,20.181,,19.744,,0.166667,0.166667,0,1,,,
2006,[RP2006] J053957-672557,84.99067,-67.43261,19.602,19.684,19.39,,19.489,,0.15,0.15,0,1,,,
2007,[RP2006] J054153-710415,85.47463,-71.07086,,,,,,,0.09,0.09,0,1,,,
2008,[RP2006] J054206-703026,85.526,-70.50725,,,,,,,0.166667,0.166667,0,1,,,
2009,[RP2006] J054206-665710,85.52696,-66.95292,,20.625,20.578,,20.434,,0.0766667,0.0766667,0,1,,,
2010,[RP2006] J054221-705708,85.58767,-70.95225,19.61,22.592,21.475,,,,0.123333,0.123333,0,1,,,
2011,[RP2006] 188,85.63638,-69.67328,,,,,,,0.1,0.1,0,1,,,
2012,[RP2006] J054322-670756,85.844,-67.13225,,,,,,,0.133333,0.133333,0,1,,,
2013,[RP2006] 254,85.90736073957,-69.33617204582,17.01,17.52,17.08,,,,0.191667,0.191667,0,1,,,
2014,[RP2006] 202,86.07979,-69.20214,19.684,19.465,19.221,,19.039,,0.0666667,0.0666667,0,1,,,
2015,[RP2006] J054431-673151,86.13187,-67.53092,,,,,,,0.095,0.095,0,1,,,
2016,[RP2006] J054501-673034,86.25683,-67.50944,,,,,,,0.183333,0.183333,0,1,,,
2017,[RP2006] J054512-705905,86.30221,-70.98486,,20.488,20.248,,19.9,,0.133333,0.133333,0,1,,,
2018,[RP2006] J055059-695824,87.74938,-69.97347,18.846,19.987,19.855,,,,0.09,0.09,0,1,,,
2019,MPA J0639-0554,99.9921,-5.9158,,,,,,,0.17,0.17,0,1,,,
2020,PN G215.7-03.9,100.5767,-4.2969,,,,,,,14.8,9.33,0,1.58628081457663,,,
2021,MPA J0649-1816,102.2612,-18.2772,,,,,,,0.2,0.15,0,1.33333333333333,,,
2022,PN G234.9-09.7,104,-23.9469,,,,,,,2.83,2.83,0,1,,,
2023,BMP J0705-2528,106.43973275446,-25.48044203576,,,,,,,2.07,0.75,0,2.76,,,
2024,MPA J0713-0405,108.4496,-4.0856,,,,,,,1.13,0.97,0,1.16494845360825,,,
2025,PN G219.5+02.8,108.4625,-4.5475,,,,,,,2.37,1.83,0,1.29508196721311,,,
2026,BMP J0715-2805,108.75948951872,-28.09559101893,,,,,,,0.32,0.32,0,1,,,
2027,PN G223.1+01.4,108.885,-8.4469,,,,,,,0.5,0.47,0,1.06382978723404,,,
2028,BMP J0733-3108,113.3503984634,-31.13459852686,,,,,,,11.62,8.2,0,1.41707317073171,,,
2029,BMP J0736-0500,114.0962,-5.0056,,,,,,,1.47,0.92,0,1.59782608695652,,,
2030,PN G237.6-00.1,114.527287,-21.925361,,,,,,,0.17,0.17,0,1,,,
2031,PN G231.1+03.9,114.96065707614,-14.30718844557,,,,,,,2.55,2.5,0,1.02,,,
2032,PN G245.0+02.2,120.9758,-27.1006,,,,,,,3.83,3.17,0,1.20820189274448,,,
2033,BMP J0815-4053,123.986879702759,-40.8855129836831,,,,,,,6.78,4.08,0,1.66176470588235,,,
2034,PN G250.5+01.9,124.0867,-31.85,,,,,,,0.73,0.73,0,1,,,
2035,PN G254.1+00.5,125.21,-35.6003,,,,,,,0.2,0.17,0,1.17647058823529,,,
2036,PN G265.8-05.2,127.9025,-48.5231,,,,,,,0.15,0.13,0,1.15384615384615,,,
2037,PN G276.1-11.9,128.78039698629,-60.66186816485,,,,,,,0.35,0.28,0,1.25,,,
2038,PN G265.5-02.6,130.7496,-46.6903,,,,,,,0.13,0.13,0,1,,,
2039,PN G266.9-03.5,130.9737,-48.3561,,,,,,,0.27,0.17,0,1.58823529411765,,,
2040,PN G250.6+09.3,131.157703436938,-27.6207195547564,,,,,,,2,1.97,0,1.01522842639594,,,
2041,FP J0904-4023,136.0096,-40.3722,,,,,,,8.17,8.17,0,1,,,
2042,FP J0911-4051,137.94018038419,-40.8662408928,,,,,,,2.5,1.67,0,1.49700598802395,,,
2043,PN G274.8-04.2,138.3358,-54.76,,,,,,,0.12,0.12,0,1,,,
2044,PN G265.6+09.5,143.0746,-38.4581,,,,,,,0.1,0.1,0,1,,,
2045,PN G280.1-05.1,144.1817,-59.0881,,,,,,,2.3,2.18,0,1.05504587155963,,,
2046,PN G280.9-05.3,145.1096,-59.7622,,,,,,,0.13,0.12,0,1.08333333333333,,,
2047,MPA J0954-5026,148.6563,-50.4492,,,,,,,0.18,0.17,0,1.05882352941176,,,
2048,PN G284.0-04.7,150.7637,-61.2411,,,,,,,1.18,1.02,0,1.15686274509804,,,
2049,MPA J1008-5202,152.1267,-52.0378,,,,,,,0.22,0.22,0,1,,,
2050,MPA J1029-6014,157.28279,-60.23444,,,,,,,1.42,0.9,0,1.57777777777778,,,
2051,PN G289.4-03.8,161.5987,-63.4525,,,,,,,0.13,0.13,0,1,,,
2052,PN G289.5-03.8,161.69075,-63.46983,,,,,,,0.12,0.1,0,1.2,,,
2053,PN G288.2+00.4,163.3833,-59.0506,,,,,,,0.17,0.17,0,1,,,
2054,[FMP2006b] Fr 2-7,163.614031874993,-70.2199755211609,,,,,,,8.6,8.23,0,1.044957472661,,,
2055,PN G290.1-02.5,164.29,-62.5611,,,,,,,0.12,0.12,0,1,,,
2056,PN G289.8+00.5,166.2033,-59.62,,,,,,,1.17,0.83,0,1.40963855421687,,,
2057,PN G289.8+00.7,166.515,-59.4278,,,,,,,0.1,0.1,0,1,,,
2058,PN G289.7+06.9,170.4717,-53.6511,,,,,,,0.15,0.1,0,1.5,,,
2059,IRAS 11260-6105,172.05362909084,-61.35082500162,,,,,,,0.12,0.12,0,1,,,
2060,PN G292.4+02.1,172.2029,-59.0447,,,,,,,0.15,0.15,0,1,,,
2061,PN G294.7-02.4,173.9433,-64.1053,,,,,,,0.2,0.17,0,1.17647058823529,,,
2062,PN G296.0-06.2,174.315,-68.1125,,,,,,,3.03,0.5,0,6.06,,,
2063,PN G294.5+02.3,176.1833,-59.4342,,,,,,,0.13,0.13,0,1,,,
2064,PN G295.6-01.5,176.2892,-63.4817,,,,,,,0.18,0.15,0,1.2,,,
2065,PN G296.7-00.2,179.4479,-62.4392,,,,,,,0.2,0.08,0,2.5,,,
2066,MPA J1205-7101,181.41680248583,-71.03245236146,,,,,,,0.22,0.22,0,1,,,
2067,BMP J1209-5553,182.371395351259,-55.8927546492844,,,,,,[WO1/2],0.35,0.18,0,1.94444444444444,,,
2068,PN G300.1+04.1,187.490086459706,-58.6516641605919,,,,,,,0.47,0.3,0,1.56666666666667,,,
2069,PN G301.1-00.4,188.8392,-63.3003,,,,,,,0.12,0.08,0,1.5,,,
2070,PN G301.3+09.0,190.1846,-53.7906,,,,,,,0.18,0.12,0,1.5,,,
2071,MPA J1242-6459,190.600892,-64.990211,,,,,,,0.17,0.17,0,1,,,
2072,PN G302.6-01.3,192.3104,-64.2408,,,,,,,0.08,0.08,0,1,,,
2073,PN G304.8-01.4,197.3787,-64.2589,,,,,,,0.17,0.13,0,1.30769230769231,,,
2074,PN G305.6-00.9,198.8767,-63.6453,,,,,,,0.1,0.1,0,1,,,
2075,PN G305.3-04.9,199.2633,-67.6861,,,,,,,0.08,0.08,0,1,,,
2076,PN G305.9-01.6,199.85,-64.3147,,,,,,,0.07,0.07,0,1,,,
2077,PN G306.4-00.8,200.7308,-63.5094,,,,,,,0.22,0.15,0,1.46666666666667,,,
2078,PN G306.6-00.7,201.07,-63.335,,,,,,,0.17,0.17,0,1,,,
2079,PN G306.7-01.5,201.6362,-64.1194,,,,,,,0.15,0.15,0,1,,,
2080,PN G307.3+02.0 a,201.8767,-60.5328,,,,,,,0.1,0.1,0,1,,,
2081,PN G307.4+00.6,202.4608,-61.8439,,,,,,,1.45,1.2,0,1.20833333333333,,,
2082,PN G307.0-02.0,202.54608,-64.64114,,,,,,,0.15,0.12,0,1.25,,,
2083,PN G307.2-05.3,204.343365837321,-67.851834966265,,,,,,,1.43,1.43,0,1,,,
2084,PN G308.1-00.5,204.4788,-62.9817,,,,,,,0.13,0.12,0,1.08333333333333,,,
2085,PN G308.8-02.0,206.6725,-64.3128,,,,,,,0.12,0.08,0,1.5,,,
2086,PN G309.8-01.6,208.59334195019,-63.62162077066,,,,,,,0.13,0.12,0,1.08333333333333,,,
2087,WRAY 15-1154,209.69029701881,-55.87966731279,,,15.5,,,,0.17,0.17,0,1,,,
2088,PN G310.0-03.1,209.9533,-65.0247,,,,,,,0.12,0.1,0,1.2,,,
2089,PN G309.6-04.8,210.1546,-66.7994,,,,,,,1.63,1.4,0,1.16428571428571,,,
2090,PN G310.8-02.3,211.1058,-64.0658,,,,,,,0.1,0.1,0,1,,,
2091,MPA J1405-5507,211.3842,-55.1289,,,,,,,0.13,0.13,0,1,,,
2092,PN G313.3+03.0,212.985,-58.1978,,,,,,,0.1,0.1,0,1,,,
2093,PN G314.4+01.3,215.9987,-59.3939,,,,,,,0.15,0.13,0,1.15384615384615,,,
2094,PN G313.8-01.7,217.2117,-62.5703,,,,,,,0.12,0.1,0,1.2,,,
2095,PN G316.0+02.9,217.6042,-57.3628,,,,,,,0.15,0.1,0,1.5,,,
2096,PN G314.0-02.1,217.7192,-62.8544,,,,,,,0.08,0.08,0,1,,,
2097,PN G317.8+05.2,219.1192,-54.4986,,,,,,,0.2,0.18,0,1.11111111111111,,,
2098,PN G316.7+01.6,219.85433971281,-58.26712476879,,,,,,,0.08,0.08,0,1,,,
2099,PN G316.9+01.8,220.114296,-58.038836,,,,,,,0.2,0.18,0,1.11111111111111,,,
2100,PN G315.7-01.1,220.384083,-61.238339,,,,,,,0.12,0.1,0,1.2,,,
2101,PN G313.8-05.7,220.6942,-66.2506,,,,,,,1.95,1.47,0,1.3265306122449,,,
2102,PN G320.7+04.2,224.25952804872,-54.23280601702,,,,,,,0.68,0.62,0,1.09677419354839,,,
2103,PN G321.4+02.6,226.77456402731,-55.28022599606,,,,,,,0.12,0.1,0,1.2,,,
2104,MPA J1508-6455,227.02698131048,-64.93022181913,,,,,,,0.25,0.25,0,1,,,
2105,PN G325.9+09.4,227.43512701778,-47.11878838965,,,,,,,0.27,0.2,0,1.35,,,
2106,PN G319.0-02.7,227.8385,-61.14794,,,,,,,0.1,0.1,0,1,,,
2107,PN G319.3-02.6,228.4021,-60.8678,,,,,,,0.15,0.13,0,1.15384615384615,,,
2108,PN G324.9+06.5,228.4925,-50.1678,,,,,,,0.45,0.45,0,1,,,
2109,PN G322.5+01.5,229.3529,-55.6397,,,,,,,0.33,0.18,0,1.83333333333333,,,
2110,PN G323.1+01.6,230.1242,-55.2953,,,,,,,0.12,0.1,0,1.2,,,
2111,PN G319.5-04.1,230.319529,-62.059261,,,,,,,0.13,0.13,0,1,,,
2112,PN G321.2-01.9,230.74258930787,-59.29565925601,,,,,,,0.1,0.1,0,1,,,
2113,BMP J1522-5729,230.745821,-57.499886,,,,,,,0.22,0.18,0,1.22222222222222,,,
2114,PN G322.4-00.1 a,230.8437,-57.18,,,,,,,0.58,0.1,0,5.8,,,
2115,PN G323.5+01.1,231.2754,-55.4728,,,,,,,0.32,0.17,0,1.88235294117647,,,
2116,PN G326.6+05.7,231.3087,-49.9614,,,,,,,0.38,0.35,0,1.08571428571429,,,
2117,PN G324.1-01.3,234.79483,-57.16372,,,,,,,0.18,0.13,0,1.38461538461538,,,
2118,PN G321.4-05.1,234.96818450672,-61.7895773487,,,,,,,0.13,0.12,0,1.08333333333333,,,
2119,PN G329.9+03.7,237.217192,-49.613408,,,,,,,0.18,0.18,0,1,,,
2120,PN G327.1-02.0,239.7962,-55.8717,,,,,,,0.25,0.15,0,1.66666666666667,,,
2121,PN G327.3-02.2,240.28,-55.8892,,,,,,,0.08,0.08,0,1,,,
2122,PN G327.2-02.5,240.44837694525,-56.14045449786,,,,,,,0.2,0.15,0,1.33333333333333,,,
2123,PN G327.3-02.5,240.5296,-56.0617,,,,,,,0.28,0.28,0,1,,,
2124,PN G327.5-02.2,240.54662214412,-55.72514279573,,,,,,,0.53,0.53,0,1,,,
2125,PN G327.4-02.5,240.735,-56.05,,,,,,,0.25,0.22,0,1.13636363636364,,,
2126,PN G328.1-01.9,240.98243061248,-55.08869884846,,,,,,,1.5,1.5,0,1,,,
2127,PN G329.5-00.8,241.40587,-53.33167,,,,,,,0.13,0.1,0,1.3,,,
2128,PN G329.1-01.4,241.661529,-54.122483,,,,,,,0.13,0.13,0,1,,,
2129,PN G325.8-05.4,242.03983,-59.22794,,,,,,,0.17,0.15,0,1.13333333333333,,,
2130,PN G333.7+03.2,242.0525,-47.4967,,,,,,,0.2,0.18,0,1.11111111111111,,,
2131,PN G336.5+05.5,242.80376470897,-43.93942863466,,,,,,,0.28,0.28,0,1,,,
2132,PN G334.0+02.4,243.16846007675,-47.8370435884,,,,,,,0.23,0.18,0,1.27777777777778,,,
2133,BMP J1613-5406,243.2583,-54.1089,,,,,,,5.58,3.58,0,1.5586592178771,,,
2134,PN G328.2-03.9,243.465,-56.5544,,,,,,,0.18,0.15,0,1.2,,,
2135,PN G334.4+02.3,243.71753543973,-47.7029747586,,,,,,,0.2,0.18,0,1.11111111111111,,,
2136,PN G332.0-01.0,244.6783,-51.7958,,,,,,,0.07,0.07,0,1,,,
2137,PN G328.7-04.6,244.9787,-56.6372,,,,,,,0.17,0.17,0,1,,,
2138,PN G347.0+12.9,245.4079,-31.3581,,,,,,,0.63,0.45,0,1.4,,,
2139,PN G332.4-01.4,245.6417,-51.7489,,,,,,,0.87,0.55,0,1.58181818181818,,,
2140,WRAY 15-1469,246.012129,-52.834886,,,16.2,,,,0.15,0.15,0,1,,,
2141,PN G337.7+02.4,246.9725,-45.2608,,,,,,,0.13,0.1,0,1.3,,,
2142,PN G334.3-02.3,248.6708,-51.035,,,,,,,0.15,0.12,0,1.25,,,
2143,Sz 138,248.793267,-44.977894,,18.31,,16.44,18.17,,0.12,0.12,0,1,,,
2144,PN G338.6+01.1,249.2446,-45.4914,,,,,,,0.18,0.15,0,1.2,,,
2145,PN G352.3+12.2,250.04404,-27.95942,,,,,,,0.17,0.17,0,1,,,
2146,BMP J1643-5129,250.84860134578,-51.49130359103,,,,,,,0.13,0.13,0,1,,,
2147,PN G343.6+03.7 a,251.085,-40.0369,,,,,,,1,0.77,0,1.2987012987013,,,
2148,PN G337.3-02.3,251.8204,-48.7797,,,,,,,0.1,0.1,0,1,,,
2149,PN G338.4-02.0,252.54091154776,-47.78466763236,,,,,,,0.08,0.08,0,1,,,
2150,PN G344.0+02.5,252.58425,-40.50086,,,,,,,0.15,0.15,0,1,,,
2151,BMP J1651-3930,252.92211926442,-39.50763238291,,,,,,,5.25,5.08,0,1.03346456692913,,,
2152,PN G338.4-02.7,253.3012,-48.2019,,,,,,,0.13,0.13,0,1,,,
2153,PN G345.9+03.0 a,253.6358,-38.7508,,,,,,,0.33,0.32,0,1.03125,,,
2154,PN G352.8+08.4,253.71924677832,-30.01446369937,,,,,,,0.17,0.17,0,1,,,
2155,PN G350.3+06.4,253.755,-33.1697,,,,,,,0.17,0.15,0,1.13333333333333,,,
2156,PN G345.8+02.4,254.167158,-39.210269,,,,,,,0.07,0.07,0,1,,,
2157,MPA J1657-4633,254.27599088699,-46.56634699675,,,,,,,0.12,0.12,0,1,,,
2158,PN G341.5-01.1,254.3054,-44.7883,,,,,,,0.85,0.22,0,3.86363636363636,,,
2159,PN G337.2-04.6,254.4988,-50.2922,,,,,,,0.12,0.12,0,1,,,
2160,MPA J1658-5341,254.57104363558,-53.69584630366,,,,,,,0.18,0.17,0,1.05882352941176,,,
2161,PN G336.5-05.8,255.2446,-51.6119,,,,,,,0.3,0.15,0,2,,,
2162,PN G342.1-02.0,255.85,-44.8417,,,,,,,0.15,0.13,0,1.15384615384615,,,
2163,PN G341.9-02.8,256.605,-45.4511,,,,,,,0.13,0.12,0,1.08333333333333,,,
2164,PN G342.7-02.3,256.7054,-44.5764,,,,,,,0.27,0.18,0,1.5,,,
2165,PN G354.0+04.8,257.9042,-31.2058,,,,,,,0.12,0.1,0,1.2,,,
2166,PN G346.8-00.7,258.295171,-40.265614,,,,,,,0.12,0.08,0,1.5,,,
2167,PN G355.6+05.1,258.7012,-29.7797,,,,,,,0.17,0.15,0,1.13333333333333,,,
2168,PN G344.8-02.6,258.8162,-43.065,,,,,,,0.12,0.12,0,1,,,
2169,PN G348.0-00.3,258.8171,-39.0633,,,,,,,1.3,1.2,0,1.08333333333333,,,
2170,BMP J1716-2313,259.08692,-23.23217,,,,,,,2.97,2.15,0,1.38139534883721,,,
2171,PN G000.7+08.0,259.2875,-23.9414,,,,,,,0.2,0.17,0,1.17647058823529,,,
2172,PN G347.8-01.1,259.45625,-39.76586,,,,,,,0.1,0.1,0,1,,,
2173,PN G344.4-03.5,259.47181315242,-43.86616733509,,,,,,,0.12,0.12,0,1,,,
2174,PN G353.6+02.6,259.7925,-32.7897,,,,,,,0.13,0.12,0,1.08333333333333,,,
2175,PN G344.8-03.5,259.8067,-43.6094,,,,,,,0.1,0.1,0,1,,,
2176,MPA J1719-3043,259.833626302457,-30.7278652400078,,15.975,15.425,15.729,15.066,,1.08,1.08,0,1,,,
2177,PN G359.7+06.0,260.4921,-25.9067,,,,,,,0.23,0.2,0,1.15,,,
2178,PN G356.2+02.7,261.3892,-30.5658,,,,,,,0.08,0.08,0,1,,,
2179,PN G348.7-02.5,261.6429,-39.8392,,,,,,,0.08,0.08,0,1,,,
2180,PN G349.6-02.1,261.9033,-38.8525,,,,,,,0.12,0.12,0,1,,,
2181,PN G355.8+01.7,262.1296,-31.5358,,,,,,,0.07,0.07,0,1,,,
2182,PN G356.9+02.2,262.3462,-30.2803,,,,,,,0.12,0.1,0,1.2,,,
2183,PN G348.3-03.6,262.49,-40.7297,,,,,,,1.17,0.8,0,1.4625,,,
2184,PN G343.3-07.5,263.3658,-46.9661,,,,,,,0.23,0.23,0,1,,,
2185,PN G351.8-02.7,264.0421,-37.2856,,,,,,,0.1,0.1,0,1,,,
2186,PN G350.8-03.6,264.2717,-38.6214,,,,,,,0.13,0.13,0,1,,,
2187,PN G008.3+07.1,264.5646,-18.1406,,,,,,,0.78,0.73,0,1.06849315068493,,,
2188,PN G345.6-07.4,265.0262,-45.0728,,,,,,,0.07,0.07,0,1,,,
2189,PN G354.9-02.8,266.1813,-34.7406,,,,,,,0.17,0.15,0,1.13333333333333,,,
2190,PN G356.3-02.6,266.8646,-33.4439,,,,,,,0.27,0.18,0,1.5,,,
2191,PN G002.0+00.7,266.8679,-26.83,,,,,,,0.07,0.07,0,1,,,
2192,PN G004.2+02.0 a,266.9083,-24.2408,,,,,,,0.45,0.42,0,1.07142857142857,,,
2193,PN G004.5+02.0,267.08858,-24.03722,,,,,,,0.17,0.12,0,1.41666666666667,,,
2194,PN G003.5+01.3,267.17338526293,-25.19254358054,,,,,,,0.08,0.07,0,1.14285714285714,,,
2195,PN G354.7-03.9,267.2025,-35.5083,,,,,,,0.23,0.23,0,1,,,
2196,PN G006.7+03.2,267.26,-21.4686,,,,,,,0.35,0.25,0,1.4,,,
2197,PN G004.6+01.8,267.3117,-23.945,,,,,,,0.5,0.37,0,1.35135135135135,,,
2198,PN G005.8+02.2 a,267.5862,-22.8067,,,,,,,0.33,0.17,0,1.94117647058824,,,
2199,PN G356.5-03.4,267.8363,-33.6536,,,,,,,0.15,0.15,0,1,,,
2200,PN G006.3+02.2,267.916716872268,-22.3884328795725,,,,,,,0.13,0.13,0,1,,,
2201,PN G006.9+01.5,268.9029,-22.2131,,,,,,,0.07,0.07,0,1,,,
2202,PN G356.7-04.7,269.2525,-34.1781,,,,,,,0.17,0.13,0,1.30769230769231,,,
2203,PN G008.4+01.7,269.4929,-20.7483,,,,,,,0.57,0.52,0,1.09615384615385,,,
2204,PN G355.4-05.7,269.4979,-35.7994,,,,,,,0.65,0.6,0,1.08333333333333,,,
2205,BMP J1758-2031,269.5646,-20.5269,,,,,,,0.58,0.53,0,1.09433962264151,,,
2206,BMP J1759-3321,269.938367592112,-33.3535186493425,,,,,,,9.5,6.25,0,1.52,,,
2207,PN G010.6+02.4,270.0342,-18.5761,,,,,,,0.15,0.15,0,1,,,
2208,BMP J1800-3407,270.1104,-34.1303,,,,,,O(H)4-5Vz,0.73,0.38,0,1.92105263157895,,,
2209,PN G355.5-06.3,270.201,-36.00864,,,,,,,0.45,0.4,0,1.125,,,
2210,PN G014.7+04.3,270.4437,-14.0386,,,,,,,0.08,0.08,0,1,,,
2211,PN G012.4+02.4,270.9796,-16.9561,,,,,,,0.18,0.18,0,1,,,
2212,PN G012.9+02.6,271.043811882188,-16.4623967765929,,,,,,,0.17,0.17,0,1,,,
2213,PN G012.9+02.4,271.22049169359,-16.56422523612,,,,,,,0.1,0.1,0,1,,,
2214,PN G012.5+02.1,271.2396,-16.9814,,,,,,,0.13,0.08,0,1.625,,,
2215,PN G359.4-05.6,271.7792,-32.2561,,,,,,,0.37,0.32,0,1.15625,,,
2216,PN G015.1+02.8,271.9133,-14.4247,,,,,,,0.07,0.07,0,1,,,
2217,BMP J1808-1406,272.146226824722,-14.1119308693008,,,,,,,7.83,7.83,0,1,,,
2218,PN G010.0-02.0,273.9042,-21.2225,,,,,,,0.13,0.13,0,1,,,
2219,PN G007.2-03.6,274.0008,-24.4594,,,,,,,0.2,0.17,0,1.17647058823529,,,
2220,PN G010.7-02.3,274.5183,-20.7372,,,,,,,0.22,0.15,0,1.46666666666667,,,
2221,PN G018.1+01.5,274.6121,-12.4042,,,,,,,0.27,0.18,0,1.5,,,
2222,PN G017.5+01.0,274.7596,-13.1178,,,,,,,0.1,0.08,0,1.25,,,
2223,PN G006.9-05.1,275.2404,-25.4061,,,,,,,0.35,0.27,0,1.2962962962963,,,
2224,PN G019.1+00.8,275.7238,-11.8858,,,,,,,0.18,0.18,0,1,,,
2225,BMP J1827-0611,276.8183,-6.1975,,,,,,,2.35,2.23,0,1.05381165919283,,,
2226,PN G025.6+02.8,276.98915579253,-5.17306024003,,,,,,,0.17,0.17,0,1,,,
2227,PN G016.7-01.8,277.01032447336,-15.272633078,,,,,,,0.33,0.33,0,1,,,
2228,PN G017.2-01.7,277.1275,-14.6894,,,,,,,0.08,0.08,0,1,,,
2229,PN G024.2+01.8,277.2,-6.8667,,,,,,,0.12,0.12,0,1,,,
2230,PN G018.8-01.6,277.8362,-13.3272,,,,,,,0.12,0.1,0,1.2,,,
2231,PN G012.8-04.7,277.84562531481,-20.03558380961,,,,,,,0.17,0.12,0,1.41666666666667,,,
2232,PN G024.4+00.9,278.09532911872,-7.1159853349,,,,,,,0.25,0.22,0,1.13636363636364,,,
2233,PN G011.0-06.4,278.6146,-22.3683,,,,,,,0.97,0.92,0,1.05434782608696,,,
2234,PN G029.0+02.2,279.04458509077,-2.45387044039,,,,,,,0.17,0.17,0,1,,,
2235,PN G020.5-02.9,279.7871,-12.32,,,,,,,0.12,0.12,0,1,,,
2236,PN G032.5+03.2,279.79929,1.10683,,19.6,17,15.4,18.39,,0.17,0.17,0,1,,,
2237,PN G023.9-01.2,279.8633,-8.6192,,,,,,,0.17,0.15,0,1.13333333333333,,,
2238,PN G022.8-01.9,279.9362,-9.8875,,,,,,,0.18,0.13,0,1.38461538461538,,,
2239,PN G027.8+00.5,280.1054,-4.2594,,,,,,,0.25,0.1,0,2.5,,,
2240,PN G026.8-00.1,280.2054,-5.4956,,,,,,,0.12,0.08,0,1.5,,,
2241,PN G030.2+01.5,280.2687,-1.6803,,,,,,,0.17,0.13,0,1.30769230769231,,,
2242,PN G023.7-01.9,280.3458,-9.0683,,,,,,,0.12,0.12,0,1,,,
2243,PN G023.2-02.6,280.74045,-9.83065,,,,,,,0.15,0.15,0,1,,,
2244,MPA J1843-0556,280.9912,-5.9389,,,,,,,0.22,0.17,0,1.29411764705882,,,
2245,PN G027.8-00.7,281.2067,-4.9,,,,,,,0.12,0.12,0,1,,,
2246,PN G027.7-02.1,282.3721,-5.6267,,,,,,,0.18,0.13,0,1.38461538461538,,,
2247,PN G032.3-00.5,283.1004,-0.7461,,,,,,,0.08,0.08,0,1,,,
2248,PN G032.5-00.4,283.106521,-0.557331,,,,,,,0.15,0.15,0,1,,,
2249,PN G031.1-01.3,283.23283,-2.18236,,,,,,,0.13,0.12,0,1.08333333333333,,,
2250,PN G029.4-02.3,283.3775,-4.2358,,,,,,,0.1,0.1,0,1,,,
2251,MPA J1854-1420,283.5612,-14.3386,,,,,,,2.48,1.97,0,1.25888324873096,,,
2252,PN G031.8-01.5,283.7008,-1.6561,,,,,,,0.1,0.08,0,1.25,,,
2253,PN G032.6-01.2,283.8571,-0.8064,,,,,,,0.18,0.17,0,1.05882352941176,,,
2254,PN G031.0-02.1,283.8942,-2.6742,,,,,,,0.13,0.12,0,1.08333333333333,,,
2255,MPA J1858-1430,284.58032088308,-14.50717041188,,,,,,,3.5,2,0,1.75,,,
2256,PN G023.9-06.5,284.6367,-10.9081,,,,,,,0.12,0.1,0,1.2,,,
2257,PN G034.1-01.6,284.8575,0.2931,,,,,,,0.17,0.13,0,1.30769230769231,,,
2258,PN G034.0-02.2,285.40017,0.00306,,,,,,,0.12,0.12,0,1,,,
2259,PN G025.5-06.8,285.6562,-9.6683,,,,,,,0.18,0.18,0,1,,,
2260,MPA J1906-1634,286.63663300619,-16.56673418213,,,,,,,4.03,2.2,0,1.83181818181818,,,
2261,PN G025.1-08.4,286.8854,-10.7292,,,,,,,0.17,0.17,0,1,,,
2262,PN G032.5-05.2,287.3821,-2.7083,,,,,,,0.17,0.17,0,1,,,
2263,PN G037.6-04.7,289.2804,2.0028,,,,,,,1.27,1.07,0,1.18691588785047,,,
2264,MPA J1921+0132,290.43542,1.54453,,,,,,,0.13,0.13,0,1,,,
2265,PN G037.3-07.1,291.2404,0.6442,,,,,,,0.12,0.12,0,1,,,
2266,PN G359.3-02.8,268.8046,-30.9703,,,,,,,0.57,0.27,0,2.11111111111111,,,
2267,PN G000.0-02.1,268.5179,-29.9575,,,,,,,0.27,0.27,0,1,,,
2268,PN G358.8+03.4,262.36148417283,-28.07690731742,,,,,,,0.23,0.23,0,1,,,
2269,PN G359.5+03.5,262.7,-27.4417,,,,,,,0.27,0.27,0,1,,,
2270,PN G359.0+03.0,262.9304,-28.0997,,,,,,,0.33,0.33,0,1,,,
2271,PN G359.1+02.9,263.0729,-28.1094,,,,,,,0.3,0.17,0,1.76470588235294,,,
2272,MPA J1739-2702,264.8754,-27.0339,,,,,,,0.3,0.22,0,1.36363636363636,,,
2273,PN G001.1+02.2,264.9571,-26.8125,,,,,,,0.08,0.08,0,1,,,
2274,PN G001.9+01.9,265.6908,-26.2292,,,,,,,0.17,0.1,0,1.7,,,
2275,PN G000.9-01.0,267.9304,-28.6497,,,,,,,0.1,0.1,0,1,,,
2276,PN G002.1-01.1,268.7933,-27.6944,,,,,,,0.13,0.13,0,1,,,
2277,PN G359.5-03.7,269.8562,-31.2817,,,,,,,0.37,0.37,0,1,,,
2278,PN G000.6-03.2,269.9863,-30.0744,,,,,,,0.47,0.47,0,1,,,
2279,PN G002.0-02.4,270.0404,-28.4236,,,,,,,0.18,0.18,0,1,,,
2280,PN G000.3-03.4,270.0462,-30.3969,,,,,,,0.08,0.08,0,1,,,
2281,PN G001.8-03.2,270.7092,-29.0056,,,,,,,0.33,0.33,0,1,,,
2282,PN G000.3-04.2,270.84047246848,-30.72651109351,,,,,,,0.6,0.6,0,1,,,
2283,PN G000.3-04.2 a,270.8575,-30.7736,,,,,,,0.3,0.3,0,1,,,
2284,PN G003.6-02.8,271.2633,-27.2092,,,,,,,0.5,0.5,0,1,,,
2285,PN G003.5-02.9,271.3046,-27.3522,,,,,,,0.3,0.3,0,1,,,
2286,PN G234.3-07.2,106.0958,-22.3644,,,,,,,3.17,3.17,0,1,,,
2287,[RP2006] 295,87.09298876457,-67.9814806862,18.26,18.885,18.165,,16.8,,0.12,0.12,0,1,,,
2288,PN G101.5-00.6,332.825,55.4781,,,,,,,1.3,1.3,90,1,,,
2289,PN G047.6+01.0,288.688167,13.537472,,,,,,,0.25,0.25,90,1,,,
2290,PN G048.0-04.4,293.88375,11.354361,,,,,,,0.15,0.15,90,1,,,
2291,PN G063.5+00.0,297.860708,26.977583,,,,,,,0.13,0.13,90,1,,,
2292,PN G091.6-01.0,320.896,48.789056,,,,,,,0.32,0.32,90,1,,,
2293,PN Jo 1,325.134542,56.798222,,,,,,,0.15,0.15,90,1,,,
2294,MSX6C G037.9595+00.4535,284.752304,4.681167,,,,,,,0.24,0.24,0,1,,,
2295,PN G050.5+00.0,291.060665,15.653109,,,,,,,0.447,0.447,0,1,,,
2296,IRAS 19236+1647,291.473071,16.892097,,,17.72,18.69,,,0.1,0.1,90,1,,,
2297,PN G002.3+02.2,265.62542,-25.75797,,,,14.5,16.68,,0.15,0.15,90,1,,,
2298,[L63] 292,83.8057649380192,-70.0210983518128,18.35,18.385,16.598,15.932,14.876,,0.156667,0.156667,0,1,,,
2299,PN K 3-42,294.899104,20.317186,,,,,,,0.02,0.02,0,1,,,
2300,PN G034.8+01.3,282.5587,2.3022,,,,,,,0.303,0.303,0,1,,,
2301,UWISH2 PN 2,284.3992,2.4506,,,,,,,0.52,0.52,0,1,,,
2302,PN G035.7-01.2,285.2629,1.9578,,,,,,,0.553,0.553,0,1,,,
2303,PN G054.7+00.4,292.7946,19.485,,,,,,,0.32,0.32,90,1,,,
2304,LHA 115-N 26,12.035933,-73.248506,14.7,15.22,14.31,,14.57,,0.183,0.165,80,1.10909090909091,,,
2305,[AMB2011] HII 226,9.88125,40.82142,,,22.05,,,,0.0344,0.0344,0,1,,,
2306,[AMB2011] HII 424,9.9775,40.72967,,,22.45,,,,0.0344,0.0344,0,1,,,
2307,[AMB2011] HII 425,9.97917,40.77797,,,22.96,,,,0.0423077,0.0338453,60,1.25003176216491,,,
2308,[AMB2011] HII 447,9.99454,40.82908,,,,,,,0.050052,0.0286036,120,1.7498496692724,,,
2309,[SCM2012b] PN026,10.003592,41.069175,,,20.71,,,,0.0344,0.0344,0,1,,,
2310,[AMB2011] HII 472,10.005,41.07811,,,21.61,,,,0.0344,0.0344,0,1,,,
2311,[AMB2011] HII 483,10.01917,40.70658,,,,,,,0.046354,0.0308955,135,1.50034794711204,,,
2312,[AMB2011] HII 536,10.05625,40.92564,,,23.08,,,,0.0384592,0.0307665,45,1.25003494060098,,,
2313,[AMB2011] HII 576,10.08833,40.778,,,24.79,,,,0.0384592,0.0307665,90,1.25003494060098,,,
2314,[AMB2011] HII 585,10.09417,40.48469,,,,,,,0.053535,0.0267589,90,2.00064277679576,,,
2315,[AMB2011] HII 616,10.11042,41.07214,,,24.67,,,,0.089225,0.089225,0,1,,,
2316,[AMB2011] HII 728,10.13958,40.40211,,,24.49,,,,0.0344,0.0344,0,1,,,
2317,[AMB2011] HII 778,10.15,40.6365,,,,,,,0.0423077,0.0338453,30,1.25003176216491,,,
2318,[AMB2011] HII 792,10.15375,41.01814,,,21.32,,,,0.048633,0.0243251,165,1.99929291143716,,,
2319,[AMB2011] HII 1065,10.2575,40.40567,,,20.7,,,,0.064801,0.0323962,0,2.00026546323334,,,
2320,[AMB2011] HII 1163,10.31167,40.88903,,,23.58,,,,0.03784,0.03784,0,1,,,
2321,[AMB2011] HII 1170,10.31958,40.79628,,,,,,,0.0344,0.0344,0,1,,,
2322,[AMB2011] HII 1177,10.325,40.89339,,,21.95,,,,0.0344,0.0344,0,1,,,
2323,[AMB2011] HII 1353,10.39292,40.99578,,,21.26,,,,0.0344,0.0344,0,1,,,
2324,[AMB2011] HII 1363,10.40667,41.19511,,,23.09,,,,0.0384592,0.0307665,45,1.25003494060098,,,
2325,[AMB2011] HII 1372,10.41292,40.96383,,,22.01,,,,0.0384592,0.0307665,150,1.25003494060098,,,
2326,[AMB2011] HII 1380,10.42,41.16111,,,23.84,,,,0.0344,0.0344,0,1,,,
2327,[AMB2011] HII 1409,10.4425,40.88922,,,22.15,,,,0.0344,0.0344,0,1,,,
2328,[AMB2011] HII 1446,10.47667,41.33258,,,22.33,,,,0.0344,0.0344,0,1,,,
2329,[AMB2011] HII 1469,10.49042,41.16211,,,22.13,,,,0.0344,0.0344,0,1,,,
2330,[AMB2011] HII 1470,10.49167,41.20239,,,,,,,0.0421314,0.0280876,120,1.5,,,
2331,[AMB2011] HII 1472,10.49167,41.13611,,,21.15,,,,0.0344,0.0344,0,1,,,
2332,[AMB2011] HII 1475,10.49208,41.06611,,,24.23,,,,0.053535,0.0267589,105,2.00064277679576,,,
2333,[AMB2011] HII 1495,10.50625,41.12208,,,21.62,,,,0.0344,0.0344,0,1,,,
2334,[AMB2011] HII 1500,10.51292,41.56481,,,22.46,,,,0.070434,0.040248,120,1.75,,,
2335,[AMB2011] HII 1531,10.535,41.12653,,,22.24,,,,0.0344,0.0344,0,1,,,
2336,[AMB2011] HII 1581,10.565,41.06072,,,22.24,,,,0.0344,0.0344,0,1,,,
2337,[AMB2011] HII 1615,10.59125,41.56242,,,21.89,,,,0.0344,0.0344,0,1,,,
2338,[AMB2011] HII 1621,10.59583,41.38508,,,,,,,0.0344,0.0344,0,1,,,
2339,[AMB2011] HII 1622,10.59708,40.77472,,,22.4,,,,0.0344,0.0344,0,1,,,
2340,[AMB2011] HII 1697,10.65708,41.43019,,,22.73,,,,0.0344,0.0344,0,1,,,
2341,[AMB2011] HII 1715,10.66667,40.82814,,,22.03,,,,0.0344,0.0344,0,1,,,
2342,[SCM2012b] PN196,10.66875,41.59683,,,21.62,,,,0.070262,0.0401405,0,1.75040171397965,,,
2343,Ford NGC 221 13,10.6855,40.80219,,,,,,,0.0344,0.0344,0,1,,,
2344,[AMB2011] HII 1758,10.69125,41.39311,,,21.68,,,,0.0423077,0.0338453,0,1.25003176216491,,,
2345,[AMB2011] HII 1814,10.71667,41.61175,,,20.68,,,,0.0344,0.0344,0,1,,,
2346,[AMB2011] HII 1839,10.72642,40.69944,,,,,,,0.0344,0.0344,0,1,,,
2347,[AMB2011] HII 1871,10.74,41.40947,,,21.66,,,,0.0344,0.0344,0,1,,,
2348,[AMB2011] HII 1880,10.74287,41.77669,,,,,,,0.079034,0.06321,120,1.25034013605442,,,
2349,[AMB2011] HII 1944,10.76333,40.95531,,,22.99,,,,0.0344,0.0344,0,1,,,
2350,[AMB2011] HII 2026,10.7975,41.48489,,,,,,,0.050052,0.0286036,75,1.7498496692724,,,
2351,[AMB2011] HII 2049,10.80875,41.59103,,,21.17,,,,0.0344,0.0344,0,1,,,
2352,[AMB2011] HII 2120,10.84708,41.77269,,,22.68,,,,0.0344,0.0344,0,1,,,
2353,[AMB2011] HII 2278,10.9,41.51453,,,23.52,,,,0.0344,0.0344,0,1,,,
2354,[AMB2011] HII 2290,10.9075,41.53361,,,22.42,,,,0.0344,0.0344,0,1,,,
2355,[SCM2012b] PN272,10.915,41.48847,,,21.81,,23.161,,0.0423077,0.0338453,0,1.25003176216491,,,
2356,[SCM2012b] PN274,10.91708,41.60042,,,22.84,,,,0.071208,0.0356126,0,1.99951702487322,,,
2357,[SCM2012b] PN282,10.9675,41.65808,,,24.2,,22.47,,0.0344,0.0344,0,1,,,
2358,[AMB2011] HII 2499,10.97917,41.43461,,,21.93,,,,0.0344,0.0344,0,1,,,
2359,[AMB2011] HII 2523,10.99038,41.54297,,,,,,,0.0344,0.0344,0,1,,,
2360,[AMB2011] HII 2749,11.06292,41.48517,,,23.51,,,,0.074949,0.059942,0,1.25035868005739,,,
2361,[AMB2011] HII 2897,11.10667,41.45092,,,24.39,,,,0.107285,0.061318,0,1.74964936886396,,,
2362,[AMB2011] HII 3138,11.18542,41.73686,,,22.8,,,,0.074648,0.049751,165,1.50043215211755,,,
2363,[SCM2012b] PN327,11.21167,42.08511,,,22.1,,,,0.0344,0.0344,0,1,,,
2364,[SCM2012b] PN333,11.25042,41.612,,,21.76,,22.566,,0.0344,0.0344,0,1,,,
2365,[SCM2012b] PN340,11.33792,41.86886,,,22.39,,23.959,,0.0384592,0.0307665,0,1.25003494060098,,,
2366,[SCM2012b] PN356,11.46125,42.11369,,,24.4,,25.926,,0.055083,0.0314631,45,1.75071750717507,,,
2367,[AMB2011] 23,9.87292,40.65378,,,25.01,,,,0.0344,0.0344,0,1,,,
2368,[AMB2011] 88,10.19208,41.11064,,,22.76,,,,0.0344,0.0344,0,1,,,
2369,[AMB2011] 131,10.38542,40.90761,,,21.28,,,,0.0344,0.0344,0,1,,,
2370,[AMB2011] 137,10.40458,41.00139,,,22.77,,,,0.0344,0.0344,0,1,,,
2371,[AMB2011] 145,10.4275,41.30178,,,23.69,,,,0.048633,0.0243251,75,1.99929291143716,,,
2372,[AMB2011] 152,10.44542,41.00589,,,22.54,,,,0.0384592,0.0307665,165,1.25003494060098,,,
2373,[AMB2011] 155,10.45417,41.07386,,,22.74,,,,0.0344,0.0344,0,1,,,
2374,[AMB2011] 174,10.53917,40.95322,,,22.78,,,,0.0344,0.0344,0,1,,,
2375,[AMB2011] 193,10.62333,41.06061,,,22.88,,,,0.0344,0.0344,0,1,,,
2376,[AMB2011] 196,10.63042,41.12983,,,22.11,,,,0.0344,0.0344,0,1,,,
2377,[AMB2011] 211,10.69458,40.918,,,23.47,,,,0.0384592,0.0307665,0,1.25003494060098,,,
2378,[AMB2011] 218,10.71958,40.93144,,,23.51,,,,0.0423077,0.0338453,120,1.25003176216491,,,
2379,[AMB2011] 224,10.73292,41.50211,,,23.09,,,,0.0384592,0.0307665,0,1.25003494060098,,,
2380,[SCM2012b] PN284,10.98167,41.3725,,,23.09,,22.672,,0.0344,0.0344,0,1,,,
2381,[SCM2012b] PN285,10.98625,41.70036,,,23.39,,23.748,,0.0384592,0.0307665,90,1.25003494060098,,,
2382,[SCM2012b] PN298,11.045,41.30392,,,22.62,,24.227,,0.0384592,0.0307665,60,1.25003494060098,,,
2383,[SCM2012b] PN309,11.09708,41.4925,,,22.59,,23.894,,0.0384592,0.0307665,90,1.25003494060098,,,
2384,[AMB2011] 341,11.17375,41.71731,,,24.56,,,,0.053535,0.0267589,75,2.00064277679576,,,
2385,[AMB2011] 342,11.18417,41.73464,,,22.79,,,,0.0344,0.0344,0,1,,,
2386,[AMB2011] 344,11.19708,42.04983,,,23.07,,,,0.0384592,0.0307665,90,1.25003494060098,,,
2387,[SCM2012b] PN341,11.34083,41.78069,,,23.19,,23.788,,0.0421314,0.0280876,75,1.5,,,
2388,PNS-EPN NGC3115-54,151.28708,-7.71281,,,,,,,0.0007,0.0007,0,1,,,
2389,PN G119.2+04.6,3.3908,67.3008,,,,,,,0.23,0.23,90,1,,,
2390,PN Fe 6,29.1038,65.475,,,,,,,3.15,3.15,90,1,,,
2391,PN G139.0+03.2,48.4396,61.6186,,,,,,,2.12,2.12,90,1,,,
2392,PN Ra 2,286.3017,16.2297,,,,,,,1,1,90,1,,,
2393,PN G056.1-00.4,294.3275,20.3506,,,,,,,0.78,0.78,90,1,,,
2394,PN G063.3+02.2,295.6687,27.8525,,,,,,,1.23,1.23,90,1,,,
2395,PN G059.7-01.0,296.8646,23.1378,,,,,,,0.58,0.58,90,1,,,
2396,PN G062.7+00.0,297.4204,26.2558,,,,,,,0.37,0.37,90,1,,,
2397,PN G067.5+01.8,298.4925,31.3556,,,,,,,3.8,3.8,90,1,,,
2398,PN G067.8+01.8,298.6517,31.5572,,,,,,,0.2,0.2,90,1,,,
2399,DSH J2055.4+3903,313.8633,39.0664,,,,,,,0.38,0.38,90,1,,,
2400,PN G029.5-00.2,281.56804911876,-3.10724058924,,,,,,,0.025,0.025,90,1,,,
2401,PN Fe 1,292.19583,9.57667,,,,,,,1.12,1.12,90,1,,,
2402,PN LDu 13,354.668458,61.694694,,,,,,,1.02,1.02,90,1,,,
2403,PN LDu 14,46.090417,62.300361,,,,,,,0.95,0.95,90,1,,,
2404,PN Ou 6,300.97308,35.38067,,,,,,,0.25,0.25,90,1,,,
2405,PN Ra 4,311.0542,36.1272,,,,,,,0.32,0.32,90,1,,,
2406,PN Ra 16,298.4292,20.4428,,,,,,,0.52,0.52,90,1,,,
2407,PN Ra 24,294.4167,20.5964,,,,,,,0.52,0.52,90,1,,,
2408,PN G132.8+02.0,35.18810962394,63.19283529244,,,,,,,0.5,0.5,90,1,,,
2409,PN G050.8+02.3,289.08932221504,16.94410771598,,,,,,,0.08,0.08,90,1,,,
2410,PN G064.1-00.9,299.24,26.9536,,,,,,,0.48,0.48,90,1,,,
2411,PN G048.7-00.2,290.46721,13.87323,,,,,,,0.22,0.22,90,1,,,
2412,PN G049.2+00.0,290.47382,14.51586,,,,,,,0.3,0.3,90,1,,,
2413,PN G050.6+00.0,291.15137,15.735,,,,,,,0.38,0.38,90,1,,,
2414,PN G051.7+01.3,290.44421,17.34605,,,,,,,0.48,0.48,90,1,,,
2415,ZTF J193517.77+223120.2,293.82408,22.52229,,,,,,,0.35,0.35,90,1,,,
2416,PN G059.7-00.8,296.63714,23.28371,,,,,,,0.22,0.22,90,1,,,
2417,PN G059.8-00.6,296.48399,23.478,,,,,,,0.9,0.9,90,1,,,
2418,PN G062.9+01.3,296.29463,27.15831,,,,,,,0.23,0.23,90,1,,,
2419,PN G127.6-01.1,22.7871,61.3828,,,,,,,0.4,0.4,90,1,,,
2420,PN G157.1+04.4,74.115,50.2889,,,,,,,1.52,1.52,90,1,,,
2421,PN G167.3-03.1,74.6988,37.6111,,,,,,,0.28,0.28,90,1,,,
2422,PN G193.5-03.1,90.8671,15.6856,,,,,,,0.92,0.92,90,1,,,
2423,PN G190.7-01.3,91.0508,19.0086,,,,,,,1.17,1.17,90,1,,,
2424,PN G195.4-04.0,91.0675,13.5472,,,,,,,0.48,0.48,90,1,,,
2425,PN G204.3-01.6,97.4075,6.8722,,,,,,,0.52,0.52,90,1,,,
2426,PN G197.3+02.7,98.0996,15.0694,,,,,,,1.5,1.5,90,1,,,
2427,PN G032.8+01.5,281.4446,0.6086,,,,,,,0.07,0.07,90,1,,,
2428,PN G040.3+03.4,283.1042,8.1453,,,,,,,0.37,0.37,90,1,,,
2429,PN G040.1+03.2,283.2892,7.8781,,,,,,,0.2,0.2,90,1,,,
2430,PN G032.9-01.4,284.1667,-0.6344,,,,,,,0.25,0.25,90,1,,,
2431,PN G040.6+01.5,284.9875,7.5956,,,,,,,0.07,0.07,90,1,,,
2432,PN G044.4+03.1,285.3146,11.6972,,,,,,,0.43,0.43,90,1,,,
2433,PN G036.0-01.4,285.6137,2.1344,,,,,,,1.53,1.53,90,1,,,
2434,PN G047.1+03.9,285.8292,14.4233,,,,,,,0.25,0.25,90,1,,,
2435,PN G043.0+01.7,285.9196,9.7775,,,,,,,0.33,0.33,90,1,,,
2436,PN G042.6+01.3,286.1371,9.2822,,,,,,,0.13,0.13,90,1,,,
2437,PN G045.4+02.6,286.1996,12.3122,,,,,,,0.2,0.2,90,1,,,
2438,PN G043.6+01.7,286.225,10.3003,,,,,,,0.3,0.3,90,1,,,
2439,PN G037.7-01.3,286.2629,3.7069,,,,,,,1.07,1.07,90,1,,,
2440,PN G044.2+01.9,286.3262,10.9639,,,,,,,0.07,0.07,90,1,,,
2441,PN G047.8+02.4,287.5046,14.3672,,,,,,,0.17,0.17,90,1,,,
2442,PN G038.3-02.5,287.6142,3.6794,,,,,,,0.22,0.22,90,1,,,
2443,PN G048.2+01.9,288.2308,14.5467,,,,,,,0.13,0.13,90,1,,,
2444,PN G051.2+03.2,288.4396,17.7978,,,,,,,0.12,0.12,90,1,,,
2445,IPHASX J191716.4+033447,289.31830991613,3.5798211769022,,,,,,O(H)III-V(e),0.27,0.27,90,1,,,
2446,PN G052.0+02.7,289.3188,18.255,,,,,,,0.77,0.77,90,1,,,
2447,PN G043.3-01.9,289.3625,8.3433,,,,,,,0.25,0.25,90,1,,,
2448,PN G042.7-02.5,289.6683,7.5253,,,,,,,0.68,0.68,90,1,,,
2449,PN G059.1+03.5,292.1571,24.84,,,,,,,0.22,0.22,90,1,,,
2450,PN G059.1+03.3,292.2604,24.7794,,,,,,,0.17,0.17,90,1,,,
2451,PN G054.4+00.5,292.5387,19.3581,,,,,,,3.68,3.68,90,1,,,
2452,PN G048.1-03.2,292.8625,11.9394,,,,,,,0.45,0.45,90,1,,,
2453,PN G051.7-01.7,293.2871,15.8983,,,,,,,0.45,0.45,90,1,,,
2454,PN G051.9-02.5,294.1396,15.5625,,,,,,,1.72,1.72,90,1,,,
2455,PN G053.4-01.8,294.2204,17.3278,,,,,,,0.07,0.07,90,1,,,
2456,PN G062.1+02.8,294.4675,27.1886,,,,,,,0.42,0.42,90,1,,,
2457,PN G062.0+02.5,294.6158,26.9644,,,,,,,0.1,0.1,90,1,,,
2458,PN G052.1-04.1,295.6367,15.0094,,,,,,,0.32,0.32,90,1,,,
2459,PN G063.7+00.7,297.3788,27.5078,,,,,,,1.4,1.4,90,1,,,
2460,PN G067.9+02.4,298.09,31.9831,,,,,,,0.7,0.7,90,1,,,
2461,PN G068.0+02.1,298.5033,31.9317,,,,,,,0.5,0.5,90,1,,,
2462,PN G065.8-00.8,300.1729,28.5064,,,,,,,0.52,0.52,90,1,,,
2463,PN G068.0+00.0,300.6013,30.8125,,,,,,,0.42,0.42,90,1,,,
2464,PN G073.6+02.8,301.3417,36.995,,,,,,,0.18,0.18,90,1,,,
2465,PN G063.5-04.7,302.4054,24.4842,,,,,,,0.4,0.4,90,1,,,
2466,PN G075.3-01.9,307.4417,35.8239,,,,,,,0.27,0.27,90,1,,,
2467,PN G090.5-01.7,320.4658,47.5503,,,,,,,0.5,0.5,90,1,,,
2468,PN G095.8+02.6,321.5346,54.3375,,,,,,,0.22,0.22,90,1,,,
2469,PN G098.9-01.1,329.6762,53.5008,,,,,,,0.52,0.52,90,1,,,
2470,PN G115.5+02.0,355.825,63.9547,,,,,,,0.6,0.6,90,1,,,
2471,PN G114.7-01.2,356.0158,60.545,,,,,,,0.37,0.37,90,1,,,
2472,PN G116.3+01.9,357.6842,64.0531,,,,,,,0.43,0.43,90,1,,,
2473,IC 2149,89.09958821746,46.10477911856,,11.21,11.35,,,O7.5,0.433,0.347,55,1.2478386167147,,,
2474,NGC 6543,269.63918316137,66.632986315,,11.09,11.28,,,[WC],0.623,0.536,10,1.16231343283582,,,
2475,IC 3568,188.27856215089,82.56394517878,,11.809,10.73,12.651,,,0.35,0.315,55,1.11111111111111,,,
2476,NGC 1535,63.56570413057,-12.73942569009,,12.01,12.82,,,sdO3:,0.65,0.611,40,1.06382978723404,,,
2477,NGC 3242,156.19222313408,-18.64230468272,,11.83,12.15,,,,0.525,0.5116667,31,1.02605856507762,"updated diam and minaxis from HASH 8/31/2026, which references 1992secg.book.....A as its source for these values",,
2478,IC 4776,281.461271,-33.342811,,11.98,10.62,,,[WC]pec,0.117,0.117,90,1,,,
2479,CPD-51 6744,214.53702243269,-52.17764352572,,12.39,11.98,,,[WC],0.183,0.183,90,1,,,
2480,PHR J1134-5243,173.660646771,-52.7255543703,,12.65,12.69,,,[WC9/10],0.65,0.65,0,1,,,
2481,HD 138403,234.29669714157,-71.9146908623,,10.24,10.47,11.01,,O8(f)ep,0.1087095,0.10820067,-83,1.00470265110188,,,
2482,WRAY 16-244,255.32179863125,-70.10089910012,,13.2,11.99,,,,0.166666672,0.166666672,0,1,,,
2483,IPHASX J055226.2+323724,88.10912835045,32.62358013943,,,,,,PG1159/DO,7.42,7.42,0,1,,,
2484,CGMW 4-1723,278.93592409075,-27.85558642526,,,,,,,0.38,0.35,0,1.08571428571429,,,
2485,PN G261.9-05.3,124.57013042839,-45.29917579212,,,,,,,0.95,0.37,0,2.56756756756757,,,
2486,BMP J1857-1054,284.29091482559,-10.91416148099,,,,,,,3.25,3.25,0,1,,,
2487,PN G237.4-09.6,105.2158797574,-26.12181254006,,,,,,,2.7,0.83,0,3.25301204819277,,,
2488,PN A66 24,117.90647315719,3.00587691178,,16.97,17.18,,,DA,5.913,5.913,90,1,,,
2489,PN A66 80,338.69003189956,52.4349527839,,,,,,,1.827,1.827,90,1,,,
2490,PN We 1-5,100.39411402958,-5.04321600335,,,,,,,0.25,0.25,0,1,,,
2491,IRAS 09269-4923,142.170703652975,-49.6129582180031,,,,,,[WC4:],1.45,1.4,0,1.03571428571429,,,
