id,alpha,delta,diameter,axisRatio,posAngle,minAxis,Dist kpc,Size pc
PGCC G114.69+14.47,339.96344,75.19821889,6.14955,1.58,0.996969,3.89348,,
PGCC G316.52+21.24,209.44270306,-39.87972611,4.77299,1.25,-0.712911,3.82317,,
PGCC G206.32-25.93,76.82254,-6.16077889,7.56756,1.32,-0.932083,5.71428,0.21,0.401703
PGCC G207.57-23.04,79.93613389,-5.85246889,8.07608,1.52,-0.296075,5.31464,,
PGCC G6.04+36.77,238.52662694,-2.84077694,7.80198,1.43,0.239946,5.46892,0.11,0.209013
PGCC G196.92-10.37,86.14817,9.16949389,7.48491,1.72,-0.411482,4.35225,0.4,0.664105
PGCC G0.67-0.02,266.82293694,-28.37805389,6.57633,1.42,0.548019,4.62689,,
PGCC G203.57-30.09,71.98712194,-5.92986,8.57976,1.46,-0.448368,5.85862,0.187932,0.387581
PGCC G4.13+35.75,238.38127111,-4.676125,,,,,0.11,
PGCC G203.45-24.77,76.63848889,-3.31649611,11.084,2.58,-1.12121,4.29061,0.381944,0.766184
PGCC G208.35-28.41,75.40286306,-8.88109806,7.52726,1.42,0.444207,5.31803,,
PGCC G117.09+12.42,351.29940806,74.30021694,7.95245,1.57,-0.175663,5.06994,,
PGCC G259.49-16.44,108.539635,-48.49239694,8.25806,1.42,-1.2153,5.81263,,
PGCC G318.71+17.03,213.77404806,-43.26004806,7.86761,1.45,1.00117,5.43691,,
PGCC G0.37-19.50,287.58590694,-37.13766889,6.72098,1.19,1.27193,5.64094,,
PGCC G114.17+14.82,337.56729111,75.23104111,13.9447,3.43,-0.634096,4.06223,,
PGCC G160.64-16.72,57.09775889,32.894165,,,,,0.14,
PGCC G96.72-15.07,338.61126694,40.724155,9.20723,2.12,-1.52832,4.34644,,
PGCC G195.29-16.98,79.58677694,7.16835306,,,,,0.4,
PGCC G178.78-20.08,67.77507,18.22152694,6.97057,1.4,-0.347685,4.96132,0.23,0.393448
PGCC G110.66+9.65,337.01196306,69.03445389,7.62065,1.36,-0.762991,5.61387,0.300608,0.571945
PGCC G204.00-25.12,76.57005306,-3.92704694,7.41237,1.53,-0.29709,4.84253,,
PGCC G179.54-23.49,65.48513806,15.50907889,7.05125,1.2,-0.388461,5.85655,0.23,0.429941
PGCC G177.97-9.72,76.07595806,25.19141611,8.28283,1.65,0.402249,5.01636,0.23,0.431259
PGCC G93.47-12.61,333.33346611,41.04140111,7.68114,1.56,1.54777,4.93058,0.676083,
PGCC G210.90-36.55,68.78575111,-14.25760694,7.98095,1.38,0.015042,5.79696,0.14,0.277001
PGCC G3.74+18.32,252.22413611,-15.59280889,6.75491,1.29,0.587623,5.25577,0.12,0.207987
PGCC G1.84+16.59,252.55107111,-18.07367111,6.52177,1.14,0.849908,5.74326,0.12,0.213634
PGCC G1.40+20.93,248.672745,-15.77509194,7.00258,1.12,-0.249724,6.25488,0.12,0.231018
PGCC G116.61-10.55,2.76789611,51.82303611,8.23715,1.82,-1.53291,4.51921,,
PGCC G316.41+20.98,209.40194694,-40.150005,11.9571,2.83,1.51064,4.2268,,
PGCC G114.57+14.73,339.04965194,75.355255,9.79917,1.9,-0.775722,5.16901,,
PGCC G359.89-17.66,285.2341,-36.92305389,7.64857,1.37,-1.45855,5.57829,,
PGCC G358.96+36.81,234.86885111,-7.17962194,9.22859,1.74,0.219126,5.29246,0.11,0.223623
PGCC G4.46+16.64,254.05538889,-16.01586694,7.15222,1.31,0.866014,5.46389,0.12,0.218212
PGCC G8.69+22.14,251.79136694,-9.59374889,6.17545,1.08,-1.45475,5.72133,0.12,
PGCC G114.43-13.95,0.45438694,48.10013611,7.34887,1.41,-0.295351,5.20067,,
PGCC G168.09-19.13,61.22497194,26.32889194,12.3625,3.2,-0.590455,3.86448,0.14,0.281484
PGCC G359.80-18.35,285.99475111,-37.24837889,6.73942,1.41,1.04503,4.78998,,
PGCC G15.02-0.67,275.09155306,-16.20334389,6.54809,1.5,0.427376,4.37344,,
PGCC G316.56-21.98,263.24234,-76.59055306,6.64361,1.22,0.285236,5.42375,,
PGCC G111.65+20.20,314.32690389,77.56797,6.9199,1.59,-0.606185,4.34386,,
PGCC G161.87-35.76,45.11871694,17.17693111,6.31506,1.29,-0.429841,4.90205,,
PGCC G239.22-16.33,99.10436194,-30.42770611,7.74795,1.71,-0.550913,4.53952,,
PGCC G357.05+7.09,257.84982306,-27.47319194,5.0775,1.09,1.17694,4.6506,0.12,0.169624
PGCC G112.26+13.83,333.896545,73.38553611,9.75175,1.97,-0.32882,4.95042,,
PGCC G176.22-20.97,65.42562111,19.48478694,10.0576,2.73,0.343711,3.68729,0.23,0.407433
PGCC G152.67-8.78,55.77554694,43.95834694,,,,,,
PGCC G161.43-35.60,44.91563389,17.508625,6.59196,1.29,-1.08817,5.10166,,
PGCC G159.23-34.51,44.00961694,19.43686889,10.4688,2.08,0.08421,5.02136,0.325,0.685441
PGCC G172.44-7.88,73.99339306,30.66469389,6.88761,1.46,0.045201,4.70164,0.23,0.380727
PGCC G172.12-16.94,65.922295,25.06323111,7.70687,1.43,-0.047138,5.3721,0.23,0.430493
PGCC G351.45+0.67,260.22390694,-35.74541889,8.67658,2.27,0.260132,3.82411,,
PGCC G187.25-16.69,75.59528389,13.79814611,8.29954,1.47,-0.207909,5.62682,0.331131,0.658241
PGCC G204.97-14.23,86.60098306,0.42427111,6.56484,1.13,-0.724628,5.82786,0.415,0.746692
PGCC G172.39-8.06,73.79475389,30.58451806,9.91627,2.14,-0.796401,4.63718,0.23,0.453687
PGCC G300.80-9.10,186.074005,-71.86089306,11.63,2.7,1.16532,4.31122,0.15,0.308964
PGCC G303.85-14.16,196.839035,-77.00694306,8.01087,1.48,0.277166,5.39703,,
PGCC G6.44+20.56,251.88804611,-12.21662694,8.46543,1.97,0.373693,4.29141,0.12,0.210393
PGCC G202.31-8.92,90.03958111,5.24204806,6.58571,1.13,-0.293285,5.81392,0.415,
PGCC G300.86-8.96,186.31829806,-71.72991889,16.0917,3.97,1.11223,4.05267,0.15,0.352362
PGCC G37.87+44.90,242.4729,22.09037,,,,,,
PGCC G259.25-13.25,112.72545611,-46.96952806,7.82299,1.42,0.292276,5.49047,,
PGCC G93.90+10.01,309.33053611,57.73639694,10.853,2.04,0.623485,5.31868,0.210863,0.46602
PGCC G301.66-6.65,189.26023889,-69.48934889,8.04931,1.41,0.631866,5.7187,,
PGCC G6.35+20.47,251.90823389,-12.33035,14.7133,4.35,0.824824,3.38527,0.12,0.246354
PGCC G355.67+14.44,250.44819611,-24.08767694,7.86529,1.63,-0.341105,4.83844,0.12,0.215337
PGCC G103.36-17.11,347.40133694,41.85442694,7.5235,1.31,-0.605998,5.76161,,
PGCC G357.99+13.14,253.08158889,-23.12497889,8.52253,1.89,0.661121,4.50941,0.12,0.216398
PGCC G6.69+20.65,251.94946306,-11.97251806,11.3435,2.55,0.494782,4.44693,0.12,0.24792
PGCC G355.32+14.73,249.97598306,-24.16542806,9.79207,2.18,-0.425208,4.49061,0.12,0.231472
PGCC G44.95-6.55,294.24923694,7.58795694,7.90759,1.73,0.715263,4.5747,,
PGCC G96.36-18.10,340.23165889,37.95023,10.0049,2.52,1.41342,3.97416,,
PGCC G314.22-22.28,260.01013194,-78.66369611,8.52056,1.88,0.523306,4.53494,,
PGCC G152.55-8.89,55.558125,43.94660194,7.01585,1.73,-1.09501,4.05375,,
PGCC G129.95+13.81,40.43985694,75.15306889,8.38917,1.55,-0.296795,5.40993,0.314775,0.616854
PGCC G314.96-21.97,260.21560694,-77.91497,9.25456,2.24,0.862893,4.13593,,
PGCC G160.49-16.81,56.89996694,32.916065,7.61496,1.84,-0.617949,4.14415,0.14,0.228774
PGCC G4.87+19.56,251.83647194,-13.99837,10.7546,2.07,-1.41472,5.19503,0.12,0.260915
PGCC G161.67-35.92,44.88847,17.14046694,7.72201,1.71,-0.957415,4.51726,,
PGCC G198.60-9.10,88.08767694,8.36318694,13.6958,3.25,-0.150816,4.21129,0.45,0.994123
PGCC G174.70-15.47,68.92385111,24.15786611,6.72659,1.03,-0.436872,6.52494,0.23,0.443241
PGCC G198.69-9.12,88.12018611,8.27706111,12.8626,3.02,-0.267073,4.26086,0.45,0.969062
PGCC G111.79+20.26,314.45562694,77.71388194,7.94213,2.07,-0.787718,3.84246,,
PGCC G110.63-12.50,354.51586889,48.61435694,7.37665,1.29,-0.193154,5.70108,0.44,0.830018
PGCC G98.95+13.70,309.02539111,63.89881111,6.93154,1.21,-0.852378,5.71877,,
PGCC G236.48-14.35,100.01115389,-27.22429111,9.52869,2.18,-0.313889,4.3792,,
PGCC G0.49+11.38,256.19207806,-22.21431694,8.64685,1.61,-0.067404,5.35755,0.12,0.237586
PGCC G178.99-6.74,79.41175806,26.09719306,9.03937,2.05,-0.47206,4.4164,0.20893,0.384
PGCC G159.19-20.11,53.31352611,31.13451611,7.80632,1.4,-1.49484,5.58348,0.14,0.268863
PGCC G94.72+37.54,252.02313194,64.12081889,,,,,,
PGCC G340.44-2.03,254.397415,-46.19463,,,,,,
PGCC G110.42+11.53,333.43463111,70.47002389,6.77291,1.14,-1.40602,5.91655,0.378443,0.696866
PGCC G130.38+11.26,38.09413889,72.65744,8.21912,1.1,0.721696,7.46588,0.6,1.3672
PGCC G301.27-8.25,187.77806111,-71.05639611,11.5191,2.74,0.704342,4.20417,-0.75,
PGCC G110.34-12.65,354.17932111,48.38412889,7.25327,1.2,-1.04829,6.04241,0.44,
PGCC G4.51+16.36,254.32164,-16.14070111,7.93353,1.64,1.07588,4.84121,0.12,0.216331
PGCC G208.68-19.20,83.84146889,-5.03321694,7.06605,1.47,0.503816,4.82034,0.415,0.704534
PGCC G220.94-8.33,99.00062611,-10.88270111,9.01951,1.6,-0.979423,5.65018,,
PGCC G4.20+18.08,252.691605,-15.37960694,10.0118,1.67,-0.006787,6.00768,0.12,0.270719
PGCC G316.91-3.85,225.13215611,-63.16056806,9.68872,2.2,1.10965,4.40143,1.05,1.99456
PGCC G303.40-14.25,194.90727194,-77.113655,8.49563,1.79,0.677216,4.75828,0.17,0.314411
PGCC G256.08-14.14,109.70568111,-44.55450389,13.5651,2.14,1.2026,6.33985,,
PGCC G175.50-16.80,68.35473611,22.71544306,8.19687,1.63,0.846941,5.02416,0.23,0.429349
PGCC G203.21-11.20,88.45050806,3.37625611,8.47816,1.33,0.959603,6.38784,0.415,0.888388
PGCC G152.45+3.75,68.36929306,53.38619611,,,,,-0.94,
PGCC G3.07+9.97,259.00518806,-20.94287694,7.24799,1.22,-1.45574,5.91692,0.12,0.228594
PGCC G172.94-5.48,76.57626306,31.72207111,8.89468,1.53,-0.655863,5.81752,0.23,0.48127
PGCC G203.57-29.85,72.19895889,-5.82262694,9.31303,1.22,0.699689,7.61701,0.266686,
PGCC G224.28-0.82,107.35122694,-10.46703306,8.02344,1.29,1.15494,6.21119,,
PGCC G16.86-2.16,277.35308806,-15.27128194,7.75324,2.32,0.452523,3.33766,,
PGCC G208.07-27.43,76.18528,-8.22288806,10.3412,2.71,-0.414538,3.81889,,
PGCC G205.80-21.51,80.53842194,-3.69761806,7.31066,1.56,-0.509911,4.69161,,
PGCC G338.68+11.86,239.23396306,-37.81957194,10.3341,1.82,0.104131,5.66336,-0.75,
PGCC G303.10-16.03,193.70828194,-78.89643111,6.59739,1.06,1.18789,6.24663,0.17,0.317457
PGCC G160.57-9.82,62.70743611,38.07130111,8.2156,2.78,0.953668,2.95454,0.14,0.200641
PGCC G294.98+3.37,177.50285306,-58.54637111,6.16891,1.11,1.21981,5.54407,,
PGCC G159.64+11.39,85.54846194,52.13384194,8.25649,1.4,0.180446,5.91812,,
PGCC G180.78-19.64,69.36537194,17.02905694,17.943899,5.71,-0.507318,3.14416,0.23,0.502533
PGCC G21.26+12.11,266.72955306,-4.61147806,8.39763,1.63,0.511145,5.14579,,
PGCC G95.87-14.85,337.53714,40.47612389,10.4591,1.85,0.683999,5.63904,,
PGCC G111.80+0.47,349.16989111,61.27256389,,,,,,
PGCC G130.16+13.77,41.10913806,75.03565194,7.55396,1.52,-0.87056,4.97638,0.446684,0.796657
PGCC G259.46-12.74,113.53252389,-46.92950806,8.18094,1.4,-1.25821,5.82288,,
PGCC G295.32-12.84,164.86807306,-74.02945694,10.4484,2.13,1.28759,4.91472,0.17,0.354364
PGCC G339.66+9.27,242.35922194,-39.092785,7.23755,1.31,-0.365173,5.54569,,
PGCC G173.35-16.26,67.33554111,24.62632889,5.44187,1.19,0.048612,4.58064,0.23,0.334035
PGCC G301.60-7.83,188.86537194,-70.66475694,10.9787,2.52,0.984651,4.34985,-0.83,
PGCC G267.66-7.39,126.83917194,-51.18868611,6.62014,1.5,1.42078,4.42587,,
PGCC G300.64-9.60,185.40162694,-72.338585,10.0128,1.99,1.25617,5.0352,-0.58,
PGCC G137.18-7.50,36.61101889,52.72003889,9.70146,1.6,-0.865229,6.07534,,
PGCC G31.53+5.30,277.504425,1.16580611,6.31978,1.47,0.511657,4.29145,0.26,0.39387
PGCC G28.46-6.40,286.54965194,-6.87955806,7.43632,1.54,0.939421,4.83766,,
PGCC G111.29+9.43,338.83276389,69.16445194,9.64059,1.23,0.485839,7.8071,0.260615,0.657693
PGCC G102.72-25.98,351.01043694,33.440365,8.23663,1.72,-1.35594,4.77659,,
PGCC G110.35+11.33,333.61315889,70.263885,6.42871,1.55,1.38503,4.14596,0.276694,0.415528
PGCC G57.11+3.65,290.96933,23.13303611,6.65506,1.44,0.517011,4.60753,,
PGCC G135.42+8.88,48.081375,68.26287806,,,,,,
PGCC G5.74+16.58,254.84184306,-15.04973111,12.7568,2.31,1.15537,5.51317,0.12,0.292739
PGCC G202.55-17.12,82.94644889,1.08558,9.89244,1.93,-0.685211,5.11247,0.415,0.858504
PGCC G171.14-17.57,64.7089,25.32471111,8.31855,1.59,1.02119,5.22602,0.23,0.441127
PGCC G48.40-5.83,295.29220611,10.947135,8.35376,1.79,0.603134,4.67829,,
PGCC G3.75+16.40,253.83876,-16.71217,9.29815,2.01,0.552336,4.63216,0.12,0.229086
PGCC G346.20-11.75,270.76165806,-46.66597,6.5314,1.43,0.508736,4.5786,,
PGCC G154.68-15.37,52.62103694,37.50553111,11.1068,2.4,0.660709,4.63352,0.14,0.29215
PGCC G260.72-12.40,114.79944611,-47.87878,6.8052,1.66,-1.25752,4.09029,,
PGCC G100.97-15.59,343.74002111,42.26093694,10.4317,2.37,1.53335,4.40406,,
PGCC G142.65+7.74,60.431175,63.07511111,7.74031,1.28,0.973569,6.03433,,
PGCC G262.25-12.46,115.73857889,-49.23365389,9.63411,1.99,-1.33327,4.84906,,
PGCC G301.09-8.50,187.17550694,-71.28910111,,,,,-0.56,
PGCC G102.73+15.37,310.82324194,67.85321806,7.8886,1.32,-0.097314,5.97191,,
PGCC G359.90-0.08,266.42330889,-29.05842611,10.4948,2.66,0.302143,3.9472,,
PGCC G8.52+21.84,251.94747889,-9.89182111,7.88832,1.56,0.118855,5.06495,0.12,0.220642
PGCC G166.97-8.69,69.14900194,34.30375694,,,,,0.14,
PGCC G174.05-15.82,68.18611889,24.402525,7.61525,1.54,-0.629329,4.93634,0.23,0.410203
PGCC G255.31-14.36,108.99904611,-43.96359611,6.32954,1.36,-1.06582,4.64421,,
PGCC G5.30+11.08,259.32730111,-18.50568194,8.87426,1.67,0.83886,5.29981,0.12,0.239389
PGCC G359.31+17.04,250.61598194,-19.72799889,7.99585,1.42,-0.961731,5.64837,0.12,0.234586
PGCC G200.34-10.98,87.28331,5.94635389,10.1775,1.76,-0.613131,5.77231,,
PGCC G163.32-8.41,66.38727611,37.150005,13.4617,3.07,0.025104,4.38576,0.42,
PGCC G114.46-13.58,0.38248694,48.47058111,8.5556,1.71,-0.85465,5.01603,,
PGCC G103.90+13.97,315.60974111,67.90086389,6.50612,1.28,0.181599,5.06803,,
PGCC G58.13+3.50,291.63726806,23.96146806,8.18011,1.89,1.12963,4.33537,0.67,1.16063
PGCC G262.85-15.49,111.88313306,-51.08138306,6.28717,1.52,-1.38294,4.14519,,
PGCC G204.83-13.86,86.85845889,0.71311611,8.84152,1.76,0.449416,5.02623,0.415,0.804747
PGCC G300.96-8.70,186.72431889,-71.48133111,14.0144,3.35,1.13993,4.18803,0.15,0.33428
PGCC G108.10+13.18,325.09036306,70.32949806,8.21992,1.3,1.45932,6.33435,,
PGCC G145.86+17.78,83.80118611,66.89513389,7.1824,1.3,0.212847,5.51489,0.2,0.36615
PGCC G108.43-9.59,349.93490611,50.67854306,,,,,,
PGCC G216.51-13.87,92.00556194,-9.39190194,15.0313,3.51,-0.017215,4.28372,0.415,0.968686
PGCC G168.72-15.48,64.63642889,28.45106306,7.93745,1.52,1.0372,5.21296,0.14,0.261961
PGCC G171.84-5.22,76.03523306,32.75679389,9.02818,1.7,-0.722429,5.32063,0.23,0.463699
PGCC G308.69-24.56,257.74578889,-84.21894111,13.4965,2.84,0.569937,4.74611,,
PGCC G288.29+7.27,168.359665,-52.79826694,7.39615,1.28,-0.765358,5.77414,,
PGCC G1.33-20.46,289.10192889,-36.60905111,9.875,1.99,-1.38629,4.96884,,
PGCC G336.65+8.23,240.39724694,-41.87004889,9.04583,1.62,-0.73948,5.59859,,
PGCC G95.81-12.83,336.01821889,42.14925389,8.83537,1.57,1.24282,5.62987,,
PGCC G174.09-13.24,70.40392306,26.03148306,9.16545,1.79,-0.190535,5.11099,0.23,0.457914
PGCC G216.66-13.87,92.07067889,-9.52692111,11.7764,2.89,0.004143,4.0683,0.415,0.83558
PGCC G219.34-17.65,89.70380389,-13.46291694,8.40337,1.81,-0.487999,4.63505,0.415,0.753405
PGCC G301.05-8.57,187.018875,-71.36029806,,,,,,
PGCC G310.34-22.23,248.40893611,-81.677925,11.4654,2.45,0.746282,4.67297,,
PGCC G160.46-17.99,55.96682694,32.037525,10.4925,2.13,-0.111499,4.93103,0.14,0.29293
PGCC G339.14+11.73,239.75817889,-37.61796194,7.97369,1.75,-0.114846,4.56396,,
PGCC G128.26+20.77,51.44337111,81.996155,8.28624,1.51,0.467136,5.50332,0.38,0.746451
PGCC G122.64-12.15,12.41639111,50.72386194,10.2203,2.65,-0.654664,3.85611,,
PGCC G130.13-4.48,26.35784694,57.6348,9.99702,2.16,-0.840557,4.61869,0.124738,0.246559
PGCC G147.78+9.18,70.14923889,60.45737806,8.24805,1.47,-1.09912,5.61598,,
PGCC G4.10+35.52,238.55368,-4.840505,9.37878,1.39,0.454313,6.72786,,
PGCC G157.54-4.04,65.20101194,44.31207306,8.90239,1.96,-0.243014,4.53846,,
PGCC G150.58-8.52,53.677105,45.40417889,7.52646,1.25,-0.49836,6.00058,0.147231,0.287818
PGCC G0.93-20.16,288.59634389,-36.85994306,6.55857,1.24,0.845876,5.30487,,
PGCC G146.13+7.81,65.83303111,60.74040194,8.26366,1.65,-0.635939,5.00877,,
PGCC G172.93-16.73,66.66049194,24.62801,7.2094,1.09,-0.694348,6.59572,0.23,0.461355
PGCC G253.59+2.96,127.19336694,-33.75251,8.01338,1.74,-0.969251,4.59949,0.74,1.30684
PGCC G111.68+19.74,316.10009806,77.31989306,10.253,1.84,-1.47993,5.5628,,
PGCC G140.98+5.73,54.85539194,62.56087889,7.34704,1.27,-0.718765,5.78988,,
PGCC G163.19-8.41,66.27668806,37.24506806,12.7276,2.83,-0.058465,4.49,0.14,0.307859
PGCC G1.96+9.78,258.50256306,-21.957565,,,,,0.12,
PGCC G209.25-13.75,88.95541389,-3.02545306,,,,,0.415,
PGCC G162.44-8.70,65.370895,37.57529111,8.23022,1.25,0.467783,6.5956,0.14,0.300046
PGCC G338.10+7.11,242.83280889,-41.71808611,8.13648,1.39,-0.431947,5.85037,-0.7,
PGCC G313.13-28.74,295.38220194,-80.84639,11.6464,3.18,0.457265,3.66678,,
PGCC G191.18-16.70,77.71043389,10.649785,11.6308,2.81,-0.140519,4.14195,,
PGCC G204.72-11.80,88.62912806,1.78999,,,,,0.415,
PGCC G214.42-19.90,85.61782806,-10.19153611,12.4987,2.83,-0.237797,4.41107,0.415,0.896354
PGCC G100.41+8.85,319.28726194,61.94163889,9.1845,1.63,-0.144936,5.6325,,
PGCC G301.20-16.56,183.89263889,-79.30695306,7.74095,1.65,0.425016,4.69786,0.17,0.29821
PGCC G298.31-13.05,174.88594111,-75.268845,9.8116,2.42,0.517439,4.05838,0.15,0.275337
PGCC G263.99-11.54,118.248215,-50.306965,7.96923,1.19,-1.38815,6.69938,,
PGCC G143.85+11.49,68.39810194,64.88537611,8.19036,1.87,-0.991819,4.37685,,
PGCC G301.68-16.53,186.336655,-79.340775,5.96322,1.17,0.860116,5.07804,0.17,0.272122
PGCC G185.76-9.12,81.31993111,19.20955694,11.7445,2.84,-0.35874,4.13158,0.237684,0.481618
PGCC G137.30-9.77,35.50001111,50.55886806,10.1869,1.79,-1.11898,5.6948,,
PGCC G325.54+5.82,229.77491806,-50.46100611,9.4114,1.74,1.0406,5.40552,0.64,1.32786
PGCC G126.62+24.55,65.87098694,85.79471611,7.54305,1.66,-0.175758,4.53644,0.125,0.2127
PGCC G106.30+13.57,320.68017611,69.37889111,8.12978,1.55,-0.837463,5.23994,,
PGCC G276.19-10.60,131.00018306,-59.89246694,7.19622,1.48,-1.46314,4.85056,,
PGCC G345.39-3.98,260.72757,-43.36523806,6.18353,1.48,0.555513,4.18504,0.225,
PGCC G98.52+13.87,308.15960694,63.64944806,12.0535,2.35,1.41195,5.13978,,
PGCC G303.71-14.86,196.40750111,-77.70652,6.01499,1.28,0.142362,4.71607,0.17,0.26338
PGCC G167.23-15.33,63.61927806,29.59016806,7.4182,1.39,-0.379885,5.32783,0.14,0.256023
PGCC G216.18-15.25,90.611565,-9.70397889,12.8568,2.62,0.238512,4.90906,0.415,0.959046
PGCC G312.50-22.74,258.12063611,-80.28160889,6.0846,1.07,0.746877,5.66162,,
PGCC G99.97+14.78,308.23416111,65.32556889,8.70513,1.53,-0.111513,5.68973,,
PGCC G5.12+30.92,242.71649194,-7.00159611,8.88182,1.33,1.23825,6.6759,,
PGCC G298.23-13.09,174.54794306,-75.29447194,,,,,0.15,
PGCC G174.20-13.44,70.30339806,25.82066306,12.8697,2.59,-0.022647,4.96891,0.23,0.535019
PGCC G198.01-15.24,82.43331889,5.81676611,15.0701,3.21,-0.034593,4.6984,0.4,0.979085
PGCC G133.50+9.01,43.70284306,69.307785,8.99683,1.77,-0.282237,5.08218,,
PGCC G303.82-14.90,196.88787806,-77.74578111,,,,,0.17,
PGCC G154.08+5.23,72.02806111,53.13683694,6.00505,1.49,-0.317729,4.01782,0.17,0.242901
PGCC G130.13+11.68,37.89693806,73.13356806,12.1258,2.53,0.798096,4.79842,,
PGCC G7.66+21.19,252.03233306,-10.92429306,12.9165,3.7,0.587386,3.48872,0.12,0.234322
PGCC G339.14+16.12,236.23831194,-34.27988806,13.0149,2.97,0.144719,4.37697,,
PGCC G186.04+2.43,92.15815694,24.93209611,9.14491,2.01,-0.630033,4.55848,3.11,
PGCC G202.82-22.90,78.00482889,-1.91684389,8.04457,1.74,-0.290156,4.61187,0.203236,0.360095
PGCC G271.52+4.88,144.60578889,-45.893105,6.26169,1.14,-0.400533,5.47489,1.32,2.24819
PGCC G118.68-9.30,5.81684389,53.34155306,6.96683,1.38,-0.458494,5.03079,,
PGCC G191.04-16.44,77.856735,10.90974694,7.96337,1.74,-0.878388,4.57773,,
PGCC G159.67-5.72,65.62968389,41.62167694,7.21509,1.64,-0.492455,4.38837,0.14,0.229154
PGCC G192.12-10.88,83.24675806,12.96516806,6.96157,1.3,-1.22719,5.35643,0.4,0.710522
PGCC G1.03+15.88,252.65744,-19.12742194,11.5651,1.92,-1.19455,6.01024,0.12,0.291023
PGCC G219.26-17.89,89.44851694,-13.49467806,11.5449,2.86,-0.770737,4.03293,0.415,0.823721
PGCC G263.33+1.60,133.41177389,-42.27609611,6.80012,1.54,-1.38557,4.41003,,
PGCC G160.88-1.21,71.256905,43.78649111,,,,,,
PGCC G205.46-14.56,86.52983111,-0.14862,5.30531,1.02,-0.519223,5.2197,0.415,0.635262
PGCC G345.07+1.86,254.18177806,-40.15560889,5.63619,1.52,0.879928,3.69815,1.47,1.95222
PGCC G325.57+6.03,229.63349889,-50.25983,6.51763,1.13,0.611104,5.75726,0.64,1.14041
PGCC G295.89-7.78,172.54251111,-69.52864806,11.1045,2.92,1.13851,3.8089,0.52,0.983736
PGCC G194.07-26.17,71.14926111,3.27489306,7.79791,1.43,-0.970785,5.44243,,
PGCC G159.41-34.37,44.22384306,19.46474111,8.15006,2.09,-1.15422,3.89618,0.325,0.532733
PGCC G353.54+15.73,247.914825,-24.83878889,6.92519,1.29,0.636574,5.35377,0.12,0.212546
PGCC G206.93-16.61,85.38261389,-2.36072,8.62126,1.54,0.098015,5.58576,0.415,0.837725
PGCC G242.85-10.80,106.670685,-31.43309389,10.6935,1.96,-0.727471,5.45604,,
PGCC G3.30+10.42,258.745575,-20.50774611,7.54037,1.56,-0.194294,4.84217,,
PGCC G174.40-13.45,70.43727111,25.66798389,11.9863,2.67,-0.06682,4.48779,0.23,0.490698
PGCC G134.77-5.46,33.97566194,55.46188,7.26573,1.32,1.33177,5.48828,,
PGCC G354.98+14.96,249.54330389,-24.26843111,6.08246,1.18,1.04317,5.13783,0.12,0.195136
PGCC G301.04-15.83,183.63851889,-78.567635,6.40932,1.17,-0.130067,5.47301,,
PGCC G145.98+17.98,84.38211111,66.87941694,8.03987,1.47,-1.11153,5.48568,0.2,0.386364
PGCC G100.79-16.60,344.13461306,41.27468111,13.8596,3.2,-1.50093,4.3272,,
PGCC G194.76-3.40,91.25665306,14.48494694,13.1994,3.24,-0.170054,4.06811,,
PGCC G158.75-33.31,44.37501111,20.65324194,11.7243,2.23,-1.48649,5.26106,0.385478,0.880658
PGCC G296.21-15.82,162.59709194,-77.085625,9.15868,2.32,0.566166,3.94135,0.17,0.297108
PGCC G0.28+11.39,256.06561306,-22.37468306,6.30063,1.39,0.154293,4.54514,,
PGCC G95.79-13.04,336.15225194,41.96080806,7.41141,1.17,-1.50263,6.35525,0.49,0.978226
PGCC G109.38+6.48,338.46554611,65.66401694,7.42311,1.31,1.41985,5.66491,0.734514,1.38553
PGCC G206.22-8.40,92.32389806,2.08011389,5.78676,1.02,-0.981064,5.6991,0.415,0.693259
PGCC G219.08-7.46,98.96402,-8.84540111,7.9731,1.79,-1.18678,4.44693,0.415,0.718817
PGCC G353.20+16.72,246.85440111,-24.42988611,6.31633,1.29,0.201224,4.90631,0.12,0.19432
PGCC G194.80-3.40,91.27143111,14.446065,10.8221,2.41,-0.167647,4.48864,,
PGCC G93.72-4.60,326.76129194,47.54021806,15.0839,4.85,-1.04422,3.10701,0.63,
PGCC G206.26-26.19,76.56291194,-6.22589194,,,,,,
PGCC G359.91+0.21,266.15258806,-28.90416306,,,,,6.9,
PGCC G169.32-16.17,64.52538306,27.55667111,13.4406,2.72,-0.126307,4.94715,0.14,0.332079
PGCC G222.23+1.22,108.21919306,-7.70519694,13.0053,2.99,-1.35633,4.35641,,
PGCC G113.63+15.01,335.44375611,75.10756694,6.3345,1.76,0.282909,3.58908,,
PGCC G331.74+7.02,236.27693194,-45.91061,9.5222,2.05,1.15082,4.64861,0.56,1.08379
PGCC G145.07-39.31,30.98773389,20.41987,7.0978,1.41,0.313133,5.02719,0.276694,0.480785
PGCC G7.14+5.94,264.94403111,-19.75589806,8.17234,1.57,-0.913967,5.18901,0.12,0.227312
PGCC G31.62+5.38,277.47351111,1.285915,,,,,0.26,
PGCC G121.93-7.67,11.11813889,55.190125,6.78487,1.24,0.940868,5.45536,,
PGCC G201.45+0.63,98.13417111,10.49616389,9.07791,2.8,-1.03669,3.24751,,
PGCC G101.14-15.29,343.74887111,42.59766806,6.54477,1.37,1.18666,4.77948,,
PGCC G48.23-5.74,295.125,10.84015306,7.12062,1.4,-1.36143,5.10093,,
PGCC G302.60-6.39,191.93345611,-69.26276389,6.52275,1.21,0.491656,5.39395,-1.1,
PGCC G174.80+5.96,89.37885306,36.43261694,10.814,2.4,-0.543201,4.50887,,
PGCC G225.35-66.28,39.72950694,-29.6332,,,,,,
PGCC G181.42-3.75,83.67231,25.74658806,8.96083,2.54,-0.982855,3.52187,,
PGCC G190.15-13.75,79.697655,13.08272306,9.17668,1.9,-0.908372,4.82453,,
PGCC G339.15+15.94,236.385605,-34.42107389,7.98676,1.66,0.761055,4.80744,,
PGCC G354.17+15.33,248.68444806,-24.63477111,7.56183,1.36,-1.02318,5.55242,0.12,0.226184
PGCC G157.32-13.69,56.46448889,37.27483694,,,,,0.14,
PGCC G169.44-16.18,64.59766389,27.46398389,17.9361,4.52,-0.216031,3.96628,0.14,0.343488
PGCC G100.53-3.74,334.40319806,52.30740694,6.80358,1.4,1.26926,4.8489,,
PGCC G238.73-1.48,113.88761111,-23.51569889,8.14176,1.5,0.113534,5.41503,,
PGCC G131.35-45.75,18.98412694,16.72224194,7.59019,1.68,-0.944815,4.52927,0.24322,0.414826
PGCC G356.18+20.76,245.56906111,-19.64959694,8.57548,1.46,0.028892,5.86337,0.12,0.24752
PGCC G115.93+9.47,351.016785,71.14483611,8.29482,1.25,-1.26034,6.62404,1,2.15621
PGCC G173.08-17.90,65.80484,23.74177694,7.94878,1.46,-0.025958,5.44401,0.23,0.440113
PGCC G338.85+16.54,235.65733306,-34.13692889,10.1584,2.12,-0.043321,4.7904,,
PGCC G201.62+0.56,98.15091694,10.31535194,10.1369,2.52,0.233802,4.01641,0.63387,1.17652
PGCC G214.68-19.95,85.67478889,-10.43643611,9.17369,1.95,-0.400038,4.71652,0.415,0.794068
PGCC G49.89-7.16,297.21841389,11.58291389,14.2758,3.62,0.684145,3.94041,0.209894,0.457928
PGCC G97.19+9.87,313.36911,60.220135,8.40835,1.62,1.30822,5.17442,,
PGCC G201.20-9.78,88.74811611,5.78470306,,,,,0.415,
PGCC G347.54-8.00,267.00482194,-43.70024889,7.27569,1.27,1.16136,5.73236,0.35,0.657504
PGCC G239.52-4.86,111.03132611,-25.82036194,5.88134,1.06,1.03002,5.56452,-1.29,
PGCC G171.53+2.44,83.487915,37.40760389,8.61045,2.24,-0.909179,3.83774,,
PGCC G7.57+21.13,252.03398111,-11.02231306,12.1686,3.13,0.702013,3.88591,0.12,0.240035
PGCC G170.14-16.07,65.20909889,27.05289806,12.3768,2.36,0.455046,5.24024,0.23,0.538808
PGCC G19.85+20.41,258.82675194,-1.71063889,6.68206,1.33,0.660168,5.01027,,
PGCC G111.43+19.81,315.20858806,77.16707611,9.8434,2.09,1.00659,4.70761,0.398107,0.788314
PGCC G358.50+15.46,251.43183889,-21.31437694,7.55245,1.79,0.315931,4.20927,0.12,0.196814
PGCC G0.47+0.00,266.68350194,-28.53221111,7.10882,1.24,-1.53892,5.71106,7.4,13.7156
PGCC G112.62+20.80,314.57357806,78.65718111,11.7487,3.1,0.238089,3.79408,,
PGCC G123.76-6.45,14.34878306,56.41243,8.5669,2.14,-0.763407,4.00008,,
PGCC G346.39+7.93,249.38217194,-35.236465,5.95943,1.36,0.844337,4.38484,-0.66,
PGCC G353.50+15.55,248.03747611,-24.98780306,8.24575,1.51,1.25263,5.46843,0.12,0.234398
PGCC G128.88+13.68,36.48005694,75.45369694,11.3156,2.16,-1.39625,5.24997,0.214783,0.481554
PGCC G170.26-16.04,65.32292194,26.99092111,18.7651,4.04,0.28258,4.65027,0.23,0.624986
PGCC G179.29+4.18,90.16498611,31.669235,5.80842,1.12,-1.3067,5.19364,,
PGCC G303.70-12.17,195.75776694,-75.0196,7.33324,1.76,0.541145,4.16396,,
PGCC G270.32+2.87,141.35902389,-46.544865,8.048,1.29,-0.030382,6.21676,0.76,1.56375
PGCC G255.33-4.89,120.25598111,-39.55166194,8.44028,1.5,-0.538193,5.61565,0.8,1.60212
PGCC G74.02-1.72,306.27075194,34.81664306,10.1589,2.37,0.756212,4.2841,2.59,4.97025
PGCC G297.25-15.62,167.060165,-77.33567,5.86858,1.22,0.776632,4.80356,0.17,0.262557
PGCC G199.88+0.94,97.6763,12.033565,6.56418,1.38,-0.696696,4.75645,,
PGCC G219.36-9.71,97.04087111,-10.08628194,6.19913,1.25,-0.593848,4.9703,0.905,
PGCC G349.01-4.10,263.54293806,-40.42603306,6.33402,1.18,-0.356335,5.3568,,
PGCC G159.58-5.49,65.76107806,41.85225306,6.82917,1.07,-0.284856,6.4053,0.14,0.269345
PGCC G175.33-20.49,65.22529611,20.43028306,7.04403,1.63,-0.355868,4.32407,,
PGCC G262.88-14.69,113.05512194,-50.76993889,7.12896,1.74,-1.35517,4.10568,,
PGCC G131.74+9.69,40.01995806,70.68475306,7.73183,1.25,-0.89461,6.19989,1.07,2.15498
PGCC G214.59-17.45,87.92919889,-9.276525,,,,,0.415,
PGCC G29.94+2.26,279.48208611,-1.63171,6.53354,1.23,0.735002,5.29977,0.26,0.445044
PGCC G113.75+14.90,336.085175,75.07975,6.22466,1.4,-0.122502,4.44653,,
PGCC G358.94+12.39,254.34385694,-22.834585,9.14723,1.83,0.03468,4.98889,0.12,0.235806
PGCC G186.96-3.83,86.77310194,20.99934611,9.0153,2.02,-0.384296,4.46956,0.75,1.38487
PGCC G302.95-14.28,192.93829306,-77.14694194,4.6357,1.06,1.48872,4.37243,0.17,0.222636
PGCC G352.96+16.52,246.86181611,-24.73804111,9.66734,1.96,-1.05997,4.9401,0.12,0.241229
PGCC G173.56-16.27,67.47679111,24.46838,8.5278,1.58,0.321337,5.41008,0.23,0.454438
PGCC G144.48+8.72,64.80152111,62.54586389,6.49979,1.04,0.671864,6.27029,,
PGCC G122.20-10.26,11.66717,52.60033389,11.7288,2.53,0.637862,4.63103,,
PGCC G178.28-0.58,84.79032889,30.09346611,10.1873,2.05,-1.03165,4.96461,,
PGCC G165.71-9.15,67.72119889,34.92337,11.3678,2.79,-0.386591,4.07445,0.14,0.277158
PGCC G224.48-0.63,107.61174,-10.55582889,7.10887,1.92,-1.0253,3.71039,,
PGCC G262.49-13.38,114.64401194,-49.86547111,6.84445,1.74,-1.2907,3.92664,,
PGCC G171.34-10.69,70.66915889,29.73141111,8.11255,1.65,-0.715313,4.91317,0.23,0.42239
PGCC G176.57+0.88,85.17836,32.31333194,,,,,,
PGCC G127.66+13.96,32.32702306,76.11224389,7.55375,1.42,0.962814,5.33765,,
PGCC G296.95-14.81,167.30712889,-76.48056806,11.2675,1.98,0.606056,5.68994,,
PGCC G162.79+1.32,75.65087889,43.91209,12.192,2.3,-0.415046,5.30874,-1.26,
PGCC G177.90-20.16,67.15248889,18.81321111,8.68424,1.62,-1.25292,5.34938,0.23,0.456007
PGCC G266.01-7.44,125.31460611,-49.86802694,7.35484,1.22,-0.9666,6.02589,-0.86,
PGCC G178.79-19.89,67.933395,18.33051111,7.54432,1.69,-0.090572,4.46006,0.23,0.388092
PGCC G110.53+19.19,315.11715694,76.12108611,10.7881,2.43,0.327325,4.44023,0.228034,0.459093
PGCC G269.95-11.08,123.78502694,-55.11532611,10.7923,2.25,-0.175576,4.79348,0.32,0.669513
PGCC G315.76-27.49,287.64682,-78.60199,6.26294,1.26,0.564877,4.95615,,
PGCC G308.43+14.62,200.807755,-47.90812306,9.1725,1.4,0.603173,6.54936,,
PGCC G316.75-22.11,264.07205194,-76.48104889,8.55658,1.44,-1.01297,5.92475,,
PGCC G118.63+6.17,1.03572194,68.64554611,7.95322,1.32,-1.49316,6.01605,,
PGCC G177.84+1.03,86.11775194,31.31171194,8.25846,1.32,0.191025,6.25091,0.300608,0.628273
PGCC G313.98-22.30,259.53183,-78.86981194,11.0605,2.58,0.828278,4.28285,,
PGCC G62.68-14.06,310.21109,18.52156389,10.9286,2.98,0.917769,3.66901,,
PGCC G89.94-7.02,324.96463,43.25088889,8.81581,2.07,1.19142,4.25376,,
PGCC G112.05+17.90,323.20410194,76.36525,6.30228,1.13,-0.777957,5.59107,,
PGCC G1.62-0.01,267.37045306,-27.55234111,8.7396,1.5,-0.827267,5.82398,6.57,13.6348
PGCC G300.39-31.95,36.891205,-84.68985694,8.93635,2.18,-0.12356,4.10456,,
PGCC G270.97+4.79,143.93611111,-45.58851611,7.27395,1.41,-0.947104,5.1664,1.32,2.35386
PGCC G350.14-3.63,263.81320194,-39.21821194,7.6449,1.18,1.38929,6.48001,,
PGCC G315.99-28.31,291.71203611,-78.388725,12.2642,2.11,-1.56167,5.80412,,
PGCC G177.68-20.17,66.99977111,18.96286194,8.33073,1.24,-1.09452,6.72192,0.23,0.50066
PGCC G300.74-31.48,36.03496194,-85.25213611,8.72534,1.99,0.170631,4.3737,,
PGCC G338.49+12.04,238.90426611,-37.80200194,8.08337,1.51,1.38675,5.36035,-1.03,
PGCC G296.13-7.88,173.09024,-69.69520611,11.4004,1.93,-0.109646,5.91276,0.26,0.620948
PGCC G267.38-7.53,126.40531194,-51.04460111,6.17089,1.51,-1.39139,4.09184,,
PGCC G157.50-13.91,56.45315611,36.99794,12.6363,3.03,-0.81961,4.16641,,
PGCC G122.02-11.00,11.41621889,51.86207194,11.1989,2.18,-0.630061,5.13139,,
PGCC G359.76-17.50,284.99304194,-36.983585,,,,,0.25,
PGCC G158.99-8.47,62.44828389,40.12577389,5.83818,1.63,0.066933,3.58958,0.14,0.18643
PGCC G259.45-13.29,112.80201694,-47.16910611,8.4581,2,1.51543,4.23686,,
PGCC G150.37-38.06,35.55915806,19.92832194,7.31635,1.42,-0.602646,5.15287,0.149968,0.267853
PGCC G317.27+6.13,217.608215,-53.95946889,8.83142,1.69,1.22021,5.23937,,
PGCC G155.45-14.60,53.95196194,37.67928694,7.4158,1.36,-1.41169,5.45292,0.35,
PGCC G342.05-3.78,257.80227694,-45.97652389,8.43032,1.74,-0.658676,4.85451,0.8,1.48871
PGCC G118.25-52.70,9.98096806,10.06949111,10.0341,1.46,-0.448477,6.87274,0.264241,0.63831
PGCC G314.77-5.14,222.11540194,-65.28868111,8.35676,1.82,-0.274535,4.60419,0.4,0.721743
PGCC G173.86-17.65,66.54702,23.35170194,8.41469,2.1,-0.074786,4.00355,0.23,0.388326
PGCC G353.15+17.00,246.59379611,-24.28359611,8.35195,1.71,-0.426851,4.89115,0.12,0.223104
PGCC G212.58-12.11,91.89143389,-5.18609,8.9738,1.79,-0.204856,5.02082,0.415,0.810309
PGCC G191.05-16.73,77.6222,10.74660611,18.4088,4.92,0.265009,3.73819,,
PGCC G197.13-10.17,86.42755111,9.09200194,17.0798,4.48,0.764143,3.81506,0.4,0.939247
PGCC G8.43+36.37,239.98982194,-1.53582694,8.52989,1.35,0.139696,6.32448,,
PGCC G181.42-3.63,83.78434,25.80397,11.2825,3.37,0.098142,3.35213,,
PGCC G110.76+19.43,314.85739111,76.43695111,7.7166,1.55,0.125135,4.96543,0.236592,0.426008
PGCC G89.66-6.61,324.30148306,43.3624,7.19984,1.56,1.38337,4.62694,0.54,0.906627
PGCC G156.69+32.52,121.57904806,60.34444806,8.13375,1.38,-0.283153,5.89695,,
PGCC G315.02-21.79,259.582855,-77.77378806,6.21772,1.06,0.649903,5.89164,,
PGCC G359.54+17.54,250.34346,-19.25134694,9.08766,1.94,0.591988,4.69525,0.12,0.228015
PGCC G217.13-12.56,93.46736889,-9.36390889,8.16395,1.26,-0.829092,6.48351,0.415,0.878274
PGCC G300.68-9.40,185.60751306,-72.14014389,10.6109,1.98,1.39566,5.35358,0.25,0.548108
PGCC G337.80+23.12,230.02284194,-29.50602889,8.74426,1.17,1.53529,7.46677,,
PGCC G216.32-15.75,90.207985,-10.04937694,5.79696,1.32,0.062161,4.39572,0.415,0.609382
PGCC G159.21-34.28,44.13577694,19.63687306,7.38459,1.19,1.11698,6.23027,0.325,0.641249
PGCC G106.95+5.37,335.03964194,63.450535,11.9612,2.55,1.18119,4.69835,0.9,1.96259
PGCC G209.08-24.50,79.24564389,-7.741865,7.35905,1.71,-0.601133,4.3012,,
PGCC G173.81-15.87,67.98415389,24.54911806,8.28687,1.53,-0.2133,5.4159,0.23,0.448214
PGCC G145.42-39.02,31.368645,20.59429889,9.82229,2.38,-0.999213,4.12542,,
PGCC G168.10-16.38,63.43052306,28.25405694,16.240999,4.34,-0.340659,3.74303,0.14,0.317521
PGCC G303.86-15.30,197.195465,-78.13925194,7.47789,2.1,0.444783,3.5547,0.17,0.254957
PGCC G98.89+14.01,308.36657694,64.021255,5.91013,1.39,-0.66168,4.23855,,
PGCC G41.35-18.78,303.33438111,-1.34599111,11.6872,2.2,0.437506,5.31572,,
PGCC G214.22-13.38,91.46455389,-7.17984194,6.60695,1.09,-1.258,6.03407,0.415,0.76222
PGCC G238.45-4.15,111.16909806,-24.54247889,9.09224,1.29,-0.169416,7.03287,,
PGCC G190.09-13.51,79.87528194,13.26480806,7.85936,1.29,-0.489938,6.0944,,
PGCC G215.50-15.07,90.484215,-9.03596,7.5012,1.32,0.261233,5.68625,0.415,0.788412
PGCC G4.03+16.64,253.79948389,-16.35073889,7.86232,1.44,-0.106757,5.47508,,
PGCC G64.37-8.81,306.63107306,22.88348806,8.36793,1.25,0.345573,6.71057,,
PGCC G282.83+1.65,155.72351111,-55.32063306,13.3845,2.66,-0.415677,5.02404,2.99,7.13224
PGCC G298.32-13.62,174.25158694,-75.81758111,7.25191,1.18,-0.182561,6.14344,0.17,0.330071
PGCC G112.52+8.39,343.18664611,68.82658389,7.01743,1.42,0.010838,4.95262,,
PGCC G337.90+16.46,234.85859694,-34.77008111,5.93626,1.15,-0.943807,5.18069,,
PGCC G21.65+3.77,274.28466806,-8.26326694,7.62645,1.74,0.49326,4.37591,,
PGCC G5.70+36.84,238.310135,-3.01249194,12.4861,2.75,-0.039484,4.54523,,
PGCC G207.69-22.77,80.22242694,-5.82300306,,,,,,
PGCC G297.30-16.32,165.91279611,-77.99812306,12.3043,3.24,0.631026,3.79838,0.17,0.338067
PGCC G5.02+19.08,252.32495111,-14.16164,8.19873,1.36,-0.069527,6.03959,0.12,0.245632
PGCC G119.78-5.95,7.122175,56.776035,8.68008,2.11,0.607569,4.11548,,
PGCC G92.81-11.05,331.41278111,41.92389694,9.04268,1.37,-1.49216,6.58642,0.41,0.920415
PGCC G194.98-16.96,79.44818889,7.43626389,8.00166,1.32,-0.94336,6.05184,0.4,0.809693
PGCC G93.12-10.40,331.20889306,42.62099111,6.7253,1.05,-1.41789,6.39294,0.235505,0.449193
PGCC G115.83-3.55,359.18432611,58.56162306,7.8616,1.45,-0.921515,5.414,0.48,0.910924
PGCC G248.96-3.21,117.96481306,-33.24367889,7.29966,1.38,-1.32665,5.27848,0.91,1.64314
PGCC G179.20-19.62,68.41277306,18.20842611,11.6886,2.05,-1.17098,5.71553,0.311889,0.741544
PGCC G0.44+10.29,257.12521389,-22.88955889,7.49657,1.62,0.480794,4.63592,0.12,0.205782
PGCC G103.72+13.91,315.43176306,67.73114806,6.78837,1.11,0.817287,6.1272,,
PGCC G122.25-7.24,11.66126194,55.62536194,6.8902,1.46,-0.815359,4.71236,,
PGCC G159.66-34.31,44.44154389,19.39949389,9.25214,1.5,-0.993203,6.14976,0.325,0.713116
PGCC G100.31-3.66,334.01727306,52.25274694,,,,,,
PGCC G122.14-10.39,11.58699806,52.47666194,9.08209,2.55,-0.89838,3.56662,,
PGCC G225.68-66.54,39.42653694,-29.76550694,8.21116,1.63,0.000876,5.04566,,
PGCC G162.43-46.58,39.06559806,8.09655111,10.3282,1.76,-1.19511,5.87641,,
PGCC G177.64-20.37,66.82226611,18.86193694,8.76367,1.79,0.039395,4.89087,0.23,0.438016
PGCC G165.36-7.51,68.92481194,36.27636306,6.7261,1.33,-0.570807,5.07605,0.14,0.237957
PGCC G308.11+14.20,200.426575,-48.37175389,9.13602,1.63,0.748032,5.60303,,
PGCC G125.17+11.64,21.02075806,74.36942306,8.62462,1.62,-0.880279,5.33892,,
PGCC G17.03-2.17,277.441315,-15.13062611,6.33269,1.43,0.819684,4.43534,,
PGCC G181.86+0.32,87.80249,27.50420806,8.31228,1.73,-0.125658,4.81343,,
PGCC G229.09+11.21,120.38042389,-8.87558806,6.89751,1.69,-0.885742,4.0784,0.734514,
PGCC G205.16-16.14,85.002205,-0.63410194,8.88213,1.64,-0.324647,5.41384,0.415,0.837116
PGCC G106.46+3.10,336.76599111,61.26729611,6.79246,1.2,-1.14334,5.67929,0.79,1.4273
PGCC G16.97-2.44,277.66308611,-15.30011611,11.3832,4.25,0.710761,2.67942,,
PGCC G338.71+17.54,234.77114889,-33.43709194,,,,,,
PGCC G84.80-1.14,314.22174111,43.70206806,10.8843,2.55,0.783426,4.27456,,
PGCC G6.94+5.85,264.92053194,-19.97507694,6.25377,1.41,0.010482,4.43816,0.12,0.183899
PGCC G204.80-14.35,86.41368111,0.50964889,9.90243,2.44,-0.425344,4.05633,0.415,0.76509
PGCC G4.41+15.90,254.65029889,-16.48233389,8.98459,1.83,-0.082711,4.90774,,
PGCC G103.25+22.68,292.53988611,71.62619,9.37046,1.81,0.771768,5.16309,,
PGCC G159.35+11.21,85.06717694,52.30076194,13.8234,2.75,0.300539,5.02658,,
PGCC G114.51-13.74,0.51327694,48.31941611,8.2195,1.46,-1.35828,5.6227,,
PGCC G95.76+8.17,314.18090806,58.04760389,8.78211,1.96,0.953468,4.48272,-0.86,
PGCC G288.95-3.87,160.57362389,-63.18028611,7.32166,1.5,-1.36573,4.8801,,
PGCC G160.53-19.73,54.73944889,30.654585,8.77598,1.64,0.129598,5.33605,0.14,0.278684
PGCC G103.20-15.25,346.18267806,43.49842111,9.27707,1.38,-1.42682,6.74528,,
PGCC G215.99+7.34,110.77952611,0.64280389,11.6504,2.58,-1.0311,4.52105,0.46,0.971124
PGCC G211.47-19.27,84.96286,-7.41785611,7.06358,1.46,1.19457,4.83419,0.415,0.705422
PGCC G212.10-19.15,85.33931694,-7.89852806,12.3322,2.89,-0.339327,4.26762,0.415,0.875765
PGCC G207.36-19.82,82.71265389,-4.2049,12.7339,2.82,0.186372,4.52286,0.415,0.916142
PGCC G152.05-39.03,36.34527194,18.47132111,11.1575,1.74,-1.42075,6.43009,,
PGCC G35.12+11.37,273.68176306,7.07932806,6.63243,1.34,0.633183,4.95655,,
PGCC G43.00+8.37,279.87899806,12.72538111,12.5647,3.13,0.182235,4.01831,0.3,0.620076
PGCC G350.36+4.40,255.75270111,-34.41922,9.04216,1.57,0.513626,5.7528,,
PGCC G271.05+4.84,144.07200611,-45.61281611,,,,,1.32,
PGCC G207.49-20.30,82.34909111,-4.52961111,9.62903,1.72,0.016249,5.60799,0.415,0.887095
PGCC G105.14+13.19,319.31005889,68.29805806,8.87233,2.2,-0.58879,4.02915,,
PGCC G336.59+19.80,231.23538194,-32.85385889,9.97105,1.61,0.572514,6.19183,,
PGCC G8.07+36.43,239.77597,-1.73458806,7.03757,1.33,0.693583,5.28654,,
PGCC G318.86+16.85,214.05043,-43.38917889,9.07892,1.33,0.659988,6.8436,,
PGCC G131.73-8.34,27.60446194,53.52524611,10.0778,1.89,-1.26914,5.33929,,
PGCC G65.84-2.54,301.75036611,27.56828306,5.0169,1.11,1.08729,4.52135,,
PGCC G203.01-3.70,94.98561111,7.10152194,7.06041,1.42,-0.859343,4.96165,0.183654,0.316195
PGCC G156.79-25.11,47.85809694,28.40112111,7.36958,1.52,-0.656744,4.83367,0.14,0.24306
PGCC G157.62-12.18,57.97001306,38.25029389,8.50206,1.42,0.787864,5.97276,0.14,0.290205
PGCC G254.01+8.35,132.57624806,-30.81841306,7.34462,1.47,1.51165,5.0055,,
PGCC G335.64+8.12,239.47352611,-42.60519806,9.7282,1.81,-0.939442,5.38723,,
PGCC G118.41-8.19,5.159645,54.41407,11.0307,1.86,-0.655783,5.93119,,
PGCC G282.68-3.21,150.36631806,-59.22448306,,,,,,
PGCC G116.29+12.29,348.78582806,73.902985,9.64962,1.83,-0.457032,5.26924,0.38,0.788205
PGCC G125.58-10.47,17.11477889,52.31234389,10.0034,1.63,-0.474575,6.12208,0.55,1.25202
PGCC G191.02-4.59,88.257675,17.13387694,15.1378,2.65,-0.242337,5.71734,0.51,1.38015
PGCC G27.54-20.88,299.44918806,-13.925955,7.04598,1.09,0.613657,6.48783,,
PGCC G120.17+3.08,6.11327111,65.81111111,10.0562,1.99,-0.215574,5.05492,1.36,2.82059
PGCC G354.81+0.36,262.80877694,-33.13035611,7.26646,1.14,0.175149,6.36669,,
PGCC G175.57-16.57,68.58641111,22.80688111,8.57054,1.65,1.09579,5.20003,0.23,0.446644
PGCC G127.84+14.17,33.29823306,76.25501306,6.79404,1.26,-0.732776,5.37391,,
PGCC G269.91+5.24,143.27490194,-44.545185,7.87201,1.48,-1.01268,5.32691,0.97,1.82717
PGCC G159.35-24.39,50.47606306,27.63989111,8.09133,1.81,-0.722942,4.48131,0.14,0.245226
PGCC G49.75-7.24,297.21118194,11.41719194,,,,,0.18197,
PGCC G170.81-18.34,63.84792694,25.03385889,8.77307,1.72,-0.003171,5.1085,0.23,0.447896
PGCC G358.73+15.44,251.60331694,-21.15052806,8.32762,1.66,0.185516,5.02533,0.12,0.225814
PGCC G156.91-8.52,60.40105806,41.47523111,7.98579,1.84,-0.680957,4.34851,0.15,0.257127
PGCC G253.37+3.21,127.283455,-33.42178,,,,,,
PGCC G303.71-14.57,196.31903111,-77.42024194,6.09625,1.16,0.492309,5.24501,0.17,0.279628
PGCC G266.84-4.51,129.71823111,-48.83037194,6.5149,1.41,-1.0762,4.61761,,
PGCC G298.50-13.66,174.89704889,-75.91456611,7.20912,1.8,-0.026261,4.01512,0.17,0.266051
PGCC G336.86+5.12,243.48005694,-44.01497694,6.99872,1.08,0.843326,6.45211,-0.76,
PGCC G297.15-15.11,167.58679194,-76.82907889,14.5091,2.65,-0.521699,5.46864,0.17,0.44049
PGCC G190.12-14.47,79.06639889,12.72141806,12.2528,2.44,1.31901,5.01506,,
PGCC G107.64-9.31,348.60958889,50.66235389,7.88145,1.84,-0.889417,4.27406,,
PGCC G10.64-2.79,274.88501,-21.06367111,5.27939,1.02,0.59811,5.19733,,
PGCC G219.71-18.05,89.47782889,-13.957245,8.66873,1.73,-0.880226,5.018,0.415,0.796192
PGCC G102.51-25.52,350.58856194,33.79760389,7.06911,1.43,1.28254,4.93394,,
PGCC G251.68-12.16,109.70281194,-39.83357611,7.89525,2.18,-1.05117,3.62079,,
PGCC G339.57+11.52,240.33470194,-37.50014111,8.3551,1.63,0.343822,5.11992,-1,
PGCC G73.99+3.54,300.81430111,37.70573389,8.01221,1.54,-1.28295,5.19197,2.17,4.07126
PGCC G173.95-13.76,69.86550889,25.80700694,7.41599,1.46,0.325211,5.08521,0.23,0.41086
PGCC G337.69+7.49,242.08862306,-41.72553611,9.09365,1.8,0.840503,5.04169,0.38,0.748458
PGCC G314.90-22.25,261.30920389,-78.08863111,12.1571,2.55,0.312031,4.76232,,
PGCC G195.09-16.42,79.96884889,7.62699194,6.38974,1.09,-0.369902,5.84884,0.4,0.711317
PGCC G310.71-20.99,243.68621806,-80.61343389,10.9083,2.05,1.45616,5.32867,,
PGCC G173.12+2.36,84.47064194,36.02337611,11.9973,2.8,-0.20343,4.28147,,
PGCC G354.46+16.17,248.178955,-23.88437306,9.24741,2.13,-0.182798,4.34101,0.12,0.221164
PGCC G157.25-1.01,68.02040111,46.62813889,11.5655,2.27,-0.574096,5.08963,-0.91,
PGCC G336.42+8.15,240.23689306,-42.07291806,7.43909,1.46,-0.304149,5.11054,,
PGCC G111.37-11.86,355.308075,49.42924889,10.6052,2.64,-1.12922,4.01408,,
PGCC G218.27-14.89,91.82038111,-11.37212889,11.8682,1.56,0.104296,7.62784,0.415,1.1486
PGCC G89.96-1.98,320.06921389,46.921005,9.512,1.75,-1.24526,5.43336,0.62,1.29655
PGCC G102.68+15.17,311.17669694,67.69239806,10.1152,1.92,-0.317734,5.26973,,
PGCC G158.86-34.19,43.92930611,19.87552806,7.91981,2,-0.230378,3.96447,0.325,0.529736
PGCC G237.30-4.74,110.01095611,-23.81018611,8.47328,1.6,-0.682357,5.3001,,
PGCC G93.97-4.90,327.32540889,47.463345,8.77065,1.45,-0.633505,6.05057,0.252348,0.534737
PGCC G359.68+17.82,250.19682306,-18.96238889,12.7332,3.09,0.931323,4.1192,0.12,0.252803
PGCC G201.72-11.22,87.72849306,4.64934389,7.89924,1.98,-0.384694,3.99545,0.415,
PGCC G173.90+31.19,120.80991389,45.69022806,8.34365,1.53,-0.429192,5.44909,,
PGCC G311.57-21.75,250.34689306,-80.47799694,8.57261,1.87,0.929612,4.59246,,
PGCC G232.97+0.90,113.1315,-17.32371111,8.39209,1.93,-0.314145,4.34327,,
PGCC G91.30-38.16,347.11474611,18.30594389,7.16778,1.82,-1.43179,3.94389,,
PGCC G253.08+3.72,127.57820111,-32.89532889,10.4386,2.18,-1.12076,4.78458,0.61,1.254
PGCC G334.56+4.63,241.58856194,-45.93126306,8.77584,1.64,0.305116,5.36303,-0.92,
PGCC G121.94-1.76,10.80767694,61.09955194,8.33658,1.72,-1.03515,4.85526,,
PGCC G338.58+2.02,248.26197806,-44.96956306,7.58408,1.19,0.547756,6.36044,,
PGCC G272.13-15.64,118.406555,-59.21177694,9.28654,1.68,-1.20645,5.53705,,
PGCC G301.72-7.17,189.34924306,-70.00747694,6.341,1.2,1.52479,5.29909,,
PGCC G93.54-4.28,326.24301111,47.66579111,8.66367,2.11,1.0975,4.11165,0.120226,0.20873
PGCC G192.32-11.32,82.96282194,12.57544194,16.2603,4.65,0.152636,3.49962,0.4,0.877731
PGCC G176.94+4.61,89.22839389,33.91713,7.8267,1.64,-0.856565,4.78009,,
PGCC G163.68-8.33,66.77699306,36.94873389,10.9008,2.47,-0.141234,4.40503,0.42,
PGCC G303.15-13.80,193.77366611,-76.66761,8.65832,1.61,0.657839,5.37309,0.17,0.337291
PGCC G57.20-14.04,307.07879611,14.13876194,8.02224,1.56,1.0361,5.14091,0.594292,1.11018
PGCC G169.96-18.99,62.71767806,25.16317389,6.48569,1.59,-0.21614,4.06644,0.14,0.209141
PGCC G194.94-16.74,79.61267889,7.57603111,7.33393,1.24,-1.32616,5.9345,0.4,0.767621
PGCC G112.58+8.57,343.11801111,69.01586194,8.42632,1.84,-1.24698,4.58339,0.27,0.488093
PGCC G126.55-9.65,18.79463194,53.05885694,6.53542,1.34,-0.909648,4.86591,,
PGCC G128.76-69.46,14.91656,-6.678165,10.4739,2.49,-0.996118,4.20185,,
PGCC G11.42+36.36,241.38182111,0.43141889,7.05432,1.64,0.294751,4.30529,0.192309,0.308287
PGCC G5.82+19.91,252.07891806,-13.06279194,9.82942,1.85,0.968467,5.30738,0.12,0.252123
PGCC G158.03-21.40,51.39381,30.76921111,,,,,0.14,
PGCC G303.14-16.23,193.89563,-79.09931194,7.2673,1.4,1.42266,5.17355,0.17,0.303219
PGCC G349.82-3.54,263.49527,-39.44116611,7.13495,1.81,0.991906,3.93726,1.36,2.0968
PGCC G322.16-4.48,235.24269111,-60.85369111,11.625,2.83,0.653076,4.10606,,
PGCC G297.25-16.13,166.10594194,-77.80019389,10.6806,2.69,0.777158,3.97773,0.17,0.322323
PGCC G1.07-0.04,267.06796306,-28.04384194,8.84509,2.19,0.448082,4.03352,,
PGCC G339.67+11.53,240.42404194,-37.41933111,,,,,,
PGCC G239.58-4.61,111.30531306,-25.76073111,9.93481,1.7,-0.291968,5.86071,,
PGCC G303.01-16.85,193.26202389,-79.71871889,8.45328,1.44,1.24285,5.86412,0.17,0.348169
PGCC G181.44-30.75,60.86651611,9.58263389,10.4991,1.57,0.69645,6.69367,,
PGCC G122.72+9.61,12.181885,72.47625,8.91719,1.17,-0.94014,7.59341,0.32,0.765966
PGCC G338.78+17.26,235.05151389,-33.6147,8.43859,1.59,1.46231,5.29107,,
PGCC G102.36+15.97,308.964355,67.905365,9.02238,1.88,-0.462696,4.80371,,
PGCC G212.61-15.38,88.96684306,-6.66263611,10.8296,2.08,-0.130831,5.20189,0.415,0.906069
PGCC G71.71-10.91,313.24926806,27.44891194,8.61592,1.37,-0.229446,6.28933,,
PGCC G65.69-2.65,301.76001,27.38088389,6.26877,1.93,-0.427136,3.25437,,
PGCC G300.84+1.16,188.444595,-61.64020194,8.84211,2.15,-1.44421,4.11774,4.66,8.17937
PGCC G144.75-39.48,30.67618,20.35629806,7.03522,1.16,-1.56394,6.08008,,
PGCC G172.33-18.24,65.00491306,24.03627,8.77936,1.35,-1.38185,6.48652,0.23,0.504884
PGCC G24.90+5.40,274.36840806,-4.64157611,9.7912,2.32,0.827309,4.21515,0.42,0.784875
PGCC G335.92+6.99,240.78161611,-43.27593194,8.92612,1.4,-1.26925,6.37802,-0.79,
PGCC G175.00-4.83,78.59892306,30.44704611,8.35364,1.49,-0.502613,5.58896,0.38,0.75529
PGCC G317.92+7.11,217.98832694,-52.80610694,8.64459,1.28,0.206996,6.77124,,
PGCC G28.71+3.88,277.478485,-1.97306194,11.4289,3.58,0.869563,3.1933,0.26,0.4569
PGCC G212.60+7.99,109.82628611,3.92690389,6.48128,1.25,-0.606318,5.20398,,
PGCC G111.97+20.52,313.92099,78.00415806,,,,,,
PGCC G203.97-25.28,76.41136194,-3.98011806,,,,,,
PGCC G89.65-7.03,324.66793806,43.04894306,5.73431,1.39,1.45636,4.11104,,
PGCC G315.88-21.44,259.91320806,-76.91102611,,,,,0.25,
PGCC G359.50-20.46,288.38833611,-38.22437694,8.86592,1.58,0.636919,5.60914,,
PGCC G68.57-3.43,304.28695694,29.36217694,8.08929,1.48,-1.23994,5.48248,,
PGCC G353.99+15.88,248.09909111,-24.40571,10.2793,3.86,-1.46082,2.663,0.12,0.182631
PGCC G95.52+9.94,311.25119,58.96865806,9.26647,1.46,0.659827,6.32813,0.31,0.690531
PGCC G171.72-17.15,65.46649194,25.20830694,16.348301,3.59,0.450995,4.55263,0.23,0.577196
PGCC G157.39-13.82,56.42028806,37.13015694,,,,,0.14,
PGCC G182.15-17.95,71.59917389,17.02287694,9.88083,1.58,1.31043,6.24216,0.23,0.525435
PGCC G169.56-20.18,61.48529806,24.59968389,,,,,0.14,
PGCC G320.67-3.67,231.78840611,-61.05818611,8.31195,1.3,0.672326,6.41555,,
PGCC G339.46+9.37,242.08622694,-39.15700889,,,,,,
PGCC G302.07-7.04,190.36677611,-69.89994,9.64534,1.83,-1.05691,5.26727,0.44,0.912286
PGCC G271.23+0.69,140.04509,-48.73344,,,,,0.66,
PGCC G303.29-13.32,194.30281111,-76.18698111,8.6488,1.8,0.788296,4.80227,0.17,0.318696
PGCC G97.11+10.11,312.88830611,60.315865,7.01513,1.82,-0.816573,3.85891,,
PGCC G96.10-29.14,346.298065,28.13904806,15.1396,3.8,1.33055,3.9888,,
PGCC G102.18+15.24,310.30950889,67.34674806,7.73441,2.11,-0.344717,3.67406,,
PGCC G191.83-26.12,70.09279611,4.98828889,9.86511,2.22,-0.755195,4.45041,,
PGCC G142.03+1.73,51.86602,58.68793111,7.11479,1.39,0.87138,5.12366,,
PGCC G246.89-5.66,114.21037306,-32.66416194,14.987,2.94,0.026676,5.09973,,
PGCC G190.14-14.34,79.18560806,12.77429611,13.8587,2.54,1.47767,5.44688,0.22,0.556012
PGCC G344.77+24.00,235.04484611,-24.85081111,7.13834,1.12,-0.834427,6.38608,,
PGCC G131.09-45.78,18.789715,16.71976111,9.22196,2.24,-1.14748,4.1168,,
PGCC G337.60+16.37,234.64607194,-35.010605,15.5795,3.99,1.42895,3.90953,,
PGCC G98.81-1.88,330.32196,52.83474,7.23288,1.34,0.891177,5.39292,0.87,1.58057
PGCC G346.32-4.09,261.56524694,-42.66063306,8.30112,1.46,-0.547197,5.66895,,
PGCC G230.31+12.44,122.06636,-9.283425,15.1245,3.13,-0.682828,4.83324,0.295121,0.733985
PGCC G254.56-9.65,114.31658194,-41.24324806,9.42973,1.44,0.767023,6.53385,0.31,0.70782
PGCC G267.74+6.92,142.68306,-41.84211306,,,,,,
PGCC G136.31-1.77,39.01638806,58.35276806,6.54607,1.54,-0.625587,4.24342,,
PGCC G161.72-31.80,47.48296694,20.44450194,8.2986,1.5,-1.37263,5.52772,,
PGCC G169.83-7.61,72.34280389,32.84544806,7.94363,1.49,-0.19057,5.34484,0.14,0.265358
PGCC G4.89+19.29,252.07571389,-14.136385,8.07368,1.51,-0.003504,5.36016,0.12,0.229632
PGCC G89.52+38.40,252.31974806,59.93564611,11.4229,1.75,0.122506,6.52658,,
PGCC G324.51+10.24,225.01701389,-47.16694306,7.44976,1.19,-0.675694,6.25135,,
PGCC G91.18+37.00,254.60150111,61.50189611,9.44726,1.45,0.746534,6.52207,,
PGCC G103.34-26.54,351.870575,33.12030389,11.1115,2,-1.54139,5.55556,0.187932,0.429515
PGCC G352.98+16.49,246.89146389,-24.745115,9.50603,1.87,-1.18902,5.07184,0.12,0.242376
PGCC G158.23-20.15,52.44851306,31.66378611,,,,,0.14,
PGCC G256.11-9.25,115.76564806,-42.40983611,13.1313,2.37,-1.54205,5.55047,0.43,1.06786
PGCC G172.84+2.28,84.20673389,36.22302194,10.5195,2.03,0.109707,5.18828,3.42,7.34958
PGCC G339.17+15.81,236.50358611,-34.50229611,,,,,,
PGCC G148.12-48.63,29.50735111,10.95375,7.43427,1.3,-0.649899,5.72415,,
PGCC G98.49-3.26,331.23642,51.53665889,8.76663,1.65,-0.23848,5.30571,,
PGCC G272.86+29.38,163.63656611,-26.57600611,11.2393,2.15,-1.08249,5.22226,,
PGCC G130.17+11.06,37.22421306,72.551315,8.04205,1.7,-0.813831,4.72486,0.6,1.07586
PGCC G157.12-11.56,57.99517806,39.03894,7.5713,1.62,-0.767403,4.67391,0.14,0.242259
PGCC G316.31-21.63,261.47216806,-76.644035,8.17694,1.62,-0.142578,5.04251,,
PGCC G259.28+3.33,131.80596889,-38.05143,7.189,1.34,-0.602754,5.35342,,
PGCC G94.10+9.45,310.38406389,57.55977611,6.55069,1.44,0.900829,4.54325,0.219786,0.348782
PGCC G269.66+5.44,143.19831806,-44.22971306,6.49855,1.48,-1.52158,4.40092,,
PGCC G17.21-1.46,276.88101194,-14.63601694,9.4968,2.16,0.013876,4.39154,,
PGCC G66.63-3.26,302.91445889,27.84207194,8.5583,2.02,1.22394,4.23303,1.21,2.11851
PGCC G209.29-19.65,83.70333889,-5.74380389,7.19626,1.16,1.41235,6.17806,0.415,0.804923
PGCC G106.89+16.73,314.57098389,71.87864694,10.9989,1.6,-0.311819,6.85744,,
PGCC G173.44-13.34,69.86731694,26.455345,11.5673,2.76,-0.008831,4.18469,0.23,0.465482
PGCC G16.52+16.73,260.40914889,-6.29350111,8.04085,1.78,0.37229,4.51466,,
PGCC G11.38+36.22,241.48602306,0.32402611,,,,,0.195884,
PGCC G205.71-19.43,82.33920306,-2.64274,13.5319,2.84,0.024601,4.76693,0.415,0.969558
PGCC G278.68+22.95,165.46240194,-34.70757694,6.12812,1.95,-1.55091,3.14209,,
PGCC G141.24+12.20,65.41680889,67.24980194,,,,,,
PGCC G162.26-19.99,55.98885694,29.41482889,10.5231,1.73,-1.29815,6.06603,,
PGCC G146.07+17.80,84.09024806,66.73019389,5.63067,1.09,1.26666,5.14415,0.2,0.313107
PGCC G252.17-1.25,122.01423611,-34.938095,8.99495,1.95,-0.871336,4.62353,,
PGCC G117.53+21.56,330.24267611,82.57597389,8.99686,1.32,-0.158212,6.80026,0.38,0.864607
PGCC G186.50-5.36,85.12067389,20.59598389,,,,,,
PGCC G18.62+8.89,268.28714,-8.44682194,8.61197,1.76,0.24938,4.88332,-0.98,
PGCC G339.00+16.70,235.67215,-33.91821694,10.6262,1.87,1.41249,5.67621,,
PGCC G262.10-1.80,128.73303194,-43.42174889,14.1705,3.9,-0.855018,3.63049,,
PGCC G127.88+2.68,24.66899889,65.09223889,7.32396,1.32,-0.68196,5.54447,0.8,1.48293
PGCC G302.89-14.05,192.68399,-76.92329389,10.5791,2.05,0.332356,5.15531,0.17,0.365197
PGCC G130.30-5.73,26.19282,56.37967694,9.57632,1.74,-1.5173,5.51914,0.193197,0.408566
PGCC G126.50+10.67,25.08591694,73.205055,9.13466,1.16,-1.32149,7.86858,0.4,0.986464
PGCC G316.17+5.07,216.51528889,-55.35469806,5.60708,1.22,-0.987507,4.61328,-1.33,
PGCC G195.74-2.30,92.74239306,14.156815,6.62712,1.41,0.046294,4.69121,,
PGCC G4.80+37.02,237.71984889,-3.46278611,9.69319,1.54,-0.777865,6.31306,,
PGCC G4.17+36.67,237.68360889,-4.08066889,6.80779,1.09,-1.1712,6.22776,,
PGCC G176.19-2.11,81.98084306,31.01572,11.3331,2.34,0.183727,4.85073,1.57,3.38613
PGCC G30.40+2.34,279.62033111,-1.17964111,8.42459,1.77,0.593482,4.75494,0.26,0.478682
PGCC G98.31+5.24,321.49197389,57.92447306,8.46599,1.57,-0.698294,5.39407,,
PGCC G209.20-19.55,83.75135806,-5.62571889,,,,,0.415,
PGCC G303.75-15.19,196.671585,-78.038925,,,,,0.17,
PGCC G356.99+7.29,257.63421611,-27.40906306,7.80169,1.6,0.226564,4.87768,0.12,0.215332
PGCC G220.97-7.76,99.53283694,-10.65385611,8.6362,1.68,-0.747128,5.15054,,
PGCC G332.38+2.49,241.30879194,-48.97552889,10.5452,1.78,-1.09957,5.91782,,
PGCC G178.96+4.36,90.15859194,32.04758806,6.76967,1.39,1.49692,4.86607,,
PGCC G171.49-14.91,67.15750889,26.86655389,7.25116,1.46,-0.157709,4.95493,0.23,0.40103
PGCC G110.78+20.18,312.26321389,76.89040389,9.06527,1.98,-0.365351,4.56753,0.219786,0.411394
PGCC G157.88-35.13,42.66936889,19.52567889,14.7164,2.13,0.211386,6.89826,0.224905,0.659168
PGCC G186.83-5.26,85.39005306,20.36890194,8.32201,1.58,-0.633521,5.27888,,
PGCC G171.00-15.80,66.05841111,26.62192306,7.11519,1.33,-0.010013,5.33913,0.23,0.412366
PGCC G346.02+7.77,249.22920194,-35.61432306,6.12274,1.25,0.952931,4.90687,,
PGCC G230.17+12.70,122.22151194,-9.03857806,6.13707,1.65,-0.484961,3.72052,,
PGCC G301.56-18.66,184.08029194,-81.43395194,8.74907,1.42,-1.49111,6.1723,0.17,0.363396
PGCC G177.15-1.21,83.473,30.70989611,8.44118,1.84,-0.639881,4.58767,0.170608,0.308833
PGCC G301.38-7.95,188.18902611,-70.766815,7.45039,1.51,-1.44344,4.92623,0.53,0.934006
PGCC G158.23-20.58,52.139,31.314615,,,,,0.14,
PGCC G100.49+18.56,300.65255694,67.657425,10.6608,1.49,-1.10316,7.16719,0.19,0.483115
PGCC G229.29-8.44,102.64513389,-18.34830889,8.10762,1.91,-0.360252,4.24657,,
PGCC G146.72+2.06,59.16925806,56.12389,7.72748,1.15,0.099514,6.72098,-1.03,
PGCC G302.07+7.46,191.35600306,-55.40253806,7.70361,1.26,-0.57579,6.13573,-0.91,
PGCC G4.85-24.57,295.15219111,-34.79303,6.11707,1.16,-0.417113,5.26522,,
PGCC G122.36-11.21,11.95986694,51.657875,15.0077,2.58,-1.1405,5.80718,0.47,1.27633
PGCC G301.20-24.55,161.23165889,-86.98634306,10.233,1.17,1.19619,8.7091,,
PGCC G296.89-14.51,167.6138,-76.18432611,11.1983,3.14,1.20344,3.56601,0.17,0.312495
PGCC G240.85-19.57,96.21558389,-33.05122806,8.70379,1.09,-0.966854,7.95534,,
PGCC G302.08-5.44,190.57406611,-68.29287,9.60457,2,1.33942,4.79767,,
PGCC G51.65-9.67,300.32907111,11.82695806,8.80503,1.53,0.456146,5.75212,,
PGCC G331.00-5.32,248.68266306,-55.51366,,,,,,
PGCC G122.50-6.47,12.0803,56.40217611,,,,,,
PGCC G171.41-17.38,65.05909694,25.26882,8.30264,1.49,0.706522,5.56421,0.23,0.454741
PGCC G113.41+16.98,329.946625,76.56673389,7.49807,1.39,-0.346218,5.38228,,
PGCC G186.86-16.45,75.580185,14.24336,11.9793,2.36,-0.551968,5.07125,0.291072,0.659934
PGCC G105.56+10.39,325.19198611,66.59719111,8.13234,1.73,-0.637534,4.70658,0.9,1.61968
PGCC G234.23-7.66,105.68449389,-22.40060806,11.6656,1.92,-1.47014,6.06963,,
PGCC G359.21+36.89,234.93852194,-6.97189806,7.32822,2.05,0.249912,3.57802,0.11,0.163847
PGCC G226.71-7.46,102.39282194,-15.62263306,10.8589,2.43,-0.258078,4.47203,0.56,1.13517
PGCC G158.23-20.29,52.34749194,31.55019,6.43679,1.3,-0.993975,4.93274,0.14,0.229474
PGCC G275.93+1.85,146.63966389,-51.06297306,9.68412,1.61,0.960074,6.02028,,
PGCC G174.48-19.86,65.17147806,21.44268194,11.4726,2.7,-0.675857,4.25592,0.23,0.4675
PGCC G171.66-17.18,65.40188611,25.22619111,17.883699,4.33,0.497257,4.12813,0.23,0.574857
PGCC G202.36+2.50,100.25550806,10.543995,5.21716,1.62,0.91811,3.21421,0.76,
PGCC G220.68-1.86,104.74111194,-7.73982694,8.81504,1.81,1.38079,4.875,,
PGCC G324.12+8.57,225.73127694,-48.82241111,8.91425,1.41,-0.348536,6.32134,,
PGCC G315.31-21.48,258.91784694,-77.39464611,7.91588,1.73,0.528264,4.56431,,
PGCC G171.34+2.59,83.52717611,37.64876194,13.3906,3.32,-0.592291,4.03636,,
PGCC G5.31+10.82,259.56228611,-18.644245,8.0013,1.44,-0.849321,5.54602,0.12,0.23253
PGCC G326.86+5.50,231.76403806,-49.997925,6.35393,1.48,0.414082,4.30113,,
PGCC G165.90-44.04,42.57781194,8.69591111,9.3009,2.01,-0.384408,4.62941,,
PGCC G264.98+1.62,134.88052389,-43.51972194,7.94528,1.66,-1.51787,4.79635,,
PGCC G214.23-20.94,84.57655306,-10.47382389,10.7382,1.93,-1.06315,5.56628,0.415,0.933305
PGCC G156.43+32.55,121.64601111,60.56869889,9.37619,1.65,-0.71472,5.69252,,
PGCC G265.43+1.37,135.03364611,-44.02518111,8.66621,1.5,-0.02932,5.77792,,
PGCC G180.92+4.54,91.45213306,30.423655,5.77618,1.11,1.56552,5.2163,,
PGCC G346.70-8.13,266.57507306,-44.48304694,10.461,1.71,0.897171,6.12344,-0.8,
PGCC G220.80-8.12,99.13036306,-10.66556806,,,,,,
PGCC G355.18+14.86,249.75866694,-24.18757389,5.72187,1.57,0.872321,3.6413,0.12,0.159333
PGCC G224.34-2.00,106.30658,-11.06226306,7.58317,1.91,-0.612183,3.97249,0.5,0.798276
PGCC G170.87-10.91,70.13111111,29.94302611,12.3078,2.76,-0.263078,4.46281,0.23,0.495848
PGCC G142.77+8.55,61.84606889,63.58938194,6.29936,1.06,-0.218505,5.95638,,
PGCC G40.94-8.88,294.41513111,2.98477694,,,,,,
PGCC G197.12-15.96,81.37355806,6.19177694,15.7735,4.78,-0.619359,3.30198,0.4,0.839728
PGCC G27.11-20.69,299.10244806,-14.21883389,8.17083,1.36,-0.191747,6.02211,,
PGCC G0.03-18.90,286.74502611,-37.23810194,7.85617,1.3,-1.04955,6.04439,,
PGCC G156.20+5.27,74.25041194,51.52376611,7.40767,1.35,-0.689178,5.48394,,
PGCC G172.58-18.12,65.27359806,23.94588306,7.51998,1.57,-0.836859,4.79141,,
PGCC G315.96-28.62,293.27362111,-78.388725,11.0005,2.45,-0.043422,4.48629,,
PGCC G122.64-11.79,12.40930694,51.07804111,7.68149,2.06,-0.83213,3.7235,,
PGCC G0.07+16.18,251.81729111,-19.67601194,10.4579,2.17,0.486692,4.82702,,
PGCC G291.87-30.88,79.02175889,-79.63159889,9.41208,2.12,-0.59704,4.44244,,
PGCC G354.21+16.26,247.93740806,-24.00155306,7.63219,1.41,0.053328,5.40693,0.12,0.224237
PGCC G278.33-0.94,146.70613111,-54.74500306,8.48381,1.49,-1.06153,5.69299,,
PGCC G70.43-1.57,303.696655,31.94875889,8.92553,2.01,-0.533785,4.43781,2.09,
PGCC G107.48-9.38,348.43170194,50.54087389,4.73588,1.09,0.399445,4.35894,,
PGCC G149.52-1.23,59.21347806,51.80219306,9.19369,1.7,-0.745812,5.40754,0.84,1.72286
PGCC G23.34+11.82,267.96527111,-2.97076194,10.2262,1.4,0.014106,7.28469,,
PGCC G173.30+31.29,120.85309611,46.21601111,7.04563,1.27,-0.30854,5.53547,,
PGCC G50.87-8.69,299.05886806,11.65634306,,,,,0.465586,
PGCC G326.12-9.34,248.14994806,-61.78790694,16.3538,3.09,0.848819,5.28499,,
PGCC G307.95+2.09,203.04184,-60.38517389,,,,,1.18,
PGCC G127.80+13.68,32.50800306,75.799065,7.36358,1.33,-0.419225,5.52863,,
PGCC G199.15-10.46,87.16456611,7.22177694,11.3125,1.88,1.55715,6.00921,0.4,0.959345
PGCC G266.31+1.11,135.58064306,-44.85453389,6.54827,1.27,0.766711,5.15726,,
PGCC G3.26-4.38,272.58444194,-28.30240806,7.05209,1.3,1.12463,5.40878,,
PGCC G302.94-16.50,192.92230194,-79.37614389,10.0367,2.36,-1.17196,4.2527,0.17,0.323074
PGCC G179.12+4.29,90.17905389,31.86500389,9.74493,2.61,1.10065,3.7275,,
PGCC G229.76-6.91,104.30599194,-18.09170694,13.0114,3.19,-0.316458,4.08075,0.149279,0.316415
PGCC G266.26+0.77,135.17639194,-45.04382306,10.6849,1.62,-1.3214,6.60134,,
PGCC G203.42-8.29,91.11744694,4.57861194,7.68257,1.32,1.02391,5.81836,0.39,
PGCC G337.09-4.91,254.67294306,-50.59845389,9.60607,2.01,-0.706558,4.78885,,
PGCC G222.14-16.98,91.47572306,-15.63004194,7.40163,1.51,-0.567884,4.89606,,
PGCC G178.49-6.75,79.09107194,26.50206889,15.398,3.24,0.120096,4.75602,0.23,0.572545
PGCC G96.93+10.24,312.45947306,60.25803806,9.08764,2.09,-0.398983,4.35716,,
PGCC G339.40+9.40,242.00695806,-39.17503,9.94797,1.91,-0.604464,5.21512,-0.73,
PGCC G228.05+0.90,110.69581611,-13.00428389,,,,,0.250035,
PGCC G106.44-10.77,347.77230806,48.86307111,9.66588,1.24,0.058823,7.77526,,
PGCC G240.99-1.20,115.36759194,-25.34315694,15.3889,3.73,-1.4938,4.12942,6.15,14.261
PGCC G313.65-22.56,260.04034389,-79.25843806,13.1163,2.92,0.462756,4.49654,,
PGCC G89.64-6.84,324.49197389,43.18550889,8.29378,1.63,-1.45944,5.07929,,
PGCC G315.06-28.95,295.357635,-79.14987194,7.11566,1.24,-0.375587,5.72801,,
PGCC G56.85+4.82,289.71347,23.44504,11.0088,2.55,0.256543,4.32452,,
PGCC G89.05-41.27,347.18258694,14.747995,9.13264,1.79,0.758763,5.10678,0.213796,0.424716
PGCC G9.79+0.87,271.02307111,-20.04975889,12.8254,2.38,0.263408,5.39132,,
PGCC G53.01+3.07,289.46554611,19.24477806,6.88223,1.16,1.4425,5.94214,0.65,1.20914
PGCC G219.31-9.26,97.43293806,-9.842135,11.9119,3.24,-0.802765,3.67627,0.905,
PGCC G54.02-2.38,295.02108806,17.52021611,8.11204,1.38,0.794959,5.87533,,
PGCC G110.56+11.92,333.09509306,70.86984306,8.57586,1.15,-0.789183,7.48731,0.301995,0.703928
PGCC G117.87-10.72,4.79614806,51.83493,6.53166,1.4,-1.06737,4.66842,,
PGCC G220.74-8.06,99.16182694,-10.57860889,12.8602,2.86,-0.841703,4.50107,0.53,1.17296
PGCC G213.93-13.60,91.13954889,-7.02240611,6.99391,1.23,-0.565948,5.69243,0.415,0.761699
PGCC G194.70-16.83,79.41178889,7.73152694,8.4709,1.58,-0.563125,5.35798,0.4,0.783884
PGCC G93.61-4.46,326.49981694,47.57965889,12.8335,3.3,-0.91952,3.8897,0.143219,0.294346
PGCC G171.80-15.32,67.02850306,26.36672,3.85832,1.12,-0.366916,3.44785,0.23,0.244021
PGCC G215.87-17.62,88.30777694,-10.45404889,9.88494,2.15,0.749018,4.5904,0.415,0.813181
PGCC G176.54-9.80,75.06979389,26.27615194,8.89141,1.39,0.011977,6.3901,-0.65,
PGCC G107.50+4.47,337.14169306,62.98209,8.71331,1.82,-1.06286,4.77442,0.66,1.23829
PGCC G118.26-9.60,5.18507111,52.99462111,7.63778,1.35,-1.13239,5.67123,,
PGCC G348.18-12.26,272.67178306,-45.16284611,8.10308,1.39,0.963038,5.81733,,
PGCC G202.23+2.61,100.28528611,10.71501111,6.56881,1.84,-1.29849,3.57278,0.76,1.07099
PGCC G111.75+0.59,348.99121111,61.37573194,13.9052,4.33,-0.071088,3.20784,4.01,7.79053
PGCC G153.34-8.00,57.17397694,44.153805,8.41373,1.62,-0.505514,5.18379,,
PGCC G156.68-11.88,57.31025694,39.07227306,13.7109,3.2,-0.700361,4.28541,0.14,0.312165
PGCC G217.47-13.76,92.51438889,-10.185095,6.76368,1.19,1.12706,5.6718,0.415,0.747698
PGCC G62.39-14.19,310.15338111,18.21576306,8.14418,1.52,0.922088,5.35262,,
PGCC G154.34+36.33,129.83056611,61.89706389,10.8229,1.61,0.303826,6.7108,0.35,0.86767
PGCC G152.86-20.80,47.08871111,33.99503694,10.3058,1.81,-0.212467,5.69957,,
PGCC G297.73-2.76,180.42625389,-65.13118,9.90342,1.53,0.558106,6.47716,-2.04,
PGCC G170.74-0.13,80.26102389,36.63526194,8.29628,1.5,-0.758942,5.5272,,
PGCC G178.69-6.99,78.99370611,26.19906806,13.7438,1.77,-0.213164,7.74487,0.23,0.690265
PGCC G103.69+14.87,313.371185,68.30417611,7.36448,1.4,0.916395,5.26489,,
PGCC G169.84-19.37,62.32528694,24.98062306,12.4891,2.79,1.15287,4.47919,0.14,0.304594
PGCC G116.25-9.94,2.04666889,52.36972806,7.91995,1.53,-0.845893,5.1931,,
PGCC G189.03+1.12,92.485985,21.67993389,,,,,,
PGCC G354.40+0.45,262.44516,-33.423435,8.91931,1.62,-0.298821,5.52215,1.9,
PGCC G154.07+5.07,71.81022611,53.03629306,7.594,2.32,-0.54126,3.27888,0.17,0.246759
PGCC G181.67+4.19,91.51980611,29.59577611,8.56382,1.58,-0.086568,5.40554,,
PGCC G214.19-19.66,85.74288194,-9.89362306,6.43712,1.15,-0.795339,5.5801,0.415,0.723505
PGCC G13.87+4.54,269.77581806,-14.69376306,10.7533,1.89,1.0868,5.70037,,
PGCC G157.92-8.24,61.63440306,41.01712806,8.15365,1.37,-0.083593,5.95166,0.14,0.283694
PGCC G123.08-10.99,13.09494306,51.87688111,5.91269,1.35,-1.00393,4.37495,,
PGCC G355.47+22.59,243.64927694,-18.94887,8.18369,1.16,-0.461763,7.07566,0.12,0.265623
PGCC G218.06+12.60,116.38907611,1.24924694,11.1008,2.39,-0.49435,4.64219,,
PGCC G339.00+17.72,234.90139806,-33.12617111,6.43681,1.53,0.281907,4.21449,,
PGCC G266.11-7.66,125.12278,-50.07382194,7.02001,1.37,-1.03117,5.11837,0.28,0.488224
PGCC G265.84+1.11,135.13298,-44.50336806,10.3718,2.39,-1.52482,4.34339,,
PGCC G101.29-15.46,344.03268389,42.51366806,8.51123,1.7,1.56386,5.01572,,
PGCC G161.85-31.58,47.71887611,20.55658111,9.04938,1.37,-0.599053,6.58458,,
PGCC G93.46-4.67,326.53079194,47.31957611,9.08992,1.45,-0.911245,6.28794,0.121339,0.266846
PGCC G244.57-7.98,110.510605,-31.71088806,7.14085,1.77,-0.840595,4.02832,,
PGCC G82.37+9.77,299.40554806,48.04651306,9.34097,1.49,1.29728,6.26294,,
PGCC G97.81+15.33,304.55059806,63.85474389,10.9022,3.58,-0.031675,3.04727,,
PGCC G3.78+35.62,238.31048611,-4.98523694,,,,,,
PGCC G359.57+12.03,255.05203194,-22.56255889,8.98788,1.84,0.119519,4.8794,0.12,0.231164
PGCC G170.00-16.13,65.05532806,27.10536389,5.42718,1.94,-0.357075,2.7922,0.14,0.158531
PGCC G175.17-16.72,68.20079,22.99902694,12.262,2.85,-0.581366,4.29841,0.23,0.485724
PGCC G258.98-13.20,112.629295,-46.71808194,6.50231,1.58,-1.35372,4.11584,,
PGCC G264.31+1.76,134.43045,-42.92198611,7.2357,1.54,0.152525,4.70461,,
PGCC G176.38+1.89,86.07952889,33.01218389,11.891,2.88,-0.618284,4.13083,,
PGCC G258.18+0.97,128.56288111,-38.62946306,9.16305,1.82,-0.592199,5.03932,,
PGCC G175.21+1.29,84.73679389,33.687435,11.716,2.79,0.327202,4.19743,4.59,9.36311
PGCC G302.12-5.26,190.68737806,-68.11384611,10.8084,2.37,1.21205,4.55432,,
PGCC G95.85-12.58,335.87319889,42.383785,9.05899,1.49,1.39175,6.09477,,
PGCC G101.85+15.19,309.93389889,67.05644194,11.3936,2.39,-0.715526,4.75936,,
PGCC G145.92-39.24,31.67103611,20.25368889,15.1767,3.68,-0.727212,4.12112,,
PGCC G302.87-13.32,192.61515806,-76.19563306,7.4835,1.67,0.76637,4.48027,,
PGCC G289.01-5.78,158.53581194,-64.875725,11.0524,1.97,1.29602,5.6239,,
PGCC G159.58-32.83,45.27134694,20.660225,8.30631,1.78,-0.801062,4.67058,0.251189,0.45511
PGCC G300.96-31.56,33.55999389,-85.24459806,7.49229,1.56,0.270205,4.79851,,
PGCC G287.55+7.99,167.69114694,-51.85165,14.2551,2.11,0.117796,6.75895,,
PGCC G171.52-10.60,70.88523889,29.65902111,6.69282,1.69,-0.796652,3.97157,0.23,0.344937
PGCC G126.81+32.43,161.39985694,83.71735389,9.6545,1.71,-0.357817,5.63608,,
PGCC G145.85-39.19,31.63846611,20.31935889,,,,,0.239883,
PGCC G302.06-5.69,190.49746694,-68.54754611,9.55931,1.37,1.34759,6.98455,,
PGCC G154.48-15.16,52.57759111,37.79539889,6.38041,1.28,-1.08529,5.00101,,
PGCC G243.42-8.24,109.63904611,-30.81218889,7.69632,1.45,-1.21358,5.29258,,
PGCC G205.06-6.04,93.87242889,4.19410806,7.80663,1.17,0.105678,6.64519,0.4,0.838054
PGCC G32.01+2.96,279.80206306,0.52851611,6.64173,1.22,-1.34007,5.439,0.26,0.45457
PGCC G164.96-5.71,70.29383889,37.766125,9.53397,1.55,0.033574,6.14163,0.33,0.734547
PGCC G319.35+0.88,224.92886389,-57.84264389,9.38212,1.79,-0.333521,5.24297,2.18,4.44756
PGCC G167.99-15.73,63.88052389,28.78772694,7.73618,1.15,0.438196,6.75181,0.14,0.294326
PGCC G353.69+3.69,258.79815694,-32.17760111,12.0762,2.67,0.703445,4.51867,,
PGCC G65.12+3.53,295.37887611,30.08547389,7.79312,1.62,0.86687,4.81294,,
PGCC G102.20+15.38,310.03842194,67.44187889,5.82191,1.81,-0.066428,3.21398,,
PGCC G227.91-3.39,106.721695,-14.87014111,7.59835,1.35,-0.704883,5.6278,2,
PGCC G130.69-6.79,26.46362694,55.25799611,7.06502,1.39,-0.997768,5.06564,0.264241,0.459833
PGCC G315.08-21.57,258.82266194,-77.62477889,8.91712,1.53,0.878076,5.81284,,
PGCC G138.81+5.42,50.54267111,63.54071389,8.50557,1.55,-0.7222,5.48316,0.67,1.33097
PGCC G160.30+3.24,75.65927111,47.05331806,8.13368,1.76,-0.35935,4.61392,,
PGCC G334.22+11.28,235.33052111,-41.04528806,18.4741,3.37,-0.524166,5.48737,,
PGCC G311.55-21.94,251.20129389,-80.60167694,9.87738,2,1.42632,4.94463,,
PGCC G159.52+3.25,74.95999889,47.67654389,9.25089,2.07,-0.35269,4.47677,3.5,6.55193
PGCC G252.52-1.60,121.88092,-35.42517889,5.74314,1.42,0.325936,4.0526,-2.2,
PGCC G107.17+5.44,335.35437,63.62549611,7.93235,1.88,-1.47698,4.21548,0.9,1.51389
PGCC G210.68-36.77,68.50332611,-14.17871889,10.6185,1.8,0.182566,5.88501,0.14,0.32193
PGCC G157.59-8.90,60.72893889,40.74565111,7.26625,1.51,-0.100623,4.79795,0.14,0.240457
PGCC G158.65-24.36,49.910255,28.04654111,10.3271,2.23,0.049806,4.62849,0.14,0.281555
PGCC G338.94+11.78,239.53776611,-37.71035,10.9274,1.98,-0.408897,5.50784,0.55,1.24119
PGCC G121.90-1.54,10.714535,61.30983,7.2968,1.43,-1.17983,5.0889,-1.23,
PGCC G157.98-35.11,42.75105694,19.49415806,,,,,0.234423,
PGCC G162.64-31.66,48.23651111,20.08708611,11.415,1.61,-0.586643,7.10762,,
PGCC G282.71+1.70,155.59420806,-55.21496611,5.06977,1.2,1.25956,4.22365,,
PGCC G0.81-0.21,267.08999611,-28.357155,9.14653,1.64,0.626004,5.56562,,
PGCC G214.06-11.40,93.18572194,-6.15645611,,,,,0.415,
PGCC G173.41+31.60,121.30903611,46.15902694,12.5292,2.92,-0.43792,4.28725,,
PGCC G174.84-15.16,69.279305,24.25293194,7.35146,1.39,0.230426,5.27906,0.23,0.416792
PGCC G165.16-7.57,68.70838889,36.38892694,8.33442,1.73,-0.65523,4.81724,0.14,0.258043
PGCC G207.87-20.64,82.20687111,-5.00909889,8.97418,1.24,-0.610271,7.22985,0.415,0.972382
PGCC G7.82+21.10,252.194,-10.849325,5.71457,1.47,-0.126624,3.87684,0.12,0.1643
PGCC G265.60-5.82,127.00148,-48.61528,7.22707,1.75,1.15525,4.12937,,
PGCC G132.04+8.97,39.93127389,69.903145,6.86604,1.25,-0.452497,5.50055,0.85,1.5195
PGCC G23.40+8.21,271.17529306,-4.626175,8.65244,1.34,0.427817,6.47874,,
PGCC G100.33+14.85,308.56390389,65.64891111,8.11349,1.74,0.140433,4.67605,,
PGCC G210.49-19.79,84.08051306,-6.81732806,7.57964,1.28,-1.13501,5.93763,0.415,0.809852
PGCC G132.06+13.61,46.92041806,74.01676889,8.76703,1.41,-1.34236,6.22588,,
PGCC G120.69+2.66,7.46334694,65.43573,11.5317,2.61,-0.640093,4.42343,,
PGCC G173.08-16.50,66.95501694,24.66055111,7.38408,1.28,0.490393,5.78793,0.23,0.437385
PGCC G159.08-19.93,53.353245,31.34617,,,,,0.14,
PGCC G151.07+4.47,67.67460611,54.88179389,6.9764,1.31,-0.20158,5.3208,0.109648,0.194326
PGCC G204.15-25.66,76.15541806,-4.29698389,9.06172,1.71,-0.394504,5.29763,,
PGCC G215.44-16.38,89.25724,-9.55397111,7.72114,1.62,0.356227,4.77868,0.415,0.733279
PGCC G300.52-31.81,36.45043889,-84.86685889,8.4561,2.62,0.040329,3.22366,,
PGCC G151.45+3.95,67.46588889,54.25456611,6.75451,1.25,-1.18706,5.40951,0.17,0.298918
PGCC G99.97-3.45,333.37661694,52.231655,10.1698,2.17,1.30522,4.67624,,
PGCC G340.49+23.00,232.36723306,-28.115185,8.84251,2.02,0.663477,4.38202,,
PGCC G292.21-31.04,77.64785,-79.85600306,,,,,,
PGCC G174.64-19.94,65.21348611,21.27521889,13.4514,2.9,-0.35837,4.64064,0.23,0.528601
PGCC G246.32+4.00,123.41780111,-27.17678806,11.6977,2.12,-1.41643,5.5241,,
PGCC G173.62-17.88,66.19289389,23.36528194,10.2473,2.05,0.16026,4.9874,,
PGCC G135.11+12.92,53.97306389,71.78283694,7.39002,1.43,-0.347757,5.18203,,
PGCC G307.40+6.36,200.86044306,-56.23721306,7.08885,1.27,1.05983,5.59013,,
PGCC G266.73+4.98,139.89134194,-42.51952694,9.23009,1.92,0.322942,4.80009,,
PGCC G206.58-14.42,87.16462694,-1.04492889,12.0691,2.44,0.894801,4.94132,0.415,0.932253
PGCC G203.78-8.48,91.11774389,4.17216111,8.28803,1.08,0.89886,7.69221,0.39,0.905821
PGCC G113.79-12.24,358.97885111,49.64582389,9.25251,1.46,-0.435093,6.33586,,
PGCC G140.48+6.07,54.41860194,63.13173306,8.88192,1.61,-0.84338,5.52238,,
PGCC G114.24-13.00,359.88409389,48.99644111,8.98196,1.35,-1.54291,6.62928,,
PGCC G156.05+6.02,75.06250806,52.10145194,6.64803,1.22,0.863958,5.45773,,
PGCC G341.18+6.51,246.27246111,-39.99584611,8.92974,1.77,1.54963,5.05405,0.14,0.273586
PGCC G160.65-16.34,57.40004,33.17759694,8.29216,1.57,-0.52458,5.27862,0.14,0.269432
PGCC G165.23-8.78,67.66191889,35.51458694,,,,,0.14,
PGCC G304.58-12.11,199.06509389,-74.90286306,8.43051,1.82,0.242489,4.61986,0.49,0.889537
PGCC G251.94-1.17,121.946205,-34.70417389,9.11965,2.15,-0.904535,4.24821,,
PGCC G208.56+2.38,102.98934889,4.98035806,6.84419,1.36,0.881994,5.03354,,
PGCC G226.29-0.65,108.45497889,-12.16820806,7.48811,1.7,-0.597,4.40413,,
PGCC G303.16-16.33,194.01280194,-79.20453611,,,,,0.17,
PGCC G316.78-5.47,226.66856389,-64.63932806,14.8087,3.59,0.496347,4.1226,-1.14,
PGCC G264.01-11.94,117.70394111,-50.50990694,11.1704,2.11,-1.44716,5.29152,0.25,0.559102
PGCC G185.32-2.10,87.47100111,23.29704889,6.47914,1.26,-0.992655,5.12904,,
PGCC G221.69-17.08,91.19222306,-15.28009611,10.4701,1.77,-1.39264,5.91086,0.415,0.949677
PGCC G219.69-13.68,93.53629306,-12.099495,10.1906,1.94,-0.489572,5.24753,,
PGCC G111.17+2.08,346.65219111,62.53010611,7.18642,1.38,-0.140596,5.19021,0.660694,1.17375
PGCC G94.32-5.20,327.996765,47.45736694,15.1465,3.01,-0.809169,5.02684,0.203236,0.51586
PGCC G316.54+20.68,209.65850806,-40.41158694,7.8823,1.23,0.643657,6.39379,,
PGCC G154.96-15.18,53.03133806,37.50031694,6.61227,1.51,0.087168,4.38444,0.14,0.219274
PGCC G130.58+11.52,39.05810194,72.81477389,8.58666,1.67,-0.492459,5.14206,,
PGCC G218.12-5.75,100.07636306,-7.22863111,6.77463,1.28,-0.692633,5.27944,,
PGCC G198.96+1.42,97.68038889,13.07090389,8.89033,1.9,-0.35987,4.68785,,
PGCC G335.05-2.78,250.03646889,-50.80093,10.4934,2.33,0.613493,4.51108,,
PGCC G129.22+15.19,40.24744,76.70764889,9.1482,1.49,-0.919389,6.12687,0.20893,0.455004
PGCC G26.92-20.69,299.030365,-14.37963889,8.07488,1.67,0.645021,4.83277,,
PGCC G96.38+10.28,311.72796611,59.85566306,9.12002,1.98,-0.400471,4.60767,,
PGCC G121.88-11.12,11.186375,51.73423,10.094,2.05,-0.691973,4.93357,,
PGCC G196.89-16.11,81.12921889,6.305025,10.6792,1.73,-0.867598,6.1856,0.4,0.945686
PGCC G95.14+6.50,315.78555306,56.49703194,7.69653,1.3,1.16463,5.94033,0.204174,0.401587
PGCC G216.29-13.82,91.96283,-9.17824694,18.179399,4.86,-0.441794,3.74383,0.415,0.995916
PGCC G287.42+8.27,167.67665111,-51.54456306,13.7666,2.43,-0.960592,5.67518,,
PGCC G16.87-2.56,277.72650111,-15.44373389,11.7324,3.29,1.00263,3.56786,,
PGCC G333.95+11.43,234.93289194,-41.08841306,12.0116,2.58,-0.465452,4.66313,-0.88,
PGCC G93.03-11.47,331.97525,41.716255,10.1951,2.37,-1.31406,4.30602,,
PGCC G202.30-8.42,90.46928389,5.491495,7.69994,1.49,1.068,5.16405,0.415,
PGCC G164.95-8.54,67.649055,35.88797806,,,,,0.14,
PGCC G49.10-7.31,296.954285,10.81832306,8.24744,2.01,0.790987,4.09831,0.197697,0.33434
PGCC G69.34+10.03,290.87289389,36.83675806,13.3686,3.11,1.23205,4.30452,0.181134,0.399697
PGCC G93.16+9.61,309.13140889,56.91346389,,,,,0.44,
PGCC G313.12-22.36,257.79623389,-79.59820611,11.4085,3.43,0.468844,3.32476,,
PGCC G97.75+8.58,316.05288694,59.82143,11.7304,2.53,-0.071797,4.63965,1.1,2.36057
PGCC G255.44-3.95,121.35842111,-39.15425111,7.1823,1.38,1.44572,5.20372,,
PGCC G302.28-17.75,189.04927111,-80.60012111,7.83419,1.37,-1.53874,5.71614,0.17,0.330921
PGCC G90.05-4.91,323.08956889,44.88296111,12.6928,1.53,0.867323,8.29073,-0.74,
PGCC G203.07-11.90,87.76341194,3.16258111,7.93546,1.27,-1.1707,6.22917,0.415,
PGCC G172.15-16.01,66.70789306,25.65266,7.47382,1.45,-0.304227,5.14154,0.23,0.414737
PGCC G180.86+4.41,91.28355389,30.41381611,,,,,1.09,
PGCC G323.03+4.01,227.86004611,-53.30844111,9.13567,1.24,-0.924684,7.38325,,
PGCC G164.99-8.60,67.62519806,35.81098889,10.2363,2.37,-0.736761,4.32546,0.14,0.270983
PGCC G206.57-14.45,87.13250694,-1.04983,8.66299,1.48,1.11769,5.83907,0.415,0.85858
PGCC G300.86-15.91,182.72026111,-78.61414306,10.2415,2.45,1.34965,4.1728,0.17,0.323275
PGCC G118.27-9.90,5.26619889,52.69592306,9.47184,1.67,-1.22281,5.68587,,
PGCC G149.21-6.09,54.16302111,48.17213389,7.44576,1.36,-0.445557,5.46706,0.248886,0.461911
PGCC G182.19-17.72,71.81479611,17.132215,8.17248,1.26,0.543356,6.47491,0.23,0.486685
PGCC G192.12-11.10,83.05307,12.85450611,9.79292,1.85,-1.1504,5.30703,0.4,0.83882
PGCC G10.28+2.97,269.34283389,-18.58324111,6.47317,1.26,1.00953,5.15529,1.87,3.14234
PGCC G97.80+15.21,304.77191194,63.78544611,,,,,,
PGCC G114.98+8.57,349.31341611,69.97760806,11.5912,2.16,-1.18925,5.374,,
PGCC G164.56-24.48,54.54030194,24.60900889,8.92187,1.81,-0.594801,4.92706,0.14,0.270008
PGCC G266.27+0.93,135.34910611,-44.94857389,7.49319,1.39,1.26304,5.37981,,
PGCC G121.04-9.96,9.765215,52.86683306,5.90945,1.31,-0.742499,4.51712,,
PGCC G146.19+8.80,67.41464194,61.37919611,11.1011,1.86,-1.08919,5.95638,,
PGCC G192.63-3.73,89.876015,16.16454694,,,,,1.84,
PGCC G192.32-11.88,82.47542611,12.27846806,11.1541,2.48,0.020757,4.49971,0.4,0.82432
PGCC G150.23+3.95,66.00234194,55.12277194,10.2532,2.56,0.066581,4.01147,0.17,0.317144
PGCC G111.32+19.98,314.33392306,77.19036111,8.57231,2.07,1.31944,4.13295,,
PGCC G211.46+0.97,103.05344389,1.74968194,8.53111,1.67,-0.688287,5.1074,,
PGCC G157.24-3.93,65.02055389,44.59699194,17.5161,3.22,-0.682359,5.43701,,
PGCC G101.50+16.78,305.97531111,67.63938111,6.23493,1.14,-0.335435,5.46152,,
PGCC G93.22-4.60,326.18679806,47.21757889,8.40614,1.51,-0.949304,5.55994,0.69,
PGCC G6.95+20.70,252.04969806,-11.74141111,13.5988,3.84,0.250244,3.53973,0.12,0.242183
PGCC G204.49-11.33,88.93283806,2.20524694,10.9304,2.43,-1.06608,4.50434,0.415,0.847048
PGCC G224.50-3.79,104.75785111,-12.02069111,11.9641,2.75,-0.091873,4.3541,0.74,1.55363
PGCC G121.90-10.42,11.19756194,52.442455,8.23325,1.73,0.355316,4.76401,,
PGCC G192.95-3.71,90.05998194,15.900045,8.48656,1.43,-0.464523,5.91596,,
PGCC G4.55+36.73,237.83088694,-3.80530306,10.7548,2.36,-0.098149,4.56086,,
PGCC G219.36-7.69,98.88166806,-9.19234194,7.1378,1.34,0.330876,5.33911,0.415,0.745231
PGCC G89.36-0.69,318.09951806,47.392265,10.553,1.56,1.53628,6.77853,,
PGCC G307.26+2.87,201.44886806,-59.71412694,8.10799,1.68,0.785328,4.82704,,
PGCC G296.53-15.67,164.14747611,-77.08876,7.41232,1.29,1.4353,5.7504,0.17,0.322851
PGCC G32.92+2.69,280.45648194,1.216015,11.4228,2.41,0.121655,4.73704,,
PGCC G6.08+20.27,251.93002306,-12.65590889,9.63615,1.94,1.49211,4.96557,0.12,0.24146
PGCC G164.75-24.19,54.88994194,24.71871806,11.199,3.35,-0.819943,3.34515,,
PGCC G30.78+5.23,277.22354111,0.477775,11.9454,2.63,0.238239,4.54866,0.26,0.557495
PGCC G221.45-17.88,90.33821111,-15.39556611,13.7345,3.08,-0.802841,4.46538,,
PGCC G106.49+6.91,332.20803806,64.45474194,9.04296,1.73,1.08277,5.21947,0.54,1.07917
PGCC G100.15-3.95,334.07312,51.91988,11.7375,2.13,-1.24685,5.50722,,
PGCC G124.04-6.43,14.84364694,56.42532306,,,,,,
PGCC G264.19+6.23,138.74710111,-39.83957306,11.4152,2.22,-1.41271,5.15313,0.56,1.24938
PGCC G27.71-21.03,299.65795889,-13.84188611,12.0749,3.18,0.668448,3.79997,0.41,0.807871
PGCC G63.46+11.17,286.572205,32.12688111,,,,,,
PGCC G313.02-22.61,258.80282611,-79.79540306,8.66114,1.51,0.485136,5.73978,,
PGCC G213.52-20.72,84.49285889,-9.782855,12.513,2.14,-0.339048,5.85448,0.415,1.03324
PGCC G118.08-9.70,4.92784694,52.87458389,5.30223,1.31,-1.20436,4.04068,,
PGCC G259.49+3.23,131.86711111,-38.27397194,9.50443,2.23,-1.20778,4.25545,0.61,1.12848
PGCC G96.01-13.64,336.82687389,41.57919306,13.8658,2.57,0.83999,5.39146,,
PGCC G197.17-15.99,81.36975889,6.12927889,16.5958,5.16,-0.651715,3.21482,0.4,0.849893
PGCC G205.30-6.00,94.02314,4.00359194,7.88087,1.21,1.20111,6.5295,0.4,0.834668
PGCC G160.31+2.94,75.318855,46.85750194,8.83943,2.29,-0.48087,3.85933,,
PGCC G148.03+0.10,58.73845306,53.77965194,10.264,1.45,-1.15275,7.0978,0.77,1.91178
PGCC G274.79+0.27,143.59776306,-51.49807694,16.352301,3.08,-0.455945,5.30162,2.2,5.9586
PGCC G108.84-0.81,344.70266694,58.94845194,11.111,2.15,0.107912,5.17345,0.181134,0.399479
PGCC G198.61-8.95,88.22673806,8.42469194,,,,,0.45,
PGCC G125.67-0.55,18.74448194,62.19952,7.03179,1.32,0.267336,5.31032,0.5,0.888771
PGCC G201.52-11.08,87.76387806,4.88613306,11.9656,3.14,-0.7315,3.80559,0.415,0.814615
PGCC G171.80-9.76,71.83352694,29.97355111,10.6802,2.17,-0.473518,4.92137,0.23,0.485051
PGCC G104.45+8.33,326.489685,64.31955694,7.09813,1.29,-1.51665,5.51301,0.41,0.746065
PGCC G242.99-8.74,108.90151194,-30.65172,7.21654,1.4,-0.749265,5.1665,,
PGCC G164.00-29.76,50.47011194,20.86096,9.08484,1.96,-0.947352,4.62454,,
PGCC G225.08+8.29,115.85530889,-6.87302111,13.9848,2.92,-0.291501,4.78382,,
PGCC G111.37+0.77,348.10571306,61.399155,8.12376,1.35,-0.835581,6.0282,0.338844,0.689761
PGCC G174.19+30.15,119.39402806,45.28684611,10.273,2.71,-0.587885,3.79666,,
PGCC G296.93-7.90,175.269745,-69.943275,8.07991,1.3,-0.193635,6.21493,0.45,0.9276
PGCC G177.08+2.87,87.508705,32.91822111,9.4067,2.02,-0.701536,4.64588,0.205116,0.394438
PGCC G173.43-5.44,76.95298,31.35664694,8.6249,1.36,-0.141776,6.31877,0.23,0.49391
PGCC G116.01+9.13,351.59231611,70.84644306,12.5731,3.64,-0.913253,3.45596,,
PGCC G162.89-5.25,68.98106389,39.61314389,12.8802,2.66,-0.387573,4.84361,0.14,0.321663
PGCC G230.27+12.77,122.33757806,-9.08633194,,,,,,
PGCC G34.79+9.51,275.20877111,5.95444111,10.2173,2.7,0.319665,3.78451,0.86,1.5556
PGCC G202.18-9.17,89.75515694,5.23624694,13.1672,2.69,-1.12845,4.89145,0.415,0.968815
PGCC G216.00-15.98,89.86515,-9.86432611,7.84186,1.44,1.49596,5.42899,0.415,0.787669
PGCC G169.19-14.87,65.50083889,28.54116611,9.23867,1.77,0.179641,5.23291,0.14,0.28316
PGCC G302.60-15.94,191.22953806,-78.80998194,6.41957,1.33,0.415719,4.81602,,
PGCC G339.02+14.99,237.002625,-35.22584194,8.60939,1.35,0.961786,6.37973,,
PGCC G95.30-9.68,333.01937889,44.47021111,5.71948,1.14,1.33583,5.00007,0.392645,0.610791
PGCC G139.19+15.09,67.62979889,70.673195,14.9971,2.6,1.41328,5.7743,,
PGCC G156.50-8.62,59.90397306,41.66648111,10.4521,2.98,-0.293444,3.50453,0.14,0.246474
PGCC G166.27-44.72,42.35860389,7.99283389,9.43534,2.01,-0.579304,4.68367,,
PGCC G102.16+7.29,324.24633806,62.04130611,10.6526,1.75,-0.006901,6.0944,-0.77,
PGCC G166.39-43.90,42.94088,8.58814694,7.69684,1.64,-0.554184,4.68769,,
PGCC G111.14-12.24,355.12994389,48.99793194,8.35578,1.47,0.181926,5.69889,0.261818,0.525551
PGCC G161.29-36.02,44.56191306,17.24106,5.99135,1.26,-0.753041,4.75894,,
PGCC G317.02+20.74,210.20442194,-40.228325,6.34364,1.77,0.900717,3.58239,,
PGCC G188.03-3.70,87.47802,20.15453889,13.2727,3.3,-0.612112,4.0213,,
PGCC G356.93+30.19,238.69712806,-12.88051694,12.5614,2.48,0.275043,5.05513,,
PGCC G132.12+8.95,40.12110111,69.85334806,,,,,0.85,
PGCC G253.50-1.28,122.87222306,-36.07356306,8.62955,1.68,1.38703,5.13278,,
PGCC G183.94-11.52,78.15412111,19.36273389,11.1823,2.48,-0.306539,4.5057,,
PGCC G5.28+14.48,256.37207,-16.61372889,7.00107,1.51,0.114342,4.63716,,
PGCC G205.59-8.20,92.20291889,2.72694694,9.76249,1.8,1.47193,5.41621,0.415,0.877815
PGCC G176.52-1.77,82.53416389,30.92849694,8.49605,1.84,0.42895,4.61354,,
PGCC G110.87-12.37,354.80648806,48.80220806,9.33963,1.47,0.913133,6.34439,0.461317,1.03297
PGCC G247.55-12.09,107.61414306,-36.15399611,10.3315,2.81,-0.577372,3.68135,,
PGCC G93.21+9.55,309.28027306,56.90997306,10.4003,2.14,-0.629603,4.85259,0.44,0.909263
PGCC G165.62+3.34,80.190895,42.81551,8.31303,1.27,-1.24993,6.54607,,
PGCC G217.81-17.37,89.33283194,-12.02507111,7.23734,1.53,-0.533196,4.73335,0.415,0.706559
PGCC G182.31-19.20,70.64573694,16.15116111,8.42134,1.58,-0.163543,5.32425,0.23,0.447996
PGCC G302.17-5.04,190.85461389,-67.90461,17.2122,3.14,1.33779,5.47524,,
PGCC G173.20-9.12,73.40341889,29.30726389,6.89638,1.72,-0.416212,4.0029,,
PGCC G98.08+15.83,303.86816389,64.33323694,8.79029,2.01,0.067046,4.3741,,
PGCC G9.83+21.50,252.93440194,-9.07529389,6.96582,1.71,0.841872,4.0781,0.147231,0.228266
PGCC G301.73+7.66,190.763855,-55.18964389,9.62548,2.44,0.487677,3.93684,,
PGCC G183.61-3.68,85.01786,23.93411389,12.0709,2.67,-1.15975,4.52138,,
PGCC G95.64-14.80,337.262665,40.40517806,9.13887,2.54,-1.50725,3.59381,,
PGCC G295.74-7.99,171.95300306,-69.68440194,11.0993,3.28,0.541847,3.38736,,
PGCC G155.95-45.69,35.69111611,11.24364889,9.71723,1.75,-0.946738,5.55408,,
PGCC G106.78-19.61,352.63479611,40.71584306,14.9362,3.2,-0.473201,4.67384,,
PGCC G191.54-16.84,77.78006694,10.29102806,,,,,,
PGCC G168.84-15.80,64.46736889,28.14773389,8.39639,1.24,-0.852755,6.79801,0.14,0.307675
PGCC G170.76+0.06,80.48425306,36.72387306,10.4011,2.34,-0.457492,4.44575,,
PGCC G265.85-7.41,125.22125194,-49.71493889,,,,,,
PGCC G253.37-4.02,119.90216806,-37.43197611,11.0206,2.19,1.2191,5.03918,-0.89,
PGCC G229.07-4.66,106.08408389,-16.47760389,6.15298,1.5,0.577324,4.11219,0.172982,0.253109
PGCC G116.25-45.02,7.91221,17.59116694,16.119801,4.4,-1.45059,3.66482,0.266686,0.596257
PGCC G312.74-22.50,257.50637806,-79.97245806,9.19125,1.23,0.848511,7.47556,,
PGCC G206.73-26.50,76.48214694,-6.73917806,10.2286,1.49,0.036961,6.84792,,
PGCC G159.15-8.76,62.33858889,39.803875,7.08631,1.08,-0.376628,6.59039,0.14,0.278304
PGCC G56.08-2.93,296.59539806,19.033815,7.19029,1.08,-0.254323,6.65363,,
PGCC G100.22-2.04,332.375,53.53626611,8.26347,1.83,1.52629,4.5159,,
PGCC G70.02-31.14,328.39096111,12.91944611,8.19997,1.59,1.06457,5.15096,0.277971,0.525505
PGCC G20.52+1.70,275.60046389,-10.24075889,6.30977,1.38,0.958042,4.57611,,
PGCC G299.57+5.61,186.68718,-57.10276389,9.19191,1.78,0.585894,5.16948,,
PGCC G225.64+10.64,118.19215389,-6.21207194,12.1958,2.22,-0.319496,5.48709,,
PGCC G0.25+16.57,251.596985,-19.30154806,7.32815,1.18,1.04916,6.20736,,
PGCC G240.12+19.50,133.34030194,-13.35838694,15.5541,4.61,-0.711647,3.37162,,
PGCC G9.64+21.28,253.01330611,-9.34950389,11.9993,2.74,0.977324,4.37255,0.12,
PGCC G157.12-8.72,60.42735306,41.18635889,15.4389,4.21,-1.29498,3.664,0.15,0.328174
PGCC G242.64-11.09,106.25225111,-31.36688611,10.3234,1.75,1.49187,5.91373,,
PGCC G161.60-8.38,64.91623694,38.390015,7.7362,1.4,-0.992038,5.54139,0.14,0.266642
PGCC G232.30-2.61,109.54721806,-18.40192389,12.6838,1.72,-0.084654,7.36032,,
PGCC G148.28-7.74,51.62888,47.35469111,8.33458,1.79,-0.848902,4.66611,,
PGCC G63.60+1.69,296.35043306,27.85360694,8.54115,1.8,0.575418,4.7553,,
PGCC G203.44-11.82,88.00824694,2.87891389,7.82999,1.41,-0.592353,5.555,0.415,
PGCC G179.41+4.07,90.11677611,31.51079389,,,,,0.701455,
PGCC G75.19-10.98,315.78533889,30.04703306,,,,,,
PGCC G71.23-33.83,331.10006694,11.79395611,9.3667,1.11,-1.48639,8.45946,0.192309,0.497956
PGCC G256.94-5.35,120.83864611,-41.16403194,12.7074,2.1,1.23768,6.05618,,
PGCC G144.43+8.53,64.42831389,62.43775889,11.8265,2.32,0.165182,5.1062,-0.66,
PGCC G313.93+2.26,214.42738306,-58.754375,12.0587,2.65,-0.004653,4.55865,,
PGCC G302.49-4.68,191.70082111,-67.55027806,12.263,1.77,-1.49258,6.91901,,
PGCC G71.90+15.28,286.06628389,41.30651889,9.17165,1.48,1.09712,6.19559,,
PGCC G301.62+7.59,190.57565306,-55.25394111,,,,,,
PGCC G15.17+7.25,268.02346806,-12.22494806,7.6375,1.45,0.008688,5.25418,-0.89,
PGCC G118.38+21.74,334.30584694,83.20423111,8.38553,1.64,0.403936,5.11893,0.38,0.724211
PGCC G206.33-8.57,92.22150389,1.90761111,9.20055,2.02,0.192754,4.55919,0.415,0.781854
PGCC G258.42-4.42,122.94355806,-41.90133694,13.2947,2.73,0.58023,4.86119,,
PGCC G26.47+8.03,272.76596111,-2.03659111,9.7286,1.85,-1.03771,5.2574,-0.82,
PGCC G132.31+9.36,41.11161389,70.148285,7.68065,1.87,-0.282193,4.10928,,
PGCC G172.14-9.93,71.92688806,29.60845,9.22749,1.94,-0.409405,4.74667,0.23,0.442783
PGCC G108.91-6.76,349.00311306,53.49378611,7.909,1.42,-0.883734,5.5761,0.363078,0.701379
PGCC G217.70-16.11,90.45465889,-11.39778611,11.5441,2.34,-0.431647,4.92931,,
PGCC G95.98+8.18,314.42782611,58.22194694,11.0605,1.68,1.19871,6.59321,-0.73,
PGCC G147.01+3.40,61.17178694,56.9436,6.13702,1.35,-0.673522,4.54147,,
PGCC G10.20+2.40,269.83010889,-18.93610194,8.41843,1.73,-0.201734,4.8754,,
PGCC G303.83-21.96,202.06997694,-84.7659,10.7895,2.41,0.048846,4.46946,,
PGCC G10.90-2.68,274.91619889,-20.78183889,12.5306,3.56,0.564332,3.51638,-1.32,
PGCC G186.01-29.83,64.06607111,7.05621389,15.7984,2.96,-0.816319,5.32999,0.376704,1.00554
PGCC G75.24-10.99,315.83468611,30.08014889,11.0728,1.91,-0.190605,5.78718,,
PGCC G303.81-22.35,202.50421111,-85.15251194,9.27484,1.34,0.123484,6.9298,,
PGCC G135.50-44.67,22.18836,17.29343611,6.79216,1.27,-1.15346,5.33278,,
PGCC G180.68-19.37,69.52960194,17.27002694,10.2949,1.82,-0.641887,5.66249,0.23,0.510823
PGCC G93.68+9.96,309.16601611,57.53358111,8.25339,1.45,0.750443,5.69212,0.205116,0.408959
PGCC G206.85-4.37,96.18782806,3.39294,7.94013,1.46,-0.160531,5.42577,0.415,0.792354
PGCC G144.33-6.63,47.49899306,50.39313111,13.2581,2.17,-0.688982,6.11453,0.44,1.1524
PGCC G178.95-19.93,68.00102194,18.19855889,,,,,0.23,
PGCC G1.72-0.40,267.804565,-27.67390611,6.54322,1.21,-0.501768,5.38787,,
PGCC G6.95+0.90,269.48440611,-22.50426306,7.3712,1.85,0.540532,3.98445,,
PGCC G288.13+7.63,168.33374,-52.39823194,10.7061,1.86,0.806927,5.75971,,
PGCC G11.11+3.42,269.36715694,-17.64248306,8.13041,1.65,1.49458,4.93458,0.95,1.75038
PGCC G290.97-3.50,164.97813389,-63.74644889,8.28013,1.11,-0.506039,7.48024,,
PGCC G290.85+7.63,172.53736889,-53.32665306,13.3355,3.14,-1.37587,4.2414,0.66,1.44387
PGCC G264.32+2.01,134.70001194,-42.76488889,10.1421,1.61,-0.902315,6.30298,,
PGCC G170.58-7.86,72.66423,32.11018,7.3998,1.21,-0.552183,6.128,,
PGCC G207.14-1.86,98.55101,4.30273111,7.76391,1.38,-0.691154,5.62841,,
PGCC G71.45-12.20,314.19351194,26.44951194,11.5931,1.51,0.170964,7.65477,0.6,1.64416
PGCC G174.90-17.13,67.68237306,22.93300806,9.18749,1.69,-0.77211,5.44295,0.23,0.473119
PGCC G215.73-15.06,90.584595,-9.22938,7.804,1.54,-0.401794,5.07706,0.415,0.75987
PGCC G300.61-3.13,187.162415,-65.89611111,7.00916,1.32,0.534467,5.29854,0.2,0.354542
PGCC G127.35-47.04,15.98679889,15.72758806,9.14939,1.93,-0.69441,4.7364,,
PGCC G97.75+15.33,304.47711194,63.80378694,16.788401,5.65,-0.030701,2.97153,,
PGCC G334.40+18.16,230.33877611,-35.39507306,13.7513,3.72,0.481596,3.69244,,
PGCC G181.82+4.26,91.67127194,29.49767111,,,,,1,
PGCC G296.48-15.79,163.68872111,-77.17675,,,,,0.17,
PGCC G271.82+4.91,144.95498694,-46.071545,12.183,2.47,0.437316,4.93547,1.32,2.97744
PGCC G96.81-11.17,335.90231306,44.07381806,11.8585,2.5,-1.45641,4.74091,,
PGCC G139.22+15.23,67.99616194,70.74384306,,,,,,
PGCC G126.73+6.18,23.32874694,68.74505611,7.60909,1.41,0.199585,5.41325,,
PGCC G144.43-49.95,26.73755306,10.58585694,16.7684,3.86,-1.20425,4.34757,,
PGCC G97.42+9.94,313.53949,60.44685389,7.86604,1.17,-0.059,6.72387,0.36,0.761582
PGCC G168.47-17.95,62.44909306,26.907175,6.5251,1.24,-1.06006,5.24588,,
PGCC G138.82+5.25,50.36170611,63.39270389,,,,,,
PGCC G176.36-2.07,82.13423889,30.89800306,12.1009,2.84,0.428888,4.25698,1.57,3.27782
PGCC G192.13-11.12,83.04125194,12.83367111,14.1439,2.74,-1.13079,5.16467,0.4,0.994473
PGCC G213.21-19.84,85.17445389,-9.14234806,15.4869,3.39,-1.13979,4.57366,0.415,1.01599
PGCC G6.49+38.17,237.63125611,-1.70592806,12.4734,1.93,0.331236,6.47679,0.134896,0.352695
PGCC G77.47+5.61,300.91317694,41.74667,12.6777,1.85,-1.488,6.85927,,
PGCC G203.30-11.93,87.850685,2.95157806,7.76297,1.62,-1.04119,4.80556,0.415,0.737328
PGCC G338.01+16.41,234.98678611,-34.74075694,,,,,,
PGCC G116.26+20.17,330.15701306,80.74352306,10.4775,2.2,-0.83904,4.76399,,
PGCC G265.79-7.26,125.36450194,-49.58192806,6.89593,1.32,0.249996,5.20499,-0.71,
PGCC G101.63-28.83,351.19406111,30.43350389,8.93486,1.75,1.50155,5.10298,,
PGCC G300.08+4.63,187.47932389,-58.11853,8.76651,1.75,0.932689,5.00404,,
PGCC G139.19-3.29,42.65049389,55.776005,7.07035,1.53,-0.100539,4.63277,0.85,1.4151
PGCC G103.69-26.37,352.14975,33.38630306,7.2822,1.67,1.46194,4.36639,,
PGCC G116.24+20.38,329.21682694,80.88613889,6.53135,1.2,-0.424042,5.44305,,
PGCC G98.04+13.97,307.40356389,63.32405889,10.7911,2.42,-0.483594,4.46011,0.36,0.726497
PGCC G21.20+4.95,273.019135,-8.09962,6.61013,1.42,0.777478,4.64282,,
PGCC G28.38+0.10,280.69445806,-4.00428389,9.96755,1.89,0.882822,5.26141,3.43,7.22547
PGCC G226.15-0.42,108.59400194,-11.93208111,9.01213,1.35,-0.114224,6.69783,1.05,2.373
PGCC G298.17-13.65,173.646545,-75.806885,,,,,0.17,
PGCC G317.68-28.66,292.96978806,-76.88633,9.6339,2.06,-0.364829,4.6793,,
PGCC G135.76-44.50,22.41447389,17.41712,9.27905,1.3,-0.494596,7.14384,,
PGCC G100.05+8.87,318.734375,61.69759,12.5624,2.81,-1.30111,4.4704,0.31,0.675769
PGCC G159.36+3.76,75.41442111,48.11298389,6.3128,1.09,0.725788,5.78753,3.31,5.81986
PGCC G309.92-44.51,356.78857389,-71.73309306,15.4309,2.92,-0.252038,5.28597,,
PGCC G265.40-6.02,126.57833889,-48.56650194,9.84351,2.31,1.09805,4.26403,,
PGCC G187.12-4.04,86.66872389,20.75791389,6.47752,1.15,-1.08017,5.65152,0.152055,0.267617
PGCC G268.21+2.02,138.35368306,-45.642975,9.48521,1.55,-1.12979,6.11134,1.87,4.14152
PGCC G162.28-9.04,64.91815194,37.44908111,12.4299,1.81,-1.37623,6.86947,0.14,0.376315
PGCC G171.79-8.44,73.02159889,30.81480194,8.62718,1.57,-0.253568,5.51216,0.23,0.46137
PGCC G317.37+20.53,210.69648694,-40.33640694,6.44868,1.29,0.81363,4.99051,,
PGCC G182.06+0.43,88.02204111,27.39309694,6.23967,1.27,-0.606067,4.89803,,
PGCC G93.31-11.68,332.43707306,41.70837,9.17372,1.93,1.52809,4.76227,0.399945,
PGCC G191.54-0.77,92.02149194,18.57631694,13.6542,2.73,-0.481312,5.00745,-0.82,
PGCC G138.99+14.76,66.49547611,70.59720611,7.38654,1.46,-0.57257,5.04561,,
PGCC G247.75-12.44,107.32383694,-36.47411,16.506901,2.85,-0.597645,5.797,,
PGCC G47.73-5.55,294.71524,10.49264806,7.08342,1.14,0.805906,6.19744,,
PGCC G89.65+2.18,315.19079611,49.54138611,8.56857,2.14,0.526159,4.01161,,
PGCC G358.48+15.33,251.53616306,-21.40735389,,,,,0.12,
PGCC G227.78-8.14,102.24313389,-16.87752889,15.7215,4.04,0.66302,3.89411,,
PGCC G316.51-21.70,262.08264194,-76.505165,7.54665,1.42,-0.50623,5.30893,,
PGCC G157.59+32.65,121.80081889,59.58487694,12.9082,2.18,0.231133,5.92985,,
PGCC G297.08-16.02,165.62564111,-77.63669611,10.035,2.24,1.46386,4.48208,0.17,0.331645
PGCC G158.26-21.81,51.31201194,30.31221389,12.9626,2.43,-0.31779,5.34406,0.14,0.338951
PGCC G323.45+7.45,225.68331889,-50.11533694,13.682,2.97,0.425736,4.6064,,
PGCC G159.17-5.59,65.28701,42.06916806,10.2474,2.24,0.188742,4.56831,0.62,1.23397
PGCC G336.33+18.84,231.67587306,-33.77522694,13.505,2.62,0.867401,5.15703,0.49,1.18952
PGCC G68.58-3.63,304.49050889,29.25554111,14.5433,2.51,1.53911,5.80246,,
PGCC G173.14+31.67,121.36551694,46.3969,9.88039,1.71,0.004306,5.77644,0.371535,0.816476
PGCC G10.28+3.41,268.94586194,-18.36682306,7.76308,1.28,-0.868332,6.06161,,
PGCC G96.16-14.09,337.31536889,41.27681389,7.17201,1.91,1.4704,3.75553,,
PGCC G1.26-0.03,267.17639194,-27.874075,7.87149,1.42,-0.777183,5.55507,,
PGCC G291.00+7.49,172.69618194,-53.50292611,5.64747,1.22,1.27017,4.63443,,
PGCC G121.86-10.91,11.15499889,51.94518694,15.2023,3.73,-0.47055,4.07504,0.39,0.89292
PGCC G216.02+7.52,110.95346806,0.69009611,8.42538,1.73,0.536059,4.8739,,
PGCC G234.56-0.22,112.89894111,-19.25552694,,,,,5.39,
PGCC G91.14+37.46,253.66519194,61.37456111,9.15438,1.5,0.417016,6.12107,,
PGCC G139.92-44.86,25.32662806,16.36321111,8.37796,1.54,-1.179,5.44829,,
PGCC G172.81-20.78,63.30714389,21.99506,8.12759,1.81,-0.654353,4.49261,0.23,0.404282
PGCC G173.22+27.79,115.86280806,45.69484306,7.20822,1.18,-1.19238,6.12048,,
PGCC G142.25+5.45,56.62027,61.56673389,12.3393,2.17,-1.56783,5.6787,0.5,1.21749
PGCC G159.62-19.71,53.973705,31.201725,5.99184,1.14,-0.299458,5.23984,0.14,0.228189
PGCC G0.22-0.02,266.55374111,-28.75826306,,,,,,
PGCC G115.56+17.42,336.27426111,78.14035806,12.4326,2.89,-1.20894,4.30327,,
PGCC G122.01-7.47,11.25005111,55.388485,6.59932,1.11,-1.17694,5.93281,,
PGCC G57.26+4.00,290.70559694,23.423115,8.52989,1.53,-0.897304,5.57603,-0.66,
PGCC G219.31-8.19,98.40827889,-9.36839889,8.08294,1.35,-0.572571,6.00213,,
PGCC G153.74+35.92,129.14347806,62.43981889,9.19459,2.21,0.212037,4.15569,0.35,0.629336
PGCC G192.54-11.55,82.88641389,12.27154306,7.1005,1.61,-0.902063,4.42129,0.4,0.651937
PGCC G116.26-44.88,7.90363389,17.73120694,14.1968,2.83,1.36252,5.01922,,
PGCC G121.36+3.41,8.97302806,66.23561111,9.24363,2.03,-0.384615,4.55681,,
PGCC G192.10-26.04,70.28459889,4.83039194,7.62032,1.18,1.3235,6.47625,,
PGCC G121.75+0.21,10.25049889,63.05459194,10.1947,2.71,-0.736815,3.76461,1.91,3.44196
PGCC G21.09+12.16,266.608765,-4.72936694,,,,,0.69,
PGCC G158.57-45.41,37.45146889,10.54998389,9.64527,1.68,-0.611153,5.72895,,
PGCC G179.15-6.26,79.95038611,26.24567389,9.14965,2,-0.19125,4.5754,0.230144,0.433155
PGCC G0.93+16.13,252.38233889,-19.05080611,11.3319,2.14,-1.1365,5.28865,0.12,0.270229
PGCC G158.40-21.86,51.40356806,30.19768,11.4368,2.19,-0.431421,5.21376,0.14,0.314473
PGCC G336.27+2.85,245.12397806,-46.05012889,8.22928,1.78,0.313329,4.61211,,
PGCC G100.54-3.42,334.11776694,52.57626306,9.63093,2.17,1.16648,4.44265,,
PGCC G160.52-17.04,56.74567,32.72868694,8.99359,1.73,1.14352,5.1907,0.14,0.27825
PGCC G340.75+9.69,242.98806806,-38.04699306,7.53206,1.16,0.591556,6.46783,,
PGCC G150.47+3.93,66.27816,54.94107806,10.5346,2.75,-0.345197,3.83095,0.17,0.31415
PGCC G132.21+8.98,40.38153806,69.842995,8.73514,1.45,0.299036,6.00723,,
PGCC G209.65-7.41,94.77207194,-0.478235,9.59641,1.68,-0.821413,5.6979,,
PGCC G96.32+10.02,312.06112694,59.6432,6.75054,1.27,1.14886,5.32106,,
PGCC G198.08-30.21,69.55244389,-1.84849,9.1968,1.64,-0.334514,5.62315,,
PGCC G155.68+5.11,73.519875,51.82997889,7.43629,1.66,-0.34201,4.48084,,
PGCC G163.82-8.33,66.88813806,36.842155,13.0758,2.85,-0.003498,4.58875,0.42,
PGCC G39.09+5.85,280.42157,8.13614389,10.9893,1.65,-1.20507,6.66378,,
PGCC G285.99+5.25,163.50526389,-53.71628194,14.0388,2.68,-1.29382,5.24548,,
PGCC G302.49-4.71,191.69967694,-67.57472194,14.1064,2.06,1.5505,6.84339,,
PGCC G149.60+3.45,64.60289,55.21528194,5.45729,1.25,-0.318216,4.37069,0.17,0.241512
PGCC G128.30-69.65,14.73834611,-6.85646694,8.29491,1.66,-1.37646,5.00576,,
PGCC G126.54+32.53,163.64990194,83.75658389,,,,,,
PGCC G160.85-9.46,63.27385306,38.14100611,12.9301,1.92,0.145983,6.72791,0.14,0.379836
PGCC G219.15-8.71,97.85730694,-9.45692694,6.53119,1.21,0.201436,5.39238,0.415,0.716409
PGCC G151.58-38.57,36.21804806,19.04514306,16.2677,3.65,-0.637505,4.45116,,
PGCC G307.91+14.26,200.12210111,-48.32852611,8.00173,1.81,0.949625,4.40923,,
PGCC G32.38-15.27,296.27383389,-7.37624806,11.1356,2.32,0.827286,4.79527,,
PGCC G174.09+30.22,119.46838389,45.3839,,,,,0.275423,
PGCC G104.07+12.20,319.34371889,66.85675,9.47099,2.42,-0.232367,3.91341,,
PGCC G171.03+2.66,83.38882389,37.94675111,10.0382,2.09,-0.134712,4.80645,,
PGCC G210.90+63.39,163.28057889,24.94816194,9.67549,2.63,-0.590282,3.67864,,
PGCC G152.54+5.33,70.47096306,54.36313611,8.58798,1.8,0.710772,4.75877,,
PGCC G198.03-9.87,87.13226306,8.46683111,10.4845,1.69,-0.9983,6.19368,0.4,0.937637
PGCC G148.71+24.18,101.42217306,66.61730194,9.64466,1.85,-0.670038,5.21493,0.2,0.412596
PGCC G118.50-8.23,5.31284,54.37698389,,,,,,
PGCC G134.27-1.83,35.31499889,59.05207806,9.95733,2.32,0.04862,4.28856,,
PGCC G25.49+6.17,273.95480306,-3.75992111,6.62989,1.58,0.46825,4.19997,0.38,0.583292
PGCC G262.43-3.08,127.56156194,-44.44811194,12.549,2.89,1.23753,4.33935,,
PGCC G303.65-15.33,196.26162694,-78.18196889,7.10532,1.81,-0.212258,3.92269,0.17,0.261071
PGCC G202.00+2.65,100.22177111,10.93222694,7.18303,1.41,-0.440905,5.09903,0.76,1.33794
PGCC G357.30+6.94,258.14749111,-27.35705889,7.9254,1.12,-0.593302,7.06943,0.12,0.261283
PGCC G118.16+8.82,358.11895806,71.14663694,14.1857,2.77,-0.583557,5.11806,,
PGCC G171.92-15.66,66.835205,26.05685389,6.51037,1.31,-1.45027,4.98545,0.23,0.381162
PGCC G112.43-21.28,359.95098889,40.536865,10.1634,2.81,-0.960024,3.61214,,
PGCC G339.60+16.93,236.02143889,-33.37900194,9.07199,1.94,1.03371,4.66795,,
PGCC G337.61+16.44,234.60845889,-34.95430806,11.7822,2.78,1.25447,4.2417,,
PGCC G228.24+11.58,120.290375,-7.96823611,7.8874,1.19,-1.30903,6.60912,,
PGCC G94.19-37.37,348.84686306,20.08638611,9.84344,2.55,-1.46585,3.85322,,
PGCC G261.75-12.47,115.39479111,-48.80279194,9.60135,1.52,-1.01406,6.30033,,
PGCC G62.19-4.52,301.43835389,23.43238806,8.9543,1.24,0.429716,7.23908,,
PGCC G65.44-3.14,302.0672,26.91072806,8.86913,1.78,0.352993,4.98966,1.21,2.34147
PGCC G355.45+22.11,244.01934806,-19.27814306,7.30646,1.41,0.124991,5.19566,0.12,0.215071
PGCC G177.61-20.59,66.61990389,18.73966389,10.255,1.35,-0.236386,7.6046,0.23,0.590829
PGCC G87.26+4.04,310.66693111,48.88009611,9.25416,1.44,0.231686,6.42791,,
PGCC G282.43-39.86,60.79839694,-68.77021,10.2054,2.05,-0.819007,4.98308,,
PGCC G187.21-0.06,90.41433,22.69821194,13.059,2.18,-1.20459,5.97711,,
PGCC G181.17+4.34,91.38761111,30.10793306,9.71201,1.21,0.322686,7.99501,,
PGCC G123.75+24.74,30.11614611,87.50392889,15.6218,3.97,0.31083,3.93719,0.38,0.866901
PGCC G14.84+19.63,257.08651694,-6.14782806,10.8608,2.58,0.487146,4.21075,,
PGCC G159.19-20.47,53.05800611,30.85146889,10.4413,1.76,-1.39443,5.94331,0.14,0.320808
PGCC G176.82-19.86,66.70725306,19.77739111,7.47573,1.29,1.18874,5.79761,0.250035,0.478827
PGCC G162.89-8.60,65.85156194,37.32174694,4.68583,1.13,-0.977635,4.14336,0.14,0.179442
PGCC G253.46-1.34,122.77575694,-36.07202889,,,,,,
PGCC G201.93-4.91,93.40284,7.48120694,,,,,0.54,
PGCC G189.46-10.34,82.30006389,15.47878694,14.6394,3.43,-0.81718,4.27293,0.445,1.02379
PGCC G309.01-23.38,249.94264194,-83.34850306,11.1029,2.59,0.781968,4.28104,,
PGCC G339.75+9.04,242.64572111,-39.19132194,8.80077,2.01,-0.622181,4.37612,,
PGCC G92.79+9.12,309.45291111,56.32419194,7.65193,1.38,1.50904,5.52795,0.31,0.586484
PGCC G189.77-17.69,76.12061306,11.23788889,11.6352,1.72,-0.664469,6.75115,,
PGCC G122.44-11.38,12.08805194,51.49271389,15.4211,3.35,-1.05197,4.60887,,
PGCC G96.66+1.42,324.00579806,54.00795389,9.01932,1.41,-0.324336,6.4037,,
PGCC G261.79-4.37,125.570305,-44.67009694,8.84387,1.16,0.247106,7.61048,,
PGCC G16.70-2.79,277.85101306,-15.70298611,9.20375,1.31,-0.315089,7.03762,,
PGCC G161.23-8.72,64.28459194,38.40655111,7.51535,1.53,0.365739,4.92489,0.14,0.247758
PGCC G271.49+11.61,150.48967,-40.69394694,8.58549,1.63,0.66321,5.25538,,
PGCC G318.56-4.02,228.43736306,-62.48728611,13.7486,4.09,0.860196,3.35998,0.57,1.12693
PGCC G121.73-10.41,10.91816611,52.44521306,,,,,,
PGCC G295.13-17.54,154.32151806,-78.00286889,10.9475,1.48,1.2181,7.37573,0.17,0.444362
PGCC G265.74+0.99,134.91635111,-44.50547,,,,,,
PGCC G90.76-4.57,323.50289889,45.61404389,10.2933,1.54,1.06568,6.68479,0.48,1.15822
PGCC G292.95-9.71,162.58058194,-70.20329306,9.96109,2.18,-1.25088,4.57789,,
PGCC G177.58-39.38,52.223595,6.24239194,18.510599,4.33,-0.686293,4.27418,,
PGCC G170.82-15.91,65.837425,26.671125,6.04307,1.5,0.267676,4.0357,0.23,0.330402
PGCC G214.42-1.75,101.97933194,-2.12215194,9.01573,2.56,-0.186203,3.52578,3.47,5.69094
PGCC G217.74-17.36,89.31636,-11.96203306,13.9162,2.24,-0.263504,6.19953,0.415,1.12128
PGCC G300.21-3.47,186.12390111,-66.199265,10.2459,1.94,0.043169,5.27215,0.37,0.791039
PGCC G172.27+26.90,114.35897111,46.33696,13.3819,2.22,-0.084919,6.03283,0.261818,0.6843
PGCC G332.70+6.77,237.57319611,-45.51699111,6.68923,1.21,-1.26658,5.51188,0.65,1.14809
PGCC G145.83+10.96,70.38516194,63.07826194,8.80315,1.39,-0.495051,6.35297,,
PGCC G129.90+11.62,37.08765,73.16280389,7.96939,2.42,-1.45795,3.29348,0.776247,1.15682
PGCC G321.05+2.31,226.38919111,-55.77529111,9.10923,1.59,0.474696,5.74674,,
PGCC G302.49-16.38,190.56626889,-79.24501,7.79984,1.46,0.619234,5.34258,0.17,0.319223
PGCC G184.87-35.10,59.26667,4.60920806,15.7417,2.96,-0.720039,5.31575,,
PGCC G238.49-3.89,111.44520611,-24.45604694,9.83184,1.85,-0.352917,5.3247,1,2.10471
PGCC G93.39-12.25,332.96951306,41.28648806,12.7686,3.6,-1.48976,3.54979,0.141254,0.27663
PGCC G356.01-2.77,266.74682611,-33.78624,8.02337,2.1,1.22944,3.81633,,
PGCC G231.75-1.94,109.90019194,-17.595325,,,,,4.95,
PGCC G161.87-8.67,64.89157111,37.99724611,5.96517,1.16,0.938946,5.13198,0.14,0.225324
PGCC G112.02+6.88,343.77291889,67.25499,6.12457,1.29,-1.22924,4.75125,,
PGCC G70.32+13.62,287.26815806,39.235695,7.23375,1.71,0.951174,4.22154,0.534564,0.859297
PGCC G127.36-70.07,14.37871889,-7.25008306,7.24557,1.29,-1.03587,5.60078,,
PGCC G92.48-2.67,323.46878111,48.16785389,10.6063,1.57,0.774024,6.75143,,
PGCC G173.68-15.57,68.13758889,24.83976889,7.23871,1.13,-0.761774,6.40814,0.23,0.455671
PGCC G97.62+15.88,303.26922611,63.97509,10.2956,1.58,-1.19953,6.5361,,
PGCC G108.93-0.81,344.85400389,58.98462306,16.7831,3.86,-0.097548,4.34595,4.09,
PGCC G212.17+5.14,107.08924111,3.01281694,11.2461,1.88,-0.455232,5.98771,,
PGCC G149.25+3.08,63.71784194,55.19611,13.4289,2.69,0.348946,4.99492,-1.12,
PGCC G169.97-4.28,75.579895,34.81017694,8.52554,1.35,-0.1006,6.31114,,
PGCC G303.15-17.33,194.09335306,-80.19524389,11.1857,1.76,1.30075,6.3536,0.17,0.416887
PGCC G12.91-2.08,275.35199,-18.72184389,7.58096,1.88,0.5348,4.03396,,
PGCC G288.28+5.58,167.26162694,-54.35258889,12.588,2.19,-1.46165,5.75162,,
PGCC G157.19-8.82,60.40913,41.06831389,,,,,0.14,
PGCC G130.13+11.23,37.31700889,72.71928389,9.1595,1.7,-1.14646,5.39809,,
PGCC G249.24-1.65,119.73196389,-32.67734111,8.96313,1.43,-0.840337,6.28489,,
PGCC G274.41+0.29,143.168015,-51.22851611,8.9405,1.76,0.346871,5.08815,,
PGCC G316.51-22.49,265.21856694,-76.83966111,11.4308,2.23,0.692477,5.12319,,
PGCC G111.45+20.18,313.87081889,77.40547889,6.48511,1.06,0.335457,6.09505,0.625173,1.14334
PGCC G302.95-13.48,192.91758694,-76.355545,14.3287,3.51,0.481142,4.08263,0.17,0.378225
PGCC G299.54+1.11,185.71244806,-61.57447806,8.68901,1.26,-1.55479,6.87521,,
PGCC G30.43-4.85,286.04382306,-4.43255694,10.2382,2.02,-0.415841,5.07236,,
PGCC G48.88+30.61,260.20642111,26.27454389,10.2625,2.51,0.10369,4.08493,,
PGCC G147.73-38.63,33.30435194,20.27291694,8.92485,1.72,-0.593536,5.19909,,
PGCC G130.46-7.11,25.96558389,54.99120694,13.2539,3.75,-1.11753,3.53593,0.207014,0.412239
PGCC G348.77-0.93,259.94528194,-38.86047,5.43806,1.35,-0.255585,4.01448,4.43,6.02098
PGCC G123.63+23.02,21.76669111,85.84706889,13.1314,2.37,-0.66787,5.52939,0.38,0.941901
PGCC G121.58-9.28,10.62099306,53.56401111,8.80561,1.59,-0.793076,5.55458,,
PGCC G65.29+9.22,289.57977306,32.90052389,8.84399,1.76,0.247421,5.01361,,
PGCC G161.45+14.85,91.88088194,52.18183111,10.9624,1.53,1.4413,7.15385,,
PGCC G113.70+15.17,335.297485,75.27974694,4.40329,1.22,0.436566,3.59578,,
PGCC G125.76+4.13,20.05760806,66.83996611,8.28857,1.65,-0.473875,5.03055,-1.01,
PGCC G37.52+44.57,242.725815,21.75949306,12.9542,2.17,0.984569,5.96578,0.202302,0.517329
PGCC G196.67+14.00,108.46038111,20.61822306,10.5689,2.18,-0.78788,4.85066,,
PGCC G264.48-11.33,118.89180806,-50.61866806,12.7589,2.84,1.5172,4.49214,,
PGCC G245.06+4.07,122.715355,-26.09165194,6.38754,1.49,-0.996418,4.27806,,
PGCC G220.72-7.79,99.39584389,-10.44963194,5.51999,1.19,-0.836777,4.649,,
PGCC G211.72-19.25,85.08621194,-7.61861611,10.4957,2.06,-0.307205,5.09858,0.415,0.883089
PGCC G158.43-20.62,52.29195806,31.17404694,18.5933,3.84,1.36532,4.83696,0.14,0.386207
PGCC G156.00-15.27,53.97331611,36.82568694,8.53529,1.45,-1.11831,5.89495,,
PGCC G176.44-21.11,65.45294194,19.23836889,9.53416,1.69,-0.368544,5.63593,0.23,0.490432
PGCC G206.55-26.17,76.70031,-6.45033,4.58887,1.32,0.297592,3.48916,,
PGCC G328.84+1.68,237.89436306,-51.88957194,8.87029,1.78,0.308149,4.97467,,
PGCC G256.88-10.38,114.88426194,-43.60343611,7.81972,2.09,-1.07233,3.74705,,
PGCC G219.40-18.04,89.364365,-13.68459111,15.0799,3.9,-0.920849,3.86472,0.415,0.921581
PGCC G89.75-2.16,320.05014,46.64476,6.80873,1.2,1.45513,5.68542,,
PGCC G148.92+16.86,85.12564111,63.87588111,13.6647,3.04,0.096091,4.50161,0.2,0.45629
PGCC G100.46+14.96,308.51010111,65.81627694,,,,,,
PGCC G299.69+2.36,186.30616806,-60.34406694,7.0272,1.52,0.59518,4.62015,2.76,4.57462
PGCC G142.49+7.48,59.80726611,62.98100694,,,,,,
PGCC G337.40+16.24,234.56452889,-35.23494306,6.45801,1.17,-0.170514,5.53256,,
PGCC G214.62-11.04,93.754555,-6.49185806,6.91711,1.28,0.151484,5.40096,0.415,0.737857
PGCC G301.59-8.25,188.76152,-71.07543889,6.19472,1.17,1.1383,5.27512,0.58,0.964453
PGCC G126.49-1.32,20.28841806,61.34157611,8.93743,1.93,1.28679,4.62811,,
PGCC G181.90+4.50,91.95730611,29.54818194,8.24479,1.37,-0.482058,6.00719,,
PGCC G206.03-8.34,92.29116111,2.27987806,8.02511,2.11,-0.817761,3.81102,0.415,0.667607
PGCC G175.33-10.83,73.34977694,26.59468694,9.25583,1.45,-0.121231,6.39444,0.23,0.514711
PGCC G206.12-15.76,85.769035,-1.27179194,13.0539,2.58,1.34023,5.06378,0.415,0.981484
PGCC G269.61+12.32,149.186615,-38.99617389,7.7574,1.82,-1.45699,4.27296,,
PGCC G222.85+7.40,114.00437889,-5.35014806,14.0881,2.99,-0.50283,4.71029,,
PGCC G226.80-7.04,102.82692,-15.52399889,6.01301,1.19,-1.02442,5.04613,,
PGCC G161.54-35.48,45.06757389,17.55733111,,,,,,
PGCC G349.66-11.50,272.62338306,-43.52752694,7.92486,1.34,0.599559,5.92278,,
PGCC G133.78-2.78,33.82082389,58.31243889,10.219,2.48,-0.897637,4.127,,
PGCC G335.91-2.65,250.77667194,-50.07577889,9.11349,2.63,0.600751,3.46301,,
PGCC G92.89+36.34,255.422485,62.97065,13.6184,2.28,-1.05837,5.96705,,
PGCC G100.08-3.84,333.89163194,51.974945,,,,,,
PGCC G134.22+0.68,37.00543611,61.41378389,5.79623,1.29,-0.718431,4.50965,,
PGCC G339.26+11.66,239.92857389,-37.59293389,,,,,,
PGCC G204.41-16.75,84.12664,-0.29319,7.00443,1.87,-0.414405,3.74407,,
PGCC G76.44-23.43,326.83194,22.38777694,18.0602,3.21,1.54594,5.63495,,
PGCC G89.29+3.99,312.68017611,50.42738306,9.16498,1.58,1.18535,5.80744,,
PGCC G312.94-28.42,293.46893306,-81.05407,5.17949,1.33,-0.270322,3.89324,,
PGCC G132.27+13.27,46.925705,73.61503611,,,,,,
PGCC G203.68-30.45,71.713615,-6.18185889,16.617399,3.25,-0.989854,5.10747,0.21677,0.580913
PGCC G217.43-13.94,92.33921111,-10.22477806,6.329,1.89,-0.648403,3.34696,0.415,0.555607
PGCC G172.82-5.16,76.78878806,32.00785389,9.85402,2.16,-0.838784,4.55597,0.23,0.448282
PGCC G292.49-19.80,138.106155,-77.94754806,7.23128,1.34,0.566376,5.40874,,
PGCC G234.41-7.54,105.88562,-22.50893,10.534,2.5,-1.23086,4.21755,,
PGCC G8.17+36.31,239.92346194,-1.73943111,,,,,,
PGCC G3.14+8.22,260.60675,-21.87134,10.1221,1.63,-0.077734,6.22263,0.12,0.277033
PGCC G97.35-32.91,349.23403889,25.22186889,10.6084,2.68,1.08565,3.9523,,
PGCC G356.42+16.64,249.09587111,-22.13038389,11.4025,2.27,0.216476,5.02672,0.12,0.264272
PGCC G337.12+11.33,238.18431111,-39.22053111,9.13682,1.27,1.112,7.17993,,
PGCC G225.08+7.93,115.540115,-7.0426,17.7013,2.52,0.389076,7.0363,,
PGCC G121.83-7.91,10.95548889,54.94616694,5.59829,1.1,0.792497,5.10077,,
PGCC G120.19-6.37,7.93675889,56.39808694,12.9139,1.9,-1.30978,6.79268,,
PGCC G146.22-0.49,55.696815,54.44398889,9.11175,1.48,0.043237,6.14078,0.62,1.34906
PGCC G209.20+2.13,103.05554194,4.29715111,11.2388,1.82,0.013481,6.16297,1.13,2.73565
PGCC G126.65-71.45,14.05673611,-8.61167694,11.7838,2.94,-0.566273,4.01474,,
PGCC G123.67+24.90,29.54090306,87.67667389,6.62991,1.21,0.514596,5.49016,0.38,0.666894
PGCC G167.89-19.04,61.15267611,26.524105,,,,,0.14,
PGCC G259.02-13.61,112.11538694,-46.92057389,10.3357,2.07,0.773271,4.99598,,
PGCC G191.69-11.62,82.374985,12.93997389,9.56271,1.72,0.32277,5.54607,,
PGCC G175.99-20.39,65.74138611,20.03302389,6.97898,1.07,0.147818,6.5232,,
PGCC G338.99-6.72,258.71743806,-50.16379194,7.87953,1.36,0.778374,5.80523,-1.94,
PGCC G92.24+3.84,315.92678806,52.57196,12.5928,2.11,-0.299894,5.98042,,
PGCC G173.17-41.44,48.364555,7.17889111,15.4945,3.25,-0.453637,4.76455,,
PGCC G13.15+6.50,267.65545694,-14.33607389,15.3269,2.93,-0.430816,5.23373,,
PGCC G331.44-0.17,243.02423111,-51.57653389,,,,,3.61,
PGCC G226.38+1.33,110.28207389,-11.31854194,13.1454,4,-1.08654,3.28248,0.88,1.6815
PGCC G219.22-10.02,96.69541194,-10.09570806,8.43941,1.74,-0.545101,4.84394,0.905,
PGCC G226.43-0.78,108.40405306,-12.35229694,4.14199,1.16,0.390348,3.57585,,
PGCC G251.06-1.01,121.52877806,-33.880295,7.77566,1.4,0.897688,5.54995,,
PGCC G247.54-12.23,107.44599889,-36.20502111,,,,,0.26,
PGCC G124.91+8.37,18.92386194,71.15076389,6.01851,1.18,-0.761208,5.09085,,
PGCC G175.76-38.68,51.74325611,7.74657,,,,,,
PGCC G70.72-0.64,302.96936,32.69895889,8.47182,1.15,1.06565,7.36083,2.26,
PGCC G236.69-5.21,109.25050389,-23.48756806,7.95165,1.14,-0.706625,6.95546,,
PGCC G202.54+2.46,100.29482306,10.37183306,8.61674,1.98,-0.794074,4.34111,0.76,1.35211
PGCC G155.52-8.93,58.64614111,42.061295,7.64201,1.52,-0.645703,5.01803,,
PGCC G159.76-19.63,54.15729889,31.18283111,,,,,0.14,
PGCC G343.89-2.41,257.77450611,-43.68637806,8.24201,1.63,0.405936,5.04343,1,1.87545
PGCC G358.26-1.99,267.33642611,-31.45357111,15.0233,3.44,-1.3628,4.3652,2.67,6.28959
PGCC G301.50-7.64,188.60838306,-70.46695694,7.54345,2,0.692744,3.77173,,
PGCC G110.10-41.27,2.59158611,20.57756,14.0037,5.25,-1.39922,2.66913,,
PGCC G271.38+4.89,144.47438,-45.79072194,,,,,,
PGCC G325.18+5.87,229.263245,-50.60368306,5.95911,1.67,0.602537,3.57289,0.64,0.859027
PGCC G65.90-3.10,302.31124889,27.31571194,14.4655,3.32,0.397688,4.35258,,
PGCC G120.01-11.71,8.31233,51.05890694,14.706,1.95,0.653664,7.53864,,
PGCC G178.97-30.81,59.414635,11.15480806,10.2393,2.04,-0.44873,5.01934,0.269153,0.561288
PGCC G92.34-3.99,324.64035,47.09980806,12.1177,2,-0.740184,6.04723,,
PGCC G171.31+4.42,85.472855,38.64617194,10.7196,1.89,-0.456365,5.6847,,
PGCC G159.02-8.35,62.58130306,40.19760889,,,,,0.14,
PGCC G194.15-26.38,71.00853694,3.10154194,8.55647,1.6,-0.033707,5.36223,,
PGCC G239.39-4.78,111.04338111,-25.66922194,,,,,,
PGCC G132.44-5.24,30.13459194,56.35447306,8.3573,1.61,-0.394535,5.17609,,
PGCC G85.21+14.08,295.52325389,52.53547694,10.973,2.14,1.01916,5.13553,,
PGCC G338.80+17.11,235.17242389,-33.72010806,,,,,,
PGCC G354.78+14.99,249.38121,-24.40067111,8.44707,1.63,1.08908,5.19618,0.12,0.231261
PGCC G226.35-0.51,108.60677306,-12.160415,5.73503,1.15,1.34682,4.97382,0.77,1.19627
PGCC G227.79+11.35,119.86544,-7.702435,8.02565,1.25,-0.630559,6.42055,0.175388,0.366229
PGCC G99.11+13.99,308.68017611,64.18519611,5.77104,1.34,-0.952779,4.31817,,
PGCC G145.48+9.53,67.533775,62.38466611,7.38661,1.02,1.27381,7.26401,-0.66,
PGCC G131.79-8.94,27.48287389,52.924385,10.1415,1.83,-0.803726,5.52706,,
PGCC G0.24+11.71,255.75476111,-22.22249,13.7332,2.72,-0.752272,5.03974,,
PGCC G276.59-1.92,143.34707611,-54.333775,,,,,,
PGCC G4.91+17.93,253.21841389,-14.91888694,10.7118,2.78,0.946945,3.85226,0.12,0.224231
PGCC G96.46-37.95,350.84106389,20.34874194,7.92023,1.56,1.22275,5.07694,,
PGCC G159.75-10.93,60.99863389,37.81346111,6.42904,1.54,-0.481531,4.18756,,
PGCC G65.30-8.41,306.84091194,23.86602611,9.45607,1.85,1.33543,5.10935,,
PGCC G102.16-27.11,350.951385,32.20374694,12.8266,2.03,-0.547267,6.32216,0.387258,1.01442
PGCC G359.49-0.13,266.23300194,-29.43627889,3.91275,1.15,-1.13572,3.41718,,
PGCC G205.33-2.75,96.92526194,5.49530694,10.2684,2,-1.08397,5.132,,
PGCC G121.99+24.24,356.33447306,86.985435,,,,,0.38,
PGCC G57.13+2.82,291.77227806,22.76060306,7.31503,1.58,0.153268,4.64287,,
PGCC G339.10+15.43,236.73500111,-34.83679194,9.99916,1.95,1.12992,5.12159,0.54,1.1241
PGCC G150.07+9.06,72.81711611,58.64453111,8.02814,1.63,-0.352518,4.93761,0.183654,0.336351
PGCC G173.10+7.25,89.74521611,38.53711306,7.0648,1.83,-0.799152,3.85327,,
PGCC G173.21+29.58,118.38365194,46.03492,10.2002,1.57,-0.071076,6.48128,,
PGCC G34.68-6.56,289.49273694,-1.44148889,11.3355,1.98,1.35273,5.73757,0.67,1.57176
PGCC G153.32+35.79,129.01051306,62.80347389,10.3781,1.92,-0.260253,5.40293,0.35,0.762375
PGCC G355.75+20.63,245.39386,-20.04022611,10.1553,2.06,0.021934,4.93307,0.12,0.247066
PGCC G93.36-12.07,332.79800389,41.42655194,12.4802,2.89,-1.3682,4.31387,0.145211,0.309935
PGCC G222.00-17.15,91.26020111,-15.57442611,11.6173,2.68,-0.137101,4.34,0.415,0.857183
PGCC G158.89-21.60,51.99964889,30.13192194,6.95717,1.09,1.29386,6.36883,0.14,0.271082
PGCC G170.79-8.52,72.21503389,31.53125611,9.86011,1.69,-0.436576,5.82901,0.23,0.507216
PGCC G271.52+5.13,144.84185806,-45.70244611,5.90043,1.33,-1.56673,4.43013,1.32,1.96313
PGCC G107.22-19.69,353.18344111,40.76606,11.866,2.45,-0.914445,4.84119,,
PGCC G336.96+9.19,239.85981806,-40.94359194,11.4295,1.68,0.195266,6.79578,,
PGCC G358.80+5.65,260.29495194,-26.87595611,8.48009,1.73,1.45262,4.90946,0.12,0.225229
PGCC G110.79+8.51,338.91494806,68.118805,8.8188,1.34,0.785168,6.60155,0.31,0.688044
PGCC G338.99+14.50,237.37403889,-35.61936611,,,,,,
PGCC G171.65+2.29,83.416145,37.22567,4.832,1.75,-1.08713,2.75451,,
PGCC G152.23-49.11,31.80355306,9.40178111,9.45043,2.7,-0.696938,3.50632,,
PGCC G166.98-15.33,63.43090389,29.76466806,8.37573,1.43,-0.35503,5.84584,0.14,0.284964
PGCC G160.64-35.04,44.70021389,18.33672,,,,,,
PGCC G278.48-4.93,142.11032111,-57.81526611,10.5776,2.2,-1.41551,4.79891,0.81,1.67872
PGCC G170.09-18.92,62.867245,25.12814889,,,,,0.23,
PGCC G244.40-17.35,100.16874694,-35.41215889,13.2913,2.1,-0.152516,6.31823,,
PGCC G90.04+38.61,251.73840306,60.28829611,,,,,,
PGCC G2.21+17.63,251.89534,-17.17008,8.72123,2.63,0.516456,3.31251,0.12,0.187618
PGCC G218.82-8.77,97.65918694,-9.19738111,6.48193,1.37,-0.26742,4.73372,0.415,0.668695
PGCC G168.09-20.10,60.46564889,25.63505611,8.22575,1.18,-1.02131,6.99219,,
PGCC G142.35+36.64,137.75726306,71.01750889,6.54092,1.49,-0.111433,4.37793,,
PGCC G259.02+3.52,131.78689611,-37.73086194,9.24739,1.53,-1.49956,6.05341,0.67,1.45818
PGCC G159.34-34.92,43.84497111,19.04723194,10.9595,2.35,-0.600022,4.66628,0.25704,0.534698
PGCC G172.33-9.91,72.07546194,29.47868889,7.58599,1.5,-1.29564,5.04796,0.23,0.414017
PGCC G28.78+3.96,277.43924,-1.87783306,17.754499,6.42,0.848605,2.76383,0.26,0.529799
PGCC G7.55+4.26,266.70028694,-20.27837611,6.20708,1.26,0.043304,4.9072,1.25,2.00677
PGCC G145.47-39.30,31.30048,20.31778694,7.1279,1.15,-1.13283,6.22414,,
PGCC G326.28+1.12,235.12043806,-53.90168389,9.96031,2.38,0.024075,4.1787,,
PGCC G172.88-18.11,65.49451389,23.73775889,,,,,0.23,
PGCC G120.97+2.66,8.14516389,65.46479,5.99015,1.09,-0.092948,5.50307,0.87,1.453
PGCC G258.90-4.11,123.65492194,-42.13675694,9.66456,1.34,-1.47951,7.22832,1.04,2.52854
PGCC G5.44+17.88,253.57116694,-14.53669889,10.3838,1.88,0.333696,5.53695,0.12,0.26468
PGCC G196.21-15.49,81.32750694,7.18410194,9.12547,1.46,-1.45192,6.24738,0.4,0.878544
PGCC G38.35-0.93,286.170135,4.39577889,8.30022,1.57,1.10849,5.27051,1.2,2.30876
PGCC G103.97+11.01,321.31951889,65.96112806,12.5615,2.88,-0.486803,4.36052,,
PGCC G337.59+16.26,234.71949806,-35.10404194,15.3002,3.95,1.53718,3.87007,,
PGCC G111.06+14.03,330.28460694,72.84323111,17.058901,3.73,-0.599691,4.57261,0.4,1.02765
PGCC G147.41+9.41,70.01834889,60.88511306,12.3239,2.18,-0.410475,5.65215,,
PGCC G49.07-4.19,294.15728806,12.31716694,4.83061,1.11,-1.37252,4.34858,0.82,1.09324
PGCC G266.96-4.64,129.66853306,-49.01153889,5.13484,1.41,-1.0494,3.64182,,
PGCC G100.86+18.07,302.25021389,67.74832194,12.1429,2.14,-0.279304,5.67172,,
PGCC G91.40-19.27,336.08148194,34.44441611,10.4652,1.87,-1.0277,5.5864,,
PGCC G103.47+13.07,316.69693,67.006165,9.61324,1.72,-0.999262,5.5965,,
PGCC G57.98-26.66,318.09454306,7.590055,10.5105,2.23,0.892288,4.70684,,
PGCC G108.25+15.61,320.05722,72.15101611,8.69867,1.81,1.12994,4.81264,,
PGCC G123.06-3.61,13.10761694,59.26201611,7.20383,1.71,-0.437987,4.22041,,
PGCC G304.27-21.96,206.34227,-84.68998694,18.188999,4.83,0.438077,3.76851,,
PGCC G57.11-13.98,306.96829194,14.09582694,,,,,0.862979,
PGCC G125.62-0.63,18.61034389,62.11757694,,,,,,
PGCC G202.58+8.91,106.20947306,13.21998389,18.4151,4.39,-0.766407,4.19073,0.232274,0.593553
PGCC G164.93-12.66,64.01647194,33.05368,10.4126,2.14,-0.132436,4.87531,,
PGCC G216.74-16.06,90.09934194,-10.54133306,13.7094,2.21,-0.702653,6.2095,0.415,1.11382
PGCC G189.52+4.35,95.81034889,22.77906,9.42533,2.43,-0.484617,3.87245,,
PGCC G202.58-8.70,90.35609389,5.11077306,8.86112,1.9,-0.572128,4.65544,0.415,0.775353
PGCC G292.38-3.75,167.69464111,-64.53894,10.4015,1.72,-1.18282,6.03165,-0.8,
PGCC G58.04+3.04,292.034485,23.65755694,8.60283,1.69,1.19643,5.09543,,
PGCC G75.46-11.06,316.05847194,30.19888111,7.37146,1.49,1.1425,4.96268,,
PGCC G270.11-11.98,122.582535,-55.71802111,9.02026,1.78,-1.53849,5.05798,,
PGCC G146.74+37.43,136.03781111,67.47724889,13.4548,2.5,-0.035545,5.38042,0.35,0.866246
PGCC G118.61-9.74,5.78850306,52.897995,7.94316,1.43,-1.09743,5.56567,,
PGCC G254.97-9.52,114.73326111,-41.54417,12.1016,2.72,-0.502455,4.44275,0.43,0.917154
PGCC G169.43-19.86,61.64295611,24.920555,13.5091,2.51,1.50687,5.38345,0.14,0.347295
PGCC G119.12-5.94,5.93649389,56.72940389,12.1592,2.9,-0.834771,4.19148,,
PGCC G199.11-10.32,87.26560194,7.32790194,8.84032,2.22,-0.238561,3.97369,0.4,0.689632
PGCC G262.36-3.48,127.05747194,-44.619495,13.1056,2.25,0.692283,5.83481,1.98,5.03657
PGCC G111.90+11.57,337.058655,71.30673194,9.24852,1.52,-1.10786,6.07726,,
PGCC G142.91+8.73,62.34938389,63.63364,10.4594,1.77,-0.438467,5.91321,,
PGCC G311.93-23.25,259.34240694,-80.98650389,10.2542,1.95,0.805045,5.26304,,
PGCC G175.70-38.64,51.73574806,7.80915111,14.9767,3.72,-0.669802,4.02428,,
PGCC G169.09-1.37,77.80954694,37.25970806,7.50724,1.44,-0.785615,5.2044,,
PGCC G76.35+22.69,278.23883111,47.75410806,9.17872,1.52,-0.227009,6.0564,,
PGCC G155.07-14.71,53.50234611,37.82002306,7.69543,1.42,-0.349856,5.42206,0.14,0.263059
PGCC G265.83+1.22,135.24275194,-44.42674306,12.9466,3.26,-1.46214,3.96793,,
PGCC G293.09-30.81,77.37834194,-80.63781,15.6297,2.41,0.652505,6.49157,,
PGCC G264.56+4.94,137.84394806,-40.98871611,13.7626,2.63,-1.05162,5.23599,,
PGCC G153.01-17.81,49.22636806,36.42306111,8.11488,1.29,-1.18124,6.29772,,
PGCC G60.75-1.23,297.55270389,23.91610694,9.55682,1.64,-1.52595,5.8218,0.88,1.90939
PGCC G31.44+4.20,278.44668611,0.59080611,11.209,1.93,1.14616,5.80083,0.26,0.609859
PGCC G128.21+13.70,34.07861694,75.69599194,7.86235,1.13,0.879145,6.92719,,
PGCC G247.65+0.29,120.68019889,-30.2959,9.82281,1.72,0.091536,5.70039,,
PGCC G118.35+8.67,358.77893111,71.03690306,,,,,,
PGCC G336.55+18.35,232.221375,-34.05364611,11.204,1.82,-0.34283,6.17206,,
PGCC G211.71-12.18,91.44809,-4.45081694,8.769,2.08,-0.173246,4.21722,0.415,0.734113
PGCC G344.16-0.63,256.04556306,-42.40595611,,,,,,
PGCC G359.99+21.90,247.03871194,-16.199675,8.21642,1.56,-0.851565,5.25133,0.12,0.229289
PGCC G142.28+36.25,136.71395889,71.23341389,11.7269,1.84,-1.2093,6.36192,0.35,0.87939
PGCC G258.35+8.21,135.70614611,-34.20879389,9.02847,1.32,1.25598,6.84409,,
PGCC G121.86-8.77,11.05638889,54.09013694,10.6696,2.52,-1.56712,4.2347,,
PGCC G349.12-4.22,263.75235,-40.38829,,,,,,
PGCC G161.08-21.77,53.72296889,28.74581694,10.0126,2.02,-0.388733,4.96842,,
PGCC G92.03+3.92,315.59997611,52.473335,8.93493,2.27,-0.20552,3.93197,,
PGCC G304.70-18.73,204.18460111,-81.44261889,11.6431,2.08,-0.200314,5.59711,0.17,0.399202
PGCC G172.10-15.20,67.34181194,26.23125111,7.28406,1.29,-0.037644,5.63998,0.23,0.428825
PGCC G185.41-8.96,81.26339694,19.58255,8.76933,1.53,-1.13555,5.72131,,
PGCC G300.89+0.86,188.51139806,-61.941475,6.42683,1.32,-0.571714,4.85952,3.43,5.57591
PGCC G31.29-5.40,286.927155,-3.92217889,8.21414,1.54,0.944634,5.33065,,
PGCC G37.69+44.76,242.56936611,21.93550694,7.0583,1.75,0.478228,4.04097,,
PGCC G192.76-3.67,89.99323306,16.08737889,8.24798,1.53,-1.13883,5.40589,,
PGCC G264.23+6.05,138.61734,-39.99008611,14.1559,3.19,-1.13442,4.44455,0.64,1.47669
PGCC G200.56+23.51,119.36602806,20.89879,14.4612,2.88,-1.18571,5.02785,0.405509,1.00582
PGCC G249.67-2.14,119.49918389,-33.30333306,7.71239,1.28,0.644813,6.00714,,
PGCC G228.54+11.79,120.61936194,-8.11839194,18.392799,4.27,-0.990356,4.30635,,
PGCC G148.24+0.40,59.33958389,53.87772389,7.05355,1.13,0.894661,6.24614,,
PGCC G11.43-1.83,274.37921111,-19.90976111,4.45985,1.22,0.326745,3.65082,0.87,1.02118
PGCC G140.82+4.98,53.60974889,62.05179194,10.0207,2.39,-0.940548,4.19668,0.58,1.0941
PGCC G306.45+5.06,199.42190611,-57.63588,10.7051,1.72,-1.48963,6.2224,-1.19,
PGCC G154.84+2.43,69.39505806,50.72528111,,,,,5.4,
PGCC G349.85-11.59,272.85141,-43.40330111,8.82726,1.78,0.591935,4.96435,,
PGCC G214.55+0.96,104.45544389,-1.00354889,12.0724,2.32,-0.569713,5.20852,,
PGCC G298.67-1.78,182.99591111,-64.32189889,9.09676,1.24,0.814791,7.36408,3.01,7.16631
PGCC G107.17+14.98,319.29855306,70.957115,7.12727,1.25,-0.038181,5.6906,,
PGCC G133.67-45.33,20.72788,16.88375694,13.8449,2.77,-1.20359,4.99591,,
PGCC G96.81-11.09,335.84292611,44.14235306,,,,,,
PGCC G171.75-15.63,66.73897611,26.20297806,12.4518,3.11,-0.01206,4.0083,0.23,0.472661
PGCC G192.20+3.62,96.44519,20.07754111,,,,,,
PGCC G219.25-7.94,98.606445,-9.20867306,10.501,1.33,0.169588,7.87628,0.415,1.09787
PGCC G74.12+0.15,304.46289111,35.96018611,9.10376,1.77,-1.38948,5.13933,3.45,6.86451
PGCC G227.38+11.26,119.58600611,-7.40097806,8.68231,1.74,-1.25012,4.99746,,
PGCC G130.21-7.30,25.47711611,54.86087,8.6327,1.7,-0.502386,5.07095,0.559757,
PGCC G333.36+2.04,242.863495,-48.64729694,7.23358,1.1,1.53352,6.55591,2.17,4.3469
PGCC G357.11+30.06,238.89550806,-12.85424,6.19176,1.98,0.566725,3.13363,,
PGCC G162.89+1.76,76.21521806,44.09842694,9.06458,1.84,-0.53483,4.9237,0.7,1.36033
PGCC G206.53-4.40,96.01608306,3.67124306,12.906,1.98,0.349807,6.53197,0.415,1.10839
PGCC G349.44-11.57,272.57653806,-43.75607306,7.90206,1.57,0.897796,5.03673,,
PGCC G290.81+7.71,172.50967389,-53.23741889,,,,,,
PGCC G175.54+1.34,84.99456806,33.43632111,12.935,3.3,0.00013,3.92471,,
PGCC G98.39-3.19,331.05496194,51.53331,,,,,,
PGCC G192.52-12.20,82.30861694,11.94677389,,,,,0.4,
PGCC G0.39+16.36,251.85890194,-19.32300889,12.294,2.33,0.537796,5.28546,0.12,0.281382
PGCC G58.07+3.21,291.88525389,23.76326611,12.9277,3.01,1.3723,4.29171,,
PGCC G267.16-7.19,126.64633889,-50.66525306,5.70218,1.41,-1.20481,4.03749,,
PGCC G216.75+2.09,106.45940389,-2.44210389,9.47522,1.48,1.25502,6.39231,,
PGCC G181.80-18.50,70.92137111,16.95356194,,,,,0.5,
PGCC G123.68+22.99,22.377245,85.80944111,,,,,0.38,
PGCC G256.35-10.03,114.97614306,-42.98048389,14.9845,3.43,-0.899101,4.37051,0.44,1.03578
PGCC G316.73+0.08,221.09774806,-59.72727194,7.78207,1.53,0.642946,5.07443,4.8,
PGCC G173.14-13.32,69.67667389,26.697145,11.4572,2.94,-0.115199,3.89329,0.23,0.446841
PGCC G122.76-7.15,12.55664694,55.716965,11.9411,2.67,-0.876907,4.48037,,
PGCC G160.35-6.38,65.63108806,40.67378194,11.766,1.79,-0.596735,6.56508,,
PGCC G271.64+5.21,145.05033889,-45.71682694,12.1766,2.28,0.528296,5.35123,1.32,3.09949
PGCC G70.34-1.40,303.469055,31.960135,8.29538,1.68,0.617957,4.95246,2.45,
PGCC G116.27-45.12,7.933945,17.49886889,17.058399,3.86,-1.3418,4.41885,0.246604,0.622804
PGCC G126.97-1.06,21.35804694,61.54818306,6.44873,1.48,1.23792,4.35182,-1.17,
PGCC G164.82-5.68,70.19821889,37.89436694,,,,,0.14,
PGCC G109.60+6.51,338.878235,65.80316889,7.98217,1.25,0.361761,6.3885,0.95,1.97338
PGCC G294.06+6.25,177.13882389,-55.53170806,11.4588,1.76,-0.773235,6.49613,0.62,1.55602
PGCC G3.31+0.42,267.924225,-25.88038306,9.21461,2.26,0.019257,4.08357,,
PGCC G338.57+9.53,241.11393694,-39.62566806,5.19294,1.4,0.173414,3.7043,,
PGCC G338.15+16.39,235.13844306,-34.674015,6.80165,1.97,0.631569,3.4482,,
PGCC G264.72-10.30,120.49156194,-50.316135,13.0055,1.84,-0.68,7.05491,,
PGCC G201.33-11.42,87.36648611,4.88585889,9.90776,1.61,-0.744895,6.16381,0.33,0.750159
PGCC G215.90-15.36,90.39031194,-9.51346806,7.96681,1.3,1.00199,6.1214,0.415,0.843028
PGCC G217.51-13.53,92.75024389,-10.11986611,9.13746,1.79,0.461694,5.10105,0.415,0.824171
PGCC G268.23-3.24,132.542175,-49.13485306,6.5644,1.12,0.863851,5.86266,,
PGCC G158.97-33.02,44.70528806,20.78838306,8.29656,1.63,-0.189681,5.09353,0.319154,0.603511
PGCC G301.47-7.29,188.58357194,-70.116905,7.78137,1.78,0.681076,4.3604,,
PGCC G110.97+19.49,315.180695,76.63281194,8.43643,1.43,0.521306,5.88748,0.36141,0.740919
PGCC G128.96-0.20,25.80788389,62.06247306,9.50131,1.67,-0.412381,5.67349,0.8,
PGCC G342.12-7.09,261.84600806,-47.80339111,11.5223,2.07,0.466626,5.57338,,
PGCC G107.25+5.72,335.18295306,63.90248111,6.13627,1.34,-0.616625,4.58316,0.9,1.38836
PGCC G149.68+3.56,64.84587111,55.24086,7.24848,2.44,0.277219,2.96544,0.17,0.229268
PGCC G153.27+8.56,75.66738111,55.83224889,9.9472,1.72,-0.930743,5.7958,,
PGCC G262.13+0.12,130.82386806,-42.27819389,12.0845,2.28,-0.503499,5.29577,,
PGCC G125.70+12.53,23.485165,75.17607889,10.2866,1.77,-0.640088,5.81099,0.37,0.832126
PGCC G61.77-10.83,306.86853,19.63581694,7.99804,1.16,1.45108,6.88252,,
PGCC G129.55-4.31,25.363495,57.913025,6.80278,1.41,-0.515019,4.82067,0.269153,0.448356
PGCC G220.93-7.54,99.71843,-10.5184,8.17967,1.71,-0.811997,4.77339,,
PGCC G142.61+7.26,59.68658806,62.73737,10.8493,1.93,0.757794,5.61457,,
PGCC G138.63+9.41,55.718105,66.89697306,8.92417,1.67,-1.07029,5.35227,0.5,1.00519
PGCC G106.10+11.34,324.55227694,67.64618694,7.09366,1.08,0.244434,6.58315,,
PGCC G230.36+14.66,124.027435,-8.18711889,8.18853,1.74,-0.624528,4.70613,0.438531,0.791885
PGCC G6.71+16.03,255.85463,-14.59353306,11.2151,1.77,-0.692659,6.35153,,
PGCC G265.04+6.07,139.36705,-40.55619806,11.8005,3.09,1.45474,3.82216,0.92,1.79729
PGCC G312.73-28.89,296.66519194,-81.17887889,8.60302,1.71,0.060836,5.0247,,
PGCC G192.82+0.13,93.49742111,17.88429306,13.3222,4.15,-0.585463,3.20939,,
PGCC G302.26-18.95,188.38813806,-81.796135,9.25573,1.33,0.585256,6.9501,0.17,0.396622
PGCC G192.55-3.77,89.79694389,16.22235111,,,,,,
PGCC G302.75-4.63,192.38554389,-67.50565306,15.1052,2.56,1.09437,5.88995,,
PGCC G13.07+6.54,267.57894889,-14.38306194,,,,,-1.61,
PGCC G135.33+12.91,54.51107806,71.648895,12.5764,2.14,0.222889,5.87148,,
PGCC G120.28-6.49,8.10465,56.28799389,,,,,,
PGCC G90.64+37.99,252.77290306,60.88407111,9.75095,1.68,-0.68032,5.80513,,
PGCC G23.91+11.12,268.85015889,-2.80933,7.58453,1.44,0.613748,5.25406,0.47,0.863051
PGCC G316.05-27.94,289.86856111,-78.3442,11.5237,2.16,-1.53879,5.34616,,
PGCC G300.10-24.55,147.61552389,-86.37403889,11.4868,1.79,0.163856,6.41865,,
PGCC G181.72-19.36,70.16541306,16.49540306,15.013,2.28,0.726947,6.58916,0.23,0.665432
PGCC G303.03-16.68,193.36160306,-79.54827889,11.4666,1.91,-1.53288,6.01894,0.17,0.410821
PGCC G107.20-9.83,348.28772,50.01283306,9.75607,1.67,-1.40502,5.83806,,
PGCC G339.14+14.63,237.395355,-35.42824611,6.15138,1.42,0.720369,4.34567,,
PGCC G91.87+38.60,251.05506889,61.67537694,9.92257,2.1,-0.671876,4.71652,,
PGCC G4.82+19.08,252.206635,-14.31052194,9.20429,1.54,0.177276,5.98552,0.12,0.259092
PGCC G116.08-2.40,359.18759194,59.73891806,9.64177,2.33,-1.08005,4.13725,-0.77,
PGCC G183.25-0.58,87.73845694,25.85260806,,,,,,
PGCC G345.11-0.20,256.35284389,-41.38714194,6.06756,1.2,1.48105,5.07097,,
PGCC G142.29+7.66,59.725845,63.24401111,10.3768,2.78,0.73078,3.73406,,
PGCC G236.87+2.50,116.62310806,-19.933605,10.4389,2.16,-0.846408,4.83602,4.14,8.55654
PGCC G271.68+11.62,150.690475,-40.80306611,7.46203,1.15,-0.725201,6.4758,,
PGCC G149.41+3.38,64.28598806,55.296085,7.47079,1.44,0.022816,5.18718,0.17,0.30784
PGCC G169.15-1.15,78.07729306,37.34108,7.31712,1.13,1.13635,6.45867,,
PGCC G46.77-7.69,296.14193694,8.62445694,8.10588,1.56,-0.90856,5.19115,,
PGCC G144.88+0.78,55.149815,56.26902806,13.4936,2.45,0.227036,5.49919,,
PGCC G83.98+15.54,292.529785,52.08988611,,,,,,
PGCC G161.36-9.33,63.84978111,37.884235,13.1065,2.11,0.236017,6.22409,0.25,0.656822
PGCC G191.59-16.86,77.79322806,10.23907889,16.2213,3.48,-0.61669,4.65789,,
PGCC G196.69-1.45,93.97683,13.72578306,11.4187,2.21,0.182067,5.16904,5.51,12.3138
PGCC G172.14+7.34,89.24968,39.40925611,9.60842,1.64,-0.221607,5.87448,,
PGCC G315.42-29.84,299.68814111,-78.70403306,8.39923,1.39,-0.830653,6.03962,,
PGCC G357.52-2.73,267.64022806,-32.47157306,6.58174,1.41,0.656747,4.65667,,
PGCC G136.57+1.26,41.96664806,61.01147111,10.3179,1.73,0.799181,5.96127,,
PGCC G270.80-8.40,128.45129389,-54.31107694,7.84477,1.26,-1.01453,6.23288,0.39,0.793279
PGCC G111.19+13.38,331.93148806,72.40828694,10.5258,1.85,1.05026,5.69015,0.235505,0.530172
PGCC G229.28+11.18,120.445885,-9.05241806,6.42979,1.29,-1.00214,4.96741,0.230144,0.378346
PGCC G156.94-18.21,52.67767306,33.93684389,8.9661,1.18,1.05545,7.62023,0.14,0.336621
PGCC G182.55-25.34,65.77607694,12.21709194,10.7342,2.88,-0.438472,3.73246,,
PGCC G61.09-34.08,325.68676806,5.29643889,14.6161,3.12,-1.24145,4.68148,,
PGCC G156.93-9.71,59.37481306,40.56431611,7.79048,1.99,-0.826194,3.91578,0.14,0.224929
PGCC G307.16+6.49,200.41807611,-56.13135889,7.90319,1.83,0.94357,4.32475,,
PGCC G103.38-28.46,352.71240194,31.33287,,,,,,
PGCC G159.79-24.81,50.54940389,27.06579194,8.92469,1.97,-0.640263,4.51933,,
PGCC G300.12-14.58,180.49731389,-77.18269306,9.6017,1.4,-0.934223,6.85721,0.17,0.401258
PGCC G125.07-4.40,16.93989194,58.40031806,8.90671,1.11,-1.14574,7.99219,,
PGCC G58.98-1.66,296.97503694,22.17567111,14.3025,2.55,0.417676,5.60177,,
PGCC G281.61-4.36,147.32270806,-59.46358889,13.0231,2.01,0.690177,6.48278,,
PGCC G318.52-4.07,228.42048611,-62.55904389,13.7014,3.63,0.902324,3.77715,,
PGCC G166.73-15.06,63.452385,30.12298194,7.40823,1.34,-0.563819,5.51992,0.14,0.260422
PGCC G212.91-12.23,91.92919194,-5.53029611,,,,,0.415,
PGCC G26.84+6.79,274.03704806,-2.28704694,8.56427,2.03,0.929732,4.21837,-0.99,
PGCC G153.35+11.29,79.79673806,57.34196889,10.4165,1.69,1.30516,6.17493,0.3,0.699883
PGCC G10.25+19.66,254.70204194,-9.77576306,9.65164,1.91,-0.068264,5.05125,0.12,
PGCC G265.14+6.09,139.47619611,-40.61577194,,,,,,
PGCC G121.59+23.39,354.58770806,86.07188389,13.5423,1.78,0.746944,7.6194,0.38,1.12284
PGCC G295.15-13.29,163.59355194,-74.36622611,6.73235,1.51,0.354825,4.467,0.17,0.271186
PGCC G287.13+2.40,163.09063694,-56.771465,6.93431,1.53,1.35598,4.52732,,
PGCC G300.25-16.85,178.72126806,-79.42376694,10.9768,1.6,-1.10855,6.8702,0.17,0.429437
PGCC G28.56-0.24,281.07827806,-4.00584111,9.6048,2.35,0.502256,4.09074,5.3,9.66379
PGCC G131.65-45.52,19.23344806,16.91917611,9.28337,2.64,-1.08485,3.5136,0.247742,0.411581
PGCC G307.63-8.59,207.20874,-70.93930111,8.54009,1.71,0.226154,4.9852,0.51,0.967986
PGCC G219.35-10.01,96.76497694,-10.21131694,,,,,0.905,
PGCC G359.40-20.15,287.98257389,-38.21312,13.7859,3.96,0.979843,3.48221,,
PGCC G214.99-15.15,90.19716611,-8.630565,7.08436,1.09,-0.181264,6.49714,,
PGCC G129.92+11.72,37.27044694,73.25698111,11.6914,2.3,1.34563,5.08845,,
PGCC G173.77-5.23,77.38291194,31.20052,11.9837,2.43,-0.794188,4.92219,0.32,0.71491
PGCC G171.00-27.37,57.04602389,18.57133694,7.77559,1.09,-1.52314,7.15067,,
PGCC G221.08-2.73,104.14663694,-8.49634889,10.8251,2.3,-0.833697,4.7063,,
PGCC G247.68-12.39,107.34084306,-36.38611194,,,,,,
PGCC G18.41+19.40,259.022705,-3.38304194,13.0375,2.73,0.708474,4.77626,,
PGCC G347.77+1.53,256.64163194,-38.22242,9.6189,1.95,-0.394822,4.93688,4.56,9.14072
PGCC G103.22-25.92,351.48245194,33.65892806,11.2762,1.78,-1.50954,6.32634,,
PGCC G185.29-2.28,87.28713194,23.22866806,,,,,,
PGCC G102.63+15.75,309.84198,67.99694111,,,,,,
PGCC G90.39-4.70,323.24401889,45.26256611,10.1368,1.74,0.264716,5.81658,-1.02,
PGCC G205.41-8.13,92.18878889,2.92000306,16.6646,5.38,-0.668104,3.09716,0.415,0.867268
PGCC G236.51-5.00,109.36782111,-23.22984306,8.8109,1.92,-0.40934,4.59444,,
PGCC G57.10+4.45,290.18948389,23.49515306,6.92611,1.31,0.235983,5.2757,,
PGCC G237.07-5.87,108.80397,-24.12569806,9.41732,1.65,-0.829245,5.71066,,
PGCC G167.10-19.06,60.53003694,27.03322806,11.621,1.93,-0.280804,6.0359,,
PGCC G262.91-12.04,116.78294389,-49.60931,8.11121,1.61,-0.458728,5.02531,,
PGCC G14.75+4.08,270.63507111,-14.159055,10.6163,2.43,0.526733,4.36263,,
PGCC G162.55-32.01,47.95470389,19.85322,7.82844,1.83,-1.16099,4.27923,0.300608,0.506113
PGCC G301.85-16.65,187.15808111,-79.46863611,7.46823,1.58,-1.17049,4.73478,0.17,0.294059
PGCC G239.96+19.67,133.39083889,-13.14384,,,,,,
PGCC G141.92+1.90,51.87173111,58.89915806,5.74119,1.06,0.184897,5.4418,,
PGCC G92.18+3.84,315.854065,52.52929306,,,,,,
PGCC G85.83-42.17,345.58044389,12.70783,11.2342,1.88,-1.25588,5.98108,,
PGCC G208.85-25.48,78.26023111,-7.99124111,14.7889,3.77,-0.31868,3.92347,,
PGCC G89.65-41.10,347.492645,15.122385,12.6764,2.48,1.19181,5.10319,0.201372,0.471135
PGCC G316.02-4.02,223.54959111,-63.72264111,12.8892,3.31,0.712787,3.89099,,
PGCC G338.89+9.46,241.47100806,-39.46633889,8.61162,1.38,-0.036752,6.23044,,
PGCC G81.12-36.28,338.98068194,15.36409611,8.62894,1.47,1.15543,5.86743,,
PGCC G84.22+15.17,293.24063111,52.14546194,6.03647,1.1,-1.30355,5.49345,,
PGCC G173.91-16.27,67.71880306,24.211075,8.22401,1.45,-0.53341,5.6666,0.23,0.456728
PGCC G247.83+3.61,123.98789194,-28.64924194,9.77536,2.23,-1.2056,4.38266,,
PGCC G111.77+13.78,332.66018694,73.06008111,14.5116,2.92,-0.318575,4.96959,0.3,0.741083
PGCC G1.28+3.78,263.56445306,-25.84910389,8.14893,1.72,-0.828692,4.7254,0.12,0.21661
PGCC G154.85-14.73,53.26492306,37.92464111,7.62079,1.83,-0.598561,4.15788,0.14,0.22924
PGCC G356.47+13.80,251.52992194,-23.88924806,7.72483,1.23,-0.099034,6.28825,0.12,0.243286
PGCC G134.21-4.20,33.75376889,56.832775,10.5786,1.6,-1.18975,6.60181,0.53,1.28839
PGCC G29.12-6.25,286.70770306,-6.22331,8.11871,1.31,0.305166,6.18863,-0.95,
PGCC G172.84-14.74,68.25811,25.99853694,8.35799,1.54,-0.437134,5.4325,0.23,0.450822
PGCC G66.52-28.48,324.28207389,12.43490111,10.7724,2.15,0.842648,5.02146,0.198609,0.42491
PGCC G68.28-1.36,302.111725,30.26104389,10.2615,2.43,0.947351,4.22885,,
PGCC G96.57+10.28,311.95996111,59.99710111,11.6693,2.46,0.114845,4.74279,0.33,0.714134
PGCC G190.52-2.28,90.107445,18.714275,11.4979,1.84,-1.46919,6.24017,-1.1,
PGCC G346.14+7.75,249.34159889,-35.54706194,,,,,,
PGCC G331.40+2.57,240.10150111,-49.56080194,7.32063,1.23,-0.851181,5.94066,2.24,4.29701
PGCC G319.74+1.56,224.97329694,-57.05639306,12.5479,3.3,0.434515,3.80413,-2.93,
PGCC G152.89-8.69,56.09076694,43.89587,5.68503,1.79,-0.612285,3.17231,,
PGCC G238.89-10.64,104.91890694,-27.84368889,5.29765,1.23,-0.805853,4.30339,,
PGCC G213.95-19.64,85.66255194,-9.67680194,10.5989,1.95,-1.1589,5.44276,0.415,0.916884
PGCC G303.94-24.24,210.62191806,-86.973785,17.927601,5.72,0.412287,3.13163,,
PGCC G171.54-14.68,67.38889306,26.98082,7.89118,1.31,0.029276,6.02357,0.23,0.461267
PGCC G144.69+0.19,54.25168611,55.90821111,10.5804,1.65,0.224777,6.4315,,
PGCC G253.82-10.92,112.38140111,-41.17507611,5.29121,1.21,-0.990277,4.3871,,
PGCC G96.05-50.34,355.87310806,8.94802694,12.8287,2.74,-1.48484,4.68529,,
PGCC G102.29-25.01,350.13678,34.18832389,9.45997,1.94,-1.35149,4.87096,,
PGCC G338.02+16.68,234.79797389,-34.526505,10.3829,1.85,0.611326,5.6204,,
PGCC G222.96-5.46,102.52699306,-11.39804389,8.07067,1.31,-1.45524,6.16064,0.54,1.10761
PGCC G1.05+40.48,233.180405,-3.52855611,10.9662,1.55,1.50598,7.07376,,
PGCC G118.67-4.41,4.78371889,58.19244806,14.1294,2.61,1.2377,5.40996,,
PGCC G116.12+8.99,352.05725111,70.75330389,,,,,,
PGCC G188.25-12.97,79.34721389,15.05931611,7.61261,1.78,-0.220684,4.27911,0.445,
PGCC G84.09+15.48,292.68728611,52.16214389,,,,,,
PGCC G1.24+9.89,257.96981806,-22.47348389,7.87356,1.3,0.066659,6.04883,0.12,0.240896
PGCC G159.80-18.49,55.02964806,32.046005,10.3804,2.24,0.049974,4.62675,0.14,0.282228
PGCC G337.69-4.01,254.15538,-49.58188194,9.45452,1.43,-0.531249,6.60893,,
PGCC G98.96+13.54,309.34661889,63.81664694,,,,,,
PGCC G267.92+3.64,139.71524,-44.31007389,8.66184,1.31,-1.33825,6.61579,,
PGCC G144.67+6.12,61.32354694,60.526085,10.5928,1.58,1.17393,6.6928,0.53,1.29811
PGCC G171.68-18.07,64.68340306,24.611755,6.92834,1.18,-0.860979,5.85519,0.23,0.426127
PGCC G118.74-1.23,4.09094306,61.35401194,8.6829,1.63,-0.609297,5.31586,,
PGCC G90.48+2.34,315.85824611,50.26398806,7.08144,1.44,1.1635,4.92447,,
PGCC G162.84-18.45,57.62837611,30.21673389,9.51118,1.51,1.45916,6.29241,0.14,0.315051
PGCC G304.72+1.31,196.61502111,-61.50686611,9.9483,2.38,0.778017,4.17717,2.38,4.46292
PGCC G94.77+37.50,252.105225,64.16847194,11.2208,1.57,-0.706253,7.14191,,
PGCC G57.67-35.04,324.75790389,2.47345806,9.52666,2.79,0.874939,3.41636,,
PGCC G311.36-19.42,239.71543889,-79.08457889,14.8619,2.92,0.163207,5.0881,,
PGCC G106.29-10.37,347.33880611,49.17474,7.66685,1.29,-1.2993,5.95126,,
PGCC G154.52-1.29,64.91444389,48.385685,10.5542,1.66,0.765731,6.36227,,
PGCC G301.74-4.48,189.77121,-67.32057194,6.98542,1.65,0.886529,4.24295,0.88,1.3936
PGCC G5.13+18.82,252.59825111,-14.23073306,11.0417,1.46,-1.42879,7.56331,0.12,0.318994
PGCC G301.91-17.69,186.93621806,-80.51345806,12.9242,1.76,-0.143234,7.36032,0.17,0.482309
PGCC G206.21-16.17,85.45036306,-1.53701889,8.09326,1.12,1.48096,7.21147,0.415,0.92225
PGCC G160.18-43.46,39.50507,11.57438111,,,,,,
PGCC G323.03+1.36,230.26919611,-55.56287389,8.847,1.2,-1.0687,7.36476,,
PGCC G147.61+36.88,134.11561611,67.00540194,6.40723,1.43,-0.362886,4.48218,0.35,0.5456
PGCC G167.10-1.01,76.66572611,39.069,12.0852,2.21,0.316573,5.45987,1.04,2.45742
PGCC G304.30-22.14,207.18666111,-84.85777306,8.03317,2.2,0.354322,3.65312,,
PGCC G246.30-5.27,114.28400389,-31.961,7.57739,1.48,-0.20243,5.13414,,
PGCC G48.85-3.84,293.74054,12.29906389,12.0278,2.15,-0.322056,5.58524,0.238781,0.569299
PGCC G203.10-8.67,90.62832611,4.670835,9.66583,1.46,-1.11673,6.61628,0.415,
PGCC G106.54+1.04,339.045135,59.542355,9.27766,1.53,-0.329726,6.0473,-0.53,
PGCC G323.01-1.56,233.21597306,-57.99011611,8.99571,1.86,0.969815,4.84821,6.09,11.6991
PGCC G151.34-51.22,30.36203,7.75394806,6.60749,1.89,-0.890546,3.49217,,
PGCC G122.00+7.24,10.14600389,70.09587889,12.3621,2.25,-0.371847,5.50457,0.44,1.05581
PGCC G294.55+5.93,177.85176111,-55.96342806,13.4219,2.86,1.29826,4.70014,,
PGCC G88.61-7.04,323.648285,42.34416611,14.8883,2.36,-0.982384,6.31504,,
PGCC G255.53-4.84,120.43865194,-39.69792889,8.96553,2.2,-1.11895,4.07969,0.8,1.4074
PGCC G309.75-31.46,320.54299889,-82.64499694,11.0647,1.85,0.376516,5.98113,,
PGCC G168.85-14.70,65.383545,28.88822889,8.84169,1.75,-0.15881,5.0482,0.14,0.272076
PGCC G349.32+15.49,245.07775889,-28.01898,10.054,1.57,0.557246,6.39266,0.12,0.279845
PGCC G161.56-9.29,64.06534611,37.77161389,14.4791,2.76,0.355773,5.24816,0.25,0.633931
PGCC G187.54-1.52,89.22702806,21.67583306,11.2064,2.03,-0.928512,5.51453,0.162181,0.370864
PGCC G262.01-12.49,115.54587611,-49.04269389,8.47339,1.34,-0.634246,6.31938,,
PGCC G357.78+15.47,250.96679694,-21.85588806,13.7934,1.99,0.055216,6.92012,0.12,0.341037
PGCC G174.57-13.68,70.35659806,25.39545389,9.7587,1.51,-0.334126,6.44664,0.23,0.530661
PGCC G204.56-11.02,89.23983806,2.291965,5.51232,1.07,1.26882,5.13961,0.415,0.64255
PGCC G349.81+13.18,247.38931306,-29.23603806,14.1652,2.52,0.908502,5.63161,0.12,0.311772
PGCC G71.30+11.54,290.22122194,39.23574389,11.1889,1.64,0.892239,6.83979,0.43451,1.10571
PGCC G144.33-3.30,50.34116694,53.22784,9.91054,1.67,0.138393,5.94898,,
PGCC G66.69-21.98,319.24655194,16.73661,12.2233,2.3,1.12928,5.32188,,
PGCC G68.59-14.13,313.944885,23.07229,8.61308,1.17,1.33701,7.35526,,
PGCC G293.16-30.77,77.47618889,-80.714485,15.6708,2.11,0.378019,7.44285,,
PGCC G227.31-3.76,106.08989694,-14.50254194,10.4573,1.95,-0.400357,5.36719,,
PGCC G177.42-20.37,66.67765806,19.01763694,8.3147,1.62,0.326776,5.14236,0.23,
PGCC G93.63+4.67,316.43975806,54.16147611,14.1611,3.55,-0.415246,3.9863,,
PGCC G201.83+2.83,100.30398611,11.16544611,7.50985,2.03,-0.694453,3.69399,0.76,
PGCC G31.87+2.59,280.066925,0.23806694,10.8276,1.8,0.00643,6.00973,0.26,0.610088
PGCC G109.79+2.71,343.36898806,62.53287111,9.16253,1.89,-0.664137,4.84156,0.7,
PGCC G114.26-51.70,7.40319694,10.80215611,9.85846,1.42,-0.295745,6.94223,,
PGCC G306.25-18.71,213.47956806,-81.04459389,8.92624,1.98,0.421881,4.51693,,
PGCC G124.84-6.04,16.32987194,56.77982306,10.8785,1.79,0.422728,6.07825,,
PGCC G46.34+37.28,252.41621389,26.12525889,12.9114,2.21,0.37036,5.83886,0.313329,0.791369
PGCC G356.86+15.83,250.06169111,-22.32066194,,,,,0.12,
PGCC G164.68-5.64,70.12429806,38.01791,,,,,0.14,
PGCC G144.55+8.33,64.29836306,62.216755,10.8804,1.9,0.053213,5.72302,0.46,1.05589
PGCC G210.30-0.07,101.59304806,2.30855889,8.48881,1.11,-0.225984,7.67118,5.44,12.7697
PGCC G298.33+12.54,185.84927389,-50.08042889,12.641,2.28,1.24128,5.53427,,
PGCC G179.57-2.72,83.53138,27.85473806,11.2995,2.97,-0.338457,3.8098,-1.2,
PGCC G264.39+5.73,138.45237694,-40.32822,14.1388,3.13,-1.1254,4.52147,,
PGCC G100.86-12.63,341.72454806,44.84434111,10.0629,1.37,-0.212916,7.31933,,
PGCC G130.20+11.49,37.852245,72.93135806,8.9472,2.13,1.12001,4.19289,,
PGCC G185.46-21.58,70.49652111,12.36139694,9.26032,1.53,-1.03977,6.06662,,
PGCC G338.99-6.39,258.30368,-49.97088194,10.4258,2.02,0.938473,5.15484,,
PGCC G162.59-26.73,51.46545389,24.00422111,16.52,2.52,0.279506,6.55575,,
PGCC G93.79-31.22,345.41769389,25.36349111,10.1714,1.47,-1.22395,6.94108,0.181134,0.442722
PGCC G299.86-26.20,120.76821889,-87.09979194,13.3611,2.5,0.714366,5.33546,,
PGCC G236.58-2.31,111.98028611,-22.03067194,9.20316,1.57,0.301489,5.84889,,
PGCC G188.85-13.42,79.278625,14.32716694,16.624201,3.59,-0.554163,4.63112,,
PGCC G148.27+23.38,99.21180694,66.81902306,11.2893,2.26,-0.352017,4.99159,0.2,0.436727
PGCC G149.33+17.13,86.074455,63.65856611,,,,,0.2,
PGCC G112.11+13.62,333.89679,73.12744111,10.5655,1.88,-0.331757,5.63368,,
PGCC G344.56-4.25,260.39627111,-44.19972194,7.12875,1.68,-0.140683,4.24196,,
PGCC G269.49+3.94,141.57867389,-45.20532611,6.30846,1.15,0.919955,5.47905,0.62,1.06031
PGCC G298.24-1.84,181.98312389,-64.31237806,7.0818,1.4,-1.36271,5.07553,,
PGCC G33.72-0.02,283.23031611,0.69055389,10.3683,2.74,0.295489,3.78677,7.1,12.9411
PGCC G229.35+10.37,119.77811389,-9.51952806,10.3255,1.91,-0.195643,5.41374,,
PGCC G174.42-15.76,68.49415611,24.17262611,9.51816,2.21,0.164812,4.29777,0.23,0.42791
PGCC G302.96-17.53,193.04295306,-80.40550194,11.2942,3.03,0.474566,3.73135,0.17,0.321023
PGCC G162.87-8.70,65.74372889,37.26619694,16.815901,3.94,1.26272,4.26746,0.14,0.344985
PGCC G269.45+2.99,140.59660306,-45.84940694,9.28873,1.62,-0.556328,5.74575,,
PGCC G359.73-2.52,268.74035611,-30.46100194,6.40464,1.05,0.467298,6.09242,,
PGCC G126.31+5.14,21.78703694,67.77932,12.6486,2.39,0.436466,5.28508,0.48,1.1416
PGCC G104.80+11.48,321.92572,66.86947611,9.89287,2.46,-1.14883,4.02386,,
PGCC G127.22-2.27,21.54194611,60.312595,11.2636,1.73,-1.02999,6.52064,0.57,1.42097
PGCC G113.16-52.07,6.77037306,10.33527806,12.2602,2.51,-1.36457,4.88671,,
PGCC G121.01-2.79,9.01152194,60.02170889,8.64133,2.46,-0.672301,3.51414,0.47,0.753398
PGCC G125.04-22.73,15.40040306,40.099365,14.1587,1.95,-0.772443,7.24886,,
PGCC G71.68-12.03,314.20654306,26.73071889,8.76576,1.61,-0.981555,5.4614,,
PGCC G182.04-0.16,87.43848389,27.10970306,15.0508,2.46,1.53508,6.11296,,
PGCC G91.50-38.42,347.39636194,18.156425,13.1948,3.02,1.4714,4.36317,0.346737,0.765296
PGCC G359.62-17.99,285.49874889,-37.28311194,13.3761,2.67,-0.553113,5.00578,0.53,1.26155
PGCC G65.12-8.55,306.85668889,23.64164,9.5535,2.55,0.605351,3.74729,0.83,1.44459
PGCC G235.60+38.28,146.43801889,0.75673111,9.49172,1.23,0.345486,7.74224,,
PGCC G156.73+35.14,126.83966111,60.14126611,14.1371,2.17,0.155619,6.51321,0.274157,0.765253
PGCC G154.90+4.61,72.10556806,52.10759694,9.51139,2.36,-0.147044,4.03678,-0.89,
PGCC G70.10-1.69,303.59448194,31.60057389,7.69272,1.46,1.56526,5.28635,2.09,3.87696
PGCC G121.80+25.78,335.674225,88.31646694,12.07,2.76,-0.495804,4.37812,0.38,0.803541
PGCC G141.24+34.34,132.00338694,72.72450306,,,,,0.11,
PGCC G134.37-44.38,21.41983,17.72898111,11.0102,2.04,-1.55922,5.40556,,
PGCC G316.42-0.67,221.16725194,-60.53704806,5.63542,1.09,0.837286,5.14662,3.71,5.81198
PGCC G91.09-39.46,347.63772611,17.09255,5.99299,1.74,1.54143,3.44858,,
PGCC G90.14-2.28,320.56469694,46.83817306,6.58303,1.98,1.56638,3.3209,-1.12,
PGCC G181.37+6.98,94.20042389,31.18529306,8.50192,1.69,-0.943578,5.04021,,
PGCC G158.39-20.72,52.188675,31.111525,9.23724,1.72,1.03374,5.36336,0.14,0.286645
PGCC G292.38-5.95,165.61932389,-66.56047111,6.89662,2.22,1.22203,3.10336,,
PGCC G260.78-10.11,117.82112889,-46.85068111,8.36339,1.47,1.37323,5.67029,,
PGCC G323.36-1.58,233.77639806,-57.80865111,10.1448,1.99,0.203821,5.09412,,
PGCC G287.23-3.20,158.04734806,-61.75605806,9.04729,2.13,-0.979535,4.24551,,
PGCC G294.03+6.27,177.09512306,-55.50774389,9.22605,1.41,-0.853878,6.53692,0.51,1.1521
PGCC G258.40+8.37,135.88732889,-34.14670889,,,,,,
PGCC G57.17+3.43,291.20965611,23.07879806,9.6479,1.57,1.40742,6.14838,,
PGCC G148.52+17.72,86.49339306,64.61025194,14.519,2.3,-0.125644,6.32225,0.2,0.557394
PGCC G299.42-8.87,181.89813194,-71.44547306,13.1121,1.88,0.656017,6.98441,,
PGCC G70.83+3.80,298.50534111,35.147945,6.77623,1.14,-0.413705,5.92912,0.13366,0.246443
PGCC G156.08-2.99,64.79027611,46.08446889,10.4782,1.89,0.055273,5.53068,0.8,1.77153
PGCC G188.88+1.14,92.42347,21.82375889,,,,,,
PGCC G94.28+11.81,306.91473389,59.06969806,11.547,2.23,1.40702,5.17385,0.313329,0.704479
PGCC G85.10-1.19,314.55120806,43.88978194,,,,,,
PGCC G158.14-8.22,61.860085,40.87933,10.097,2.01,-0.218748,5.01224,0.14,0.289713
PGCC G320.85+5.09,223.793945,-53.41871611,6.52752,1.34,0.909993,4.88821,,
PGCC G23.68+7.55,271.88748194,-4.70113194,9.93587,1.85,-0.045786,5.36712,,
PGCC G301.88-18.07,186.55694611,-80.88701611,6.69473,1.48,1.14132,4.50941,0.17,0.271708
PGCC G216.76-2.58,102.30683889,-4.58307111,7.23104,1.34,-1.06893,5.41078,2.4,4.36685
PGCC G189.80-19.81,74.34103389,10.04531,,,,,,
PGCC G162.75+3.83,78.452995,45.43948,8.44313,1.47,-0.464537,5.73426,,
PGCC G103.55-25.65,351.697845,34.01934111,7.98913,1.47,-1.16033,5.42248,,
PGCC G128.95+4.43,28.10779194,66.58979806,12.9743,2.05,1.07756,6.33995,0.211836,0.558872
PGCC G201.27+0.45,97.88775611,10.5684,7.1502,1.78,-0.435352,4.01902,,
PGCC G227.70+11.17,119.66269694,-7.714445,11.8181,3.19,-0.660373,3.70449,0.276694,0.532556
PGCC G270.07+4.16,142.38577306,-45.43791611,12.2598,2.3,0.831811,5.33967,0.65,1.52982
PGCC G48.57-5.75,295.30386389,11.12629,8.54147,2.19,0.685956,3.90542,,
PGCC G123.06-9.90,13.06410611,52.97506,11.0806,2.29,-0.312206,4.84922,,
PGCC G230.23+12.99,122.50752306,-8.94039,8.19781,1.54,-1.42478,5.33321,0.219786,0.422737
PGCC G106.71-36.53,358.57589694,24.54001611,12.682,1.97,1.27853,6.42206,0.254683,0.668588
PGCC G189.12+1.08,92.49655889,21.58487889,,,,,,
PGCC G110.19+17.71,318.91467306,74.932655,11.6472,1.81,-0.396616,6.43331,0.3,0.755399
PGCC G224.44+8.93,116.11956806,-6.00703,9.91792,2.01,-0.715196,4.94372,,
PGCC G130.35+0.50,29.06951694,62.43319306,15.653,3.14,-0.450556,4.97951,0.66,1.69498
PGCC G132.09+8.77,39.80583611,69.70023306,8.84028,2.13,-1.23814,4.14446,0.85,1.49662
PGCC G323.06-2.65,234.50299111,-58.84766389,6.77688,1.38,0.40211,4.92005,,
PGCC G113.07+20.95,315.20266694,79.08686806,13.5592,2.83,0.221296,4.78378,,
PGCC G133.29+8.81,42.90929806,69.22773694,7.11051,1.18,-0.355245,6.0179,,
PGCC G28.86+4.22,277.247345,-1.68906694,8.5708,1.9,0.666529,4.51038,,
PGCC G347.87-4.45,263.11019889,-41.56761889,7.31654,1.7,0.720287,4.31244,,
PGCC G269.93+2.83,140.91618306,-46.29560889,7.0191,1.2,0.137964,5.87249,,
PGCC G227.17+11.12,119.35681194,-7.28984194,5.85206,1.38,-1.05689,4.23172,,
PGCC G14.99+19.69,257.10473611,-6.00244194,,,,,,
PGCC G89.76-1.97,319.86016806,46.78548389,6.63941,1.12,-1.37435,5.91535,0.58,1.05733
PGCC G121.98-1.39,10.85861806,61.46541611,5.71398,1.58,-0.676094,3.61886,,
PGCC G264.75+1.83,134.90455611,-43.20790889,7.94892,1.69,-0.698418,4.71342,,
PGCC G105.94-11.00,347.22692889,48.46101389,11.6333,1.95,-0.907323,5.96616,,
PGCC G214.37-12.65,92.18790389,-6.986095,13.3468,2.93,-0.198481,4.55418,0.415,0.941171
PGCC G278.11-2.16,145.03389,-55.52029,15.4066,2.98,0.817533,5.17237,1.35,3.50557
PGCC G224.34-1.02,107.20263694,-10.611615,12.0381,2.52,0.337908,4.77797,,
PGCC G289.07+9.72,170.93588306,-50.78051389,14.1966,2.86,-1.21606,4.96311,,
PGCC G215.11+0.91,104.65854611,-1.52419806,11.0356,1.72,0.095624,6.40326,4.81,11.7617
PGCC G153.83-8.80,57.004585,43.22939694,12.7807,2.8,-0.370445,4.56177,0.14,0.310956
PGCC G118.06+23.69,319.755005,84.414795,7.16748,1.32,-0.422569,5.44295,0.38,0.690416
PGCC G269.34+2.28,139.74725306,-46.27139306,10.3799,2.03,1.43741,5.11475,,
PGCC G175.94-15.96,69.35018889,22.91930389,8.22719,1.6,0.448866,5.15566,0.23,0.435735
PGCC G315.30+1.39,217.50187694,-59.09367389,9.76479,1.66,0.083287,5.88581,,
PGCC G338.70+1.80,248.61174,-45.03069306,8.18782,1.48,-1.20654,5.5143,,
PGCC G314.57+9.15,211.74493389,-52.00984611,11.5256,1.62,1.07239,7.09705,,
PGCC G203.70-30.48,71.68863694,-6.21551306,13.2993,2.56,-0.950196,5.20231,0.220801,0.534245
PGCC G0.90-20.45,288.92114306,-36.98416889,9.93904,2.67,0.954301,3.72158,,
PGCC G354.64-0.66,263.72470111,-33.83081111,6.14445,1.09,0.03408,5.61373,,
PGCC G180.07-2.50,84.04027611,27.55731194,8.50691,1.85,-0.485609,4.58819,,
PGCC G343.65-2.30,257.45034806,-43.80936389,9.33469,1.74,1.47452,5.38002,1,2.06143
PGCC G120.43-6.47,8.37637694,56.31081806,7.73369,1.66,-1.00589,4.66447,,
PGCC G104.29+11.56,320.89703389,66.57702611,8.96993,1.35,-0.057926,6.62333,,
PGCC G269.67-21.03,106.93112889,-59.11769889,6.80727,1.47,-1.19759,4.62976,,
PGCC G231.84-2.07,109.82415,-17.73429889,6.63313,1.39,0.402421,4.78763,3.53,5.78657
PGCC G162.71-46.40,39.32520306,8.13355194,6.10716,1.29,-0.129474,4.74604,,
PGCC G353.20+1.90,260.204285,-33.60725389,9.41438,1.56,0.997726,6.05383,1.57,3.44777
PGCC G341.11+12.34,241.03530889,-35.87049111,7.46924,1.25,0.533866,5.96371,,
PGCC G275.75+4.54,149.05723611,-48.86138889,9.61474,1.65,-0.500492,5.84255,-0.97,
PGCC G98.37+6.36,320.05560306,58.76128,6.56381,1.61,1.08124,4.07142,,
PGCC G198.86-2.16,94.38831306,11.4828,11.8767,3.35,-0.516081,3.54608,,
PGCC G354.67+3.16,259.97616611,-31.680065,10.7403,3.69,0.301658,2.91167,-2.19,
PGCC G144.28-49.75,26.71109389,10.80796111,6.35943,1.58,-0.613101,4.01425,,
PGCC G209.55-19.68,83.78629306,-5.972175,7.42687,1.48,0.104096,5.02844,0.415,0.737724
PGCC G357.04+6.85,258.06359889,-27.62591611,7.37148,1.35,1.55461,5.45393,0.12,0.22133
PGCC G347.51-3.22,261.48468,-41.18483694,10.7743,2.47,0.895212,4.3537,,
PGCC G188.57-4.21,87.29710389,19.43151889,17.867201,3.65,-0.480821,4.89512,0.38,1.03376
PGCC G204.24-18.05,82.90187806,-0.77417611,12.1544,2.64,1.43168,4.60612,0.415,0.903254
PGCC G165.20-3.27,72.86369306,39.15884,9.0862,1.82,-0.687324,4.99525,0.14,0.274362
PGCC G319.80+1.60,225.045105,-56.99826,14.1171,3.82,0.59346,3.69615,-2.15,
PGCC G174.85+5.23,88.61891194,36.03643806,13.8642,2.41,-0.899984,5.75776,0.54,1.40344
PGCC G304.14-22.01,205.21327194,-84.76673889,14.9172,4.76,0.342556,3.13415,,
PGCC G57.17+3.53,291.11853,23.126795,,,,,0.61,
PGCC G191.95-26.26,70.03666694,4.82100694,,,,,,
PGCC G64.97-14.04,311.58148194,20.33069806,8.38341,1.51,0.416376,5.5656,,
PGCC G340.25+22.95,232.199875,-28.29144889,,,,,,
PGCC G351.97+1.80,259.450775,-34.66759111,9.0405,1.34,-0.569544,6.73296,,
PGCC G190.92-3.92,88.81656611,17.55100389,7.18679,1.59,0.256279,4.52173,,
PGCC G243.88+3.46,121.44139111,-25.42101306,9.32031,1.88,-0.738652,4.94701,,
PGCC G352.89+3.29,258.63830611,-33.05420694,6.26545,1.56,0.57469,4.02177,,
PGCC G141.93+0.53,50.44207389,57.74972194,11.4504,1.51,0.717226,7.58173,,
PGCC G164.18-8.84,66.72689806,36.23632389,9.6424,1.54,-0.212364,6.27441,0.42,
PGCC G168.57-15.77,64.286385,28.35737611,11.6106,2.48,-0.617624,4.67648,0.14,0.300083
PGCC G44.25-2.41,290.23468,8.938475,9.70816,2.54,0.570515,3.82658,,
PGCC G210.97-19.33,84.70066806,-7.01789389,9.586,1.94,0.076095,4.93827,0.415,0.830579
PGCC G134.66-5.19,33.93427694,55.74900389,8.3786,1.44,-0.10671,5.83453,,
PGCC G86.97-34.29,341.82675194,19.77065306,6.61638,1.32,1.35474,5.02905,,
PGCC G336.87-3.10,252.26330611,-49.63282806,11.0546,3.12,0.673541,3.54683,,
PGCC G101.59+22.68,291.11419694,70.16725194,16.119699,3.35,0.953817,4.80761,,
PGCC G317.05-22.33,265.42544611,-76.31962611,14.0102,2.95,-0.005769,4.74336,,
PGCC G146.14+1.66,57.91630611,56.18165611,10.515,1.6,1.40235,6.59064,,
PGCC G108.74-52.67,4.197695,9.24828611,11.8776,1.96,1.11209,6.06805,,
PGCC G271.39+5.09,144.67140194,-45.64298611,5.52443,1.42,1.35332,3.89736,1.32,1.78168
PGCC G4.50+17.16,253.64143389,-15.68685389,9.21823,1.43,1.46178,6.44079,0.12,0.268968
PGCC G306.40+1.52,200.05767806,-61.15373611,7.06039,1.09,-1.05761,6.45749,4.89,9.60466
PGCC G128.81+3.94,27.499865,66.14426389,11.1891,1.6,-0.182054,6.99494,0.226986,0.58414
PGCC G133.71-46.64,20.52306389,15.592095,10.3816,3.85,-1.03617,2.69503,,
PGCC G91.71-34.32,345.40213,21.80612194,14.6288,3.92,-1.24563,3.73074,,
PGCC G143.66-3.55,49.16115611,53.37189889,6.88162,1.32,-0.870509,5.19484,,
PGCC G208.89-20.04,83.17886389,-5.58930889,6.11183,1.1,-0.100993,5.5718,0.415,0.704463
PGCC G90.28+2.40,315.58557111,50.15419389,12.4924,3.01,-1.12597,4.15358,,
PGCC G239.28-16.67,98.766075,-30.61273611,15.0636,1.66,-0.983882,9.07791,,
PGCC G122.42-10.01,12.01642306,52.85576611,9.35084,1.59,-0.851752,5.8628,,
PGCC G2.52+17.86,251.89340194,-16.79615389,8.35338,1.53,0.920297,5.46622,0.12,0.235875
PGCC G147.95+6.05,65.83725694,58.21857111,15.8324,3.03,-0.515504,5.22875,-0.82,
PGCC G351.04-9.20,270.70587194,-41.25974694,14.774,2.6,-0.425415,5.67541,,
PGCC G229.50-8.42,102.75916306,-18.52890611,6.33776,1.47,-0.768065,4.30135,0.275423,0.418309
PGCC G349.07+15.05,245.26123,-28.49531389,7.5603,1.29,0.749842,5.86793,0.12,0.232498
PGCC G217.75-17.17,89.500435,-11.88969611,7.18637,1.46,-0.061219,4.92882,,
PGCC G241.80-0.67,116.32830806,-25.779585,7.43806,1.18,1.44367,6.3157,,
PGCC G211.29-36.54,68.92459111,-14.53558111,,,,,0.14,
PGCC G49.35-8.60,298.22399889,10.40206889,11.7861,1.91,0.751909,6.18076,,
PGCC G70.55-10.28,311.898865,26.941885,10.7146,1.8,0.599922,5.93786,0.247742,0.574817
PGCC G102.48+8.60,322.808075,63.21039611,7.03259,1.19,-0.949012,5.93279,0.53,0.995839
PGCC G94.36-36.31,348.46118194,21.08602,12.8833,2.7,1.05936,4.7658,0.235505,0.536796
PGCC G27.68+5.72,275.37039194,-2.04249194,9.43748,2.1,1.48795,4.48808,,
PGCC G140.77+21.66,88.12465694,72.880005,8.06868,1.57,0.335326,5.14283,,
PGCC G358.28-2.11,267.46707194,-31.50038,14.7623,3.13,-1.38891,4.70973,,
PGCC G48.63+34.42,256.04943806,27.15307194,9.02306,1.4,-0.325628,6.4328,,
PGCC G356.21+6.69,257.66803,-28.38734111,16.2665,4.21,0.331329,3.86335,0.12,0.276718
PGCC G215.99-15.62,90.18615694,-9.70529306,10.0775,2.21,-0.188523,4.55059,0.415,0.817496
PGCC G228.03+11.02,119.68914806,-8.07360306,,,,,0.238781,
PGCC G28.50-1.89,282.52175889,-4.80496194,9.49186,1.74,0.209521,5.45097,,
PGCC G201.55-11.30,87.57785,4.749105,5.99619,1.53,-0.335958,3.91496,0.415,0.584892
PGCC G311.40-21.84,250.22203111,-80.66309389,,,,,,
PGCC G340.02+9.05,242.88540611,-39.00717889,6.42779,1.19,-0.392296,5.38749,-1.11,
PGCC G93.56+9.49,309.73324611,57.15973694,11.5609,2.73,-1.02817,4.24149,0.31,0.631456
PGCC G138.93-4.15,41.58498,55.11192694,11.0326,2.59,-1.14512,4.26502,,
PGCC G122.90-9.37,12.81150806,53.50101889,10.0051,2.25,-0.19479,4.44627,,
PGCC G199.49+0.71,97.28147889,12.26953194,,,,,,
PGCC G19.64+14.86,263.54846194,-4.63689611,11.0562,1.7,-0.099426,6.49397,0.67,1.65143
PGCC G126.19+27.44,109.72917194,87.09053,12.2604,2.21,-0.135827,5.54419,0.38,0.911345
PGCC G96.71+15.80,302.44656389,63.17538806,6.47745,1.13,1.34407,5.71095,,
PGCC G95.60-11.60,334.86712611,43.063385,7.70252,1.52,-1.28054,5.05708,,
PGCC G192.31-2.69,90.65625,16.95575,10.904,1.45,-0.06076,7.51913,,
PGCC G203.02+1.76,99.89191389,9.61873389,8.32932,1.86,-0.370138,4.48474,,
PGCC G228.00-10.16,100.43653889,-17.94887,7.18242,1.48,-0.698298,4.85094,0.251189,0.431296
PGCC G169.72-14.81,65.94595306,28.20686694,,,,,0.14,
PGCC G292.63+1.89,172.354645,-59.33178306,9.275,1.23,-1.3965,7.55107,,
PGCC G32.64+2.82,280.21521,1.02306611,8.40898,1.7,0.67198,4.93798,,
PGCC G191.99-0.86,92.16568806,18.13195806,10.9236,2.16,-0.505914,5.0564,1.94,4.19404
PGCC G156.58-25.30,47.56096306,28.35933694,17.664801,3.46,-0.791128,5.11214,,
PGCC G99.75+16.86,303.63958694,66.235275,8.17078,1.16,0.979006,7.04377,,
PGCC G61.55-10.77,306.68701194,19.48350111,9.35836,1.93,0.362286,4.85392,,
PGCC G158.65-24.55,49.78940611,27.89516611,8.46552,2.08,-0.495787,4.07584,,
PGCC G297.57-4.96,178.91905194,-67.25399806,14.2956,2.6,0.738793,5.50243,,
PGCC G118.00+31.24,238.02165194,84.04865306,11.1082,1.58,-0.054774,7.02648,,
PGCC G182.28-0.30,87.45084389,26.83425306,7.61985,1.52,-0.923558,5.02726,,
PGCC G118.71-7.17,5.45450889,55.45736306,15.8889,3.14,-0.511352,5.05311,,
PGCC G182.05-0.33,87.29489111,27.00972694,7.2795,1.42,-0.933731,5.14265,,
PGCC G157.33+5.82,76.04119889,50.97072194,8.66114,1.74,-1.2685,4.96821,0.63,1.20214
PGCC G91.71+4.35,314.73370389,52.51467111,10.1865,2.56,1.12342,3.97862,,
PGCC G264.35+5.83,138.512695,-40.22865694,,,,,,
PGCC G31.25+20.80,263.49139389,7.90414806,11.995,1.87,-0.807823,6.40779,0.146555,0.373751
PGCC G21.55+20.88,259.20013389,-0.09353889,11.5138,2.03,-0.435251,5.67163,,
PGCC G202.74-9.14,90.04931611,4.76401,15.6614,2.31,-0.841273,6.76807,0.415,
PGCC G0.29-18.76,286.68563806,-36.95935806,,,,,,
PGCC G101.78-26.81,350.44534306,32.35202389,9.75565,1.42,-1.55067,6.84886,,
PGCC G103.69-39.34,356.998535,21.14743611,11.881,2.74,1.33078,4.34381,,
PGCC G199.94+1.23,97.96305111,12.11325306,6.43611,1.9,-0.092653,3.38106,,
PGCC G77.48+5.47,301.07748389,41.67690306,,,,,,
PGCC G112.13+17.46,324.72085611,76.10801694,8.38442,1.37,-0.932031,6.12213,,
PGCC G142.56+7.21,59.54027194,62.732605,18.680599,3.29,0.847321,5.67483,,
PGCC G147.45+9.41,70.06127194,60.858845,14.3821,2.92,-0.082846,4.93267,0.37,0.906528
PGCC G219.53-10.68,96.22927111,-10.65706889,8.05096,1.43,1.4848,5.61319,0.415,0.811528
PGCC G144.80-0.99,53.20281611,54.88092,,,,,,
PGCC G84.38+15.08,293.47937,52.25098,10.0191,2.38,0.816889,4.20321,,
PGCC G194.69+0.31,94.60058611,16.32634,9.27681,1.65,-0.042424,5.6087,1.07,2.24513
PGCC G31.10-5.35,286.79855306,-4.06195389,6.58155,1.81,0.845998,3.64386,0.51,0.72651
PGCC G162.68-21.63,55.12533611,27.90050111,10.1574,1.83,-0.267497,5.53888,,
PGCC G57.81-5.69,300.04061889,19.10301611,8.38877,1.76,0.740428,4.75598,,
PGCC G198.80-14.06,83.84020194,5.73705806,13.8603,2.81,-0.70563,4.92717,0.4,0.961551
PGCC G123.67-6.68,14.18034611,56.18407806,11.9827,3.22,-0.583854,3.72635,,
PGCC G2.15+14.73,254.31880194,-18.93691806,11.377,1.76,0.92556,6.47312,,
PGCC G277.66+1.01,147.93109111,-52.81191611,6.91892,1.52,-0.766241,4.55785,,
PGCC G46.34-1.16,290.10977194,11.36352889,10.3818,2.29,0.467326,4.53616,0.42,0.838411
PGCC G62.48-11.14,307.55490111,20.03341111,11.5289,2.58,0.839641,4.46606,,
PGCC G180.15+5.47,91.97621194,31.53976611,14.5066,3.11,-1.06083,4.67112,,
PGCC G181.84-18.38,71.04779806,16.99767306,5.76349,1.19,-1.40071,4.83202,0.5,0.767545
PGCC G164.86-24.30,54.90188194,24.57365389,,,,,,
PGCC G111.15-40.99,3.35778889,21.01515806,7.56594,1.6,-1.28766,4.71697,,
PGCC G153.32-9.05,56.24468611,43.35163111,12.7546,1.92,-0.180673,6.64615,0.14,0.37495
PGCC G140.48+39.60,147.87184111,70.82068611,14.6804,2.7,0.46085,5.436,0.35,0.909501
PGCC G46.36+3.10,286.25567611,13.35477389,7.87273,1.45,0.671044,5.43703,,
PGCC G171.68-7.25,74.02522306,31.64666611,9.13372,1.89,-0.271202,4.83879,0.23,0.444782
PGCC G203.95-18.91,82.01747889,-0.92913389,11.3563,3.1,-0.376657,3.65907,0.296483,0.555942
PGCC G154.27-1.09,64.85752111,48.71072,8.74381,1.3,0.727409,6.71661,0.64,1.4267
PGCC G118.83-9.31,6.06570306,53.34462389,,,,,,
PGCC G354.55+9.09,254.37165806,-28.26979306,12.929,3.21,0.730088,4.02943,,
PGCC G344.87+10.32,245.99382,-34.72701306,11.5128,2.1,-0.513351,5.47573,,
PGCC G172.05-10.95,70.96379111,29.02981806,5.45357,1.21,-0.405965,4.49069,0.23,0.331094
PGCC G333.15-0.58,245.440735,-50.68036306,,,,,5.76,
PGCC G210.18+1.39,102.84416194,3.08251389,8.45692,1.44,-0.067744,5.85486,0.82,1.67844
PGCC G127.29+11.17,28.08776694,73.52728306,14.9481,3.09,-0.935029,4.84046,,
PGCC G168.63-11.51,67.93020611,31.20605694,13.0173,1.88,0.125196,6.92883,0.14,0.386764
PGCC G150.63+9.79,74.5756,58.65604389,10.1654,2.47,-0.935206,4.10949,0.194984,0.366591
PGCC G172.22-7.80,73.90820306,30.88306806,7.47074,1.29,-0.030917,5.78598,0.23,0.439871
PGCC G239.14-10.69,104.99256111,-28.08131389,6.8421,1.04,1.47638,6.59809,,
PGCC G172.53-20.89,63.02146889,22.10630806,9.93178,1.55,-0.032544,6.39933,0.23,0.533379
PGCC G149.15-2.05,57.91097306,51.40740194,11.498,2.28,1.05934,5.04087,0.369828,0.819013
PGCC G267.13-14.16,116.80635806,-54.23984889,9.33295,1.23,-0.622154,7.60744,,
PGCC G107.01+7.12,332.892975,64.93160194,7.72586,1.19,-0.304182,6.48734,-0.8,
PGCC G157.01+6.02,75.99076111,51.34803806,6.83152,1.73,-0.852795,3.95904,,
PGCC G131.99-8.61,27.91769806,53.19554111,10.4988,2.06,-1.34395,5.10084,,
PGCC G110.89-2.79,349.77502389,57.90741694,12.807,2.68,-1.39519,4.77736,3,
PGCC G212.91+1.10,103.83342,0.51908889,13.8067,2.7,-1.5265,5.11473,,
PGCC G157.85-8.63,61.21617889,40.77376889,13.2912,2.92,1.30456,4.55414,0.14,
PGCC G209.99-20.16,83.54030611,-6.56065111,9.13539,1.55,-0.790377,5.90242,0.415,0.886449
PGCC G240.03+68.75,173.23640389,16.14504111,10.0764,2.31,-1.14049,4.3624,,
PGCC G293.43-9.88,163.61467,-70.56623111,8.99411,1.51,1.49275,5.97081,0.34,0.724772
PGCC G143.57-3.36,49.20290806,53.58762694,9.23487,1.46,-0.79991,6.34693,0.45,1.00216
PGCC G179.04-0.49,85.353455,29.49810389,13.1638,2.32,0.115497,5.68063,0.194984,0.490473
PGCC G353.19+16.50,247.03559889,-24.58450694,8.23607,1.53,-1.10972,5.39482,0.12,0.232679
PGCC G193.88-16.44,79.33914194,8.60168806,12.5327,2.45,-1.12023,5.11492,0.4,0.931597
PGCC G222.25-4.64,102.95493306,-10.39411,12.7439,2.15,0.357496,5.92099,-1.06,
PGCC G166.06+3.58,80.79058806,42.58527806,14.3019,3.13,-0.775187,4.56321,,
PGCC G111.29+13.86,331.22363306,72.85106694,,,,,0.274157,
PGCC G295.30-17.44,155.24870306,-78.02086611,13.999,3.07,-0.268843,4.5648,0.17,0.395307
PGCC G161.12+4.39,77.715675,47.08729889,5.51815,1.46,-0.096212,3.77981,,
PGCC G156.52+3.53,72.43392194,50.18330806,15.6236,2.77,-0.084475,5.64038,-0.99,
PGCC G259.65+17.74,144.83026111,-28.56612389,,,,,,
PGCC G229.03+11.64,120.73093389,-8.61344694,8.18749,1.15,-0.852906,7.10844,0.737904,1.63753
PGCC G189.73-19.87,74.25180111,10.07138806,12.9238,3.39,-0.10367,3.81671,,
PGCC G296.28-3.06,176.90422111,-65.10712389,8.36327,1.56,0.656425,5.34681,,
PGCC G211.37+5.58,107.121925,3.92625806,11.023,2.3,-0.835629,4.78267,,
PGCC G357.68+18.92,248.02662694,-19.75375694,13.3137,1.97,0.473756,6.74786,0.12,0.330858
PGCC G87.06-4.19,319.42282111,43.306835,4.54983,1.17,0.6152,3.89447,0.7,0.857129
PGCC G108.28+16.68,317.45852694,72.87943306,12.6696,2.13,-1.41004,5.94472,,
PGCC G68.90+12.61,287.71377611,37.56837111,10.8226,2.07,-0.120435,5.22551,0.238781,0.522343
PGCC G121.92-0.84,10.69430194,62.01470194,6.79848,1.06,0.973628,6.43312,-1.27,
PGCC G184.68-5.58,83.88789389,22.02433,7.19937,1.22,-1.40674,5.88259,,
PGCC G203.28-10.21,89.35356889,3.78575806,14.8124,3.73,0.492947,3.97357,0.39,0.87035
PGCC G198.12+2.32,98.09800694,14.22616306,8.60687,1.32,-0.593873,6.50722,,
PGCC G265.27+5.31,138.84639,-41.24859194,7.87175,1.9,-1.37899,4.14857,,
PGCC G203.72-11.63,88.31292694,2.72977194,7.66509,1.49,0.354111,5.15874,0.415,
PGCC G29.94-16.80,296.63516194,-10.14775389,8.43974,1.24,-0.109744,6.79596,,
PGCC G142.08+38.19,142.24427806,70.51379389,12.0513,1.92,-0.157834,6.28153,0.35,0.88582
PGCC G236.29-4.87,109.38182111,-22.97844111,9.50864,2.07,-0.486649,4.58976,,
PGCC G357.83+20.46,246.86741611,-18.673075,8.28368,1.1,1.50973,7.50364,,
PGCC G132.65+10.39,43.36987306,70.919075,9.74627,1.85,-0.849012,5.27561,0.34,0.709188
PGCC G184.00-26.34,65.78792611,10.57664194,,,,,,
PGCC G67.91-7.82,307.94836389,26.319775,10.81,1.6,0.380886,6.75059,0.53,1.317
PGCC G2.58+17.04,252.61491389,-17.24250806,9.01016,1.24,0.323056,7.24066,0.12,0.281944
PGCC G45.58-7.87,295.72766111,7.49892889,11.445,1.9,1.23679,6.03073,0.53,1.28084
PGCC G357.41+15.50,250.70249889,-22.11290611,14.6309,2.56,-0.144764,5.72068,0.12,0.319351
PGCC G303.50-13.25,195.167435,-76.10894806,8.17842,2.29,0.969329,3.57571,,
PGCC G212.97-12.28,91.91631306,-5.60119611,11.3969,3.47,-0.790795,3.28624,0.415,0.738784
PGCC G142.17+0.64,50.93899194,57.70449806,7.23278,1.33,0.595485,5.42166,,
PGCC G96.70-19.03,341.16903694,37.30207389,7.38805,2.09,1.52033,3.53419,,
PGCC G150.16+38.53,136.386505,64.57047306,13.0418,2.24,-0.339551,5.82464,0.35,0.887358
PGCC G172.64-6.17,75.70945694,31.547785,12.4977,2.54,-1.08152,4.92828,0.23,0.52507
PGCC G302.53-17.38,190.58508306,-80.23961611,11.5588,3.24,0.796041,3.56822,0.17,0.317584
PGCC G55.52-42.12,329.56192,-2.99150806,8.86013,1.4,-1.42646,6.33424,,
PGCC G278.73-3.46,144.32019,-56.90860694,6.19575,1.3,-1.0874,4.75196,1.04,1.64151
PGCC G212.24+4.91,106.914795,2.84918111,8.55336,1.12,-1.25215,7.64478,,
PGCC G163.98-11.55,64.17215694,34.49498694,10.2833,1.96,-0.79422,5.23737,,
PGCC G316.99-22.34,265.36050389,-76.37244389,14.9416,3.39,0.102322,4.40893,,
PGCC G181.94+4.67,92.152885,29.59135611,7.19495,1.53,-0.260224,4.69647,,
PGCC G168.42-1.68,76.99347694,37.61467389,6.31555,1.1,-0.045663,5.73033,,
PGCC G153.19+2.98,68.26423611,52.31482694,7.87031,2.16,-0.512834,3.64746,,
PGCC G231.49-1.78,109.9244,-17.28790306,6.23824,1.41,-1.42891,4.42634,,
PGCC G126.10+32.71,167.42840611,83.78135694,,,,,,
PGCC G158.01-20.54,51.97564694,31.47193694,6.34159,1.21,-1.28225,5.24083,0.14,0.234776
PGCC G295.32-36.10,46.76077694,-78.941475,7.96742,1.56,-0.695078,5.10065,,
PGCC G336.24+1.09,246.928345,-47.30348194,9.95892,1.36,-0.383114,7.3215,,
PGCC G166.09-43.96,42.73321194,8.67417806,4.78693,1.22,-0.143272,3.90871,,
PGCC G56.64-44.46,331.95187389,-3.670325,13.7426,2.06,1.14901,6.68013,,
PGCC G196.52-9.59,86.62771611,9.90095389,8.30285,1.6,-0.646777,5.19719,0.4,0.764337
PGCC G5.25+9.56,260.64468389,-19.39006,,,,,0.12,
PGCC G110.80+14.16,329.32562306,72.7855,11.2969,2.45,-0.526528,4.6103,0.4,
PGCC G127.45+14.03,31.60239,76.23761,7.878,1.51,-0.742271,5.2323,0.22,0.410869
PGCC G111.11-22.82,358.84838889,38.76552194,13.1401,3.23,-1.53822,4.06421,0.149968,0.318796
PGCC G359.13+18.62,249.191055,-18.87959306,10.6428,2.17,-0.102961,4.89402,0.12,0.251924
PGCC G113.03+15.46,332.57626306,75.13967889,5.58663,1.15,-0.298636,4.87811,,
PGCC G57.99-12.93,306.54696694,15.38387194,14.062,2.55,1.41099,5.52187,,
PGCC G154.13+11.85,81.43753111,56.998795,8.04692,1.23,0.840638,6.53192,,
PGCC G297.84-11.52,174.84654194,-73.67269111,14.43,2.25,-1.09506,6.41684,0.17,
PGCC G304.01-24.21,211.56939694,-86.92790194,9.7948,2.59,0.578196,3.78484,,
PGCC G20.72+23.46,256.57428,0.50932694,10.2307,1.9,-0.413909,5.39029,,
PGCC G334.27+14.09,233.17681889,-38.77366611,,,,,,
PGCC G186.09+2.61,92.35672,24.97662194,12.6003,3.05,-0.195094,4.13433,,
PGCC G213.09-19.23,85.67775694,-8.76904306,9.29493,2.48,-0.773629,3.74423,0.415,0.712162
PGCC G347.21+6.78,251.09935,-35.37318,13.2493,1.82,1.14791,7.26782,,
PGCC G351.24+5.15,255.67671194,-33.27132806,8.25249,1.57,0.766583,5.2652,0.75,1.4381
PGCC G300.69+5.21,188.69715889,-57.58722306,9.54006,1.6,0.999468,5.9748,,
PGCC G125.02+10.35,19.94306194,73.11132806,7.59468,1.29,0.800793,5.9071,,
PGCC G314.13-29.64,299.78070111,-79.83632694,12.4434,1.73,-0.362928,7.20414,,
PGCC G297.21-16.91,164.31034889,-78.48838806,10.0329,1.4,0.442656,7.16153,0.17,0.419173
PGCC G110.24-41.21,2.68339889,20.65370806,,,,,,
PGCC G155.70-12.50,55.84272,39.191685,10.001,1.94,-0.116288,5.1422,0.334195,0.697145
PGCC G145.45-49.62,27.48259194,10.67699306,10.0228,2.22,-0.786914,4.52398,,
PGCC G45.10+9.06,280.17559806,14.89702,15.3126,4.18,0.571871,3.65965,0.3,0.653271
PGCC G256.73-0.07,126.40319806,-38.05782306,11.368,1.93,0.219116,5.87791,6.15,14.6237
PGCC G219.54-17.78,89.66301694,-13.69777889,10.9389,2.29,1.07597,4.77562,0.415,0.872522
PGCC G107.30-0.31,341.59841889,58.71018194,8.52129,1.53,-1.1905,5.57025,0.8,1.60327
PGCC G256.17-12.46,111.88098111,-43.91992194,9.65935,2.06,-0.963038,4.68433,,
PGCC G228.96+11.13,120.24577306,-8.80185694,,,,,,
PGCC G337.02-3.20,252.52616889,-49.58501111,6.96907,1.83,0.811888,3.81081,,
PGCC G297.47-12.01,173.09201,-74.03297389,12.2604,2.33,0.626981,5.25789,0.17,0.397039
PGCC G121.75-8.95,10.877575,53.90202694,,,,,,
PGCC G121.66+23.44,355.30520611,86.13741306,,,,,0.38,
PGCC G256.39-10.47,114.46729306,-43.22254611,16.823299,3.17,1.19819,5.30581,0.55,1.51154
PGCC G39.65+1.75,284.36898806,6.78031,5.74779,1.05,0.225313,5.45933,0.99,1.61318
PGCC G70.32+13.85,286.99810806,39.33412889,9.73894,2.1,1.00301,4.64125,0.272898,0.533704
PGCC G14.97+7.23,267.93460111,-12.40342194,10.0191,1.99,-0.026465,5.03133,,
PGCC G109.10+10.69,331.831055,69.02327,6.34615,1.43,-0.855404,4.44573,,
PGCC G263.01-12.04,116.84456611,-49.69443889,17.9167,3.52,-0.080633,5.08298,,
PGCC G10.38+3.17,269.21862806,-18.396145,10.7618,2.37,-0.754796,4.54847,,
PGCC G201.64-13.66,85.549805,3.53141,8.2399,1.87,-0.676049,4.39638,0.415,0.726579
PGCC G130.76+13.66,42.92141306,74.674545,12.9302,3.28,0.199317,3.94744,0.239883,0.498525
PGCC G256.18-3.71,122.129845,-39.64076611,7.16085,1.89,-1.45205,3.78007,,
PGCC G348.57+17.02,243.27465806,-27.48678194,,,,,0.12,
PGCC G162.07-32.98,46.99460611,19.3221,10.1565,1.99,-0.569949,5.11019,0.301995,0.632873
PGCC G152.89-7.85,56.81458306,44.552055,9.00492,2.31,-0.580062,3.90161,,
PGCC G250.52+12.35,133.697235,-25.642675,11.3386,3.24,-0.999336,3.49687,,
PGCC G334.87+2.77,243.75875889,-47.08197806,14.6911,5.02,0.873562,2.92584,1.5,2.86069
PGCC G342.39-8.30,263.58361806,-48.22731806,16.067801,2.33,-0.973906,6.89076,,
PGCC G103.42-28.68,352.83264194,31.141705,12.4557,3.42,1.42473,3.64182,,
PGCC G239.82-17.08,98.54651611,-31.24263806,12.6115,2.06,-1.12775,6.10795,,
PGCC G237.79-7.09,107.95873306,-25.30697389,7.84124,1.37,-0.922846,5.70815,,
PGCC G203.45-10.12,89.50906389,3.68394306,,,,,0.415,
PGCC G346.52-9.74,268.424805,-45.43724806,10.993,2.57,0.320744,4.27721,,
PGCC G189.92-14.58,78.85967306,12.82067194,10.3295,2.74,-0.169799,3.77676,,
PGCC G227.83-8.10,102.30042306,-16.90146306,18.1782,4.1,0.716395,4.43264,,
PGCC G194.81-1.13,93.34288,15.53604806,7.97348,1.32,-0.43327,6.02432,,
PGCC G162.36-32.83,47.29111111,19.29869111,10.9682,1.42,-0.307406,7.72064,0.253513,0.678612
PGCC G321.16+7.46,222.49603306,-51.16328,13.445,2.85,0.641073,4.72529,0.41,0.950616
PGCC G155.28+3.71,71.38689389,51.24558306,9.18077,2.04,-0.380997,4.49957,,
PGCC G202.76-9.20,90.00579111,4.71576611,,,,,0.415,
PGCC G303.66-5.19,194.78936806,-68.05497694,13.0327,2.01,-1.46687,6.47293,0.74,1.97709
PGCC G184.95-4.27,85.24848194,22.48430306,5.22297,1.17,-0.579647,4.4599,,
PGCC G122.95-3.33,12.891145,59.54281611,8.18289,1.86,1.51278,4.40693,,
PGCC G229.52+13.46,122.56372806,-8.10803389,10.3691,1.98,-1.07882,5.23662,,
PGCC G261.36+10.44,140.140335,-34.90602111,8.85043,1.34,1.35152,6.58416,,
PGCC G340.81+10.45,242.37832611,-37.45946111,7.92124,1.23,0.543426,6.45026,-1.2,
PGCC G207.56-1.72,98.86718806,3.98876111,8.01298,1.35,-0.191891,5.93347,0.66,1.3238
PGCC G166.72-15.50,63.088135,29.816315,13.4879,3.48,-0.31091,3.8744,0.14,0.294395
PGCC G161.64-8.55,64.80237611,38.24118,6.95083,1.39,0.950201,5.01154,0.14,0.240358
PGCC G336.95+4.89,243.79913306,-44.11876694,16.2805,2.97,-1.10263,5.48906,-0.81,
PGCC G355.88+20.39,245.66693111,-20.10388806,8.53426,1.15,0.647834,7.40837,0.12,0.277557
PGCC G97.90+15.84,303.64880389,64.18987306,13.0683,2.85,-0.164953,4.5908,,
PGCC G93.02-11.10,331.67392,42.01035306,8.82636,1.77,1.50859,4.97883,0.485289,
PGCC G264.45+5.55,138.32774389,-40.49283611,7.74623,1.56,1.55465,4.96125,,
PGCC G171.21+26.72,113.82264694,47.22694806,14.7666,3.66,-0.712942,4.03544,0.383707,0.861613
PGCC G246.05+72.67,177.74450694,16.88350694,5.91316,1.33,-1.12604,4.45417,,
PGCC G343.49-6.83,262.61691306,-46.51545694,9.84977,1.79,0.494437,5.51503,,
PGCC G227.95-2.98,107.11126694,-14.71332611,14.171,2.82,-1.50357,5.03269,2,
PGCC G70.01+12.88,287.97747806,38.66275806,7.73136,1.42,1.04812,5.43569,0.284446,0.536391
PGCC G189.01-13.49,79.31081389,14.15843,16.6301,2.9,-0.272635,5.73456,0.25,0.710175
PGCC G326.76+5.57,231.57566806,-50.00369611,,,,,,
PGCC G157.99-11.93,58.52903389,38.20960611,17.3897,5.04,-0.318399,3.45238,0.14,0.315544
PGCC G214.87-17.27,88.20661194,-9.44264194,9.72853,2.02,-0.00423,4.81933,0.415,0.826593
PGCC G61.10-34.13,325.73162806,5.27371806,12.588,2.46,-1.44424,5.11181,0.204174,0.476424
PGCC G164.54-5.60,70.04197694,38.147705,17.885,2.71,-0.084673,6.61111,0.33,
PGCC G90.15-2.13,320.42654389,46.957005,,,,,0.46,
PGCC G343.45+3.46,251.21064806,-40.383595,7.91919,1.78,0.399975,4.4469,0.69,1.19109
PGCC G215.39-0.29,103.719475,-2.31806111,8.7815,1.64,-0.853438,5.34592,,
PGCC G159.25-5.59,65.35645306,42.01519,17.990101,4.49,-0.261669,4.0068,,
PGCC G108.92+2.57,341.82012889,62.01998889,,,,,0.114815,
PGCC G116.20-9.16,1.73913111,53.12773111,10.8057,1.48,-1.44136,7.31851,,
PGCC G178.90+4.24,89.99649806,32.03286694,,,,,0.229087,
PGCC G191.54-52.17,48.20952194,-9.2712,,,,,,
PGCC G337.79+20.49,231.82186889,-31.63612194,10.093,1.85,1.13788,5.45101,,
PGCC G200.48-10.59,87.69033111,6.01780889,12.0867,1.79,-0.359934,6.74201,,
PGCC G301.74-19.89,184.03585806,-82.67990111,9.59268,2.2,0.643324,4.35984,,
PGCC G243.43-9.78,108.03167694,-31.51060694,,,,,,
PGCC G302.00-18.08,187.24583389,-80.91593889,13.7297,2.48,-0.420343,5.53561,0.17,0.431111
PGCC G102.46+19.11,301.62625111,69.566605,10.7157,2.32,0.37303,4.62015,,
PGCC G152.33+1.54,65.60357694,51.93330389,6.14591,1.51,-1.46734,4.0636,,
PGCC G107.13-10.29,348.46337889,49.56126806,9.28614,2.29,-1.38593,4.05333,,
PGCC G162.93-45.85,39.77563111,8.49078889,11.7221,3.5,-0.647742,3.34852,,
PGCC G303.35+1.92,193.71386694,-60.95174389,7.61724,1.64,-1.07826,4.63373,2.89,4.99446
PGCC G216.58-11.55,94.14819306,-8.44164111,12.6464,2.18,1.13681,5.79905,0.415,1.0338
PGCC G121.68-10.35,10.83107889,52.50507694,11.3856,2.51,-1.01506,4.53085,0.32,0.668565
PGCC G178.71-0.91,84.73979889,29.55882306,11.726,2.68,-0.540794,4.36964,0.185353,0.385943
PGCC G252.48+1.77,125.25518,-33.52365111,10.5446,2.57,-1.30757,4.0965,,
PGCC G153.06-7.97,56.89886111,44.35598806,6.37454,1.36,-0.899772,4.70397,,
PGCC G301.15-16.18,183.90437306,-78.92658194,8.46414,1.78,-0.260329,4.75052,0.17,0.313572
PGCC G183.45-14.04,75.679375,18.31283194,8.84101,1.4,-0.305874,6.31652,,
PGCC G212.81+8.01,109.947685,3.74960611,7.08598,1.16,-0.215073,6.10713,,
PGCC G35.51+29.04,257.49685694,14.84965889,,,,,,
PGCC G159.62-30.28,46.87506889,22.729605,9.8994,1.78,-0.41265,5.54816,,
PGCC G133.93-4.13,33.30282194,56.98705306,11.4106,1.57,-0.814423,7.256,0.56,1.48224
PGCC G146.07+41.25,145.46186806,66.342995,11.1671,1.57,-0.858571,7.13025,0.206063,0.534871
PGCC G196.23-53.48,48.56374,-12.369385,,,,,,
PGCC G219.60-13.83,93.361275,-12.08804889,7.67823,2.52,-0.29403,3.04346,,
PGCC G51.84+2.78,289.15930194,18.068775,9.85555,1.37,0.9329,7.20806,,
PGCC G174.67-16.71,67.8703,23.37554,5.59291,1.23,-0.325551,4.54988,0.23,0.337499
PGCC G125.90+32.86,169.39317306,83.72060389,15.6346,2.29,-0.639784,6.82776,,
PGCC G101.80+17.06,305.75805694,68.02737389,4.94917,1.19,-0.252188,4.15668,,
PGCC G177.20-1.65,83.08143611,30.42190889,12.9509,2.77,-0.933524,4.66778,,
PGCC G81.80-1.71,312.21829194,41.02821389,9.97328,2.07,-0.187691,4.80918,,
PGCC G88.75-1.58,318.42004389,46.33565111,6.51166,1.2,-0.795368,5.43957,,
PGCC G164.36-7.73,67.90007,36.86123694,6.97898,1.45,1.19383,4.8296,0.14,0.236432
PGCC G101.76+16.60,306.7341,67.75929306,12.9436,1.87,-0.449929,6.92754,,
PGCC G87.51+15.75,294.604095,55.26382806,11.0149,2.28,0.481853,4.82749,,
PGCC G186.67-37.95,57.89283,1.72414194,11.1037,1.81,-0.912222,6.12325,,
PGCC G129.23-0.25,26.34909111,61.95770611,10.0382,1.93,-0.152729,5.21284,0.82,
PGCC G181.50-20.67,68.956535,15.86053306,9.34196,1.8,-0.63715,5.18206,0.23,0.465505
PGCC G171.07-27.04,57.33606694,18.76193,11.7121,1.95,-1.41236,6.01861,,
PGCC G168.52-19.85,60.98443611,25.53393889,10.5012,1.62,-1.43427,6.49775,0.14,0.336399
PGCC G215.59+10.61,113.50887306,2.48817194,6.54597,1.43,-0.887794,4.58955,,
PGCC G267.82+1.85,137.78631611,-45.47492611,7.70899,1.4,1.11826,5.50257,-1.58,
PGCC G290.66+5.88,171.27438389,-54.92247389,10.0654,1.39,0.075174,7.23137,0.54,1.34013
PGCC G98.67+7.53,318.81015,59.781975,7.31839,1.39,1.56036,5.27222,,
PGCC G338.51+9.65,240.95088194,-39.57982611,,,,,,
PGCC G49.48-2.70,293.02224694,13.39843,10.7067,1.87,1.38365,5.73329,0.075162,0.1713
PGCC G115.75-9.46,1.10640194,52.753445,,,,,0.32,
PGCC G157.76-12.35,57.96200889,38.03231389,,,,,0.14,
PGCC G142.62+9.46,63.01672389,64.358925,9.0545,1.79,-1.18835,5.06681,0.29,0.571379
PGCC G178.47-20.21,67.47445694,18.36170194,13.0326,3.2,-0.807805,4.07535,0.23,0.487587
PGCC G186.60-16.42,75.46014389,14.469515,15.0796,3.54,-0.847826,4.25754,0.17378,0.405043
PGCC G158.07-21.82,51.14518,30.40486306,10.6874,1.97,0.295456,5.41901,0.14,0.309921
PGCC G72.23+15.09,286.466125,41.52755694,8.87724,1.69,0.144148,5.26478,,
PGCC G99.01+13.92,308.683075,64.07029,,,,,,
PGCC G84.03-42.97,344.92025806,11.30162806,11.3964,2.05,0.821999,5.5637,,
PGCC G122.03-3.80,11.11681806,59.057095,9.84335,1.88,-0.169171,5.23317,0.59,1.23178
PGCC G304.43-21.86,207.70246889,-84.561485,,,,,,
PGCC G336.87-4.80,254.32682806,-50.71109,9.26142,1.72,-0.190493,5.37532,,
PGCC G239.61-0.79,115.00849194,-23.941795,10.2454,1.89,-0.490763,5.4309,,
PGCC G29.03+4.26,277.28933694,-1.52518194,,,,,0.26,
PGCC G185.90-29.73,64.08194694,7.18968111,18.0049,3.75,-0.669378,4.79795,0.313329,0.847133
PGCC G232.62-4.60,107.84100306,-19.59659611,6.4292,1.7,-0.601724,3.77154,,
PGCC G315.65+4.81,215.820145,-55.77735889,10.2389,1.71,-0.028028,5.99433,-1.67,
PGCC G129.62+5.60,30.53732694,67.54327389,12.6128,2.21,-0.746033,5.70112,,
PGCC G101.69+14.00,312.12756306,66.23394806,8.05697,1.16,0.854674,6.92359,,
PGCC G96.27-18.48,340.38232389,37.57763694,12.7585,3.42,-1.56076,3.7303,,
PGCC G341.29+23.19,232.88781694,-27.506115,9.19677,1.37,-0.246734,6.69734,,
PGCC G109.74+18.71,314.86178611,75.23250611,8.24394,1.38,-0.371872,5.95981,0.195884,0.399401
PGCC G359.31+11.85,255.04921,-22.87192694,12.0984,2.14,0.253227,5.66047,0.12,0.288868
PGCC G107.02-37.84,359.22427389,23.33875806,11.0007,1.84,-1.37421,5.97438,,
PGCC G26.87+6.87,273.98284889,-2.22321694,15.2274,3.74,1.22377,4.07459,-0.71,
PGCC G292.46-19.68,138.44880694,-77.85519389,17.3594,2.95,-1.24264,5.89159,,
PGCC G303.73-15.02,196.51994306,-77.866615,,,,,0.17,
PGCC G339.15+9.40,241.772125,-39.34460389,9.91876,1.81,-0.320646,5.47928,,
PGCC G45.56-36.53,320.73800694,-6.61023194,9.47294,1.65,0.070666,5.72714,,
PGCC G96.47-0.17,325.52938806,52.69452306,8.32539,1.8,0.625041,4.62659,0.97,1.75118
PGCC G302.75-17.62,191.82679694,-80.49451389,14.4493,3.1,0.304971,4.66597,0.17,0.406041
PGCC G217.07-16.26,90.06038694,-10.91236611,9.06571,1.46,-0.029886,6.22553,0.415,0.906909
PGCC G217.35-17.42,89.10312694,-11.64345,9.89688,1.56,-0.719339,6.3376,,
PGCC G101.44-2.66,334.66415389,53.71251694,11.3444,1.73,0.710089,6.56275,,
PGCC G123.45+24.92,24.89965111,87.74713111,9.30421,1.7,-0.382584,5.48497,0.38,0.789655
PGCC G316.65-5.53,226.46357694,-64.758835,,,,,0.54,
PGCC G213.97+0.80,104.04666111,-0.55805,,,,,,
PGCC G216.04+10.25,113.39558389,1.92806694,7.78294,1.49,-0.529297,5.23904,,
PGCC G171.43-4.45,76.48447389,33.54054306,12.9818,2.69,-0.690897,4.82807,0.45,1.03632
PGCC G328.27-30.72,298.11846889,-67.58023806,7.17493,1.81,-0.051432,3.96201,,
PGCC G9.45+18.85,254.96557611,-10.84923806,12.1764,2.17,0.683098,5.6071,0.12,0.288428
PGCC G75.67+0.32,305.38232389,37.34017889,,,,,,
PGCC G177.43-39.26,52.22884806,6.41055806,,,,,0.30761,
PGCC G156.88+9.43,80.43789694,53.42000611,10.6566,2.02,-0.272014,5.28111,,
PGCC G17.20+0.83,274.78189111,-13.57320306,7.27966,1.27,1.03438,5.74939,,
PGCC G128.94-46.39,17.17341611,16.27932194,15.3213,4.37,-0.711367,3.50246,,
PGCC G336.91+8.24,240.642715,-41.682705,7.77018,1.49,-1.34976,5.20417,0.6,1.10986
PGCC G212.33-3.33,99.62277194,-0.97759,7.46336,1.29,-0.96958,5.77759,0.94,1.79554
PGCC G71.17-12.01,313.83712806,26.35138306,9.00675,1.15,1.30928,7.81091,0.187068,0.456416
PGCC G240.96-6.54,110.104225,-27.87232194,12.1642,2.99,-0.381399,4.07283,,
PGCC G216.22+7.82,111.31872611,0.65551889,9.12747,1.7,-0.361374,5.37849,0.524808,1.06963
PGCC G280.12-6.94,141.68501306,-60.39506889,7.84517,1.69,1.22069,4.64036,,
PGCC G12.96-0.24,273.67596389,-17.80954194,,,,,4.57,
PGCC G264.29+5.96,138.57847611,-40.09077806,,,,,,
PGCC G161.68-8.20,65.15530389,38.46132694,7.04739,1.21,-0.394562,5.82509,0.14,0.260928
PGCC G88.44-6.59,323.06048611,42.56209194,12.1489,1.87,1.36771,6.50104,0.42,1.08577
PGCC G130.79+13.36,42.50975806,74.39180806,11.9417,2.3,0.178746,5.20121,0.162181,0.371802
PGCC G68.79-13.42,313.46691889,23.65449,9.76817,1.58,1.11881,6.1645,0.183654,0.414556
PGCC G147.82-13.59,46.647835,42.65355694,9.18812,2.24,-0.500118,4.09943,,
PGCC G289.09-5.58,158.93264806,-64.74323306,13.544,3.84,1.04704,3.53048,,
PGCC G301.89-17.34,187.0383,-80.1651,12.3857,2.6,0.952912,4.7556,0.17,0.379524
PGCC G47.71-6.06,295.15856889,10.22472194,7.37684,1.5,0.709802,4.9052,,
PGCC G339.95-1.78,253.67085306,-46.418625,4.62278,1.64,0.695334,2.82533,,
PGCC G158.91+12.52,86.59989194,53.31638306,11.0348,1.96,-0.22319,5.6231,0.45,1.03112
PGCC G162.51-8.91,65.23890694,37.37983306,10.8471,2.32,-1.08873,4.67272,0.14,0.289932
PGCC G24.34+6.05,273.53082306,-4.82902306,13.2051,2.29,0.547366,5.77134,,
PGCC G296.52+4.40,180.76918,-57.86915611,8.00936,1.4,-0.979917,5.71919,,
PGCC G155.53+32.56,121.72888889,61.32045694,10.2367,2.01,-0.274181,5.09066,,
PGCC G222.83-5.61,102.33908806,-11.35337889,5.10098,1.19,-0.792426,4.29606,,
PGCC G207.70-1.94,98.74054,3.77036306,10.6764,2.33,0.326581,4.58024,,
PGCC G265.51+1.63,135.37901306,-43.90842111,11.2808,2.23,-0.123638,5.0505,0.88,1.93217
PGCC G156.98-44.60,36.89028194,11.822905,7.75444,1.66,-0.746393,4.6761,,
PGCC G156.04-14.21,54.82892611,37.64175389,9.10879,1.71,-0.940477,5.33142,0.35,
PGCC G246.88-0.47,119.46880306,-30.05061694,,,,,,
PGCC G301.63+8.12,190.63076806,-54.72467806,8.78475,1.41,1.52958,6.21053,,
PGCC G161.06-32.00,46.87416806,20.61728111,8.37587,1.74,-0.36543,4.81905,,
PGCC G162.36-26.86,51.19894389,24.03456889,,,,,,
PGCC G247.11-12.19,107.27634389,-35.80546611,12.9188,2.17,0.657665,5.94028,,
PGCC G39.04-0.89,286.44799806,5.02170694,9.05833,1.96,0.838991,4.62628,,
PGCC G74.31-49.07,343.39032,2.3438,7.79763,1.77,0.388906,4.4007,,
PGCC G209.59+0.65,101.91512306,3.26690694,13.4027,2.97,-0.855687,4.51212,4.3,9.72707
PGCC G297.82-14.65,170.93457,-76.64377611,,,,,0.17,
PGCC G127.49+20.88,47.48217,82.48899111,15.5198,2.31,-0.746687,6.71042,0.38,1.12805
PGCC G313.26-28.08,291.196045,-80.80175806,11.6507,1.62,1.44061,7.21387,,
PGCC G174.32-15.01,69.05698389,24.73328806,7.93228,1.28,1.33134,6.18102,,
PGCC G303.30-15.81,194.64382889,-78.676605,11.4184,2.7,0.282646,4.23498,0.17,0.343878
PGCC G89.17-40.94,347.08877611,15.07426306,8.31559,1.35,0.876819,6.17129,0.261818,0.545583
PGCC G215.69+8.62,111.78093,1.48822111,16.1054,3.36,-0.947992,4.78932,0.63387,1.61939
PGCC G229.80+4.66,114.94075806,-12.72802389,6.65546,1.4,-0.797905,4.76625,0.422669,
PGCC G359.49-20.30,288.20178194,-38.18164806,,,,,,
PGCC G312.71+1.63,212.55162,-59.73477889,9.97077,2.01,0.171669,4.95204,3.3,6.74523
PGCC G239.95-1.80,114.22635694,-24.73271389,8.51151,1.86,-0.462673,4.58069,,
PGCC G88.56+0.80,315.66220111,47.80454306,8.26847,1.3,1.34206,6.35412,-1.35,
PGCC G62.68-10.86,307.43338,20.35419806,8.97235,1.87,0.799093,4.80796,,
PGCC G192.45-12.23,82.24225611,11.99294806,11.5216,2.32,0.604666,4.9695,0.4,0.880439
PGCC G40.39+2.90,283.67526194,7.95514194,7.62704,1.46,1.30615,5.21665,,
PGCC G2.15+21.84,248.38302611,-14.66496694,8.382,1.38,0.938363,6.07144,0.12,0.249016
PGCC G156.34-8.94,59.46310389,41.53318806,11.0552,1.76,-0.373285,6.27814,0.14,
PGCC G340.70+9.97,242.69320694,-37.87836806,5.9823,1.31,1.13687,4.57792,,
PGCC G318.82-4.39,229.34143111,-62.66658806,,,,,0.52,
PGCC G5.31+9.94,260.34082,-19.13636,8.18221,1.28,0.848009,6.40105,0.12,0.252621
PGCC G234.13-4.17,108.97917889,-20.74373194,8.47163,1.68,-0.401889,5.03079,0.94,1.78507
PGCC G112.64+21.28,312.59576389,78.94609806,8.04196,1.48,1.12515,5.44965,,
PGCC G214.46-10.93,93.78508,-6.30349111,16.009501,4.2,0.967995,3.80726,0.415,0.942476
PGCC G173.33+3.05,85.337395,36.21072389,8.09049,2.27,-0.198956,3.56326,,
PGCC G5.44+36.20,238.68199194,-3.56558389,10.7658,1.64,0.806069,6.57177,,
PGCC G4.52+19.75,251.48150611,-14.14957806,13.815,2.44,-0.143046,5.66883,0.12,0.308909
PGCC G3.32+16.87,253.196075,-16.77015111,9.60485,1.52,1.50836,6.31668,0.12,0.271893
PGCC G148.19-1.49,57.27241889,52.44411806,10.9484,1.85,1.13366,5.91084,0.8,1.87204
PGCC G40.36+3.40,283.21542389,8.15954806,,,,,1.76,
PGCC G171.60+7.78,89.41438306,40.10350389,10.0257,1.51,-0.322464,6.66117,,
PGCC G113.07-42.59,5.16631306,19.69015889,12.4676,1.86,1.47649,6.70768,,
PGCC G144.21+10.41,67.08296194,63.90363306,7.50381,1.33,0.338693,5.64616,,
PGCC G157.25-15.40,55.05624806,35.982635,15.8227,3.06,-1.41826,5.17475,,
PGCC G277.49-2.61,143.69157389,-55.44413,9.72388,2,-0.507204,4.85912,3.2,6.39846
PGCC G342.13+14.82,239.87976111,-33.37810111,10.1168,1.3,0.396406,7.77446,,
PGCC G219.57-17.76,89.69121611,-13.71039389,12.5313,2.33,0.935855,5.37224,0.415,0.990493
PGCC G174.38-13.77,70.14790306,25.48562611,,,,,0.23,
PGCC G355.86+14.14,250.83947806,-24.13134389,12.1185,1.64,0.478076,7.37179,0.12,0.329927
PGCC G120.53+18.53,357.90976,81.12451889,8.21985,1.3,-0.415692,6.33071,0.38,0.797386
PGCC G327.78-2.44,241.05474889,-55.71715889,10.3653,2.46,0.447602,4.21183,,
PGCC G267.07-8.66,124.636215,-51.420345,8.0186,1.35,1.49512,5.9209,0.45,0.901949
PGCC G239.31-1.69,113.99279,-24.127985,12.0762,2.29,-0.177414,5.26414,,
PGCC G201.21+5.32,102.29258,12.84471194,7.06664,1.3,-0.617041,5.43611,,
PGCC G148.37-0.72,58.30402,52.93298694,7.15175,1.49,-1.02408,4.80476,,
PGCC G117.72-9.15,4.21225694,53.37214694,7.33792,1.3,-0.726898,5.66477,,
PGCC G147.28+40.77,143.35188306,65.75674389,10.2253,2.1,0.011533,4.86003,0.35,0.717716
PGCC G210.78-19.85,84.15239,-7.09172,12.5282,2.76,-0.638275,4.53823,0.415,0.910253
PGCC G214.90-16.84,88.61639389,-9.28457806,11.3873,2.36,-1.09759,4.82991,0.415,0.895273
PGCC G157.44-10.72,59.00648111,39.479935,8.76256,1.43,-0.155097,6.14706,0.14,0.298885
PGCC G355.28+1.77,261.72390694,-31.96326389,10.2999,1.53,1.25783,6.72274,,
PGCC G171.88-6.25,75.09923611,32.10244,13.7101,3.19,-0.498377,4.30449,0.23,0.513968
PGCC G299.36+5.39,186.26219194,-57.29448306,16.8815,3.66,-1.55727,4.61239,,
PGCC G337.58+7.67,241.81001306,-41.66535889,10.6943,2.17,-1.1456,4.92442,,
PGCC G45.24+9.14,280.16406194,15.05408694,16.306101,3.55,0.433836,4.59343,0.3,0.755252
PGCC G112.56+2.83,348.86721806,63.753635,12.3984,2.54,-0.030354,4.88417,,
PGCC G301.61-17.66,185.25659194,-80.45817611,9.53639,1.61,0.216041,5.93373,0.17,0.37199
PGCC G185.47-2.05,87.594475,23.19250111,,,,,,
PGCC G348.40+0.50,258.18560806,-38.32846111,7.58867,2.05,1.46678,3.7056,1.9,2.93084
PGCC G241.31-0.75,115.98583194,-25.40020806,17.950899,4.19,0.265626,4.28631,,
PGCC G62.05-2.04,299.04675306,24.61643611,6.54169,1.48,1.12276,4.43273,2.32,3.63409
PGCC G106.03+3.93,335.07925389,61.73997889,9.86194,1.55,-0.044097,6.35473,,
PGCC G359.55+20.91,247.57827806,-17.13938694,12.6145,2.63,-0.196424,4.79003,,
PGCC G292.02-1.95,168.459045,-62.73893389,11.7487,1.97,-1.19209,5.95706,2.53,6.15684
PGCC G359.56+17.07,250.74749806,-19.52026194,10.0436,1.88,0.344566,5.3423,0.12,0.255691
PGCC G189.81-10.40,82.43724111,15.15541611,9.9495,1.7,-0.147249,5.83881,0.445,0.986619
PGCC G166.39-9.00,68.40974389,34.52227389,10.004,1.7,0.417246,5.87747,0.14,0.312275
PGCC G87.19+4.82,309.65802,49.30157889,12.0158,2.03,-0.414102,5.9068,,
PGCC G97.35+8.60,315.50726306,59.53142889,7.51983,1.4,-0.050921,5.37299,0.52,0.961484
PGCC G133.83-44.83,20.93602,17.35788306,7.07928,1.66,-0.866473,4.25858,,
PGCC G258.57+8.13,135.80819694,-34.42928306,10.8673,1.64,1.18885,6.61993,,
PGCC G102.07-1.69,334.65573111,54.86659611,9.89373,2.37,-0.745404,4.17633,,
PGCC G278.18-2.09,145.21702611,-55.52026,18.053301,3.85,0.696656,4.68966,,
PGCC G129.70-46.51,17.69973611,16.11001389,8.516,1.75,-0.682384,4.86502,,
PGCC G178.38-19.05,68.37008694,19.16717694,7.8008,1.45,-0.294949,5.36138,0.144544,0.271916
PGCC G62.99+1.72,295.97872889,27.33681694,9.31721,1.41,0.170446,6.61774,,
PGCC G104.40+12.96,318.45062306,67.61145,8.27663,1.42,-0.060432,5.83136,,
PGCC G208.42-16.36,86.25762889,-3.51138389,12.8522,2.23,-0.93091,5.76793,0.415,1.03938
PGCC G134.29-43.72,21.48946,18.39116694,8.81022,1.58,1.53018,5.57582,,
PGCC G136.09+10.94,52.78973389,69.62211611,9.36369,1.53,0.049504,6.12856,0.43,0.947541
PGCC G94.11+6.31,314.838165,55.60186806,8.12477,1.4,-0.438805,5.8077,0.56,
PGCC G110.88-2.60,349.619965,58.07576,8.11255,1.76,-1.40701,4.60645,3,
PGCC G67.75+13.92,285.63217194,37.08560194,9.57914,1.89,0.972597,5.06808,,
PGCC G8.38+21.60,252.08113111,-10.13769111,9.00619,2.39,0.863254,3.77473,0.12,0.203527
PGCC G206.66-21.20,81.18575306,-4.25948,11.4278,1.55,-0.59414,7.35355,0.415,1.10664
PGCC G124.29+24.46,37.74048194,87.06291194,7.28063,1.33,-0.603052,5.47226,0.38,0.697715
PGCC G247.55-12.82,106.79309806,-36.456665,13.5922,2.21,-1.3717,6.15136,0.37,0.984147
PGCC G68.73+17.08,282.38262889,39.16030111,9.17487,1.82,0.060919,5.05109,,
PGCC G57.12-13.51,306.57745389,14.36358111,11.0215,2.34,1.15726,4.71055,0.544503,1.14126
PGCC G279.44+8.12,156.687195,-48.040405,9.41469,1.36,0.732143,6.90183,,
PGCC G89.33-0.03,317.35257,47.81498,10.3144,1.96,0.928583,5.25498,,
PGCC G341.52+23.70,232.72232111,-26.981075,8.1889,1.67,1.01576,4.91385,,
PGCC G195.32-16.34,80.14722389,7.477275,7.33733,1.14,0.388533,6.44422,0.4,0.800094
PGCC G170.37-0.37,79.758965,36.79955694,7.83112,1.39,0.047674,5.64385,,
PGCC G356.21+0.91,263.16870111,-31.65416889,8.87736,1.74,0.979742,5.10234,,
PGCC G10.69-0.13,272.41931194,-19.74573694,7.37265,1.72,-0.795823,4.28494,4.77,7.79883
PGCC G238.95-10.54,105.05358111,-27.85716806,,,,,,
PGCC G356.02-2.90,266.88903806,-33.83883694,17.164101,3.05,-1.2931,5.61939,,
PGCC G166.95+3.41,81.28141,41.762245,10.6664,2.2,-1.53851,4.84232,,
PGCC G77.84-1.37,308.71405,38.11646694,7.33419,1.28,0.177304,5.72641,,
PGCC G159.46-11.83,59.97923306,37.33361389,8.66887,1.21,-0.102338,7.16571,0.14,0.320971
PGCC G270.64-9.03,127.41014889,-54.53968806,8.07185,1.47,1.56394,5.49444,,
PGCC G314.96-29.63,299.006165,-79.13417806,,,,,,
PGCC G235.88-9.10,105.04912611,-24.50666389,10.4395,1.5,0.622469,6.97461,,
PGCC G122.94-4.20,12.87882,58.67631889,13.14,2.97,-0.99878,4.42265,,
PGCC G23.05+22.91,258.09555111,2.10938,11.1424,1.44,-0.330755,7.71691,,
PGCC G130.45-1.08,28.44502111,60.88055806,11.5887,2.11,-0.372414,5.48582,0.110662,0.256664
PGCC G171.81+1.66,82.85887889,36.74657111,8.42592,1.55,0.001451,5.43278,,
PGCC G92.24-1.22,321.70587194,49.064465,7.12706,1.2,1.03524,5.9165,,
PGCC G219.55-3.85,102.43575306,-7.64177694,9.46018,1.54,-1.45938,6.14384,,
PGCC G310.16+6.76,205.5746,-55.39628611,7.26568,1.68,0.850615,4.33232,0.52,0.848649
PGCC G137.55-3.39,39.92652111,56.37898306,10.4568,1.98,-1.15965,5.27681,,
PGCC G44.99+8.77,280.40109306,14.66965694,9.46942,1.51,1.14961,6.27845,0.3,0.672877
PGCC G194.45+0.03,94.22282389,16.399105,12.9588,2.61,-1.32984,4.97004,4.02,9.38458
PGCC G165.61+3.21,80.03170806,42.75159111,,,,,,
PGCC G211.16-19.33,84.78310389,-7.17745694,9.32496,1.78,-0.018414,5.24856,0.415,0.844537
PGCC G129.91-11.06,23.82719,51.21323389,7.59496,1.96,-1.00761,3.8662,0.280543,0.442212
PGCC G156.73+34.51,125.58342,60.20435306,11.9801,2.81,0.120937,4.25846,,
PGCC G2.12+17.44,251.99914611,-17.34809111,14.6453,3.66,0.642533,4.00261,0.12,0.267257
PGCC G74.09+16.54,285.57919306,43.73691889,11.7958,1.84,1.06949,6.42556,,
PGCC G49.84+31.95,259.03408806,27.44758,10.1471,1.87,0.06733,5.44011,,
PGCC G194.35-0.84,93.37448111,16.06968694,6.64881,1.65,-0.421135,4.0205,,
PGCC G75.06-7.58,312.62875389,32.11724111,,,,,,
PGCC G143.35+24.19,98.35777306,71.38492611,,,,,0.2,
PGCC G81.04-36.12,338.83001694,15.44398806,,,,,,
PGCC G49.25-4.21,294.26400806,12.46533111,8.79814,1.73,0.793706,5.09257,0.179473,0.349454
PGCC G134.16-44.03,21.32661611,18.10092194,10.5134,1.9,1.38676,5.5202,,
PGCC G4.93+36.66,238.07186889,-3.60754806,9.28924,1.22,0.278029,7.62897,,
PGCC G157.70+0.52,70.13152306,47.32744611,,,,,,
PGCC G48.88-3.85,293.75958306,12.31797806,12.7364,2.22,-0.386686,5.74977,0.24322,0.605445
PGCC G279.44+3.36,152.58320611,-52.01010111,14.3021,2.77,-1.12213,5.15613,,
PGCC G336.75+4.25,244.21389806,-44.71604194,9.70578,1.92,0.666454,5.05805,,
PGCC G85.04-43.98,346.11319,10.88145111,12.3363,2.18,1.43654,5.65335,,
PGCC G153.60-4.27,60.89726306,46.83474694,9.1376,2.36,-0.500966,3.8693,,
PGCC G173.73-13.49,69.94059806,26.15034889,7.86348,1.46,0.31709,5.37762,0.23,0.435068
PGCC G90.02+38.97,251.041855,60.19015111,,,,,,
PGCC G335.32+26.06,226.00370806,-28.349775,6.63739,1.56,0.678338,4.24774,,
PGCC G174.73+5.85,89.20745806,36.44357694,,,,,,
PGCC G207.21-18.78,83.57672889,-3.596225,8.57442,1.91,-0.227176,4.49727,0.415,0.749638
PGCC G58.00-12.84,306.47876,15.447375,18.6926,3.41,1.28633,5.48795,,
PGCC G90.38+39.25,250.34896889,60.39350111,7.8572,1.27,-1.13305,6.17538,,
PGCC G212.84-19.45,85.370735,-8.65999306,6.83375,1.68,-0.637982,4.07222,0.415,0.636825
PGCC G178.92-22.27,66.08621194,16.72991389,14.1194,2.21,0.480686,6.38018,0.23,
PGCC G118.61-10.13,5.86433806,52.50295306,7.51793,2.51,-1.08964,2.99627,,
PGCC G156.17-9.11,59.14939111,41.5149,7.24044,1.46,-0.696107,4.9515,0.14,0.24384
PGCC G9.64+21.02,253.23161306,-9.49625111,10.2544,2.16,0.70574,4.74796,0.12,
PGCC G337.80+2.79,246.726105,-45.00229611,10.0973,2.17,0.595294,4.66054,,
PGCC G228.17+1.72,111.49731389,-12.715235,11.8293,1.91,1.42278,6.18365,0.83,
PGCC G171.98-11.55,70.38203389,28.704525,7.86895,1.46,-1.31217,5.38453,0.23,0.435499
PGCC G184.72-3.93,85.43272389,22.86004111,8.81581,1.72,-1.10743,5.13388,,
PGCC G132.04-45.20,19.56451611,17.19561,6.98575,1.41,-1.18916,4.94033,,
PGCC G174.55-2.19,80.83043694,32.32853694,17.574699,2.89,-0.56271,6.08274,,
PGCC G198.87-9.67,87.7229,7.84641806,,,,,0.4,
PGCC G8.77-0.39,271.662445,-21.55782889,7.78186,1.39,1.25972,5.60003,,
PGCC G243.56-0.82,117.16854111,-27.38087806,6.00944,1.62,-0.638325,3.69831,5.64,7.73436
PGCC G147.82+6.12,65.77423889,58.36013,16.1108,3.99,-0.595972,4.03855,,
PGCC G126.60-0.37,20.76064111,62.28075806,9.04534,1.86,-1.07809,4.87334,,
PGCC G292.92-19.86,139.12616,-78.29927111,10.9613,1.92,0.288236,5.70234,,
PGCC G27.31+37.33,246.84782389,11.95688,7.75479,1.15,0.359686,6.7661,,
PGCC G123.46-1.94,13.95388889,60.92715806,,,,,,
PGCC G57.04-13.88,306.849365,14.09474806,,,,,0.283139,
PGCC G179.19-2.39,83.61051889,28.34994889,14.8062,2.63,0.182448,5.62468,2.94,
PGCC G203.73+2.11,100.53459194,9.14893194,11.2998,2.45,-0.169462,4.6123,,
PGCC G246.38+1.27,120.85981,-28.70905111,4.92666,1.07,-1.54817,4.61227,,
PGCC G128.04-7.75,21.65135389,54.77780889,13.7549,2.69,-0.517815,5.10422,0.38,0.9262
PGCC G322.37-4.60,235.74188194,-60.82787306,13.2507,1.88,-0.305714,7.03245,,
PGCC G324.27+10.27,224.69706694,-47.25553889,7.5239,1.39,0.922347,5.41198,0.7,1.29934
PGCC G123.37-6.71,13.64611194,56.15888611,6.546,1.52,-0.69206,4.31932,,
PGCC G105.76-38.36,358.34365806,22.56566,8.45875,1.65,1.33247,5.12077,,
PGCC G132.99+0.76,34.63226306,61.91999111,7.23292,1.26,-0.13601,5.73846,,
PGCC G302.77-4.59,192.44363389,-67.45992306,15.134,2.98,1.06556,5.07311,,
PGCC G246.23+1.29,120.77961694,-28.56671694,,,,,,
PGCC G334.70+11.85,235.36186194,-40.30470306,11.3333,2.5,0.161215,4.52445,0.5,1.0415
PGCC G312.89-28.27,292.54064889,-81.11123694,,,,,,
PGCC G336.45+2.83,245.33682306,-45.93676389,6.68166,1.46,-0.051418,4.58057,2.47,3.97489
PGCC G5.14+17.89,253.38452111,-14.76282,7.18019,1.2,-0.534622,6.00467,0.12,0.229203
PGCC G141.94+23.49,95.10054,72.45748889,7.9113,1.6,-0.297996,4.94304,,
PGCC G348.44+16.90,243.27000389,-27.65888194,,,,,0.12,
PGCC G221.61-17.45,90.81365194,-15.35417,9.00386,2.54,-0.621864,3.54434,0.415,0.681956
PGCC G213.61-28.97,76.87430611,-13.30330694,13.9409,2.38,-0.205574,5.85855,,
PGCC G305.96-22.42,223.76738,-84.55209389,13.4313,2.63,0.381482,5.11184,,
PGCC G146.66+1.81,58.80997806,55.96672389,8.70858,1.39,-1.11294,6.27697,-1.13,
PGCC G94.63-31.31,346.16027806,25.63023611,8.96283,1.45,-0.869785,6.16262,0.188799,0.408161
PGCC G159.63-25.10,50.23108306,26.91909389,9.82316,2.76,-0.629721,3.56556,,
PGCC G286.33+3.25,162.48999,-55.65793611,8.15516,1.99,1.33716,4.10554,,
PGCC G154.76+2.58,69.50074806,50.88744389,8.88584,1.52,0.498979,5.84668,-0.85,
PGCC G136.59-44.69,22.97778889,17.10700389,17.9181,3.99,-1.08162,4.49341,,
PGCC G123.04-0.66,13.08271611,62.21097889,8.37954,1.63,0.388719,5.13538,,
PGCC G338.80+15.19,236.64900194,-35.20629889,7.90552,1.5,-1.38258,5.26452,,
PGCC G21.10+9.98,268.52096611,-5.781015,11.4733,1.77,-0.098564,6.46414,-1.24,
PGCC G214.89-20.01,85.70847306,-10.63898889,,,,,0.415,
PGCC G96.94+17.05,300.21893306,63.96556889,7.75993,1.34,-0.812517,5.79409,,
PGCC G94.15+6.49,314.65234389,55.74624306,7.65402,1.98,-1.2022,3.87322,0.184502,0.292219
PGCC G169.77-13.89,66.75581389,28.78214806,8.1326,1.71,-0.632418,4.75255,0.14,0.253182
PGCC G2.99+0.12,268.023895,-26.30936111,13.1147,3.3,0.445081,3.9762,5.72,
PGCC G334.65+2.67,243.61666889,-47.30628194,10.8529,1.92,0.269886,5.65762,1.5,3.41908
PGCC G153.24+6.70,73.05167389,54.71642694,11.4081,1.73,-1.52651,6.58963,,
PGCC G133.01+12.98,48.52816806,72.992485,16.2889,2.82,-0.337404,5.78408,,
PGCC G23.35-0.26,278.68768306,-8.64189111,11.8295,2.65,-0.983314,4.47057,4.45,9.4135
PGCC G188.87+4.51,95.63649,23.42465611,4.99283,1.3,-0.598097,3.85141,,
PGCC G155.96-45.29,35.900135,11.58935694,12.2176,1.94,1.43109,6.30058,,
PGCC G102.94+5.02,328.56164611,60.81934,8.82011,1.78,-1.1735,4.96661,0.8,1.54022
PGCC G211.39+3.04,104.86901889,2.75686611,15.2028,3.9,-0.903586,3.90086,0.87,1.94889
PGCC G6.58+3.40,266.95907611,-21.54498694,10.914,1.94,0.968489,5.61631,1.31,2.98343
PGCC G102.85+15.25,311.26245111,67.88069889,,,,,,
PGCC G104.08+7.37,327.26025389,63.35550306,15.4523,2.43,0.429036,6.36815,0.46,1.32736
PGCC G227.12-7.15,102.87047611,-15.85295806,9.57,1.86,-1.02012,5.13421,,
PGCC G45.68-7.28,295.25015306,7.88074889,8.66048,1.45,0.828401,5.96794,-0.98,
PGCC G153.05-8.28,56.62522889,44.11804611,16.806,3.25,-1.35575,5.16568,,
PGCC G180.96+0.59,87.54652389,28.41603306,6.54717,1.28,0.614571,5.12187,,
PGCC G118.20-1.59,3.09521389,60.92708611,9.33864,1.73,-0.422846,5.41017,,
PGCC G271.08+0.63,139.82608,-48.66975389,6.76725,1.38,1.21776,4.89148,1.57,2.62756
PGCC G28.86+3.77,277.64456194,-1.89862611,6.79982,1.32,-0.061847,5.15104,0.26,0.447606
PGCC G155.76+4.74,73.15158806,51.53107111,10.7541,1.99,-0.394746,5.3987,,
PGCC G164.51-24.73,54.33011611,24.45237389,10.4,2.47,-1.1201,4.20495,0.14,0.26931
PGCC G140.98-1.30,47.18006111,56.67775,6.86985,1.53,-1.12925,4.4865,,
PGCC G150.93-38.30,35.86741611,19.51635611,,,,,0.223872,
PGCC G203.71+1.74,100.18882806,8.99276389,9.67948,1.39,-0.623514,6.94573,0.201372,0.480298
PGCC G85.09+0.45,312.77755694,44.94418694,11.8783,2.27,0.817252,5.22769,,
PGCC G214.54-1.85,101.94865389,-2.27367389,,,,,,
PGCC G136.96+12.81,58.14871611,70.57392889,8.3758,1.79,-0.156146,4.67601,,
PGCC G278.94-15.91,124.70031694,-65.08799694,,,,,,
PGCC G159.65-21.16,52.95684111,30.04353694,7.94603,1.83,-0.585503,4.35356,0.14,0.239526
PGCC G349.01+3.38,255.74736,-36.11331194,10.5475,1.71,-0.298057,6.1696,,
PGCC G204.85-14.07,86.67926,0.60376694,10.3665,1.97,0.467206,5.25136,0.415,0.890689
PGCC G314.95-19.13,249.4543,-76.37213889,13.7157,1.98,0.560986,6.93212,,
PGCC G118.43+8.59,359.09017889,70.98207889,,,,,,
PGCC G58.52+0.48,294.72106889,22.84626194,8.17685,1.4,1.16525,5.85799,,
PGCC G228.29+12.24,120.88122611,-7.68054611,10.3098,1.59,-0.617967,6.48614,,
PGCC G112.81+2.76,349.44964611,63.77686306,8.10513,1.65,-0.421261,4.89883,1.31,2.40118
PGCC G121.73-10.56,10.925775,52.29348389,,,,,,
PGCC G171.24-15.65,66.35165389,26.55017306,6.824,1.1,-0.299693,6.22905,0.23,0.436199
PGCC G200.47-10.36,87.88977111,6.13936306,7.95635,1.22,0.977883,6.49954,,
PGCC G72.33+2.31,301.019745,35.64723194,9.25778,1.61,-1.01316,5.7653,,
PGCC G24.54+0.36,278.68841611,-7.29904389,8.19053,1.66,0.263341,4.92734,4.41,8.14943
PGCC G73.94+16.78,285.20455889,43.69206611,8.68743,1.52,0.504746,5.73036,,
PGCC G121.22+21.80,356.23840306,84.44479389,9.95641,1.59,-1.27473,6.27196,0.38,0.873501
PGCC G160.92-18.09,56.288445,31.68090611,5.22755,1.48,-0.509379,3.52072,0.14,0.174711
PGCC G95.11-3.00,326.80731194,49.65911889,6.05875,1.41,-1.42816,4.31058,4.19,
PGCC G152.27-38.90,36.57078194,18.51115,,,,,,
PGCC G161.83+8.01,82.76769306,48.53670889,8.16761,1.41,-0.544414,5.80173,,
PGCC G302.19-7.39,190.693695,-70.24744389,7.39583,1.34,0.091793,5.5355,-0.98,
PGCC G152.02-37.54,37.04864889,19.80477,10.6123,1.7,-0.590582,6.24393,,
PGCC G47.85-5.77,294.96823111,10.49005306,9.26516,1.76,1.41311,5.26771,-0.86,
PGCC G230.66-10.39,101.39516389,-20.41712194,11.1153,1.97,-0.894236,5.6295,,
PGCC G2.15+17.49,251.98396306,-17.30034806,,,,,0.12,
PGCC G21.25+20.83,259.10974111,-0.35839194,11.9615,1.86,1.28057,6.4413,,
PGCC G336.00+16.18,233.29126,-36.10633889,11.0853,1.68,1.52745,6.58129,,
PGCC G157.24-2.49,66.47309111,45.61980389,8.02793,1.59,-0.544119,5.04406,,
PGCC G152.71+5.50,70.87872306,54.352695,6.86202,1.55,-0.95402,4.41972,0.44,0.704859
PGCC G294.21-16.21,154.53627,-76.41625194,13.1672,2,0.552164,6.57878,0.17,0.460252
PGCC G128.15+20.96,51.63739389,82.20327,10.3724,2.16,0.113627,4.79973,0.38,0.779934
PGCC G323.68+5.67,227.38909889,-51.55163611,14.4473,2.42,-0.120393,5.97683,,
PGCC G18.01+2.95,273.27096611,-11.84930194,15.1253,2.63,-0.386377,5.74836,,
PGCC G160.31-35.18,44.386925,18.38498111,12.7587,1.88,0.847856,6.79902,,
PGCC G304.63-21.64,208.97268694,-84.300995,9.93183,2,0.318214,4.96712,,
PGCC G7.67-7.86,278.31973306,-26.01576389,7.20707,1.44,0.547952,5.00101,,
PGCC G75.32+21.54,279.45761111,46.50612611,10.8172,2.51,0.57959,4.30276,,
PGCC G92.64+36.68,254.78192111,62.71091806,7.83431,1.82,1.4976,4.29728,,
PGCC G303.66-5.32,194.81584194,-68.18383806,,,,,-0.95,
PGCC G158.99-30.99,45.95458194,22.45363611,8.58772,1.53,-1.54263,5.61883,,
PGCC G19.93+20.54,258.746765,-1.57588611,,,,,,
PGCC G98.06-39.23,352.614105,19.70384,14.6187,2.21,-1.23201,6.60514,,
PGCC G171.11-10.67,70.52394889,29.91691,10.3619,2.1,-0.904126,4.92659,0.23,0.478021
PGCC G171.79-11.86,69.97632611,28.63653611,5.50516,1.27,-0.561711,4.32496,0.23,0.32646
PGCC G130.40-46.18,18.24082889,16.38367111,9.81191,1.8,0.536526,5.45054,,
PGCC G95.63+7.76,314.61874389,57.68761806,13.0495,2.32,-1.428,5.63558,,
PGCC G343.13+13.96,241.43284611,-33.34276194,8.75488,1.5,0.774154,5.85456,,
PGCC G179.74-2.63,83.72171,27.75988,5.81061,1.19,0.95801,4.90109,,
PGCC G163.94-17.36,59.37880306,30.33226806,10.0865,1.75,-0.34554,5.75668,0.14,0.31032
PGCC G198.82-8.81,88.45731389,8.31479389,6.48746,2.56,-0.454181,2.53558,0.45,0.530902
PGCC G90.84+5.98,311.74334694,52.88265194,7.29729,1.32,-0.807541,5.51326,0.67,1.23619
PGCC G98.51+13.62,308.6315,63.50230389,7.04243,1.55,0.083898,4.53811,,
PGCC G240.71-43.64,67.13894694,-37.94082306,12.737,2.69,0.461587,4.72966,,
PGCC G221.72-17.31,90.99459111,-15.39511694,8.26824,1.44,-1.14878,5.74737,0.415,0.832177
PGCC G181.19-27.61,63.18238111,11.74726306,14.4087,2.58,-0.077667,5.57521,,
PGCC G236.98-4.16,110.41766389,-23.255135,8.22263,1.44,-1.0366,5.69889,,
PGCC G16.66+10.80,265.63879389,-9.177065,10.7584,1.36,0.634649,7.92436,,
PGCC G217.55-16.71,89.84280389,-11.52165806,8.50315,1.48,0.020497,5.7289,,
PGCC G258.62+7.85,135.58689889,-34.650505,9.24257,1.79,1.44148,5.15987,,
PGCC G201.58+0.73,98.28305806,10.42807306,,,,,,
PGCC G21.67+11.78,267.21411111,-4.422395,7.17988,2.01,0.685069,3.56739,,
PGCC G229.59+14.97,123.91201806,-7.39532306,6.58898,1.29,-0.305458,5.09663,0.751623,1.267
PGCC G134.26+9.37,46.04220194,69.26487,12.5882,2.04,-1.09174,6.17554,0.44,1.12849
PGCC G341.53+14.66,239.495255,-33.88473889,9.59874,1.73,0.521976,5.53317,,
PGCC G71.85-11.16,313.56585694,27.40223306,7.22935,1.26,0.385239,5.73076,,
PGCC G26.34+8.65,272.15286306,-1.85702889,7.82508,1.79,0.602913,4.36487,,
PGCC G215.82-17.45,88.44214611,-10.3355,,,,,0.415,
PGCC G148.32+23.70,100.02752694,66.85980194,,,,,0.2,
PGCC G243.21-8.66,109.09335306,-30.81587389,7.75411,1.4,-0.380192,5.52816,,
PGCC G252.20-4.26,118.88157694,-36.55781889,11.2039,1.79,1.16327,6.25955,-1.74,
PGCC G248.66+6.91,127.60286694,-27.458065,8.41213,1.64,-1.33508,5.11409,,
PGCC G1.10+21.16,248.30798306,-15.85218806,,,,,0.12,
PGCC G30.62+5.16,277.21023611,0.29873111,9.31115,1.92,0.466236,4.8511,0.26,0.508302
PGCC G184.45+4.65,93.48799111,27.38289306,15.4172,3.48,-0.64208,4.42836,0.41,0.985453
PGCC G156.74-3.16,65.28833806,45.50006889,11.1116,1.59,1.47161,6.97066,,
PGCC G146.24+8.40,66.87185694,61.07429889,9.27519,1.79,-0.389183,5.17538,0.44,0.886772
PGCC G254.27-2.32,122.31036389,-37.28502306,10.9427,1.89,-0.181449,5.78641,,
PGCC G336.35+3.84,244.21608,-45.29019889,8.79868,1.74,0.87163,5.06585,,
PGCC G202.26-5.42,93.10636889,6.94806194,10.9366,2.56,-0.515601,4.27956,0.53,1.05474
PGCC G0.08+0.20,266.25570694,-28.75939889,6.87662,1.37,0.08023,5.00752,1.98,3.3798
PGCC G192.36-11.56,82.77782389,12.41686111,6.88193,1.39,0.393446,4.95333,0.4,0.679345
PGCC G30.13-1.16,282.61032111,-3.0249,7.49786,1.14,-0.646176,6.55925,5.12,10.4446
PGCC G195.93-10.26,85.74801611,10.06993306,16.895201,2.85,-1.45642,5.93262,,
PGCC G127.66+6.52,26.00837111,68.90428889,11.9555,1.86,0.645603,6.41844,,
PGCC G93.98+9.44,310.26153611,57.45809194,,,,,0.198609,
PGCC G49.69-7.59,297.49179111,11.19210389,9.44925,1.4,-1.43616,6.72981,0.284446,0.659822
PGCC G35.67-3.06,286.82959,1.04049611,11.1977,1.95,0.451306,5.7547,,
PGCC G98.00+8.75,316.12658694,60.11056111,8.70174,1.72,1.19785,5.05041,1.1,2.12122
PGCC G339.05+15.20,236.86662306,-35.04302611,8.46782,1.48,0.048296,5.73141,,
PGCC G166.91-7.76,69.94090306,34.96012111,10.708,1.98,0.024472,5.40559,0.14,0.309835
PGCC G105.51+9.99,325.76983611,66.26400806,,,,,0.9,
PGCC G70.79+13.11,288.10842889,39.45408611,7.02147,1.05,1.36033,6.67245,0.162181,0.322911
PGCC G113.33+10.10,343.04733306,70.718735,9.16549,1.53,-1.2106,5.9772,,
PGCC G161.42+5.77,79.64191389,47.64672889,8.23957,2.16,-0.186491,3.80766,,
PGCC G143.04-7.16,45.34848,50.57114806,12.5729,2.02,-1.18097,6.21871,0.44,1.13174
PGCC G53.85+2.98,289.96295194,19.93622806,12.2889,2.51,-0.20491,4.89982,,
PGCC G107.29+7.50,332.90979,65.391495,13.5208,3.51,-1.22923,3.85261,0.42,0.881769
PGCC G10.53+2.22,270.16229194,-18.74111389,6.4022,1.32,-1.37175,4.84255,,
PGCC G162.29-20.13,55.91652694,29.28981389,,,,,,
PGCC G211.55-20.01,84.32517194,-7.80795806,8.17494,1.27,1.56297,6.45686,0.415,0.877057
PGCC G48.69-5.97,295.56164611,11.11966306,8.22049,1.15,-0.633657,7.12276,0.156315,0.347937
PGCC G158.76-34.44,43.70402111,19.70623806,9.21846,1.84,-0.327304,5.02291,0.325,
PGCC G168.47-1.28,77.43168611,37.81255,7.89106,1.38,0.469076,5.70181,0.96,1.87315
PGCC G227.80+11.51,120.00824694,-7.62822611,8.847,2.42,-1.4679,3.65138,0.175388,0.28997
PGCC G342.54+2.78,251.11009194,-41.50597806,8.74362,1.57,0.999594,5.56048,,
PGCC G144.17-5.00,48.61980389,51.87420306,10.5216,2.18,-0.832008,4.83637,,
PGCC G168.00-0.32,78.06814611,38.75265889,8.50397,1.64,0.283456,5.19627,,
PGCC G162.30-31.70,47.97337306,20.23028889,12.6116,1.95,1.47457,6.48222,,
PGCC G123.59-4.34,14.11435,58.52350611,11.4275,2.42,-0.43188,4.7227,,
PGCC G173.64+31.51,121.21206694,45.95730194,15.4413,4.07,-0.507244,3.79699,,
PGCC G219.53-10.84,96.07895694,-10.73200306,,,,,0.415,
PGCC G180.36+4.17,90.76258111,30.72664111,12.1001,1.48,-1.1585,8.19292,0.37,1.07162
PGCC G297.28-3.03,179.23606889,-65.30206306,7.726,1.37,-0.749728,5.64385,,
PGCC G170.80-45.99,44.00715306,4.9838,7.48273,1.05,0.196986,7.09721,0.322107,0.682811
PGCC G317.39-27.25,286.71569806,-77.14785806,12.9548,2.3,-0.762845,5.63119,,
PGCC G171.29-40.99,47.629375,8.46787,8.53868,1.12,-0.370236,7.61774,,
PGCC G116.94+20.10,333.59213306,81.085785,9.26668,1.39,0.625693,6.67165,,
PGCC G27.85+5.60,275.56030306,-1.947125,5.84513,1.41,0.809264,4.15163,,
PGCC G38.50-14.74,298.48220806,-1.86404194,9.72801,1.25,-1.55516,7.78651,,
PGCC G266.11+0.93,135.20292694,-44.82393611,,,,,,
PGCC G292.40-3.53,167.92923,-64.34355194,10.5937,2.51,1.20181,4.22659,,
PGCC G337.64-35.41,307.2164,-59.37025111,6.28258,1.84,0.326772,3.40952,,
PGCC G117.48+20.41,335.11923194,81.62850194,16.649799,2.85,-1.05251,5.85138,0.38,1.09105
PGCC G164.09-29.63,50.623875,20.912165,,,,,,
PGCC G229.26-4.66,106.17884806,-16.63827111,7.49241,1.87,-0.628696,4.0098,0.56,
PGCC G105.47-11.08,346.630035,48.20640194,10.8923,1.59,-1.18596,6.86576,,
PGCC G101.65+6.30,324.84845,60.965855,12.4067,2.26,-0.989809,5.4794,,
PGCC G207.82-1.85,98.87663306,3.704445,,,,,,
PGCC G176.73+0.95,85.34687,32.21955889,10.784,1.73,1.1897,6.22315,0.193197,0.460387
PGCC G188.04-3.39,87.7677,20.30397611,6.56762,1.29,-1.46275,5.08613,0.258226,0.434134
PGCC G136.61-2.11,39.278145,57.92964194,8.91376,1.52,-0.255677,5.8731,-0.82,
PGCC G202.03+2.85,100.41619111,10.99627806,11.5304,2.57,-0.516552,4.48876,0.76,
PGCC G205.34-8.24,92.05816694,2.92700389,5.29074,1.49,-0.251452,3.54027,0.415,0.522458
PGCC G118.66-4.45,4.77155306,58.15582306,15.5203,2.84,1.13359,5.47115,,
PGCC G110.07+7.81,338.25,67.15773,7.50573,1.15,0.434995,6.5491,0.53,1.08091
PGCC G4.25+16.79,253.80737306,-16.09551611,8.79062,1.65,-0.36711,5.32686,0.12,0.238865
PGCC G280.60+15.21,163.06382806,-42.43898,11.4448,2.42,-1.16589,4.73511,,
PGCC G178.88-19.47,68.33302306,18.533585,,,,,0.214783,
PGCC G6.65+16.54,255.38703889,-14.36144194,10.7856,2.57,0.430676,4.2033,0.12,0.235031
PGCC G161.53-21.00,54.64905889,29.07527694,9.4767,1.54,-0.460244,6.16374,,
PGCC G108.89+13.95,325.23324611,71.41992194,17.353201,3.54,0.205264,4.90499,0.14388,0.386133
PGCC G182.39-12.00,76.81343806,20.33685889,12.5535,2.32,-0.157592,5.40077,0.23,0.550891
PGCC G169.89-11.40,68.98387111,30.34891111,15.9653,3.71,-0.346534,4.30367,,
PGCC G353.38+15.30,248.161255,-25.23789611,10.2107,2.65,0.453087,3.85588,0.12,0.219027
PGCC G51.65+3.03,288.840515,18.01278306,10.9949,2.31,0.662148,4.75309,,
PGCC G190.23-2.18,90.04795111,19.01693306,8.20705,1.59,-0.718215,5.15136,,
PGCC G181.26-17.21,71.68112194,18.14807889,12.1534,2.41,-0.982937,5.03377,0.23,0.523301
PGCC G105.11+7.17,329.32965111,63.83652111,7.96866,1.37,-1.30262,5.79952,,
PGCC G51.23-15.35,305.06335389,8.55488,16.2045,3.89,0.812842,4.16373,0.55,1.31416
PGCC G40.32+2.69,283.83398389,7.79842611,,,,,,
PGCC G125.15-0.53,17.62059389,62.26164194,5.82299,1.16,-0.355958,5.00059,,
PGCC G39.21-7.79,292.65551806,1.98072306,17.949699,2.94,-0.053662,6.10702,,
PGCC G236.98-6.96,107.691925,-24.52879,,,,,,
PGCC G279.11-0.67,148.06657389,-55.030525,8.16782,1.19,-0.537163,6.83662,,
PGCC G35.52+28.90,257.63397194,14.80839611,11.5948,2.54,0.148287,4.55978,0.430527,0.910604
PGCC G341.84+15.00,239.49240111,-33.43437194,12.9129,3.15,0.528018,4.09452,,
PGCC G336.98+14.53,235.48030111,-36.82666,8.90737,1.93,0.032118,4.61857,,
PGCC G31.09+5.41,277.20199611,0.83304611,10.2614,2.69,0.842028,3.81123,0.26,0.472973
PGCC G103.11-27.31,351.97503694,32.32771306,14.7568,2.17,0.024302,6.81061,,
PGCC G246.99-12.25,107.146805,-35.72587611,,,,,,
PGCC G169.06-17.21,63.48214,27.02428111,9.17499,1.3,1.01158,7.03118,0.14,0.327093
PGCC G340.50+13.50,239.52728306,-35.41424611,17.826,2.56,0.444366,6.95299,,
PGCC G121.32-7.75,10.06970694,55.08811194,9.5919,1.6,-0.33353,6.0051,,
PGCC G258.80-5.15,122.38813806,-42.61957194,9.18728,1.92,-0.813751,4.79292,,
PGCC G170.28-19.23,62.75347889,24.78511611,11.6196,1.78,-1.47139,6.53152,0.23,0.582851
PGCC G162.76-7.57,66.6717,38.13187,14.1687,3.11,-0.454251,4.56057,0.14,0.327363
PGCC G251.81-3.49,119.45204889,-35.82663,10.5545,1.74,-0.844667,6.07381,0.74,1.72348
PGCC G157.81+0.65,70.38155389,47.32363111,6.80269,1.52,-0.34721,4.47858,0.87,1.39687
PGCC G121.72-9.04,10.83378,53.81235889,10.8337,2.14,1.48165,5.06782,,
PGCC G166.48-17.28,61.45905306,28.71971111,11.1991,2.42,-0.294206,4.62851,0.14,0.293202
PGCC G168.96-15.47,64.82815611,28.29224389,9.29561,2.14,-0.431984,4.33754,0.14,0.258592
PGCC G139.72+8.72,56.77203806,65.69410694,11.4222,2.41,-0.275544,4.74103,-0.61,
PGCC G154.19+8.94,77.15718806,55.32357806,9.62005,1.14,-0.399016,8.40304,0.39,1.02
PGCC G168.99-15.98,64.43244194,27.91285889,7.99935,1.67,-0.39864,4.78961,0.14,0.252076
PGCC G312.67-29.13,298.24462889,-81.18329611,12.6307,1.38,0.404766,9.17966,,
PGCC G39.57-35.41,317.46188389,-10.39005111,18.1796,2.38,0.999416,7.64669,,
PGCC G266.15+1.16,135.48059111,-44.70913694,,,,,,
PGCC G294.19-18.90,146.686005,-78.49961889,12.4585,1.97,0.389886,6.31715,,
PGCC G171.34-3.01,77.81919889,34.47423611,12.6068,1.74,-1.01075,7.24832,0.23,0.639553
PGCC G334.81+14.27,233.57682806,-38.320095,14.5522,2.65,0.597268,5.49787,,
PGCC G14.14-0.55,274.54824806,-16.92473611,8.53687,1.74,0.561256,4.89333,1.98,3.72258
PGCC G92.05-33.88,345.42437694,22.33177194,15.0001,3.04,-1.20457,4.93035,0.254683,0.637107
PGCC G94.73+37.72,251.63729889,64.075195,9.68094,1.64,-0.169026,5.91878,,
PGCC G167.12+3.42,81.41280389,41.61772889,,,,,,
PGCC G144.96+4.62,59.77141611,59.21401194,9.45508,1.97,-0.519169,4.79379,,
PGCC G216.38-17.84,88.31127194,-10.987465,8.85536,1.27,1.35054,6.95924,0.415,0.947674
PGCC G334.76+11.86,235.42031889,-40.26323306,13.2785,3.1,0.038682,4.28001,0.5,1.09646
PGCC G120.21-11.96,8.65000306,50.82090389,9.53313,1.7,-1.31665,5.61916,,
PGCC G108.23-9.14,349.38366694,51.02756111,7.72461,2,-1.53455,3.86507,,
PGCC G198.25+32.30,127.65792111,25.74239694,13.3093,2.52,-0.387246,5.28059,,
PGCC G206.69-16.60,85.28341694,-2.15083194,9.73295,1.73,0.843883,5.63666,0.415,0.894145
PGCC G173.15+2.54,84.69222306,36.09263194,8.17165,1.57,-0.612141,5.19493,,
PGCC G309.30-32.17,326.72106889,-82.52121,10.418,2.51,0.019763,4.14813,,
PGCC G134.10+7.82,43.64600806,67.97583,12.2369,2.23,-0.559583,5.4912,-0.76,
PGCC G22.69+22.45,258.33734111,1.59639111,8.75643,1.32,-0.098604,6.65851,,
PGCC G115.98+20.24,328.64959694,80.62563306,9.07147,1.53,0.521516,5.92348,,
PGCC G6.33+38.11,237.59500111,-1.84204806,18.588699,4.08,0.449002,4.55649,0.134277,0.359475
PGCC G160.96+4.46,77.67231,47.25338,4.52316,1.24,0.843412,3.64767,,
PGCC G132.82+13.02,48.07285694,73.12401611,,,,,,
PGCC G359.78+11.93,255.27317806,-22.45053111,6.00058,1.27,0.061839,4.72655,0.53,0.821053
PGCC G154.37-25.10,45.77314,29.61846,16.2117,4.09,-0.609366,3.96142,,
PGCC G234.12-3.29,109.80760194,-20.32891806,7.20787,1.23,-0.427549,5.88005,3.77,7.13941
PGCC G106.67-10.10,347.70816,49.56796306,8.87738,1.61,-1.52198,5.51648,,
PGCC G164.33-5.58,69.88964111,38.32081194,18.550501,2.79,-0.453835,6.63915,0.33,1.06531
PGCC G264.81-10.07,120.86412,-50.27835806,12.97,2.09,-0.150863,6.21013,0.4,1.04426
PGCC G125.86+7.65,21.49757611,70.32141111,10.0669,1.48,-0.551903,6.80052,0.38,0.914598
PGCC G178.88-9.43,76.91373389,24.63815889,9.67772,1.68,-1.03758,5.75611,0.218776,0.474983
PGCC G260.79-5.53,123.43393694,-44.489075,8.55386,1.39,-0.677248,6.15575,,
PGCC G169.55-19.54,61.97897306,25.05769889,7.40236,1.21,0.035452,6.13348,0.14,0.274406
PGCC G106.67-17.06,351.35150111,43.07953611,13.072,2.54,-0.868635,5.14871,,
PGCC G184.68-34.77,59.43733194,4.93183611,11.4654,1.48,1.16866,7.76755,,
PGCC G58.30+3.22,291.995605,23.97223306,11.4103,2.21,1.22902,5.16847,,
PGCC G310.95-21.27,245.84071389,-80.63272111,11.065,2,-0.447797,5.52318,,
PGCC G125.07-9.07,16.43623694,53.74532306,10.9101,2.54,-0.957417,4.29122,,
PGCC G303.33-16.25,194.88801611,-79.11066389,7.56803,1.97,1.31262,3.83558,0.17,0.266429
PGCC G244.41-1.94,116.55864,-28.67631,9.33211,1.78,-0.803983,5.23065,,
PGCC G218.88-7.99,98.39559889,-8.89846306,9.94522,1.73,-0.831902,5.74559,0.47,1.03347
PGCC G175.90-9.38,75.02361306,27.035515,8.3081,1.13,-0.228117,7.32222,0.23,0.521827
PGCC G124.53+25.53,55.05081194,87.85123389,10.6133,2.54,0.262937,4.18596,0.38,0.736772
PGCC G253.96+73.73,180.16313194,15.90216389,,,,,,
PGCC G156.57-44.77,36.55043,11.82086806,16.748899,2.63,1.39401,6.36006,,
PGCC G308.31+14.05,200.75087,-48.49121111,8.43551,1.47,0.719073,5.7544,,
PGCC G119.59+22.53,338.69735694,84.49092111,12.2101,2.04,-0.186314,5.99137,0.38,0.94544
PGCC G350.67-8.89,270.11062611,-41.43490611,8.80247,1.76,0.799979,5.01229,,
PGCC G307.41+4.37,201.35212694,-58.20301111,6.72004,1.53,1.02358,4.40139,0.97,1.53454
PGCC G1.72-21.49,290.45465111,-36.59348306,12.8765,1.99,-0.380956,6.46976,,
PGCC G303.12+8.08,193.18760694,-54.79366306,11.8531,1.62,0.175386,7.29863,,
PGCC G336.07+11.34,237.15313694,-39.865295,14.0259,2.49,0.240041,5.62214,,
PGCC G69.90-30.68,327.978485,13.15935694,10.9888,1.88,1.36924,5.85653,0.240991,0.562372
PGCC G264.67-12.44,117.49221,-51.31434611,6.0043,2.16,-0.90084,2.7848,,
PGCC G198.30-15.13,82.66702306,5.62033194,,,,,,
PGCC G120.44+2.75,6.85219111,65.50365389,7.33731,1.88,-0.602564,3.9022,,
PGCC G307.31+6.64,200.646835,-55.97081389,,,,,,
PGCC G221.90-6.69,100.93077889,-11.00238889,12.7837,2.19,-0.419216,5.84917,0.44,1.10677
PGCC G338.56+17.67,234.54969806,-33.42522806,7.10537,1.68,1.37587,4.24159,,
PGCC G294.66-19.63,145.765305,-79.33628806,12.1725,1.75,1.40518,6.95609,,
PGCC G259.99+64.32,175.54338111,7.39338889,8.47151,1.23,0.549043,6.91497,,
PGCC G146.16+14.94,78.13410194,65.19288611,17.5959,2.73,1.11011,6.44523,,
PGCC G168.10-11.96,67.13130194,31.28793306,12.7433,2.26,-0.873649,5.6271,0.14,0.344857
PGCC G123.20+24.87,18.964415,87.72952306,11.7053,2.48,0.350859,4.72042,0.38,0.821661
PGCC G350.77+14.50,246.97798194,-27.65345194,9.22107,1.4,1.25162,6.59156,0.12,0.27214
PGCC G189.18-9.54,82.85956611,16.13432889,,,,,,
PGCC G134.44-1.58,35.79579889,59.22299194,7.82345,1.21,1.15559,6.49152,0.89,1.84497
PGCC G152.89-8.59,56.17502611,43.97324389,,,,,,
PGCC G159.98+3.25,75.37640389,47.30596889,,,,,-1.06,
PGCC G222.77-0.36,107.057465,-8.91377806,8.45833,1.38,-0.387477,6.14135,,
PGCC G289.44+9.62,171.42019694,-50.99572389,16.196501,2.56,1.26689,6.31743,,
PGCC G342.71+15.49,239.837555,-32.50201,11.1365,2.22,0.425479,5.0251,,
PGCC G227.35-9.40,100.86000111,-17.039705,11.3976,3.73,-0.540176,3.05634,,
PGCC G3.21+0.63,267.670105,-25.86088806,15.8733,2.5,0.280782,6.36082,,
PGCC G159.93+1.08,72.86651611,45.99575806,14.0143,2.38,0.764949,5.8918,3.8,10.0443
PGCC G119.50+30.67,232.43193111,85.35710111,7.42149,1.21,-0.584092,6.1382,,
PGCC G211.54-10.84,92.56495694,-3.69957694,12.7502,2.35,-0.564326,5.4339,0.415,1.00482
PGCC G49.92-5.93,296.14035,12.21107111,9.9221,1.54,1.50079,6.4484,0.20797,0.4839
PGCC G172.13-39.87,48.87738806,8.86093111,7.15603,1.03,-0.860142,6.936,,
PGCC G241.66+3.64,120.31463611,-23.44919,9.01225,2.65,-0.871909,3.40687,,
PGCC G301.14-16.35,183.76138306,-79.09207889,9.11252,2.05,0.993598,4.44975,0.17,0.314893
PGCC G348.09-2.03,260.61135889,-40.04119889,10.4372,1.73,-1.0616,6.03327,,
PGCC G338.55+21.29,231.92250111,-30.56548889,15.3683,3.48,0.61745,4.41227,,
PGCC G127.07-1.68,21.40132,60.91645806,16.0702,2.87,-0.750327,5.60221,4.62,12.7514
PGCC G128.43+9.82,30.58158111,71.92845194,7.63468,1.41,-1.11194,5.405,,
PGCC G315.14-29.36,297.41821306,-79.0261,9.76484,1.49,-0.322134,6.56557,,
PGCC G155.98+4.91,73.58223,51.47493694,12.8343,2.96,-0.245123,4.33037,-0.99,
PGCC G2.25-21.77,290.98660306,-36.22178611,11.0384,2.28,-0.248529,4.83449,,
PGCC G98.87-31.24,349.76638806,27.27569,10.6577,2.74,-1.10047,3.88356,,
PGCC G303.42+8.27,193.70018,-54.601295,13.5927,2.48,1.0076,5.48819,0.41,1.0301
PGCC G224.17-1.75,106.45513194,-10.79926389,7.18426,1.68,-0.584581,4.28722,,
PGCC G244.53+34.05,147.477005,-7.53200806,12.4027,2.14,-0.752958,5.7936,,
PGCC G146.93+3.20,60.80598111,56.85086111,8.70085,1.79,-0.088836,4.85905,-1.12,
PGCC G299.84+3.08,186.73921194,-59.64575194,,,,,,
PGCC G359.79-2.36,268.60592694,-30.32622694,5.7728,1.23,0.78596,4.70193,,
PGCC G172.19-11.11,70.91954,28.82042694,9.97582,2.6,-0.460823,3.83856,0.23,0.414012
PGCC G234.20-8.96,104.39796389,-22.94880111,11.7702,3,-0.623583,3.9292,,
PGCC G55.27-6.78,299.65615806,16.38156306,9.24109,2.05,0.735478,4.50878,0.74,1.38947
PGCC G336.41-1.96,250.47544889,-49.24914194,8.95359,1.81,0.560226,4.95126,,
PGCC G167.90-13.43,65.73216194,30.43457611,11.6889,2.22,-0.486957,5.26992,0.14,0.319627
PGCC G66.52-5.92,305.33309889,26.27982889,11.0266,2.73,0.718526,4.04576,,
PGCC G1.22-21.50,290.27969389,-37.04149194,10.6267,2.24,0.584718,4.7439,,
PGCC G111.98+0.97,349.15515111,61.81363694,6.69054,1.16,0.478354,5.77435,-1.64,
PGCC G91.11+7.65,309.789185,54.11631806,8.45373,1.61,1.30432,5.24731,0.61,1.18181
PGCC G170.83-15.11,66.50891111,27.208925,11.0693,2.67,-0.050854,4.14338,0.23,0.453097
PGCC G172.10-18.17,64.90229,24.25294694,7.24019,1.06,1.4693,6.8421,0.23,0.470895
PGCC G217.75-18.09,88.64331806,-12.27583889,15.4842,3.42,-0.376462,4.53071,,
PGCC G197.65-3.09,92.96426389,12.09828389,7.84016,1.67,-0.642332,4.70839,,
PGCC G205.74-8.66,91.86827889,2.379755,8.2007,1.61,-0.819747,5.10556,0.415,0.781128
PGCC G114.59-0.41,355.26004,61.31562806,,,,,,
PGCC G206.25-14.70,86.76468694,-0.89593806,12.2356,1.98,1.23082,6.17972,0.415,1.04972
PGCC G159.17-21.09,52.59786611,30.374195,9.21668,1.48,0.80636,6.24379,0.14,0.308934
PGCC G229.76-6.44,104.74340806,-17.88625306,11.1429,1.96,-0.235192,5.68608,0.69,
PGCC G50.35+5.87,285.55957,18.1586,9.67986,1.67,0.975599,5.79428,0.163682,0.356584
PGCC G176.39-20.54,65.882545,19.65043806,15.7195,2.53,1.18257,6.20727,,
PGCC G35.29+2.39,281.80438194,3.18551,6.78053,1.46,0.561934,4.63775,-1.39,
PGCC G2.72+18.64,251.353195,-16.17800111,10.825,2.61,0.325988,4.15299,0.12,0.234047
PGCC G229.59-8.27,102.93898806,-18.54839306,,,,,0.158489,
PGCC G157.42-1.29,67.90085611,46.30732,9.56285,1.93,-0.612131,4.95317,,
PGCC G178.88-22.29,66.04338806,16.74400306,17.849701,3.35,0.560786,5.32548,0.23,
PGCC G315.33-12.14,233.07908611,-71.03382889,9.12919,1.3,-0.104206,7.0453,,
PGCC G298.54-13.49,175.22276306,-75.75926194,10.9201,2.59,-0.471948,4.21957,0.17,0.335679
PGCC G89.41-5.94,323.41751111,43.69190194,11.3906,2.6,-1.3194,4.38515,0.62,1.27463
PGCC G299.20+2.27,185.29928611,-60.38336194,6.28886,1.41,0.868583,4.45464,3.69,5.68126
PGCC G315.70-21.64,260.35907,-77.14982611,,,,,0.25,
PGCC G235.97+1.25,114.99897,-19.76948389,8.04518,1.48,1.42206,5.42439,,
PGCC G31.97+0.08,282.35540806,-0.81773889,7.32793,1.37,-0.400299,5.35523,6.24,11.3708
PGCC G164.58-25.20,54.04719889,24.05155889,8.66057,1.38,-0.156434,6.25887,,
PGCC G100.28+16.82,304.374695,66.65895806,6.82753,1.21,-0.834804,5.65208,,
PGCC G1.52+7.08,260.66180389,-23.83104306,4.88391,1.24,0.544286,3.93707,,
PGCC G116.33+1.42,357.91162111,63.52616889,6.55814,1.21,-0.647857,5.44225,,
PGCC G303.35-15.98,194.91757194,-78.84493306,9.32743,2.16,0.887087,4.32729,0.17,0.31417
PGCC G250.78-8.18,113.74854306,-37.25763694,10.7843,3.06,-0.862188,3.52481,,
PGCC G92.69-0.12,321.02160611,50.16148,7.64476,1.14,-0.489539,6.6982,0.83,1.72769
PGCC G301.30-23.93,167.82388306,-86.48431389,10.7162,2.3,0.162141,4.65056,,
PGCC G300.66-9.92,185.32237194,-72.65663111,7.2732,1.76,0.827049,4.14218,0.31,0.494955
PGCC G163.57-18.17,58.44155111,29.963385,13.4736,2.18,0.158886,6.19406,,
PGCC G232.54+1.81,113.745255,-16.50663194,6.29643,2.13,-0.872978,2.96185,,
PGCC G274.05+2.70,145.27632111,-49.19680389,13.2825,2.35,-0.506321,5.64757,,
PGCC G129.57-4.53,25.306765,57.70234694,8.06043,1.24,0.091794,6.48995,0.252348,0.530917
PGCC G172.25-11.12,70.95127889,28.76573,13.6602,3.44,-0.185686,3.96732,0.23,0.492529
PGCC G301.56+6.47,190.40412889,-56.37933306,9.27879,2.2,1.01347,4.21689,-1,
PGCC G270.79-8.60,128.156845,-54.424385,14.7969,2.51,0.417336,5.89439,0.47,1.27682
PGCC G314.25-3.00,218.97517389,-63.55662889,13.0307,1.97,0.341377,6.60759,,
PGCC G203.40-4.06,94.85537,6.58576389,6.53086,1.46,-0.297267,4.48603,0.22182,0.349256
PGCC G230.47-11.18,100.54569194,-20.58495111,8.87583,1.16,-0.42861,7.66464,,
PGCC G336.92+14.73,235.26817306,-36.70746194,9.28034,1.35,-0.355963,6.86336,,
PGCC G268.09-9.56,124.30664111,-52.75283806,6.32777,1.63,-1.02933,3.87214,,
PGCC G181.33-16.81,72.05538194,18.33037389,8.88229,1.49,0.356677,5.96916,0.23,0.487163
PGCC G263.66-12.33,116.90972111,-50.39918111,7.83868,1.18,-1.02344,6.63633,,
PGCC G95.76+10.12,311.25094611,59.27107611,7.56679,1.8,-1.01042,4.19245,0.38,0.622586
PGCC G108.44-9.11,349.67788694,51.13019889,9.74895,1.63,-1.11133,5.97925,,
PGCC G251.75+1.90,124.89888806,-32.85058611,9.73278,1.89,-0.993737,5.14142,,
PGCC G105.82+1.58,337.29007,59.63533,7.00565,1.26,-0.235217,5.56374,,
PGCC G56.32+14.25,280.05694611,27.04339389,7.20578,1.37,0.383753,5.2531,,
PGCC G114.73+16.51,335.61129806,76.94065111,9.32724,1.34,0.502129,6.98354,,
PGCC G44.93-1.93,290.132935,9.76153611,9.13219,1.67,0.778228,5.48389,,
PGCC G126.99+12.22,27.96857611,74.612495,12.6297,1.66,-1.24179,7.62166,,
PGCC G57.86-12.63,306.21688806,15.44570389,8.07935,1.26,-1.35422,6.4183,,
PGCC G159.74-11.97,60.11868306,37.05138389,12.7395,2.3,-0.832295,5.54969,,
PGCC G213.07-15.55,89.00833111,-7.14433611,10.4943,1.59,1.28688,6.58548,,
PGCC G105.86-21.10,352.22482306,39.01740306,13.6048,2.65,-1.278,5.12685,,
PGCC G123.26-4.27,13.48177694,58.60379806,11.2128,2.04,-0.642619,5.50339,,
PGCC G131.52+9.71,39.44520611,70.78952,9.72284,1.72,-1.2145,5.64364,1.07,2.30562
PGCC G43.36+8.59,279.83645611,13.144515,9.10804,2.35,0.37696,3.87597,0.3,0.518502
PGCC G189.83-14.57,78.82093,12.89535806,11.7585,2.5,-0.160565,4.69408,,
PGCC G219.38-10.14,96.65352611,-10.28893306,,,,,0.415,
PGCC G339.22-6.01,258.02865611,-49.56636,10.9962,1.93,0.358223,5.68754,2.09,4.80792
PGCC G316.84-3.53,224.65400694,-62.91711389,5.9968,1.83,1.45115,3.27522,0.72,0.928194
PGCC G293.02-9.83,162.58859306,-70.330055,13.5087,2.15,-0.918566,6.27885,,
PGCC G93.23+9.74,309.00686611,57.04425806,7.12929,1.31,1.10933,5.4578,0.119124,0.216151
PGCC G95.02-9.08,332.21163889,44.804245,11.2052,2.2,-1.5514,5.10401,0.338844,0.745406
PGCC G89.49+2.04,315.19262694,49.32878889,5.14556,1.24,1.3653,4.13548,,
PGCC G341.57+21.56,234.27619889,-28.62417,8.67336,1.29,-0.724114,6.71411,,
PGCC G184.78-4.20,85.21212,22.66755889,11.2278,1.93,-0.395568,5.81456,,
PGCC G169.65+2.02,81.73633611,38.73980694,7.31987,1.66,-0.656787,4.42042,,
PGCC G140.24-45.11,25.47840889,16.05578194,8.74957,1.83,-1.0575,4.78664,,
PGCC G205.28-26.60,75.79825611,-5.63745889,11.2927,3.28,-0.637923,3.44451,,
PGCC G184.54+6.69,95.57254,28.25305611,7.53718,1.4,-0.333209,5.37053,,
PGCC G215.20-15.21,90.23027806,-8.83029389,5.98843,1.37,-0.681154,4.37927,,
PGCC G1.08+40.62,233.09031694,-3.42074389,,,,,,
PGCC G305.02-21.42,211.75463889,-83.98496194,8.74134,1.37,-0.367622,6.38993,,
PGCC G104.77+11.66,321.53482111,66.97689111,,,,,,
PGCC G101.07-14.53,343.19686889,43.25013,14.0185,2.52,-1.49613,5.56179,,
PGCC G83.83-2.06,314.32324194,42.36240389,7.99623,1.5,-0.377062,5.31727,2.24,4.24876
PGCC G205.44-19.83,81.86804194,-2.61395694,9.71095,2.24,-0.453882,4.33946,,
PGCC G2.30+35.60,237.56039389,-5.92560806,18.3466,2.69,-1.47815,6.83056,,
PGCC G111.31+13.77,331.47872889,72.78770389,,,,,0.264241,
PGCC G158.51-33.99,43.78715111,20.19528389,8.00638,2.06,-1.01511,3.89038,0.219786,0.356813
PGCC G259.10-3.80,124.14016694,-42.12743,8.21959,2.21,1.52718,3.71145,,
PGCC G150.78+9.93,74.94796,58.62369889,9.08724,2.2,-0.276435,4.13464,0.193197,0.344478
PGCC G318.82-4.26,229.19006306,-62.56453306,8.03023,1.94,0.681272,4.14399,0.61,1.0236
PGCC G296.46-7.92,173.97251889,-69.83464806,13.869,2.15,0.635423,6.45338,,
PGCC G27.50-17.61,296.37567111,-12.601395,8.10108,1.27,1.13127,6.37837,,
PGCC G136.36-1.39,39.38792806,58.68501306,13.8047,2.1,0.204476,6.57248,0.59,1.63477
PGCC G347.22-3.58,261.66763306,-41.63006194,7.53187,1.36,0.3466,5.54445,,
PGCC G267.67-1.24,134.31330889,-47.42804306,7.3864,1.35,-0.740659,5.48579,,
PGCC G260.10-2.82,126.00676694,-42.399185,6.19885,1.32,-1.0947,4.69878,,
PGCC G309.84-24.87,264.38977111,-83.39632389,8.88977,1.49,0.708479,5.94888,,
PGCC G26.54+1.80,278.32791111,-4.86157889,6.94256,1.43,-0.650731,4.8645,6.27,10.5992
PGCC G190.64-15.77,78.22667694,11.59013889,11.5657,2.39,-0.607948,4.84488,,
PGCC G102.23+4.61,327.96691889,60.05083806,13.9833,3.34,-0.91165,4.18895,0.37,0.82373
PGCC G105.54+10.10,325.64801,66.365395,11.1911,3.01,0.941277,3.71434,0.9,1.6879
PGCC G359.55-18.65,286.249115,-37.56971,8.56888,1.45,1.04985,5.90209,,
PGCC G201.09+16.59,112.80211611,17.76737,,,,,0.554626,
PGCC G172.74-14.53,68.36329694,26.20251111,8.02349,1.29,-1.01673,6.21568,0.23,0.472477
PGCC G316.11-28.80,294.09179694,-78.25199111,8.80355,2.22,0.451281,3.96184,,
PGCC G345.04+10.43,246.03624,-34.53204,6.61271,2.04,-0.107942,3.24279,,
PGCC G242.23+0.06,117.26351194,-25.78735694,,,,,,
PGCC G8.26+21.38,252.19570889,-10.34676389,8.13636,1.95,0.432038,4.16587,0.12,0.203224
PGCC G245.60-10.34,108.54475389,-33.66788111,6.86602,1.61,-0.612404,4.26974,,
PGCC G159.23-10.56,60.8386,38.424835,10.5935,2.04,-0.00489,5.20297,0.14,0.302344
PGCC G300.19-3.78,185.98440611,-66.50875889,7.83932,1.8,1.13253,4.35932,,
PGCC G222.63-5.99,101.89950611,-11.347455,7.43194,1.35,-0.665232,5.49388,0.51,0.947954
PGCC G122.69-4.17,12.40076,58.70359806,12.8866,2.99,-0.744157,4.3166,,
PGCC G145.52+18.29,84.578255,67.412735,12.1401,2.79,-0.379603,4.34912,,
PGCC G178.04-17.39,69.527695,20.45948611,11.5473,2.21,-0.352533,5.22945,0.3,0.678137
PGCC G70.21+13.08,287.83856194,38.91931194,7.65019,1.22,-1.41852,6.25004,0.174582,0.351159
PGCC G299.01-4.00,182.974915,-66.57399,9.26264,1.34,0.930675,6.88888,,
PGCC G313.82+7.44,211.37336694,-53.86041611,12.9754,1.96,0.639636,6.61471,0.59,1.58999
PGCC G5.87+20.13,251.92486611,-12.89676389,7.97061,1.25,1.4194,6.37719,0.12,0.248868
PGCC G215.73+8.56,111.74387389,1.42691389,,,,,0.588844,
PGCC G112.46+10.41,340.33136,70.58416694,12.5599,2.22,-0.439931,5.66883,0.34,0.834536
PGCC G277.83+0.97,148.112045,-52.94408,6.85051,1.91,-1.44885,3.57813,,
PGCC G207.32-20.04,82.506065,-4.27020694,8.516,1.49,-0.255536,5.7069,0.415,0.841575
PGCC G136.02-7.19,35.00379611,53.41406194,7.59607,2.2,-0.68689,3.46056,,
PGCC G209.46-13.21,89.53144111,-2.96277111,12.6841,2.42,-0.919558,5.242,0.415,0.984357
PGCC G215.77-17.52,88.35204306,-10.33108611,,,,,0.415,
PGCC G151.55+9.03,74.477135,57.47195806,9.98961,1.56,-1.17319,6.39729,0.45,1.04643
PGCC G155.60-0.56,66.82935306,48.13614694,9.4293,1.82,-0.613394,5.17418,0.57,1.15814
PGCC G282.92+1.80,155.99437,-55.23798,6.054,1.68,-1.01603,3.60946,,
PGCC G346.01+2.51,254.28186,-39.01559389,11.134,1.73,0.658166,6.44631,,
PGCC G99.55+7.63,319.87622111,60.48531306,10.2077,1.83,-1.10487,5.57227,,
PGCC G114.44-7.18,358.16708389,54.72302611,13.632,2.29,-1.14372,5.96545,,
PGCC G157.08-30.30,44.88137389,23.94403306,13.5339,2.51,-1.21756,5.39628,,
PGCC G226.90-7.99,101.98588611,-16.03175389,11.6939,2.26,-0.805867,5.16629,0.44,0.994827
PGCC G246.09-5.18,114.25243389,-31.72796111,7.98239,1.17,1.41551,6.83331,,
PGCC G1.32-0.09,267.27191194,-27.85672,,,,,5.01,
PGCC G291.74-11.66,156.50807194,-71.30161306,11.016,1.95,0.603934,5.64174,,
PGCC G197.46-15.39,82.03212694,6.19809389,8.98097,2.12,-0.067939,4.24525,0.4,0.718456
PGCC G145.49+1.10,56.36639,56.14913611,8.30549,1.57,-0.567949,5.28235,,
PGCC G261.56-2.51,127.50061806,-43.412895,8.55999,1.52,-1.38513,5.64987,,
PGCC G317.70+7.04,217.69288611,-52.96257389,8.41281,1.38,0.720327,6.09205,0.59,1.22866
PGCC G256.72-4.77,121.33923306,-40.66179306,8.34741,1.27,1.19853,6.5871,,
PGCC G299.55+0.13,185.50868194,-62.54366306,10.6749,1.61,0.431607,6.627,,
PGCC G127.91+19.63,45.26077306,81.223145,10.722,1.53,-0.042943,7.01315,0.38,0.958529
PGCC G190.85-3.75,88.93618806,17.70342111,6.61809,1.46,-0.187449,4.51943,,
PGCC G266.84-5.36,128.67025806,-49.340355,,,,,,
PGCC G158.90-24.38,50.11084,27.89527111,10.5409,1.65,-0.215626,6.39233,0.14,0.33429
PGCC G334.45+17.15,231.103775,-36.188965,15.1082,3.58,0.856233,4.223,,
PGCC G157.83-8.95,60.91346694,40.549755,8.92076,1.47,-0.37046,6.06535,0.14,0.29956
PGCC G248.92-12.17,108.222755,-37.39800306,11.4047,1.79,-0.25141,6.37992,,
PGCC G230.52+13.87,123.42222611,-8.73168306,10.7129,1.98,-0.445556,5.40568,,
PGCC G30.15+2.73,279.16351306,-1.23328611,6.52607,1.49,0.313387,4.37436,0.26,0.404094
PGCC G170.10-18.77,62.99532306,25.22112111,7.9402,1.23,0.412216,6.43045,0.23,0.478069
PGCC G106.33+12.18,323.458435,68.41799194,8.55861,1.34,-1.2994,6.38077,,
PGCC G121.60+24.56,347.47204611,87.16725194,,,,,0.38,
PGCC G102.17+4.69,327.77719111,60.075565,,,,,,
PGCC G135.11-49.44,20.93814694,12.66258,11.3019,1.36,-0.751028,8.30419,,
PGCC G299.71-8.66,182.8871,-71.285805,8.99869,1.72,-1.42993,5.21735,,
PGCC G83.43-2.01,313.91766389,42.09270111,13.4769,2.83,-0.382371,4.7619,0.65,1.5147
PGCC G11.00-2.38,274.68298306,-20.55735611,8.39866,1.83,1.56905,4.59486,,
PGCC G48.58-5.60,295.18109111,11.20967389,,,,,,
PGCC G300.23-10.24,183.77998389,-72.91729,9.66308,1.94,0.17491,4.96938,0.47,0.9474
PGCC G161.23+11.83,87.40054306,50.99991611,8.72604,1.4,-1.47692,6.21486,,
PGCC G124.68+42.43,187.98603806,74.631325,8.27277,1.38,0.24365,6.00585,,
PGCC G93.91+7.60,312.84545889,56.27505111,5.86346,1.2,1.47668,4.90191,0.180302,0.281182
PGCC G3.49+35.46,238.28981,-5.26695889,,,,,,
PGCC G300.52-10.32,184.69009389,-73.03875,10.2641,1.87,0.380236,5.50309,0.41,0.896345
PGCC G315.22-29.12,296.14392111,-78.98671694,,,,,,
PGCC G103.32+14.16,314.27908306,67.58245806,5.94696,1.33,-0.949196,4.46878,,
PGCC G231.27-6.03,105.84600806,-19.05053694,9.52542,2.42,-0.175864,3.94243,0.8,1.42607
PGCC G176.13-35.90,53.973,9.46468694,13.066,2.35,-1.25848,5.56231,,
PGCC G231.70-4.56,107.43724806,-18.76487194,,,,,,
PGCC G144.13+6.48,60.99499111,61.15532306,15.2252,2.77,-1.129,5.49684,,
PGCC G173.21-7.06,75.28648389,30.55167806,7.72574,1.63,-0.353062,4.75396,,
PGCC G56.93+3.12,291.38394194,22.71791111,8.59435,1.12,-1.14551,7.64182,,
PGCC G81.72-45.67,345.14444,8.14634694,7.80743,2.14,1.39402,3.65246,,
PGCC G126.17+10.65,23.95227194,73.24643694,12.2735,1.64,0.321446,7.50564,,
PGCC G168.62-19.54,61.30015611,25.68510194,9.4165,1.48,1.13879,6.37727,,
PGCC G47.06-7.63,296.23220806,8.90747111,13.393,2.11,0.160766,6.35621,-1.21,
PGCC G23.88+4.21,274.94879194,-6.09680194,6.71111,1.28,0.341251,5.26109,,
PGCC G148.22+11.58,74.57600389,61.62393194,9.37037,1.76,-1.11408,5.32597,,
PGCC G155.96-14.45,54.567955,37.504635,11.6725,2.44,1.14841,4.7878,0.35,
PGCC G7.00+0.74,269.66235389,-22.53634111,7.9676,2.17,0.423063,3.66398,-3.07,
PGCC G290.98+8.11,172.97956806,-52.90374,10.7381,1.67,0.954901,6.42603,,
PGCC G152.32-21.08,46.389095,34.02474611,13.9679,2.32,0.014426,6.02719,,
PGCC G279.32-11.40,133.61721806,-62.81596,10.2851,1.7,1.51953,6.03304,,
PGCC G272.47-3.90,136.11134306,-52.78666694,13.9934,2.32,-0.185256,6.03546,0.8,2.13862
PGCC G198.72-9.42,87.864525,8.09848889,,,,,0.45,
PGCC G144.91-39.40,30.82840306,20.38204,,,,,,
PGCC G113.35+6.85,346.94979889,67.77095806,8.85856,1.48,-0.777682,5.98752,-0.93,
PGCC G357.11+9.30,255.88607806,-26.12390889,9.88636,1.09,-0.059597,9.0377,,
PGCC G119.73+6.02,4.07275806,68.66957111,,,,,,
PGCC G156.93-9.61,59.45862611,40.64364194,,,,,0.14,
PGCC G353.30+16.29,247.27902194,-24.64271694,8.67272,1.2,-0.142936,7.22134,0.12,0.276245
PGCC G155.74+36.76,130.32299806,60.711605,13.7292,2.39,-0.002884,5.75597,0.35,0.905059
PGCC G170.66-18.63,63.50661806,24.93496306,6.408,1.23,-0.764738,5.19068,0.23,0.385858
PGCC G290.60-5.26,162.43286111,-65.17287389,13.4589,3.23,1.24408,4.16107,,
PGCC G105.09-4.03,341.18588306,54.39668306,8.89254,1.61,-0.061923,5.53343,,
PGCC G274.32+3.36,146.23751806,-48.86795,8.73631,1.82,1.43192,4.81153,-1.3,
PGCC G158.96-3.04,67.58399194,43.99046306,8.08141,1.03,-0.895048,7.83828,,
PGCC G162.79-1.76,72.37047611,41.97893111,8.36776,1.7,-0.30135,4.9256,,
PGCC G35.40+29.10,257.40118389,14.78478889,11.6421,2.54,-0.400267,4.57599,0.398107,0.84525
PGCC G95.29-31.69,346.90930194,25.54878194,9.78902,3.12,-1.49626,3.13868,,
PGCC G160.12-18.31,55.44478194,31.99707611,10.5849,1.75,0.215046,6.03825,0.14,0.325578
PGCC G238.27-4.04,111.19140611,-24.33622,5.00851,1.77,-0.782401,2.82298,,
PGCC G304.24-31.97,359.91720611,-85.02091194,9.37347,1.8,0.026782,5.21051,,
PGCC G156.71-22.92,49.21651806,30.251095,15.4982,3.46,-0.360366,4.4823,0.14,0.339426
PGCC G252.90-1.56,122.18055,-35.72482306,7.96767,1.09,1.56734,7.32117,-1.08,
PGCC G131.53+4.59,34.35738806,66.01135306,6.8079,1.21,-0.279002,5.6458,,
PGCC G177.42-20.21,66.81415611,19.12448111,7.61734,1.35,-0.304846,5.63034,0.23,0.438151
PGCC G142.74+8.02,60.99509806,63.22199194,13.2885,2.43,1.40072,5.47853,0.4,0.992789
PGCC G161.12+5.77,79.38752694,47.88653889,6.24221,1.56,-0.635065,4.00297,,
PGCC G293.83-16.89,151.5448,-76.74096694,9.19383,1.71,0.664871,5.39102,,
PGCC G103.21+2.74,331.74966389,59.15768389,10.0908,2.35,0.162748,4.2915,,
PGCC G293.91-19.51,143.59475694,-78.74987,9.09488,1.34,0.672054,6.79082,,
PGCC G336.20+4.11,243.80423,-45.19675806,,,,,,
PGCC G124.53+2.12,16.62804806,64.94520611,10.6841,1.97,-1.01432,5.41297,-1.38,
PGCC G155.80-14.24,54.57508111,37.76081111,7.22507,1.14,-1.21375,6.34368,0.35,
PGCC G342.56+0.18,253.83206194,-43.16194889,5.69236,1.24,-0.663227,4.58278,4.39,6.52231
PGCC G133.95-15.09,28.39923694,46.45091611,11.6326,2.52,-0.886655,4.60811,,
PGCC G247.54-12.76,106.84806806,-36.42587306,11.7998,1.96,-1.31257,6.0164,0.27,0.661755
PGCC G23.67+6.60,272.72607389,-5.16127194,5.28907,1.34,0.251904,3.95597,,
PGCC G302.11-14.92,189.086685,-77.76411389,13.9594,2.13,-0.036413,6.55295,0.17,0.472964
PGCC G107.16+16.79,314.92004389,72.12229889,6.90745,1.39,-1.19111,4.96224,,
PGCC G157.53-22.82,49.99405306,29.90026694,7.67573,1.37,-1.33105,5.58872,0.14,0.266729
PGCC G224.38-17.72,91.667145,-17.87771194,9.83689,1.64,0.287522,6.01309,,
PGCC G146.95+4.50,62.45853,57.79838194,,,,,,
PGCC G264.27+2.15,134.80450389,-42.63765,16.3328,3.97,-1.3292,4.11765,1,2.38551
PGCC G176.23-9.69,74.963715,26.585945,8.16609,1.66,-0.519522,4.91331,,
PGCC G303.62-22.04,200.00103806,-84.87805194,,,,,,
PGCC G192.02-1.80,91.32009889,17.65378611,9.97302,1.65,-1.15357,6.03698,3.26,7.35814
PGCC G253.67-11.06,112.12331389,-41.10653306,11.0806,3.28,-1.32169,3.37791,,
PGCC G160.34-18.42,55.55189889,31.78193111,6.70424,1.28,0.715772,5.24734,0.14,0.241546
PGCC G62.78-3.03,300.40084806,24.722775,6.51744,1.19,1.14435,5.47606,,
PGCC G342.81+8.75,245.64675889,-37.28221111,15.5468,3.5,0.337149,4.44387,,
PGCC G116.37-1.42,359.34188806,60.75637389,7.74779,1.59,-0.695118,4.8583,,
PGCC G214.95-18.96,86.69465611,-10.242995,7.77032,1.7,-0.829901,4.561,0.415,0.718661
PGCC G7.60+4.42,266.58062694,-20.14777889,,,,,1.21,
PGCC G303.98-17.85,199.00463889,-80.67558306,9.02948,1.62,0.295916,5.57911,0.17,0.350986
PGCC G286.88-22.58,116.69070389,-74.75185389,11.588,2.72,0.792587,4.26685,,
PGCC G341.94-0.18,253.67913806,-43.86958306,8.29954,1.73,0.545566,4.80239,5.51,10.1189
PGCC G228.86+12.87,121.716995,-7.850085,10.6006,1.89,-0.350916,5.61918,,
PGCC G202.92+2.28,100.30551111,9.94830611,,,,,0.610942,
PGCC G175.62+1.34,85.04528806,33.36964,14.9773,3.66,0.067027,4.09412,,
PGCC G167.00-15.52,63.28804806,29.615345,8.77036,1.71,-0.107032,5.13205,0.14,0.273218
PGCC G17.39+12.54,264.48187306,-7.69165694,12.3715,2.31,0.930115,5.34543,,
PGCC G160.95-1.59,70.91284889,43.49087889,10.17,1.5,-0.455125,6.76831,4.65,11.2223
PGCC G3.09-0.22,268.40539611,-26.39953611,9.76112,2.15,0.019669,4.54227,,
PGCC G266.46+5.04,139.69146694,-42.28341694,10.0314,2.4,1.18028,4.17174,0.66,1.24197
PGCC G184.67+6.53,95.47804306,28.07031611,14.5457,2.97,-0.879299,4.89434,,
PGCC G174.72+3.78,86.99653611,35.40220306,12.9685,2.45,-1.21772,5.30395,,
PGCC G173.98-17.14,67.04300694,23.59878194,12.8621,2.64,-0.23974,4.87599,0.23,0.529836
PGCC G196.68-16.06,81.06411694,6.50123389,,,,,0.4,
PGCC G256.08-2.13,123.76898194,-38.69516,10.0259,1.69,0.270934,5.91723,,
PGCC G68.15-7.90,308.17230194,26.46792,7.51713,1.17,1.21612,6.39879,,
PGCC G162.55+13.30,90.396065,50.54332389,11.2808,1.93,-1.08617,5.83489,,
PGCC G108.62-0.99,344.457855,58.69224194,6.80116,1.5,-1.40306,4.52377,0.924698,1.492
PGCC G103.31-23.94,350.70468111,35.534245,9.48613,1.17,0.584099,8.11204,,
PGCC G105.96-10.54,346.98129306,48.88717306,13.5353,2.92,-1.24125,4.62844,,
PGCC G48.16-17.88,305.72158806,4.72711889,11.8022,1.46,0.379666,8.09394,,
PGCC G119.18-1.89,5.16552611,60.75804889,8.93515,1.75,-0.245239,5.11297,,
PGCC G124.98-2.99,16.92433889,59.81842,6.50374,1.47,1.51571,4.4192,0.42,0.654982
PGCC G101.59-29.01,351.24063111,30.25009306,14.1874,3.23,1.19472,4.39234,,
PGCC G312.52-29.32,299.64514194,-81.27429194,12.7695,3.12,0.126738,4.09847,,
PGCC G301.49-29.66,39.214355,-87.16873194,13.997,3.81,-0.315046,3.6707,,
PGCC G17.85+12.77,264.50723306,-7.18455889,8.25339,1.19,-0.146196,6.9255,0.44,0.967656
PGCC G270.53+2.90,141.60922194,-46.67178,8.24455,1.41,0.604797,5.84602,-0.86,
PGCC G100.23-28.52,349.74655194,30.23908806,6.26724,1.62,1.53536,3.87435,0.328095,0.470288
PGCC G225.07+8.50,116.03328694,-6.75552,,,,,,
PGCC G262.24-1.98,128.65040611,-43.64473,,,,,,
PGCC G152.35-37.55,37.28528194,19.67801306,11.0601,2.08,-0.902036,5.31767,,
PGCC G298.32-4.47,181.05155889,-66.9216,13.2267,2.15,0.500346,6.1452,,
PGCC G113.75-8.49,357.54815694,53.28791806,10.1543,2.19,-1.51349,4.63977,,
PGCC G140.68-2.16,45.942715,56.07901806,14.3101,2.2,-0.056604,6.51063,-0.84,
PGCC G12.36-9.84,282.50314306,-22.71427,8.65564,1.74,0.019349,4.97648,,
PGCC G318.98+5.61,220.59143111,-53.76861611,7.97162,1.56,0.788555,5.10446,,
PGCC G65.32-2.65,301.53662111,27.06956306,12.2068,2.21,0.312306,5.52525,,
PGCC G23.38+10.05,269.54373194,-3.77049111,10.9486,1.83,-1.47797,5.98023,,
PGCC G317.10-4.27,225.94126889,-63.43886194,12.33,3.61,1.18543,3.4192,0.54,1.01992
PGCC G309.37-19.84,233.20845,-80.62883806,14.0762,2.17,1.48774,6.48631,,
PGCC G174.18+15.62,100.17503389,41.24442694,11.078,1.69,-0.35964,6.53699,,
PGCC G174.51-0.27,82.709175,33.42979389,10.2313,1.99,0.084729,5.13621,,
PGCC G88.98+10.96,303.09634389,54.23668694,15.3251,2.82,0.94108,5.43139,,
PGCC G203.68-8.21,91.30699889,4.38696194,7.37132,1.22,-0.352376,6.0234,0.39,0.755935
PGCC G101.79-2.53,335.02844194,54.01332889,6.83293,1.34,-1.41933,5.08721,,
PGCC G100.90-0.58,331.882355,55.11771806,11.1411,1.76,1.28535,6.34545,7.31,17.878901
PGCC G152.43+3.88,68.51255,53.487785,10.7468,1.6,1.52333,6.71689,-0.95,
PGCC G337.06+2.78,245.99990806,-45.54047389,10.0872,1.89,0.223266,5.34611,,
PGCC G168.12-6.42,72.14899389,34.910755,12.3277,2.48,-0.98832,4.97669,0.14,0.318982
PGCC G211.20-12.48,90.952675,-4.14356889,6.78022,1.01,1.37842,6.73186,0.415,0.815575
PGCC G186.07-31.21,62.98457694,6.18105611,13.2717,2.11,-0.202625,6.28754,0.205116,0.545043
PGCC G101.00+7.67,321.91259806,61.52669889,8.85409,1.68,0.776305,5.27387,-1.05,
PGCC G298.04+5.98,183.99902306,-56.55884611,7.83121,2.4,1.39791,3.265,,
PGCC G230.30+13.19,122.71938306,-8.89432694,8.06355,1.55,-1.27632,5.19888,,
PGCC G331.84+2.76,240.41822806,-49.13574611,10.9268,2.31,0.848847,4.73941,,
PGCC G204.61-13.58,87.00682111,1.042,7.32063,2.05,0.229433,3.57592,0.415,0.61765
PGCC G212.98-19.12,85.73723611,-8.62941694,,,,,0.415,
PGCC G103.46-24.27,351.00479111,35.27821389,12.799,1.72,-0.807477,7.45206,,
PGCC G1.52+0.15,267.15231306,-27.562305,,,,,,
PGCC G2.52+4.42,263.70141611,-24.4606,8.58946,1.86,-0.294296,4.62647,0.12,0.220047
PGCC G219.84-2.19,104.062775,-7.14213611,10.1891,1.94,-0.381508,5.26449,1.11,2.36481
PGCC G219.42-15.22,91.99735306,-12.51689889,17.1584,3.06,-0.976607,5.60167,,
PGCC G212.99-12.45,91.77205694,-5.69376194,13.9459,4.59,-0.347031,3.03792,0.415,0.785752
PGCC G93.47+9.86,309.09240694,57.30681194,6.80607,1.19,1.26862,5.73029,0.51,0.926474
PGCC G175.45-0.09,83.49819889,32.74227889,17.627199,4.25,-0.165306,4.14968,3.61,8.98117
PGCC G102.42-30.99,352.83746306,28.66943889,17.5504,4.08,-1.25362,4.30318,0.223872,0.565933
PGCC G215.90-17.41,88.51463306,-10.39461,,,,,0.415,
PGCC G164.16-8.46,67.05759389,36.512405,,,,,0.42,
PGCC G35.63+28.94,257.62695306,14.91226111,16.257,2.49,0.539726,6.54165,0.392645,1.17785
PGCC G92.16-2.70,323.15448,47.937145,11.0776,1.98,0.786631,5.59981,-1.35,
PGCC G207.32+4.18,104.03688,6.88977,11.3136,2.21,-0.18006,5.12601,,
PGCC G289.13+1.59,165.82399,-58.35055194,7.70967,1.28,-1.20491,6.01541,,
PGCC G339.86+16.54,236.55133111,-33.51422111,17.6656,4.7,0.563656,3.75702,,
PGCC G54.60+3.11,290.22299194,20.66470111,11.9959,2.06,0.513026,5.81735,,
PGCC G248.45+21.06,139.59964,-18.5769,,,,,,
PGCC G263.11-12.05,116.90952306,-49.78508806,11.2862,2.41,-0.255861,4.6871,,
PGCC G171.66-5.01,76.11337306,33.02991111,16.7985,4.45,0.146257,3.77734,0.23,0.532946
PGCC G264.54-12.56,117.22623389,-51.26691389,8.82486,2,-1.19802,4.41309,,
PGCC G175.97-9.67,74.80094111,26.80473889,10.176,1.35,-1.1208,7.51838,0.23,0.585201
PGCC G235.50-4.31,109.52471889,-22.01963,,,,,,
PGCC G216.78-10.47,95.22075694,-8.13655389,9.75873,1.75,-0.167741,5.58181,0.43,0.923165
PGCC G183.78-3.71,85.08867611,23.77224889,,,,,,
PGCC G271.18-0.82,138.3358,-49.74728389,10.5731,2.52,-1.20877,4.19231,,
PGCC G222.57+4.06,110.91461194,-6.68438611,12.4562,3.07,-0.579555,4.06158,,
PGCC G125.41-5.83,17.38404111,56.957405,12.4956,2.53,-0.576863,4.93397,,
PGCC G29.23-4.73,285.39172389,-5.44436389,5.55954,1.41,0.183904,3.93695,,
PGCC G289.85-7.50,158.158875,-66.78103611,7.90742,1.2,1.07239,6.59057,0.61,1.28096
PGCC G292.78-9.62,162.25247194,-70.04305306,7.90352,2.09,0.765676,3.78789,,
PGCC G296.71-8.10,174.50430306,-70.07506611,12.8345,1.86,-0.057184,6.90388,,
PGCC G270.12-0.29,137.81076,-48.61639,8.54432,1.38,1.25008,6.20847,,
PGCC G260.60-3.70,125.405685,-43.31268694,7.92697,1.85,-1.49888,4.27613,-1.31,
PGCC G226.54-0.73,108.49855806,-12.42358389,,,,,,
PGCC G153.15-1.18,63.53532389,49.42435111,,,,,,
PGCC G202.23-3.37,94.91608389,7.93734,6.99832,1.11,0.751863,6.31859,3.8,
PGCC G160.24+11.87,86.69920306,51.86419694,8.99291,1.76,-0.542154,5.11903,,
PGCC G26.39+1.55,278.47744806,-5.10821611,16.1742,4.02,-0.893714,4.02543,,
PGCC G255.45-0.93,124.58805111,-37.50291111,7.43451,1.1,-0.268453,6.77623,,
PGCC G173.57-78.77,22.06358111,-19.71253611,10.4849,2.01,-0.119675,5.20934,,
PGCC G233.68-6.36,106.67227194,-21.33776111,7.47735,1.43,-0.321937,5.23542,,
PGCC G206.53+25.06,123.04505194,16.44334611,14.7586,4.45,-0.741538,3.31956,,
PGCC G103.15-27.72,352.18716389,31.95343,9.38729,2.74,-1.35651,3.42395,,
PGCC G354.79+23.85,242.21723889,-18.56139611,10.9358,1.5,0.069555,7.3097,,
PGCC G264.41-11.90,118.05313111,-50.83839389,6.41907,1.42,1.44674,4.5135,,
PGCC G235.67+38.00,146.23829694,0.55083694,11.057,1.74,1.33794,6.35569,,
PGCC G174.22+2.59,85.42897,35.21212,10.4819,2.09,-0.835643,5.01034,1.8,3.79449
PGCC G190.36-13.38,80.13221694,13.10940611,15.4901,3.88,0.049356,3.99077,,
PGCC G173.50-41.54,48.47854194,6.93948111,,,,,,
PGCC G157.80-12.43,57.92667806,37.94941306,11.5687,2.69,-0.99124,4.30247,0.14,0.287313
PGCC G267.62+4.26,140.03558306,-43.65439611,9.91564,1.68,1.35892,5.90195,,
PGCC G336.41+19.98,230.94740306,-32.81279806,12.1522,2.26,0.745203,5.38049,,
PGCC G326.07+7.79,228.84791611,-48.510155,9.83733,1.55,0.119037,6.34364,,
PGCC G267.73-3.98,131.18087806,-49.21052194,8.56302,1.47,1.048,5.83056,0.81,1.66487
PGCC G60.95+2.29,294.29992694,25.84112389,7.44254,1.36,0.245366,5.48156,-1.36,
PGCC G58.69-1.88,297.03170806,21.81008111,7.40504,1.7,0.790194,4.34398,1.19,1.96327
PGCC G160.82-18.17,56.14515694,31.68051111,,,,,0.14,
PGCC G350.64-9.09,270.32412694,-41.55526694,8.70036,1.66,-1.53902,5.23021,,
PGCC G189.28-13.26,79.65473889,14.05551306,13.0079,2.78,-0.205672,4.67408,,
PGCC G274.22-0.41,142.18388389,-51.60726889,5.70178,1.28,-1.38099,4.44951,,
PGCC G113.13+15.59,332.58514389,75.30281111,9.06545,2.67,0.136186,3.3969,,
PGCC G144.50+10.53,67.72212194,63.77242694,7.12851,2.34,-0.487615,3.04995,,
PGCC G196.07-9.19,86.755165,10.48338694,9.73725,1.41,0.581793,6.88414,0.4,0.952642
PGCC G132.95+8.49,41.68272389,69.082695,9.82046,1.72,-0.560432,5.70284,0.32,0.696608
PGCC G0.72-22.48,291.28308111,-37.782475,12.977,2.32,0.635667,5.59671,,
PGCC G191.90-11.21,82.84462,12.97861111,10.0333,2.22,0.313134,4.5178,0.4,0.783379
PGCC G37.69-3.55,288.19198611,2.60271111,8.4812,1.52,1.20744,5.57053,,
PGCC G110.09+0.16,346.17266806,60.34261306,12.2361,2.84,-0.133519,4.3153,0.284446,0.601248
PGCC G359.38+17.69,250.12426806,-19.27306194,10.0846,1.97,0.522913,5.12911,0.12,0.251049
PGCC G136.48+12.72,56.89015611,70.80446611,10.6585,1.38,-0.873063,7.74706,0.37,0.978014
PGCC G190.51-11.30,82.022575,14.092995,10.6334,1.59,-0.082914,6.67426,,
PGCC G231.58-3.31,108.54032889,-18.08298306,12.2313,2.2,-0.804646,5.54955,,
PGCC G213.17-20.68,84.38964806,-9.46762389,6.76753,1.22,-0.043443,5.53256,,
PGCC G303.11-13.36,193.59988389,-76.23371111,,,,,0.17,
PGCC G307.39-32.51,338.27829,-83.37564111,14.8709,2.67,-0.107789,5.57375,,
PGCC G205.77-5.34,94.82605,3.897015,,,,,0.415,
PGCC G315.04-2.97,220.55021694,-63.21138,13.8067,2.6,1.36758,5.313,,
PGCC G45.88-7.71,295.73211694,7.83884111,13.037,2.13,1.21744,6.11728,,
PGCC G151.95+39.51,137.50425694,62.94221889,9.12395,1.36,0.178047,6.72923,0.237684,0.541752
PGCC G101.07-3.05,334.49920694,53.182415,9.32934,1.47,1.23468,6.3333,,
PGCC G87.39+5.98,308.40786694,50.14931111,9.50617,1.44,1.5653,6.59633,,
PGCC G340.56+13.53,239.56523111,-35.35110111,18.7421,4.56,0.576218,4.11163,,
PGCC G248.41+2.11,122.92679611,-29.96267694,9.99934,1.63,-0.928182,6.13731,,
PGCC G218.08+12.75,116.53262306,1.304305,,,,,0.790679,
PGCC G130.19+11.42,37.71661389,72.87091806,,,,,0.851138,
PGCC G303.31-13.84,194.4608,-76.70973194,,,,,0.17,
PGCC G279.92-7.09,141.179825,-60.36450611,13.4893,3,-1.56042,4.49186,,
PGCC G24.87+9.34,270.86425806,-2.81472111,7.90683,1.33,-1.17911,5.93196,,
PGCC G158.64-6.42,63.98576,41.845715,11.9935,2.04,-0.99107,5.87272,0.14,
PGCC G160.20-32.16,46.147995,20.910465,9.46646,1.45,-1.23113,6.5444,,
PGCC G336.80+2.76,245.75697306,-45.73914306,6.65983,1.45,0.446822,4.59742,1.19,1.91541
PGCC G351.46+4.46,256.50082389,-33.51337389,9.61627,1.73,0.189327,5.555,-1.85,
PGCC G66.78-1.64,301.46084611,28.84600389,5.92216,1.44,0.925571,4.10091,,
PGCC G264.09+6.70,139.093735,-39.43845389,11.2517,1.42,1.33265,7.91536,,
PGCC G189.67-28.67,66.88858,5.13914306,11.4689,1.96,-0.901567,5.86088,,
PGCC G157.22-5.80,63.19440806,43.27252194,10.1374,1.94,-0.15399,5.23742,0.5,1.05979
PGCC G287.86+8.26,168.31378194,-51.70951111,14.3191,2.24,-1.52727,6.40577,,
PGCC G254.74-10.13,113.86705,-41.62408806,12.3953,2.13,-0.884821,5.81679,,
PGCC G144.47-11.61,44.02170194,45.98248306,8.7764,1.71,-0.366564,5.13945,,
PGCC G213.07+8.70,110.67283611,3.83687194,7.25664,1.47,-0.46227,4.93899,,
PGCC G172.68+1.98,83.78691889,36.18690889,,,,,,
PGCC G108.92+13.05,327.13659694,70.76384,8.66135,1.19,0.782784,7.25029,0.28,0.645439
PGCC G133.44+5.75,39.812645,66.40106194,,,,,-1.05,
PGCC G336.80+18.64,232.24314889,-33.67497306,13.3985,2.4,1.04472,5.57152,,
PGCC G133.87+5.53,40.54823306,66.02493306,13.1523,2.36,-0.584449,5.56153,-0.8,
PGCC G292.38-3.95,167.53614806,-64.72235889,11.3298,1.83,1.52137,6.17481,-1.49,
PGCC G296.36-3.65,176.74964889,-65.69273389,6.90834,1.53,0.847529,4.50201,1.29,2.0927
PGCC G2.38-22.39,291.76019306,-36.295025,16.192699,2.58,0.140448,6.27953,,
PGCC G205.37-8.68,91.68042806,2.69314111,16.430401,2.61,0.0339,6.29393,0.415,1.22761
PGCC G171.61-13.57,68.37294,27.66345194,7.96911,1.83,-0.245979,4.35688,0.23,0.394227
PGCC G227.93+2.18,111.79684389,-12.28146694,10.9059,1.3,-0.993053,8.36722,0.136773,0.380057
PGCC G148.40+2.07,61.43403194,55.02825194,,,,,,
PGCC G201.26+16.58,112.85976389,17.62189111,7.35501,1.1,-1.00338,6.65959,0.301995,0.614811
PGCC G298.10-2.04,181.58508306,-64.48497,12.8021,2.06,0.812773,6.2193,3.28,8.51358
PGCC G125.31+25.01,58.65634889,86.98941806,14.0357,2.29,-0.418502,6.14034,0.38,1.02618
PGCC G164.36-24.91,54.08211889,24.40402,9.94743,2.27,-0.272647,4.38698,0.14,0.269025
PGCC G235.39-4.41,109.38059194,-21.96562389,,,,,,
PGCC G185.67+3.87,93.36375389,25.94004194,6.719,1.79,-0.50645,3.75582,0.265461,0.387911
PGCC G199.35+10.46,106.22554,16.75977694,12.2972,2.79,-0.39072,4.41436,,
PGCC G13.62+5.18,269.08255,-14.59068806,9.51527,1.67,-1.54107,5.70937,,
PGCC G166.88-15.25,63.41869389,29.88418,,,,,0.14,
PGCC G62.91-1.23,298.77148389,25.77060111,,,,,,
PGCC G205.29-8.73,91.60566694,2.73965611,,,,,0.415,
PGCC G61.28-2.09,298.657135,23.93551306,,,,,,
PGCC G70.18-12.32,313.43814111,25.396975,7.10285,1.38,1.07495,5.13428,0.17378,0.305269
PGCC G110.23+12.63,330.98825111,71.24784889,11.7285,2.2,-1.32733,5.33716,0.3,0.690437
PGCC G164.26-8.39,67.20832806,36.48759111,7.02288,1.9,-1.03398,3.69519,0.42,
PGCC G131.58-10.36,26.63715389,51.58395806,11.2421,3.06,-0.549302,3.67625,,
PGCC G151.96-25.40,43.43975111,30.49139806,12.3803,2.76,-0.356207,4.47929,,
PGCC G250.09-12.60,108.34277306,-38.61066806,8.19285,1.55,-0.496866,5.27328,,
PGCC G172.97+7.31,89.73761694,38.683655,,,,,,
PGCC G103.42+8.59,324.33169611,63.84200694,8.65738,1.38,-0.703029,6.27955,,
PGCC G358.83+5.27,260.67263806,-27.06888194,7.61804,1.33,-0.268481,5.73141,0.12,0.230654
PGCC G97.31-32.99,349.23819,25.14199389,18.174299,4.86,1.21478,3.73605,,
PGCC G167.66-5.47,72.68817111,35.87408806,14.3264,2.78,0.075443,5.14918,0.14,0.349779
PGCC G263.26-12.32,116.63674889,-50.04619611,15.5681,2.08,-0.150234,7.49246,,
PGCC G175.98-16.20,69.17148611,22.73489611,12.4072,2.59,-0.515286,4.7815,0.23,0.515315
PGCC G339.77+22.74,231.95227111,-28.73068611,13.8935,2.8,0.583881,4.9695,0.58,1.4019
PGCC G215.08-26.20,80.01881389,-13.37108306,14.5915,2.58,-0.477894,5.66366,,
PGCC G31.72+5.55,277.37054389,1.44859611,15.0093,4.1,0.453031,3.66386,0.26,0.560853
PGCC G188.61-18.05,75.189445,11.96324694,15.5496,2.41,-0.370914,6.46499,,
PGCC G200.95-5.77,92.16884611,7.93128111,11.3393,1.83,-0.982845,6.21112,,
PGCC G178.48+7.45,93.109375,33.94408,10.4155,1.92,-0.524436,5.42613,,
PGCC G138.48-0.73,43.61040889,58.38142,11.0569,1.77,-1.26449,6.25915,,
PGCC G214.63-1.86,101.97166389,-2.35734194,12.5446,2.63,-0.42226,4.77304,,
PGCC G148.45+37.96,136.15065,66.02222389,10.8715,2.73,0.106849,3.9754,0.35,0.669313
PGCC G159.73+3.31,75.218445,47.54525806,14.0405,3.39,-0.611872,4.14274,0.87,1.93011
PGCC G241.18-1.17,115.50431806,-25.49948889,7.37522,1.68,-0.763407,4.40096,,
PGCC G101.61+3.20,328.75213611,58.56773,7.32979,1.44,-1.15701,5.10013,,
PGCC G46.27-1.34,290.23898306,11.22007306,6.91304,1.19,0.961241,5.8009,0.54,0.994725
PGCC G158.16-12.17,58.47885889,37.92002111,9.75932,1.54,0.859522,6.33553,0.14,0.320226
PGCC G70.73+15.24,285.53549194,40.24796694,9.46881,1.49,1.26582,6.34187,0.358096,0.807203
PGCC G218.98-15.61,91.45549,-12.299335,12.1868,1.75,-0.142566,6.97384,,
PGCC G160.10-8.60,63.36073694,39.27555806,9.1501,2.13,0.260047,4.29749,0.14,0.255373
PGCC G293.01-9.78,162.61721806,-70.28739194,,,,,,
PGCC G132.16-5.53,29.51062,56.14781611,9.83082,1.71,0.8375,5.73901,,
PGCC G19.06+8.50,268.84115611,-8.25328,7.71427,1.21,0.824223,6.37889,,
PGCC G100.76+16.40,305.89260889,66.83883694,9.92203,1.62,-0.6128,6.1226,,
PGCC G213.71-10.50,93.83344306,-5.44683889,5.86948,1.18,0.197883,4.9758,,
PGCC G247.46-12.46,107.14559194,-36.220905,14.2699,3.03,-0.657729,4.71173,0.38,0.906381
PGCC G125.78-7.06,17.874775,55.70381194,10.6964,1.87,-0.86111,5.72225,,
PGCC G316.02+4.89,216.38299611,-55.57404306,5.95946,1.22,-0.217555,4.87028,-1.24,
PGCC G170.57-0.33,79.94422889,36.65448,9.76557,2.22,-0.419806,4.3957,6.36,12.1212
PGCC G97.97-21.99,344.22070306,35.26540389,17.366899,2.25,-1.4589,7.72485,,
PGCC G89.26-4.36,321.75180111,44.73853306,8.11415,1.43,1.29554,5.67375,,
PGCC G285.84+4.78,162.92141694,-54.06983611,,,,,,
PGCC G125.78+7.41,21.16644694,70.09580194,5.84917,1.39,-0.009598,4.19729,,
PGCC G345.48+2.13,254.23101806,-39.66525694,12.5192,2.48,0.754791,5.04559,,
PGCC G157.93-2.51,67.12780806,45.10300111,16.031601,3.17,-0.435486,5.05734,2.5,6.54813
PGCC G119.08+1.37,4.064165,63.98225,8.70821,2.46,-1.0168,3.54025,,
PGCC G353.40+16.80,246.92929111,-24.23890694,12.1483,2.9,-0.14481,4.19336,0.12,0.249143
PGCC G170.79-13.40,67.92433889,28.36879306,8.26121,1.43,-1.32362,5.79155,0.23,0.462779
PGCC G149.21+17.03,85.75215889,63.709045,7.5905,2.78,-0.184997,2.72854,0.2,0.264763
PGCC G197.98-9.35,87.56732194,8.77545611,10.6202,2.32,-0.58728,4.57583,0.4,0.811124
PGCC G102.01-27.02,350.76806611,32.23344806,16.749201,4.03,-0.736059,4.15301,0.276694,0.671282
PGCC G209.14-19.69,83.598885,-5.63279611,,,,,0.415,
PGCC G26.30+1.49,278.49359111,-5.21283694,,,,,1.96,
PGCC G105.67+4.76,333.459045,62.22893111,5.57979,1.47,-1.35165,3.79833,,
PGCC G310.32-5.85,212.475555,-67.58947,9.24391,1.31,0.263405,7.03717,0.54,1.26692
PGCC G199.36+0.90,97.387985,12.47298,,,,,-0.98,
PGCC G84.43+3.16,309.15753194,46.10150889,7.36401,1.27,1.55132,5.80692,4.26,8.10338
PGCC G12.65+13.68,261.08114611,-11.06239194,12.0272,1.61,-0.670877,7.48896,,
PGCC G221.99-4.80,102.69486194,-10.242925,7.21032,1.54,-1.12568,4.67718,,
PGCC G77.90-1.16,308.54611194,38.28459194,8.4295,1.92,1.0174,4.38689,,
PGCC G266.43-0.70,133.73176611,-46.12989389,8.97402,2.04,-0.320165,4.40453,0.61,1.11558
PGCC G251.54+75.20,180.78524806,17.39924611,15.4157,2.67,-1.21535,5.76502,,
PGCC G150.41-38.38,35.43926194,19.62340389,6.87836,1.59,-1.30832,4.33411,0.217771,0.345874
PGCC G263.33-25.94,95.56115,-54.69899694,11.8205,1.91,-0.297649,6.18908,,
PGCC G215.87-18.28,87.69175,-10.73685694,7.40983,1.4,0.577931,5.30024,0.415,0.756531
PGCC G359.72+32.57,238.49717694,-9.52310806,16.2715,2.39,-0.106424,6.82158,,
PGCC G227.56-3.92,106.06713889,-14.79835,17.738701,3.01,-0.40333,5.88604,,
PGCC G143.05-8.01,44.72569306,49.81600194,10.2879,2.51,-0.644654,4.10188,0.53,1.00151
PGCC G308.94-23.50,250.41763306,-83.47355694,,,,,,
PGCC G188.82-19.39,74.17428611,11.04344694,10.7989,1.96,-0.408882,5.51604,,
PGCC G129.01-1.87,25.23704111,60.42078,7.37616,1.16,-1.47636,6.38307,0.152055,0.303499
PGCC G300.02-3.76,185.56292694,-66.46785694,5.7829,1.37,0.653884,4.21433,,
PGCC G294.29+2.70,175.90687611,-59.02700389,6.57791,1.36,1.47131,4.83419,,
PGCC G122.57-7.05,12.221915,55.81830194,6.16224,1.49,-0.761624,4.1446,,
PGCC G101.98+15.60,309.24749806,67.389725,6.64368,1.28,-0.136034,5.19902,,
PGCC G265.11-12.44,117.82307389,-51.693695,8.71676,1.81,-1.30167,4.82239,,
PGCC G98.31+17.88,299.86673,65.49861111,,,,,,
PGCC G54.63+0.79,292.40625,19.594175,7.71839,1.44,0.796711,5.35316,,
PGCC G149.39+2.65,63.386505,54.78495389,10.6692,1.79,-1.11083,5.95734,0.44,1.0204
PGCC G275.26+2.08,146.06095889,-50.45898389,15.97,1.69,0.060091,9.45226,,
PGCC G296.92-15.97,165.09260611,-77.52828194,14.3639,5.04,0.670082,2.85013,0.17,0.316405
PGCC G343.02+2.85,251.45210306,-41.09738889,9.15344,1.21,-1.34268,7.58328,,
PGCC G86.46+0.19,314.32772806,45.82256694,,,,,,
PGCC G131.03+7.28,35.49200111,68.71389806,7.50423,1.73,-0.345247,4.3455,0.101859,0.169199
PGCC G186.31-31.32,63.02292611,5.95412611,7.72835,1.27,0.014486,6.08986,0.335738,0.669999
PGCC G141.92+6.47,57.43131611,62.56799306,,,,,,
PGCC G163.19+9.75,86.06211111,48.29570389,8.15253,1.16,-0.638212,7.00462,,
PGCC G341.67+14.47,239.77162194,-33.93083194,12.983,3.4,0.627102,3.82359,,
PGCC G170.36-7.80,72.55684694,32.31464,9.16136,1.82,-0.477198,5.0278,0.23,0.454071
PGCC G343.58+10.84,244.45108,-35.27246111,10.9787,1.7,0.091196,6.44173,,
PGCC G191.46+2.90,95.404015,20.39147,9.96123,1.84,-0.810195,5.41424,0.83,1.77309
PGCC G95.88+6.04,317.303955,56.73633194,6.53601,1.24,-0.119685,5.28217,0.51,0.871684
PGCC G215.58-13.52,91.93078611,-8.43195194,10.6022,2.04,1.35386,5.18868,,
PGCC G19.07-1.18,277.50647,-12.85576806,,,,,,
PGCC G318.31-4.28,228.25865194,-62.84275111,7.925,1.3,-1.08238,6.10109,-0.92,
PGCC G133.89-10.34,30.17027306,51.05418806,10.6034,2,-0.308461,5.30158,,
PGCC G178.42-20.16,67.47934,18.42984,11.3971,2.76,-0.642055,4.12284,0.23,0.458617
PGCC G5.57+36.43,238.56730694,-3.34392694,13.5406,2.01,0.615819,6.74307,,
PGCC G172.57+1.96,83.69380194,36.269325,,,,,,
PGCC G188.91-9.43,82.80117,16.41687611,9.10371,1.63,0.367276,5.60111,0.28,0.581609
PGCC G100.32-1.24,331.71792611,54.24234,13.1512,1.41,-0.803764,9.32414,,
PGCC G142.00+6.44,57.51973,62.49835611,11.9356,1.69,-0.343276,7.06744,0.32,0.854931
PGCC G165.97-9.12,67.95845,34.750885,9.52556,1.69,0.529369,5.65048,0.14,0.298774
PGCC G144.77+9.35,66.21674306,62.78178389,9.88457,1.72,-1.1287,5.73038,0.35,0.766241
PGCC G217.03-11.73,94.18087,-8.92085889,8.48745,1.61,0.969717,5.26036,0.415,0.806624
PGCC G188.37-13.32,79.10340111,14.76589889,,,,,0.445,
PGCC G200.62+23.35,119.22370889,20.793095,7.3065,1.28,-0.809937,5.72643,0.299227,0.563021
PGCC G259.63+31.89,155.10441611,-17.99914389,,,,,,
PGCC G3.64+4.41,264.36926306,-23.51863889,12.9327,2.09,-0.046174,6.19773,0.12,0.312514
PGCC G312.76-28.45,293.77261389,-81.21176889,9.13497,1.62,0.01541,5.65015,,
PGCC G109.20-37.56,0.96821,24.04206306,10.7411,1.39,1.31898,7.72532,0.277971,0.736563
PGCC G173.63-5.14,77.37489306,31.376955,,,,,,
PGCC G178.57-19.98,67.72341194,18.43369694,8.8885,1.84,-1.42532,4.83903,0.193197,0.36857
PGCC G178.81-39.91,52.47578,5.190495,6.59506,1.06,0.461042,6.19721,0.33266,0.618635
PGCC G91.85-33.41,345.02230806,22.65211111,14.3545,2.19,1.44237,6.55079,0.176198,0.497015
PGCC G109.42+6.70,338.26281694,65.87384,8.2278,1.43,1.39024,5.74502,0.57,1.13996
PGCC G202.39-14.17,85.45820611,2.65456,9.38303,1.36,-0.504484,6.91845,0.415,
PGCC G184.39-30.73,62.48207889,7.61248194,9.51997,1.18,0.114146,8.04619,,
PGCC G119.85+5.98,4.40958889,68.65382389,17.3927,3.86,-0.398272,4.50175,0.72,1.85325
PGCC G203.89-8.01,91.58645611,4.29827,12.3194,2.42,0.031016,5.10025,0.415,
PGCC G323.94+5.49,227.902985,-51.569355,,,,,,
PGCC G283.77-3.45,151.82942194,-60.067005,7.23255,1.63,0.937018,4.43842,,
PGCC G35.65+29.47,257.12963889,15.13564111,11.2634,1.77,-0.807843,6.37167,0.297852,0.733989
PGCC G120.59-8.04,8.835665,54.75364306,12.2626,2.36,-1.4913,5.19996,0.57,1.32402
PGCC G189.60-19.26,74.69915,10.50215194,13.9345,2.83,-0.044726,4.92003,,
PGCC G86.45-42.08,345.92901611,13.03445389,11.0293,1.63,-0.8029,6.74772,0.193197,0.48482
PGCC G106.18-20.14,352.16928111,40.02748111,14.0561,2.19,-0.208306,6.42953,,
PGCC G244.61-11.10,107.21572111,-33.11997194,7.34142,1.61,-1.22202,4.54993,,
PGCC G255.74-6.59,118.62545806,-40.77811389,12.9353,1.95,-1.26689,6.6281,0.58,1.5622
PGCC G77.93+5.84,300.97506694,42.25732389,13.5505,3.47,0.756447,3.90737,,
PGCC G103.72+7.33,326.71658306,63.09511611,8.71284,1.46,0.474996,5.95716,0.62,1.29932
PGCC G181.21+7.45,94.60482806,31.54363111,8.85377,1.8,-0.370529,4.9154,,
PGCC G345.01+10.04,246.34793111,-34.81731389,11.2644,1.85,0.781609,6.0978,,
PGCC G124.98-10.45,16.15964889,52.37284889,,,,,,
PGCC G215.03+4.16,107.51702111,0.03183694,8.47887,1.47,1.56806,5.74841,,
PGCC G354.07+1.94,260.75210611,-32.86460111,14.0037,2.79,0.608342,5.02479,,
PGCC G91.34-2.23,321.78793306,47.71227306,6.37978,1.39,-1.1081,4.5738,,
PGCC G215.22+4.13,107.57683611,-0.15385,7.82738,1.6,-0.791865,4.87891,,
PGCC G113.13+5.88,347.39328,66.79601306,7.44746,1.59,-0.72521,4.68848,0.5,0.859442
PGCC G344.89+1.21,254.70500194,-40.69409194,8.05552,1.99,-1.00174,4.05713,,
PGCC G344.78+7.58,248.38165306,-36.65668111,6.86409,1.52,0.506825,4.50276,,
PGCC G309.23-37.79,348.03167694,-78.09478,8.24394,1.66,-0.068754,4.96226,,
PGCC G332.01+7.37,236.26713611,-45.47057694,10.1675,2.35,0.401372,4.33157,0.63,1.21618
PGCC G71.51+14.21,287.17498806,40.53473694,9.89404,1.72,-0.430825,5.74091,,
PGCC G348.19-12.42,272.88226306,-45.22289694,8.26366,2.82,0.291676,2.93548,,
PGCC G323.84+5.49,227.76818806,-51.62134194,15.2525,3.99,0.121221,3.82394,-1.23,
PGCC G107.45-9.57,348.49487306,50.34804889,7.6031,1.73,-1.4734,4.39567,,
PGCC G130.93-6.17,27.10655389,55.81370194,8.73178,1.37,-1.42529,6.35952,0.152055,0.329603
PGCC G141.79+34.91,133.24563611,72.10557611,8.33451,2.57,-0.068426,3.24885,0.35,0.529785
PGCC G102.73+8.13,323.92208889,63.03923806,11.6811,2.2,-0.818624,5.30809,0.28,0.641352
PGCC G159.26-19.73,53.64908611,31.40033111,,,,,0.14,
PGCC G1.71+3.65,263.93878194,-25.55547889,7.01994,1.57,0.547276,4.45999,0.12,0.195318
PGCC G106.83+16.52,314.98660306,71.70195,12.9703,2.49,0.120204,5.2178,,
PGCC G240.48+2.16,118.26867694,-23.20906389,13.2736,3.24,-0.711892,4.09901,,
PGCC G74.23-14.70,318.28469806,26.90254194,12.7586,2.2,-1.48389,5.78995,,
PGCC G68.77-3.43,304.42208889,29.52518694,7.82583,1.22,1.16607,6.39113,0.74,1.52234
PGCC G337.19+23.31,229.37918111,-29.67724389,10.1618,1.36,-1.17774,7.4566,,
PGCC G287.67+7.80,167.74957306,-52.06800806,,,,,,
PGCC G168.22-16.17,63.69176111,28.31685806,8.36668,1.58,-1.22192,5.28442,0.14,0.270788
PGCC G171.55+0.86,81.85272194,36.520145,13.1584,2.37,1.352,5.55025,4.28,10.6397
PGCC G103.84+13.72,315.99642889,67.69491611,9.75158,2.07,0.652884,4.71939,,
PGCC G53.71+6.93,286.138245,21.61563694,11.7165,1.93,1.14061,6.07538,-1.03,
PGCC G335.79-2.78,250.79562389,-50.25299111,,,,,,
PGCC G252.09-1.82,121.37093389,-35.18205611,7.1836,1.65,-0.665894,4.35422,,
PGCC G174.90-13.90,70.39247889,25.005005,7.6226,1.48,0.196066,5.16669,0.23,0.419867
PGCC G182.22-1.12,86.62895194,26.45899194,,,,,,
PGCC G314.82-27.57,287.957855,-79.43196111,11.8013,2.07,1.21358,5.70406,,
PGCC G189.48+3.79,95.24930611,22.55508611,6.05158,1.18,0.975765,5.12481,,
PGCC G94.05-1.63,324.17901611,49.998745,7.15159,1.11,0.288376,6.41644,0.220801,0.435087
PGCC G117.77+4.08,359.89718611,66.42611694,9.35927,2.07,1.38516,4.53226,,
PGCC G353.32-0.32,262.50515694,-34.74722306,,,,,3.62,
PGCC G260.52-5.20,123.62657889,-44.08444194,6.09834,1.24,-1.34658,4.91493,,
PGCC G31.29+20.72,263.57391389,7.90213306,,,,,0.142561,
PGCC G346.82+10.43,247.47003194,-33.244225,9.83853,1.95,0.925004,5.05196,-1.12,
PGCC G91.33-30.66,343.083435,24.80421806,13.0525,2.22,-0.974485,5.87117,,
PGCC G105.94+4.14,334.68151889,61.86436806,6.77357,1.07,1.16934,6.3524,0.69,1.3166
PGCC G160.74-4.00,68.28573611,42.04055,9.03131,2.42,-0.547557,3.73887,0.51,0.86207
PGCC G65.06-1.64,300.42526194,27.39346889,16.1581,2.62,0.102698,6.16915,,
PGCC G109.11+13.26,327.15469389,71.03977194,9.41539,1.31,0.174866,7.16837,0.112202,0.268137
PGCC G29.41-4.80,285.536255,-5.31382,7.28982,1.36,-0.588613,5.37523,,
PGCC G148.41+0.41,59.57167806,53.77181611,6.70053,1.78,-0.29525,3.76125,,
PGCC G156.18-22.03,49.34311306,31.25879306,7.15744,1.3,-0.773483,5.524,,
PGCC G169.79+1.76,81.56416306,38.48331111,10.5884,1.76,-0.278484,6.02178,,
PGCC G52.06+7.31,284.99237111,20.32136306,10.8135,2.13,0.842848,5.06841,-0.96,
PGCC G138.44+5.54,49.99744389,63.84158694,13.3831,1.99,-0.389654,6.71585,,
PGCC G144.19+8.36,63.81302611,62.49012,13.2026,2.75,-0.536382,4.80056,0.35,0.810533
PGCC G353.38+15.10,248.32499694,-25.36360194,6.7774,1.33,0.929417,5.09767,0.12,0.205175
PGCC G196.64-15.89,81.192345,6.61596389,9.42423,2.78,-0.173836,3.38736,0.4,0.657416
PGCC G154.25-2.74,63.11534889,47.53059,,,,,,
PGCC G95.99-1.82,326.67272889,51.12732306,11.9821,1.87,1.40267,6.42361,0.57,1.45465
PGCC G131.80+17.59,55.36254889,77.43067889,11.6696,1.6,-0.636191,7.30857,,
PGCC G307.92-32.55,335.47427389,-83.06030306,,,,,,
PGCC G357.32+19.95,246.95690889,-19.36589806,12.9955,2.28,-0.762087,5.70721,0.12,0.300619
PGCC G147.63-10.84,48.41113306,45.10887111,7.51819,1.81,-0.391775,4.14756,,
PGCC G171.86-10.98,70.79086306,29.15697306,8.85149,1.52,0.733725,5.80906,0.23,0.479751
PGCC G209.94-19.52,84.09544389,-6.23316694,8.72346,1.75,0.933312,4.97345,0.415,0.795148
PGCC G159.11-20.70,52.82897194,30.71811306,6.89109,1.26,-0.642058,5.47226,0.14,0.250082
PGCC G135.41+11.59,52.29114889,70.54089389,18.711399,3.58,-1.44454,5.22631,0.46,1.32323
PGCC G181.65-19.44,70.05371889,16.49769,8.16554,2.14,-0.851947,3.80989,0.23,0.373167
PGCC G159.07-12.35,59.17897806,37.19662889,11.3231,3.06,-0.456641,3.69617,0.14,0.26346
PGCC G133.35-31.61,23.15031194,30.43060889,,,,,,
PGCC G159.27-33.33,44.74731111,20.39460194,9.16373,2.26,-0.769127,4.04766,0.199526,0.35348
PGCC G23.74+10.85,269.00701889,-3.08033194,9.53136,2,0.262837,4.76432,-0.97,
PGCC G120.44+24.02,336.43215889,86.16208611,9.49872,1.4,0.478736,6.76791,0.38,0.886279
PGCC G217.25-0.23,104.62461889,-3.95275,8.29308,1.38,0.104951,6.00138,,
PGCC G29.95-17.98,297.72818,-10.647945,9.33937,1.49,-0.189577,6.26893,0.301995,0.672175
PGCC G109.10-4.66,347.96731611,55.50943,7.47276,1.68,-1.1547,4.45941,0.181134,0.304163
PGCC G155.86-33.46,42.10109306,21.82434694,13.4945,2.39,-0.817487,5.64855,,
PGCC G129.12+20.31,53.902,81.13808389,10.383,1.72,0.187756,6.04246,,
PGCC G348.23-12.01,272.38729889,-45.01286694,8.66847,1.28,0.230832,6.78445,,
PGCC G0.01+18.02,250.235855,-18.59445806,8.51501,1.37,1.02803,6.20231,0.16,0.338233
PGCC G54.60+2.78,290.52597,20.50744111,7.14266,1.41,0.316547,5.08089,-1.19,
PGCC G349.34+15.13,245.39436306,-28.24805611,13.3758,1.81,1.3706,7.37872,0.12,0.346784
PGCC G186.57-21.17,71.45169111,11.75796111,11.8011,2.88,-0.806754,4.09675,0.143219,0.289674
PGCC G341.08+14.77,239.01928694,-34.09629806,7.08805,1.39,0.175503,5.10676,,
PGCC G159.71-22.15,52.31066889,29.23096694,13.5396,2.08,-0.723977,6.51681,0.14,0.38254
PGCC G159.03-2.27,68.44000194,44.47121389,9.68724,1.85,-1.41718,5.23672,,
PGCC G294.03+2.84,175.48254389,-58.82029,7.88298,1.75,1.52308,4.49231,-0.79,
PGCC G95.03-2.75,326.46023611,49.79208389,8.4847,1.81,1.46993,4.67662,0.15417,0.282495
PGCC G281.64+14.03,163.57026694,-43.94514111,7.90422,2.04,1.5111,3.86949,,
PGCC G125.94-10.33,17.70960194,52.42595306,10.119,2.42,-1.31899,4.18547,,
PGCC G119.91+7.58,3.97282889,70.24153889,12.1473,2.08,-0.168466,5.84104,0.25,0.612564
PGCC G334.18+11.72,234.94384806,-40.72103889,,,,,0.47,
PGCC G260.40+2.21,131.57243306,-39.62886,7.88246,1.27,0.233924,6.21114,,
PGCC G300.28-17.02,178.66946389,-79.59439806,,,,,0.17,
PGCC G226.01-2.77,106.38944194,-12.89491389,6.54703,1.07,-0.137074,6.14034,,
PGCC G140.48+10.64,61.27603111,66.66194889,9.99756,1.97,-0.316178,5.08002,,
PGCC G169.55-3.94,75.60063889,35.34259389,12.1679,1.47,0.055936,8.29338,0.14,0.409099
PGCC G136.51-44.56,22.94370694,17.24121111,9.18037,2.98,-0.933222,3.07765,,
PGCC G145.00+12.34,71.623535,64.57495889,16.2012,2.48,-0.264397,6.53718,,
PGCC G298.07-25.11,126.56607806,-85.188995,13.6187,2.87,0.565892,4.73964,,
PGCC G116.17+1.42,357.570435,63.48350111,,,,,0.74,
PGCC G156.81-12.13,57.22535306,38.80026194,5.3035,1.63,-0.917562,3.26297,0.14,0.169411
PGCC G1.77+6.96,260.92617806,-23.69467694,6.52776,1.37,1.5486,4.76592,0.12,0.194699
PGCC G63.15+0.13,297.60681194,26.67661306,,,,,,
PGCC G315.13-29.77,299.56851194,-78.95676389,7.67898,1.15,-0.351485,6.65431,,
PGCC G33.62-14.19,295.83914194,-5.82181611,,,,,,
PGCC G339.84+13.83,238.67198194,-35.59586,10.3723,1.81,0.292796,5.74077,,
PGCC G19.32+19.15,259.66632111,-2.76895111,11.5651,1.36,-1.16357,8.48491,,
PGCC G298.83+3.37,184.83349611,-59.24083306,5.82377,1.29,-1.48642,4.52495,,
PGCC G157.04-25.17,48.03083,28.22265806,6.90402,1.43,-0.615143,4.81717,,
PGCC G209.05-19.73,83.52697806,-5.57510194,10.5222,2.19,0.570406,4.79872,,
PGCC G226.47+1.42,110.40516694,-11.36300111,,,,,,
PGCC G205.34-7.46,92.75363194,3.28849194,8.717,1.71,1.30967,5.1089,0.415,0.805604
PGCC G165.78+8.20,86.001755,45.30073194,,,,,,
PGCC G304.19-9.87,197.04504389,-72.70411694,15.3053,2.23,-0.568596,6.85201,,
PGCC G136.26+13.43,57.76417889,71.48297111,14.6915,2.29,-0.524435,6.41851,,
PGCC G334.50+17.99,230.55140694,-35.47763389,11.6622,2.08,0.314856,5.6099,,
PGCC G158.67-6.62,63.82881194,41.68236889,8.7102,1.31,-1.4345,6.65073,0.14,0.309959
PGCC G154.69+12.37,82.76680806,56.81001306,9.93232,1.98,-0.165801,5.02324,,
PGCC G113.30+16.10,331.867065,75.80835694,9.92654,1.33,-0.33516,7.44384,,
PGCC G237.49+0.90,115.46929889,-21.27057806,12.597,1.98,-1.19758,6.37557,,
PGCC G165.82-47.65,40.30464611,5.86967194,12.7722,1.74,-0.796457,7.35888,,
PGCC G218.54+13.31,117.23653389,1.16091306,9.45591,1.46,-0.115764,6.4632,0.755092,1.71713
PGCC G359.52-2.51,268.60632306,-30.634235,6.27725,1.15,0.358501,5.43553,,
PGCC G162.90-16.59,59.11889306,31.56695611,9.08569,1.36,-0.735663,6.68333,,
PGCC G164.45-8.94,66.86685194,35.97236306,9.84617,2.2,-0.520315,4.4811,0.14,0.270508
PGCC G158.66-12.41,58.76053611,37.41680889,,,,,0.14,
PGCC G48.89-5.85,295.55557306,11.35752,9.13567,2.25,0.787686,4.05702,0.179473,0.317833
PGCC G147.69+37.02,134.39302111,66.90016194,5.62334,1.24,-0.663354,4.54882,0.35,0.514922
PGCC G156.01-23.25,48.38168694,30.34184611,11.6998,2.18,0.773328,5.35802,0.14,0.322438
PGCC G214.84-1.86,102.07701889,-2.54822194,7.41618,1.21,1.06324,6.14635,,
PGCC G304.06-19.89,201.20625306,-82.68584389,,,,,0.17,
PGCC G173.02-11.12,71.50023694,28.19194611,11.124,1.75,1.19365,6.33976,0.23,0.561851
PGCC G164.53-7.84,67.93911,36.66661806,8.10738,1.8,0.010599,4.50916,0.14,0.246231
PGCC G301.51-17.64,184.68243389,-80.42276,,,,,0.17,
PGCC G160.35+1.43,73.62849389,45.89062111,6.99616,1.45,-0.563417,4.83094,,
PGCC G153.45+1.39,66.68134306,51.03576306,9.40978,1.38,-0.010004,6.82755,-1.03,
PGCC G154.27-4.54,61.36694306,46.19383194,7.54982,1.53,-0.402295,4.93707,,
PGCC G206.60-7.85,92.98451194,2.00040806,10.558,1.76,1.0222,5.99889,0.415,0.960728
PGCC G236.78+2.07,116.17756694,-20.06463806,,,,,,
PGCC G6.28+24.48,248.55079694,-10.04276611,10.7415,1.24,-1.18082,8.63357,0.12,0.336153
PGCC G241.14-0.80,115.83451806,-25.27813111,13.6161,2.94,0.580656,4.63361,,
PGCC G145.05-48.74,27.53960611,11.590515,12.8005,1.95,-1.04481,6.57819,,
PGCC G295.81+5.37,179.83204694,-56.78212389,10.062,1.29,0.289456,7.80052,,
PGCC G28.93+5.58,276.06591806,-1.00460806,6.99203,1.64,0.169701,4.27185,-0.6,
PGCC G353.02+2.96,259.04565389,-33.13938889,10.1302,1.49,-0.142814,6.81733,,
PGCC G99.65-1.10,330.66400111,53.95640611,8.93059,2.03,-1.56849,4.39901,,
PGCC G182.20-0.35,87.34890694,26.873005,,,,,,
PGCC G205.40-26.71,75.74314111,-5.78399806,,,,,,
PGCC G190.96-15.78,78.38738306,11.33329694,11.1087,2.31,-0.469195,4.81188,,
PGCC G122.89-9.78,12.795615,53.08845889,,,,,,
PGCC G145.30-49.57,27.40925806,10.75513111,17.537001,4.53,-0.471272,3.87308,,
PGCC G29.12+2.22,279.13970889,-2.37299306,7.39533,1.35,0.481596,5.47787,0.26,0.481376
PGCC G11.35+0.79,271.90875194,-18.72480611,6.71766,1.11,0.328945,6.04244,,
PGCC G123.91-3.91,14.75168889,58.95117611,9.30513,1.73,-0.869844,5.37154,,
PGCC G130.98+7.50,35.58804306,68.93691306,8.08456,1.36,-0.358524,5.9537,0.44,
PGCC G227.94-3.08,107.01411389,-14.75502694,17.9807,3.15,1.35111,5.70371,2,
PGCC G146.25+15.04,78.44789889,65.17722306,,,,,,
PGCC G143.69+5.66,59.20851889,60.82589694,10.6545,1.51,1.42148,7.06196,,
PGCC G133.57-44.86,20.738625,17.35922806,6.51521,1.09,-0.001271,5.97943,,
PGCC G251.29+73.32,179.31077611,16.16037806,10.4767,2.26,-1.18517,4.62926,,
PGCC G115.53+9.00,350.36215194,70.57189889,6.29464,1.23,0.064958,5.1073,,
PGCC G168.02-6.47,72.02475694,34.95536806,,,,,0.14,
PGCC G128.99+6.66,29.66308806,68.736435,8.99977,1.65,-0.23031,5.4638,0.54,1.1015
PGCC G302.06-17.74,187.78253194,-80.57325,8.96901,1.53,-0.857133,5.86022,0.17,0.358513
PGCC G205.53-7.95,92.399155,2.89239806,12.307,2.52,-0.932162,4.8892,0.415,0.936419
PGCC G335.96-0.85,248.76049806,-48.838825,4.10411,1.18,0.001683,3.47927,4.49,4.93544
PGCC G95.33-1.04,325.06411694,51.28677694,9.74799,1.89,0.648288,5.16798,4.23,
PGCC G239.71+20.11,133.61787389,-12.691605,18.7642,2.86,-0.325859,6.56686,,
PGCC G299.42-3.92,184.01428194,-66.546265,11.0459,1.71,-1.45918,6.46299,,
PGCC G242.51-6.91,110.53251611,-29.40503111,9.61157,1.15,0.364666,8.33914,,
PGCC G155.99+5.34,74.13262889,51.73381806,8.50319,1.71,0.628713,4.98322,-0.71,
PGCC G44.04-13.59,300.02542111,3.41343889,12.7002,1.76,0.937766,7.20867,,
PGCC G311.32+10.36,206.23197889,-51.63986194,11.4193,2.13,1.46034,5.36989,-0.98,
PGCC G324.40-1.56,235.31469694,-57.177895,10.9175,2.14,0.408801,5.10105,,
PGCC G132.87+9.37,42.57127389,69.91657306,10.0365,1.68,1.46913,5.96023,,
PGCC G303.85-24.44,210.229645,-87.1903,16.327299,3.71,0.728144,4.39831,,
PGCC G338.71+14.99,236.72602806,-35.42126806,10.0218,2.2,0.242413,4.54908,,
PGCC G0.48-0.73,267.401855,-28.89892806,,,,,,
PGCC G100.77+14.92,308.99691806,66.04711889,8.20829,1.11,-1.23721,7.38142,,
PGCC G0.12+21.77,247.21841389,-16.18516,11.896,2.27,-0.613216,5.24215,0.12,0.275653
PGCC G157.23-44.41,37.15306111,11.89413611,12.7275,2.12,0.345153,5.99325,,
PGCC G106.06-38.39,358.59533694,22.60908306,15.0494,3.81,-0.663594,3.94586,,
PGCC G99.68+17.30,302.614655,66.39294389,14.2678,2.89,-0.983954,4.92976,,
PGCC G201.61-10.83,88.01971389,4.92687194,8.09993,1.51,-1.48251,5.37995,0.415,0.796901
PGCC G101.28+17.60,303.832825,67.87297806,13.2105,2.48,-0.603053,5.32129,,
PGCC G37.49+3.03,282.23217806,5.43278889,8.07838,1.41,0.215977,5.73228,,
PGCC G144.03+6.23,60.503105,61.037445,8.64586,1.56,1.38582,5.53524,-0.78,
PGCC G189.30-37.19,59.73857111,0.49324194,10.5383,2.46,-0.301198,4.28649,0.392645,
PGCC G117.74+11.93,354.07775889,74.04168694,9.43144,1.87,0.258143,5.03339,,
PGCC G214.90-16.75,88.695145,-9.24615,18.346001,2.68,1.4995,6.84332,0.415,1.35263
PGCC G122.04+15.11,8.71044611,77.95747389,15.5671,3,-0.441657,5.18887,,
PGCC G293.98+6.64,177.17164611,-55.13729889,10.6424,1.47,0.318794,7.22005,0.61,1.55541
PGCC G199.05-10.16,87.375885,7.45385611,,,,,0.4,
PGCC G253.12-1.65,122.23439,-35.95484194,9.62377,1.93,-0.798452,4.99368,,
PGCC G357.61+15.48,250.84106389,-21.97738611,,,,,0.12,
PGCC G304.78-33.90,0.07369694,-83.04180111,14.2057,2.38,0.440796,5.97344,,
PGCC G164.11-8.17,67.28188306,36.74298111,5.67405,1.25,-0.326821,4.53101,0.42,
PGCC G236.33-7.85,106.50367694,-24.35656694,11.7062,1.74,1.56726,6.72234,,
PGCC G303.30-14.55,194.49475111,-77.41477194,8.34255,1.58,-1.38276,5.29314,0.17,0.328611
PGCC G23.58+1.69,277.05377194,-7.53082889,12.773,2.54,-0.44915,5.02609,,
PGCC G354.12+15.72,248.321335,-24.41389111,9.54185,2.82,0.885796,3.38313,0.12,0.198328
PGCC G89.41-6.02,323.50408889,43.63626889,14.9725,3.38,-1.54064,4.42818,0.52,1.23166
PGCC G314.61-3.09,219.799515,-63.49297,13.6284,3.89,-0.310306,3.5004,,
PGCC G338.76+9.68,241.16355889,-39.389595,11.1096,2.17,-0.242939,5.11026,-0.77,
PGCC G285.85+4.71,162.88598611,-54.13609306,15.9093,1.63,-0.903524,9.74387,,
PGCC G227.46-9.29,101.01570111,-17.089735,5.72077,1.67,-0.662468,3.4282,,
PGCC G281.15-4.80,146.07876611,-59.501995,12.6697,2.96,1.23188,4.2849,,
PGCC G317.02-4.13,225.635635,-63.35249694,,,,,-1.08,
PGCC G298.16-2.81,181.402115,-65.25656889,10.8122,2.42,0.803789,4.47525,-2.09,
PGCC G10.11+3.63,268.65042111,-18.39662889,7.94913,1.93,0.651304,4.11184,,
PGCC G175.92-0.81,83.08985111,31.95302611,8.09124,1.2,-1.50212,6.7633,,
PGCC G115.69+1.27,356.60696389,63.22869889,8.23473,2.75,-0.713396,2.99404,-1.8,
PGCC G14.87+19.12,257.536285,-6.39049194,15.3784,2.12,1.4292,7.25125,,
PGCC G259.12-4.02,123.92210389,-42.269985,11.8989,2.97,-1.37496,4.00471,1.04,2.08833
PGCC G218.27-4.57,101.20684806,-6.823595,10.0521,1.21,0.675586,8.31728,0.8,2.12783
PGCC G22.69+9.78,269.45098889,-4.50374194,11.4495,2.08,-1.15766,5.4963,,
PGCC G264.86+1.73,134.89756806,-43.35269194,,,,,,
PGCC G159.04-5.62,65.12436694,42.13716889,,,,,0.54,
PGCC G127.76-1.80,22.75870306,60.69641889,8.81137,1.13,0.513826,7.77728,0.74,1.78194
PGCC G121.47+0.28,9.62989694,63.11307889,8.87889,1.88,-0.349906,4.71859,,
PGCC G184.98-4.47,85.07981889,22.35614806,14.0161,2.51,0.72906,5.58395,,
PGCC G125.55+21.96,38.18880806,84.31289694,,,,,0.38,
PGCC G166.37-48.62,39.99918,4.87815694,9.1011,1.28,-0.980937,7.09564,,
PGCC G269.89+1.78,139.80011,-47.013145,7.64279,1.29,0.755369,5.9032,0.74,1.44587
PGCC G205.15-7.52,92.60086806,3.42870194,8.0107,1.6,-0.633539,5.0024,0.415,0.764186
PGCC G132.86+8.91,41.96947111,69.50502806,6.4637,1.04,1.4564,6.1958,,
PGCC G179.62-16.06,71.62944,20.09696194,9.91058,1.07,-1.38202,9.26072,0.23,0.640954
PGCC G51.11-15.42,305.06195111,8.41605389,,,,,0.251189,
PGCC G246.38+1.10,120.69791389,-28.79813,7.35026,2.08,-0.703708,3.5304,,
PGCC G70.55-3.81,305.94705194,30.78292694,6.45608,1.16,0.663218,5.58898,1.09,
PGCC G148.62+2.11,61.762085,54.90879806,,,,,0.413047,
PGCC G337.27+7.71,241.47403,-41.84656111,9.18328,1.81,-0.464241,5.08336,-0.55,
PGCC G282.14-5.75,146.35534694,-60.87192194,12.6991,1.79,-1.32246,7.11089,,
PGCC G255.12-9.39,114.97857694,-41.60957,11.5469,2.54,-0.443132,4.54953,0.43,0.906589
PGCC G303.93-18.43,199.07087694,-81.249855,,,,,0.17,
PGCC G243.24-9.91,107.80368806,-31.39249389,9.10695,1.63,0.209996,5.59128,,
PGCC G0.13+11.05,256.262115,-22.68990889,,,,,0.12,
PGCC G315.30-21.29,258.13018806,-77.30475611,8.24279,1.9,0.567518,4.32943,,
PGCC G254.11-3.60,120.838135,-37.83716194,7.89097,1.58,-1.36211,4.99723,,
PGCC G25.07+5.30,274.53442389,-4.54047611,6.67297,1.38,0.180703,4.81837,-0.9,
PGCC G68.72+17.27,282.15152,39.22092389,7.32824,1.52,0.433536,4.81604,,
PGCC G127.98+20.70,49.58762,82.08865389,7.51022,1.54,0.470759,4.86697,0.38,0.668291
PGCC G170.71-10.70,70.205025,30.20212694,9.96607,2.44,-0.679695,4.09149,0.23,0.427226
PGCC G182.95-29.96,62.31844694,9.06707694,11.6238,1.83,0.227677,6.34286,,
PGCC G238.98-1.57,113.93001611,-23.77895,5.69358,1.37,-0.344818,4.14697,3.03,4.2828
PGCC G26.67+7.88,272.99646,-1.92521111,,,,,,
PGCC G303.79-18.48,198.22601306,-81.31617,16.089399,3.55,0.61496,4.53094,0.17,0.422222
PGCC G94.30+6.25,315.13760389,55.70410889,4.84589,1.46,1.56477,3.30946,0.177828,0.207153
PGCC G273.75-0.24,141.83627306,-51.16246,7.39136,1.16,-1.34751,6.35252,0.8,1.5946
PGCC G335.97+20.65,230.08346611,-32.50558111,6.11282,1.74,0.624069,3.50714,,
PGCC G189.41-10.00,82.573875,15.69633,9.70381,2.45,0.009864,3.95735,0.445,0.802158
PGCC G295.02-13.11,163.46539306,-74.14212806,11.2235,1.82,0.081076,6.17676,,
PGCC G123.64+24.30,25.710785,87.09729806,,,,,0.38,
PGCC G103.47+22.81,292.324615,71.85827611,10.0057,2.48,0.512367,4.02994,,
PGCC G113.69+17.31,329.94827306,76.98517611,12.4239,2.54,0.322181,4.88417,,
PGCC G219.00-8.76,97.74645194,-9.34995611,,,,,0.415,
PGCC G171.63-11.07,70.54522694,29.268185,8.17147,1.55,-0.083993,5.27982,0.23,0.439454
PGCC G197.22+31.99,127.04727194,26.48430306,12.3937,3.41,-0.13679,3.63876,,
PGCC G170.15-10.08,70.33447306,31.01919889,7.62375,1.32,-0.600097,5.77169,0.23,0.443803
PGCC G350.77+0.93,259.47699,-36.14971194,6.46523,1.14,-0.52101,5.64947,,
PGCC G267.96-7.81,126.55699194,-51.67178694,5.14772,1.59,-1.15704,3.23931,,
PGCC G170.43+8.51,89.51500694,41.46203194,15.7423,2.95,-0.292051,5.33119,,
PGCC G121.66-7.97,10.67478389,54.87921889,,,,,,
PGCC G294.83-12.88,163.23555,-73.85637694,12.5684,1.4,-0.093427,8.98027,,
PGCC G197.37+31.73,126.80974611,26.29173889,13.4257,1.95,-0.196897,6.88049,0.289734,0.810036
PGCC G190.85-4.39,88.35897111,17.37598806,16.2544,3.75,0.284578,4.33589,0.54,1.3187
PGCC G35.34+11.68,273.49633806,7.41009694,16.3486,3.45,0.768135,4.74333,,
PGCC G342.39+23.83,233.32211306,-26.3843,10.8331,1.72,-1.46734,6.30686,,
PGCC G70.27+13.26,287.66870111,39.05062111,9.33436,1.95,0.968153,4.79073,0.376704,0.732774
PGCC G130.18+11.93,38.36131306,73.34811389,9.62029,1.57,-0.181449,6.13371,0.37,0.826769
PGCC G337.83+23.87,229.54734806,-28.87881306,10.4977,2.27,0.62424,4.62818,,
PGCC G127.33+11.11,28.18612694,73.45201889,15.1899,3.92,-0.932435,3.87491,,
PGCC G154.48+12.30,82.45365889,56.94725806,13.8953,2.9,-0.74242,4.79456,0.32,0.759775
PGCC G95.66+12.10,307.93875111,60.35302,9.01143,1.81,-1.36539,4.97152,,
PGCC G75.90+17.83,284.78033389,45.81801194,15.0139,2.58,0.778204,5.8139,,
PGCC G333.13+5.52,239.19322194,-46.19595694,10.6616,1.8,1.25003,5.91105,-0.53,
PGCC G302.32-3.66,191.32118194,-66.526825,8.5399,1.74,0.665319,4.90555,,
PGCC G336.33+4.20,243.83631889,-45.04332694,14.6851,4.05,0.433747,3.62636,,
PGCC G148.56-49.36,29.491035,10.17090111,,,,,,
PGCC G213.29-18.59,86.346245,-8.66617,6.8182,1.75,-0.713145,3.88772,0.415,0.621523
PGCC G270.73-8.65,128.02732806,-54.39555694,,,,,,
PGCC G267.16-5.49,128.80551111,-49.67154306,10.0422,1.78,-1.42724,5.64458,,
PGCC G302.32-14.83,190.08857694,-77.689705,16.658199,4.13,0.677334,4.03439,0.17,0.405395
PGCC G91.87+4.18,315.10961889,52.52104194,8.75032,1.83,0.872546,4.78446,,
PGCC G265.89-5.89,127.17797889,-48.88637889,10.9729,2.83,-1.47602,3.87809,,
PGCC G299.53-8.78,182.28260806,-71.37348889,,,,,0.41,
PGCC G129.39-4.66,24.93140194,57.60864306,9.45675,3.09,-0.341055,3.05946,0.231206,0.361759
PGCC G93.17-11.77,332.35607889,41.55504194,4.1595,1.5,-1.49671,2.77232,0.465586,
PGCC G7.25+6.07,264.89010611,-19.58954806,,,,,0.12,
PGCC G205.88-16.18,85.28624694,-1.26852806,12.8572,2.23,-0.211113,5.75823,0.415,1.0387
PGCC G154.05-8.83,57.22055389,43.07063694,14.3924,1.89,0.331696,7.61015,0.14,
PGCC G120.86+31.74,213.72454806,85.04541806,10.2714,2.54,0.232011,4.0409,,
PGCC G254.40-3.94,120.67076889,-38.26372889,7.03618,1.17,1.03588,5.9991,0.84,1.58751
PGCC G146.13+39.55,141.56649806,67.08712,7.14386,2.7,-0.291205,2.64629,0.35,0.442669
PGCC G124.94-10.52,16.08414306,52.29932806,,,,,,
PGCC G357.18+7.35,257.69509889,-27.22073,9.67018,1.32,0.023196,7.32377,0.12,0.29376
PGCC G335.92+7.91,239.94915806,-42.58398389,11.9093,2.41,1.03595,4.93845,,
PGCC G342.61+0.90,253.10815389,-42.66455111,10.9938,2.2,0.751813,4.99525,,
PGCC G158.16-4.72,65.15087889,43.39368111,6.75261,1.49,-0.51165,4.52925,0.14,0.225218
PGCC G93.11-37.47,348.09283389,19.599525,9.96313,2.36,1.23666,4.22159,0.181134,0.341714
PGCC G165.14-4.16,71.93884306,38.63668389,9.13854,1.68,-0.778971,5.43012,0.14,0.286878
PGCC G103.11+2.07,332.34332306,58.56250806,10.1889,1.73,-1.17483,5.89051,,
PGCC G24.40+4.68,274.77487194,-5.41406611,9.85665,1.86,0.008713,5.28797,0.26,0.546021
PGCC G106.60-19.54,352.39688111,40.72377,15.4272,3.61,-0.34317,4.26946,,
PGCC G340.03-1.87,253.83064306,-46.41506611,,,,,,
PGCC G124.87+15.59,22.12887611,78.320045,12.0262,2.7,-0.427127,4.45008,,
PGCC G184.87-0.98,88.26951611,24.26060694,9.34508,1.54,0.002094,6.07522,,
PGCC G2.98+8.72,260.05880694,-21.71755389,9.5359,1.36,-1.47384,7.03296,0.12,0.285863
PGCC G101.37+5.94,324.90591389,60.51565611,5.28642,1.23,-0.653776,4.30184,0.5,0.693592
PGCC G28.62+4.24,277.11816389,-1.89185611,7.19803,1.27,1.18287,5.64689,0.74,1.37236
PGCC G248.44+75.65,180.59220889,18.27923806,10.9776,2.62,-0.80374,4.19729,,
PGCC G356.97+15.66,250.28028889,-22.34780111,,,,,0.12,
PGCC G156.97+5.42,75.20378889,51.01051694,13.2645,2.46,-0.380338,5.40105,0.5,1.23107
PGCC G192.84-8.75,85.49716194,13.46817306,11.2611,1.62,0.488026,6.93976,0.4,1.02861
PGCC G89.32-31.92,342.20761111,22.833525,10.63,1.68,-1.52383,6.3156,0.266686,0.635624
PGCC G126.36+27.07,102.55001806,86.94334389,,,,,0.38,
PGCC G240.60+68.93,173.51339694,16.07806389,,,,,,
PGCC G7.05+8.18,262.88382,-18.64102389,8.37453,1.62,1.07103,5.15517,0.12,0.229356
PGCC G147.80+6.58,66.36647806,58.69387806,9.4951,1.52,0.252026,6.24851,,
PGCC G275.19+2.03,145.92652889,-50.44223,,,,,0.66,
PGCC G192.41-2.65,90.74691,16.88884389,,,,,,
PGCC G98.56+15.18,305.71038806,64.39822389,12.1843,1.97,-0.737629,6.17387,,
PGCC G172.18-10.56,71.39131194,29.18043694,8.04621,1.13,0.649203,7.12659,,
PGCC G87.91-41.71,346.66449,13.92639694,10.1118,1.89,-1.42505,5.33859,0.209894,0.448596
PGCC G160.10-6.29,65.48554194,40.92243611,12.1886,2.53,-0.305709,4.82319,,
PGCC G176.58-22.36,64.54690611,18.32966611,8.33984,1.38,-0.724575,6.03809,,
PGCC G343.64+1.15,253.7258,-41.71668194,8.03963,1.58,0.335573,5.09964,,
PGCC G315.34-3.07,221.24288889,-63.17102806,8.19377,1.88,0.019729,4.34922,,
PGCC G138.97+2.43,47.46308111,60.91062194,8.32267,1.52,-0.626256,5.46255,0.77,1.51024
PGCC G125.67-0.91,18.67011306,61.83837889,9.35833,1.98,-1.00878,4.73499,,
PGCC G257.28-2.46,124.27475,-39.87146389,9.59453,1.51,-0.530763,6.36631,,
PGCC G147.70-10.07,49.07646194,45.72544111,7.6759,2.07,-0.407546,3.70774,,
PGCC G219.88-18.17,89.434105,-14.15175694,,,,,0.415,
PGCC G57.72-0.08,294.829285,21.87029611,8.23386,1.35,0.097158,6.11529,0.57,1.17655
PGCC G120.81-0.52,8.290845,62.27301806,8.62029,1.14,0.542886,7.5518,,
PGCC G266.35-0.58,133.79725611,-45.99326306,,,,,,
PGCC G75.08-7.69,312.75387611,32.06014306,15.5087,2.96,-1.38423,5.24334,,
PGCC G96.04-0.19,325.02380389,52.39862806,,,,,,
PGCC G255.59-2.93,122.56536889,-38.72222889,,,,,,
PGCC G164.11-22.83,55.38900389,26.13608611,10.5903,1.93,-0.468166,5.48779,,
PGCC G187.09-33.35,61.78593389,4.21152194,9.50951,1.83,0.427406,5.19825,,
PGCC G200.04+12.77,108.72057306,17.1245,8.33308,2.15,-0.253967,3.88175,,
PGCC G316.21+3.19,217.82321194,-57.08469806,8.2011,1.8,0.962642,4.54889,,
PGCC G26.90-3.55,283.27764889,-6.97682806,7.77636,1.12,0.853163,6.93097,,
PGCC G145.86-49.39,27.81755806,10.79906389,16.379101,3.69,-0.589125,4.43461,,
PGCC G47.14-3.00,292.15170306,11.201135,10.2695,1.94,1.27944,5.30364,-1.29,
PGCC G287.03+2.84,163.27375806,-56.33736,,,,,,
PGCC G11.65+36.23,241.59234611,0.51476611,9.05467,2.35,0.323034,3.84493,0.206063,0.353677
PGCC G125.63+21.93,38.66124306,84.25061,17.058701,2.9,-0.395744,5.8918,0.38,1.10817
PGCC G345.81+1.78,254.85942111,-39.62138,8.40893,1.51,1.17718,5.57096,1.8,3.58372
PGCC G153.45-1.10,63.943745,49.27301806,13.434,2.3,0.081766,5.84494,,
PGCC G322.76-6.80,239.28100611,-62.29272111,9.3789,1.29,-0.263874,7.29724,-1.5,
PGCC G147.69-25.59,39.3508,32.14039194,10.4143,2.82,-1.01358,3.69096,,
PGCC G169.02-43.22,44.86928611,7.90971889,8.05625,1.59,-0.401158,5.05821,,
PGCC G184.54-1.19,87.88922111,24.43086611,8.50016,1.49,-0.710321,5.72206,,
PGCC G167.98-5.42,72.98426111,35.65646694,,,,,0.14,
PGCC G284.53-2.29,154.380325,-59.54194611,7.00859,1.15,0.160407,6.10861,,
PGCC G51.71-0.94,292.534515,16.19518889,8.39124,1.7,0.611627,4.94518,,
PGCC G122.60+15.19,11.32073111,78.05670889,10.4506,1.62,-0.476517,6.44788,,
PGCC G56.03+7.07,287.11697389,23.74742889,12.2313,1.86,1.518,6.56811,-1.15,
PGCC G48.54-5.55,295.11401389,11.20188194,11.1311,2.47,-1.14356,4.505,0.72,1.48311
PGCC G93.17-9.84,330.80465694,43.10678111,11.744,1.55,-0.929337,7.58056,0.165959,0.455498
PGCC G64.55-8.65,306.59079,23.124485,9.07274,1.81,1.2333,5.02007,0.68,1.33493
PGCC G219.12-9.79,96.86712611,-9.909965,13.7298,3.17,1.49928,4.3298,0.905,
PGCC G177.72+6.99,92.19818889,34.39148694,7.3211,1.19,-0.804726,6.15444,0.385478,0.752677
PGCC G309.83-31.87,322.86895806,-82.35330194,12.1578,2.63,0.063018,4.62492,,
PGCC G193.56-26.53,70.59642806,3.46969111,,,,,,
PGCC G189.94-36.77,60.37130694,0.314695,10.4873,1.51,-0.43653,6.94162,,
PGCC G297.45+2.65,181.937225,-59.752445,11.0722,2.74,1.36337,4.03596,,
PGCC G125.93-1.77,19.03403889,60.96168889,7.64185,1.09,-0.800384,7.00244,0.5,1.06395
PGCC G49.22-4.04,294.09454306,12.52543,11.6063,2.18,-0.753461,5.32291,0.177828,0.406582
PGCC G317.69-12.76,239.64415,-70.06230889,8.51005,1.33,-1.17551,6.40542,,
PGCC G115.77-9.59,1.18161694,52.627285,,,,,,
PGCC G135.81-4.52,36.26696,55.9967,9.66889,1.33,-1.10118,7.29659,,
PGCC G185.60-21.54,70.60272194,12.27585111,,,,,0.440555,
PGCC G164.96-25.33,54.233295,23.73274194,11.9585,2.16,1.48016,5.5261,0.14,0.331057
PGCC G141.64-3.97,45.87616694,54.03226889,8.94069,1.77,-0.563306,5.05034,0.44,0.860053
PGCC G180.77-27.73,62.84909389,11.95582889,7.96187,1.27,-0.749985,6.26331,,
PGCC G178.71+3.51,89.13884694,31.83278806,9.68332,2.08,-0.516924,4.6624,0.322107,0.629569
PGCC G344.68+17.57,239.80996694,-29.69508389,11.0794,1.41,0.692384,7.85934,,
PGCC G161.41-8.58,64.56314111,38.38213,9.45628,1.53,-0.073734,6.19916,0.14,0.311804
PGCC G227.64-3.94,106.08297,-14.87454306,,,,,,
PGCC G114.06-11.57,359.16632111,50.35807806,10.2249,1.67,1.49126,6.13101,,
PGCC G265.66-7.71,124.675255,-49.73234889,7.62685,1.59,-1.25676,4.81087,-0.79,
PGCC G320.74+12.60,218.64122,-46.67242806,10.1982,1.45,-1.00704,7.04894,,
PGCC G168.28-16.03,63.85083,28.37735194,5.81263,1.9,-0.455752,3.0526,0.14,0.171544
PGCC G158.14-20.42,52.17417889,31.49145111,,,,,0.14,
PGCC G294.12-5.03,170.48924306,-66.35607111,12.3994,1.32,-0.652505,9.35841,,
PGCC G106.51+12.83,322.571075,69.00608806,9.49901,1.76,0.431935,5.39732,0.43,0.895619
PGCC G192.30+9.16,101.80905194,22.46394889,12.7065,1.88,-0.356175,6.75233,,
PGCC G175.46-25.37,61.46885306,17.088985,15.5829,3.73,-0.242321,4.17741,,
PGCC G211.60+5.25,106.936005,3.57411806,12.6275,2.79,-1.1392,4.52434,,
PGCC G122.60+9.46,11.76773806,72.33075,9.27362,2.12,0.558217,4.38259,0.29,0.537792
PGCC G21.80+3.68,274.43869,-8.17986306,,,,,,
PGCC G232.26-10.05,102.44313,-21.68898194,10.859,1.54,-0.478086,7.06227,,
PGCC G349.71-3.92,263.82962,-39.73637389,10.2484,2.71,0.503128,3.78691,,
PGCC G174.28-1.69,81.14327194,32.83829889,8.30046,1.94,-0.597076,4.28132,0.82,1.42194
PGCC G179.22+7.19,93.25341,33.175365,6.708,1.27,0.090574,5.28287,0.313329,0.542574
PGCC G168.12-0.10,78.38142389,38.78922306,11.9239,2.31,-0.436287,5.16354,,
PGCC G98.36+14.79,306.22946194,64.02039306,6.62944,1.31,-0.887293,5.05699,,
PGCC G205.98-22.09,80.10445389,-4.10643806,14.3287,2.46,-1.20178,5.82151,,
PGCC G16.99-0.92,276.272705,-14.58231889,6.87641,1.27,-0.507127,5.39468,4.53,8.0258
PGCC G134.23+9.52,46.19096389,69.41088111,,,,,,
PGCC G349.25+14.59,245.77894611,-28.68738194,13.7404,1.96,0.924824,7.02117,0.12,0.342857
PGCC G292.31-9.65,161.01655611,-69.84692389,11.2149,1.86,0.793783,6.03167,,
PGCC G157.42-21.01,51.13334306,31.42219,10.3703,1.76,-0.382989,5.89956,0.14,0.318538
PGCC G262.63-3.24,127.55719,-44.70436111,7.3277,1.23,-1.47658,5.96338,1.09,2.09596
PGCC G157.56-24.04,49.20414694,28.88513194,12.7593,1.79,0.198316,7.14029,0.14,0.388711
PGCC G236.22-8.50,105.80371889,-24.54922306,7.38828,1.51,-0.055496,4.89221,,
PGCC G89.27-3.25,320.65750111,45.53745306,9.99885,1.97,-1.50495,5.0732,0.89,1.84388
PGCC G355.58-4.76,268.56048611,-35.16216306,8.9406,1.21,-0.423526,7.41827,-1.93,
PGCC G270.61+0.64,139.34046889,-48.328465,6.83906,1.43,-0.999285,4.77558,,
PGCC G241.19-7.88,108.87069694,-28.674965,9.67281,1.58,-0.353979,6.12981,,
PGCC G62.09-7.60,304.18328889,21.68836806,12.5696,2.89,0.894107,4.35455,,
PGCC G52.56-1.06,293.07138111,16.88347611,,,,,,
PGCC G305.28-21.76,215.07972694,-84.21764389,11.8873,1.51,-1.33284,7.8835,,
PGCC G162.40+9.94,85.714325,49.06850806,15.3425,2.81,1.38793,5.46631,,
PGCC G123.33-1.83,13.69161111,61.042515,11.4144,1.81,-0.646257,6.30789,1.02,2.51766
PGCC G168.91-46.09,42.93940694,5.76097806,14.0322,3.33,-0.343322,4.20958,,
PGCC G148.10+22.78,97.63694806,66.81152306,12.5596,1.83,-0.515862,6.87462,,
PGCC G105.51-15.64,349.23098806,44.00945694,7.79765,1.3,1.33396,5.97791,,
PGCC G150.42+3.48,65.65617389,54.65450306,7.39207,1.34,0.857984,5.50135,0.118032,0.218949
PGCC G200.98+23.25,119.25863611,20.44841,13.5571,1.9,-0.010129,7.15359,,
PGCC G90.29-2.28,320.71756,46.94383611,,,,,0.71,
PGCC G152.28-25.02,43.94978306,30.67460806,8.38468,1.31,1.43087,6.41089,,
PGCC G222.17-4.67,102.88865694,-10.33768,,,,,,
PGCC G304.04-18.01,199.46130389,-80.82878889,,,,,0.17,
PGCC G308.83-23.56,250.34715306,-83.59117111,,,,,,
PGCC G128.23-4.97,22.70986694,57.49260306,7.60681,1.3,0.277814,5.84454,,
PGCC G169.20-8.96,70.638405,32.46022389,14.216,2.29,-0.210597,6.20952,0.14,0.382625
PGCC G122.73-9.43,12.52668694,53.4459,16.884001,2.12,0.369879,7.96793,,
PGCC G215.06-16.60,88.89791111,-9.32424889,14.7228,3.85,0.291616,3.82533,0.415,0.905951
PGCC G340.68+15.08,238.41841111,-34.11915194,12.3067,2.43,0.747963,5.06406,,
PGCC G56.64-13.62,306.40664694,13.90680111,9.87566,1.87,1.20059,5.27845,0.385478,0.809586
PGCC G96.31+9.83,312.34323111,59.51807,6.80548,1.37,-1.23003,4.97251,,
PGCC G159.14-33.79,44.36713806,20.070425,8.34664,1.17,0.039613,7.15554,0.325,0.730612
PGCC G140.70+6.12,54.86629889,63.03769694,12.9421,3.17,-0.871078,4.08211,,
PGCC G260.62-7.07,121.48107111,-45.17178306,,,,,,
PGCC G14.21-0.19,274.24966389,-16.68836,6.91744,1.72,0.35146,4.01138,4.63,7.09458
PGCC G133.67-11.48,29.36001,50.011135,14.7047,3.31,-0.849322,4.44354,,
PGCC G159.12-21.53,52.24189,30.05258194,9.25141,1.5,0.939706,6.16936,0.14,0.307666
PGCC G224.56-44.71,63.99874889,-26.631845,7.81368,1.78,-0.036472,4.38127,,
PGCC G178.10-20.18,67.26396194,18.650805,7.26996,1.29,-1.47898,5.65102,0.23,0.428829
PGCC G123.05+15.51,13.414635,78.37635,12.5104,1.94,-0.302871,6.44988,,
PGCC G174.24+2.15,84.98737306,34.95997194,,,,,,
PGCC G111.98+20.90,312.43792694,78.22315194,7.09707,1.46,-1.2791,4.85872,,
PGCC G267.92-17.00,112.88649,-56.13964111,9.18002,1.92,-1.15752,4.78749,,
PGCC G264.48-6.21,125.57793389,-47.92104694,7.8056,1.65,-1.51507,4.71821,,
PGCC G126.30-1.22,19.91552194,61.47182806,7.50813,1.17,0.835781,6.42065,,
PGCC G219.42-18.27,89.16047694,-13.795505,7.31931,1.28,-0.220756,5.73936,,
PGCC G156.52-44.87,36.463455,11.75218806,6.20207,1.73,-0.468696,3.59153,,
PGCC G168.54-6.22,72.65972889,34.71531306,8.21431,1.79,0.062964,4.57785,0.14,0.24973
PGCC G92.61-10.65,330.86758389,42.123035,12.0538,1.91,1.49569,6.29469,0.6,1.52029
PGCC G102.60+15.87,309.53433194,68.03955111,5.11228,1.34,-0.848643,3.82084,,
PGCC G220.54+34.70,137.17770389,9.36655,11.8855,2.88,-0.721156,4.12632,,
PGCC G194.12-0.50,93.56513194,16.44042806,10.3863,1.95,-1.03141,5.33093,,
PGCC G345.95-1.10,257.98605306,-41.25201806,8.40764,1.67,-1.45919,5.03311,,
PGCC G259.89-2.47,126.22532694,-42.03051,14.8391,3.44,-1.21667,4.31502,1.75,4.07343
PGCC G275.19+5.44,149.23336806,-47.81179806,9.84401,1.52,-1.52346,6.4629,,
PGCC G101.93-1.60,334.36386111,54.86313194,,,,,,
PGCC G166.56-8.77,68.74591111,34.54641306,11.8946,1.85,-0.751495,6.44224,0.14,0.356491
PGCC G167.55-16.78,62.69297,28.35380194,12.5314,2.19,-0.153773,5.71983,0.14,0.344784
PGCC G324.43+10.03,225.06327806,-47.38964806,8.58255,1.34,0.926669,6.40011,,
PGCC G155.78-23.14,48.24980194,30.55404306,7.84289,1.56,-0.767221,5.0403,0.14,0.256048
PGCC G242.69+0.17,117.63221694,-26.12470611,7.35186,1.29,0.384889,5.71739,,
PGCC G320.15-2.12,229.18646194,-60.03782306,8.27975,2.34,0.534377,3.54006,,
PGCC G151.08+4.92,68.26200111,55.17839806,3.9394,1.15,-0.426536,3.43337,0.189671,0.20291
PGCC G151.17+4.99,68.452995,55.156895,,,,,0.172187,
PGCC G353.31+1.25,260.92132611,-33.879265,7.93839,1.38,1.31912,5.76138,2.99,5.88203
PGCC G5.10+36.99,237.89692694,-3.29884111,8.84054,1.95,0.172789,4.52241,,
PGCC G213.12+1.59,104.357155,0.55708806,8.03486,1.1,-1.01016,7.32681,,
PGCC G355.06+14.75,249.77688611,-24.35171306,,,,,0.12,
PGCC G68.45-28.53,325.46685806,13.68187889,14.0158,2.5,1.26599,5.59528,,
PGCC G184.85-2.23,87.08213806,23.63201889,7.17878,1.32,-0.235096,5.45618,,
PGCC G121.41+30.26,215.60899389,86.59455111,8.24937,1.92,0.174379,4.30513,,
PGCC G254.42+8.89,133.363205,-30.80075111,10.8535,1.36,1.55552,7.96728,,
PGCC G225.79-0.92,107.966965,-11.84570806,6.92855,1.27,-1.32097,5.47064,,
PGCC G264.28-5.58,126.16870111,-47.40296889,15.6108,3.22,-0.985943,4.84288,,
PGCC G118.89+22.27,334.90698194,83.91483306,9.8089,1.71,-0.019489,5.72965,0.38,0.828676
PGCC G158.79+3.37,74.43367,48.32167111,14.7963,3.7,-0.064762,4.00271,3.69,8.26052
PGCC G300.42-26.22,124.40595194,-87.58013889,12.5617,2.37,0.629256,5.31105,,
PGCC G111.73+14.05,331.99209611,73.26228306,,,,,,
PGCC G231.07+13.71,123.56062306,-9.27367694,8.42592,1.74,-0.900676,4.84055,,
PGCC G349.52-4.02,263.81109611,-39.95325889,12.1971,2.66,0.372383,4.58142,0.95,2.06575
PGCC G127.26+13.42,30.144585,75.70310194,6.49679,1.56,-0.708891,4.15793,,
PGCC G10.01+22.21,252.42967194,-8.53833111,14.6162,2.92,0.146857,5.00056,0.174582,0.434163
PGCC G166.80-8.85,68.86222806,34.32342889,6.47345,1.75,-0.163888,3.69119,0.14,0.19907
PGCC G194.02-2.68,91.53490389,15.47277694,6.89356,1.14,0.303147,6.0591,,
PGCC G98.63-1.85,330.04486111,52.74891694,9.38416,2.49,1.39448,3.77518,,
PGCC G126.51-1.16,20.37516389,61.50756111,5.58564,1.02,0.719188,5.4712,,
PGCC G6.70+16.18,255.722885,-14.52008389,,,,,0.12,
PGCC G70.22+10.99,290.262115,38.03757889,18.4359,2.91,-0.2197,6.32977,0.341979,1.07461
PGCC G172.67+7.03,89.24054,38.80780806,13.077,2.06,0.099884,6.34082,0.46,1.21846
PGCC G147.17+2.90,60.77823611,56.46682694,10.3893,1.77,-0.45399,5.86999,,
PGCC G335.24-0.30,247.39036611,-48.99003611,,,,,3.09,
PGCC G164.44-2.44,73.07322694,40.27382694,9.22069,2.15,-0.296757,4.28936,,
PGCC G134.68+9.62,47.40453,69.27583306,16.595301,2.61,-0.472321,6.36984,-0.52,
PGCC G156.86-2.14,66.45564306,46.12640389,13.0808,2.72,-0.10417,4.8116,,
PGCC G118.00+16.75,348.09964,78.66645806,9.31227,1.6,-0.154875,5.81959,,
PGCC G123.05-0.88,13.11091,61.99221389,14.2149,2.34,-0.00479,6.07776,,
PGCC G130.59+1.83,30.31393611,63.65546389,10.0584,1.77,-1.47739,5.67873,0.147911,0.325174
PGCC G142.36+7.29,59.31912194,62.92409889,,,,,,
PGCC G68.75+12.79,287.43096889,37.51149,12.7731,2.58,0.428576,4.95688,0.194984,0.451313
PGCC G111.64+20.03,314.954315,77.46125,,,,,,
PGCC G320.26-2.36,229.62927194,-60.18142306,7.52799,1.53,-1.34389,4.90992,2.8,4.95178
PGCC G358.11-2.17,267.43087806,-31.67515194,5.46575,1.79,0.828947,3.06045,,
PGCC G188.95+4.78,95.94355,23.48312194,9.59872,1.79,-0.30685,5.37156,,
PGCC G356.33-3.99,268.21871889,-34.13328611,,,,,,
PGCC G199.74-6.66,90.79982,8.56533694,8.82058,2.39,-0.528818,3.69801,,
PGCC G229.68-7.03,104.15419,-18.08001111,,,,,0.131826,
PGCC G128.00+8.53,28.24268694,70.79145806,16.2286,3.51,-0.572135,4.6181,0.44,1.10803
PGCC G0.15+11.80,255.62562611,-22.236895,,,,,,
PGCC G60.67+2.51,293.92788694,25.70681194,6.5341,1.37,-1.18527,4.76965,,
PGCC G2.83+21.92,248.711685,-14.11805889,14.2509,2.42,-0.250539,5.89089,0.12,0.319831
PGCC G335.70+19.85,230.38913,-33.30163611,11.788,3.47,0.425439,3.39864,,
PGCC G294.40-19.40,145.680115,-78.99619306,8.79779,1.59,0.97117,5.53542,,
PGCC G282.86-3.15,150.73098806,-59.28709,10.0992,2.47,1.19824,4.08059,,
PGCC G342.47+23.66,233.49685694,-26.46609694,,,,,,
PGCC G258.72-1.86,125.989235,-40.72130194,13.8595,2.17,-1.01968,6.39038,,
PGCC G173.05+6.90,89.32620194,38.41497,11.2194,2.59,-0.091511,4.3298,,
PGCC G160.31-18.50,55.46001389,31.73032806,,,,,0.14,
PGCC G145.70+43.19,149.86212194,65.56033306,12.8256,2.78,-0.514525,4.60983,,
PGCC G338.32-1.96,252.34930389,-47.79470806,8.46639,1.95,0.815137,4.35105,,
PGCC G69.18-11.74,312.27304111,24.988115,6.85852,1.32,-1.52919,5.19522,0.145211,0.252141
PGCC G145.63-39.00,31.54280889,20.55674389,6.97755,2.55,-0.741106,2.73794,0.326588,0.415231
PGCC G162.39+9.91,85.66810611,49.05651111,16.9459,3.02,1.34931,5.61023,,
PGCC G101.47+15.11,309.55978389,66.71321889,13.7193,2.88,0.629977,4.76794,,
PGCC G26.18+1.54,278.391205,-5.29902111,6.22144,1.71,0.66756,3.64471,6.03,8.35258
PGCC G182.60+4.83,92.66993,29.09693306,16.655899,3.6,-0.157621,4.62534,,
PGCC G167.83-5.44,72.84697694,35.76338611,,,,,0.14,
PGCC G159.02-33.26,44.599285,20.57285694,8.69227,1.28,-1.1059,6.80294,0.189671,0.424271
PGCC G239.73-17.67,97.872345,-31.37883889,9.74131,1.71,-0.980426,5.68627,,
PGCC G150.35-20.07,45.10754389,35.83789389,8.88895,1.07,0.229166,8.34198,0.246604,0.617713
PGCC G198.32-13.50,84.09369694,6.42632306,13.0854,2.98,-0.143085,4.39419,0.4,0.882306
PGCC G268.83+12.16,148.30096389,-38.64170806,15.2885,3.42,-1.03151,4.46864,,
PGCC G153.19-1.08,63.68856,49.46378694,12.6233,3.19,1.16315,3.95705,,
PGCC G29.60+5.34,276.592285,-0.51887889,8.38447,1.51,-1.30347,5.53728,,
PGCC G160.40+3.04,75.51156611,46.85088,,,,,,
PGCC G74.81-7.29,312.18597389,32.10734194,12.0602,1.84,1.09936,6.55676,,
PGCC G121.30-9.98,10.19857694,52.85881,13.2563,1.97,-0.982733,6.71999,,
PGCC G34.73-1.39,284.91665611,0.96293111,5.97088,1.44,-0.396713,4.1516,,
PGCC G107.04+11.11,326.79248,68.09267389,10.0984,1.72,-1.50077,5.85921,,
PGCC G85.38+12.45,298.00564611,51.93980806,16.839899,3.1,1.1713,5.42554,,
PGCC G199.09+19.95,115.28472111,20.83336806,,,,,0.261818,
PGCC G127.21+13.53,30.092825,75.82274611,12.1084,1.88,-0.90758,6.45773,0.27,0.694504
PGCC G211.01-19.54,84.52899194,-7.14531194,8.56246,1.65,0.305587,5.18389,0.415,0.80427
PGCC G163.91-8.56,66.76393889,36.62187194,11.8526,2.32,-0.568541,5.10601,0.42,
PGCC G140.28+4.79,52.441555,62.20047389,8.88674,1.5,0.502064,5.92764,0.63,1.33008
PGCC G102.58+2.96,330.50961306,58.965565,6.62528,1.47,-1.55724,4.50258,0.48,0.762606
PGCC G153.30-1.08,63.80549194,49.38564306,,,,,,
PGCC G142.22+11.31,65.47678389,65.94113194,8.30744,1.11,-1.34605,7.45697,,
PGCC G43.77-2.44,290.03591889,8.50017389,11.6721,2.08,0.274216,5.61415,,
PGCC G196.29-2.32,92.99130194,13.65916,8.4247,1.93,-1.33322,4.36308,,
PGCC G261.54-4.27,125.49089806,-44.41243694,13.2175,2.29,-1.16564,5.76255,,
PGCC G77.59-7.96,314.89147889,33.80695,8.38151,2.05,1.06627,4.08665,,
PGCC G219.13-9.72,96.92810806,-9.88494306,10.0627,1.97,1.41836,5.09612,0.905,
PGCC G20.77+0.45,276.83633389,-10.59858611,8.61585,1.42,0.512816,6.05188,4.62,
PGCC G69.82-1.65,303.37753306,31.38934694,7.19732,1.87,0.512707,3.84761,1.78,2.72475
PGCC G116.17-8.89,1.60577889,53.390575,18.1395,3.45,-1.44508,5.26219,,
PGCC G299.86+2.99,186.765015,-59.74080694,,,,,,
PGCC G107.65+13.21,324.08529694,70.04666111,6.14455,1.62,-0.27883,3.80463,,
PGCC G215.92-13.39,92.191475,-8.6655,5.41983,1.79,-0.551026,3.03188,0.415,0.489354
PGCC G177.93-15.17,71.31479611,21.92275806,17.440001,2.44,1.16125,7.14094,0.233346,0.757493
PGCC G172.55-16.30,66.75528,25.17722889,6.89936,1.16,-0.226882,5.95295,0.23,0.428771
PGCC G130.51-5.56,26.61128806,56.49987806,8.16127,1.45,-1.10873,5.61091,0.123027,0.242171
PGCC G151.38+5.56,69.44419111,55.39488611,10.6339,1.75,1.46879,6.07964,,
PGCC G148.77+2.50,62.41691611,55.09467694,9.06245,1.63,1.10262,5.56123,0.10666,0.22026
PGCC G5.12+10.79,259.47934,-18.81213806,8.38574,2.3,0.523417,3.65091,0.12,0.193143
PGCC G351.21-9.27,270.89602694,-41.149345,,,,,,
PGCC G296.25+6.00,180.83779889,-56.248295,8.19755,2.37,0.967356,3.45821,0.61,0.944766
PGCC G196.18-0.89,94.23137694,14.43759306,12.5954,4.32,-0.609752,2.9163,4.8,8.46233
PGCC G189.04-37.10,59.68699611,0.70997,10.7875,3.06,-0.430859,3.52234,,
PGCC G214.15-17.45,87.74480389,-8.89831194,,,,,0.415,
PGCC G65.95-28.40,323.89230306,12.10162306,15.6387,4.53,1.13109,3.45199,,
PGCC G33.54-13.90,295.54620389,-5.75585111,7.14388,1.31,0.78849,5.44572,,
PGCC G20.22+20.78,258.67694111,-1.21790806,12.6711,2.26,0.544317,5.60334,,
PGCC G43.14+7.28,280.94686889,12.37324111,10.0801,1.68,0.732125,5.98688,0.3,0.677925
PGCC G170.10-7.73,72.42582694,32.56198111,13.4582,4.06,-0.435405,3.31641,0.23,0.446974
PGCC G314.14-3.06,218.79879806,-63.65044389,,,,,,
PGCC G33.69-6.94,289.38601694,-2.49399611,12.0995,1.66,-0.468133,7.29532,-1.18,
PGCC G217.29-11.79,94.23983,-9.17567806,11.5991,1.54,-0.923727,7.55255,0.415,1.12988
PGCC G129.17+4.13,28.45812389,66.24330889,7.36128,1.71,-0.800886,4.29916,,
PGCC G64.77-8.65,306.726715,23.29748306,9.48018,1.72,0.892617,5.50102,,
PGCC G184.33-9.90,79.80960806,19.95959111,,,,,,
PGCC G342.66+3.37,250.61676,-41.03023889,12.2248,2.46,1.05489,4.9601,,
PGCC G25.42-20.99,298.72802694,-15.78559194,9.11393,1.51,1.19674,6.05158,,
PGCC G239.15-1.85,113.75914806,-24.05901306,,,,,3.74,
PGCC G341.91-3.00,256.77935806,-45.62454194,11.9024,2.13,0.419356,5.58597,,
PGCC G182.04-18.13,71.37696111,16.99629611,,,,,0.23,
PGCC G39.73+1.91,284.25848389,6.92338111,9.84485,2.12,-0.871393,4.63939,0.99,1.94624
PGCC G349.63-1.11,260.76248194,-38.25574111,9.22988,2.24,0.434595,4.11812,,
PGCC G268.32+12.15,147.79505889,-38.32438694,10.4654,2.3,1.35141,4.55759,,
PGCC G167.50-17.17,62.33725694,28.11643389,15.6085,2.48,-0.976868,6.28813,0.14,0.403456
PGCC G198.98-9.83,87.63610111,7.673635,14.5822,3.27,-0.863256,4.45668,0.4,0.938003
PGCC G9.94-1.43,273.24859611,-21.03799194,7.56317,1.52,0.482425,4.98778,1.21,2.16181
PGCC G179.88+3.77,90.083885,30.95133806,14.8508,1.94,1.47979,7.66579,,
PGCC G147.09+8.51,68.21093806,60.53049889,7.8403,1.37,-0.077064,5.72326,,
PGCC G151.23+35.36,128.75186194,64.55077389,13.492,2.53,-0.323493,5.32592,0.35,0.863039
PGCC G112.44+17.92,324.27887,76.64466111,14.7085,4.27,-0.496121,3.44635,,
PGCC G105.07-38.06,357.68774389,22.69923806,10.9602,1.96,1.01779,5.59469,,
PGCC G215.84-13.29,92.25143389,-8.55110611,,,,,0.415,
PGCC G146.46+39.66,141.56645194,66.81105806,7.57906,2.04,-0.159473,3.71925,0.35,0.540542
PGCC G130.41+0.77,29.33792694,62.67979389,8.56808,1.83,-0.164812,4.67406,0.75,1.38063
PGCC G178.81+7.61,93.47615111,33.72563611,,,,,0.559757,
PGCC G140.61-2.14,45.85274889,56.13273611,11.4332,2.16,-0.534606,5.29053,,
PGCC G214.37-17.36,87.91992194,-9.05537889,13.4192,2.24,0.089716,5.99793,0.415,1.08303
PGCC G148.00-5.10,53.56296889,49.67874111,11.0313,1.83,-0.694131,6.02164,,
PGCC G169.50-45.52,43.62639194,5.92804111,7.30631,1.51,-0.376911,4.8285,0.265461,0.458651
PGCC G183.58-13.30,76.39257806,18.64454111,10.544,1.81,0.455193,5.81949,,
PGCC G186.31-38.65,57.15775306,1.528975,17.455601,4.22,-0.683087,4.13783,,
PGCC G113.97+17.82,329.404755,77.55474111,8.64295,1.87,-0.637029,4.62254,,
PGCC G161.91-8.49,65.089195,38.09431806,9.85653,2.08,-0.402834,4.74016,0.14,0.278364
PGCC G276.48+1.90,147.35162389,-51.37708694,8.28095,1.25,-0.828484,6.59868,,
PGCC G94.35+11.62,307.29104611,59.02396389,,,,,0.322107,
PGCC G266.60-8.46,124.48976889,-50.91531389,7.12297,1.22,-0.000518,5.8202,,
PGCC G134.31+12.02,50.312325,71.49626889,9.73511,2.48,-0.392124,3.92297,,
PGCC G340.12-4.11,256.50811806,-47.72189306,16.802099,2.28,0.364136,7.37305,,
PGCC G314.69-3.12,219.97859194,-63.48360806,,,,,,
PGCC G260.28-10.34,117.18734,-46.53559111,13.5599,2.31,0.895781,5.85977,,
PGCC G229.01+2.40,112.5215,-13.13364889,10.1175,1.51,-0.425264,6.68598,0.157761,0.377437
PGCC G91.06-39.10,347.42529306,17.39532306,13.2535,3.14,0.452325,4.22467,,
PGCC G111.21-3.17,350.57934611,57.66267389,14.8338,2.2,-1.12596,6.74067,3,
PGCC G239.18-1.92,113.70414694,-24.12458194,11.7838,1.4,-1.05325,8.42799,,
PGCC G219.87-2.48,103.81060806,-7.30693389,11.069,1.89,-0.475126,5.84344,,
PGCC G274.47+5.31,148.27789306,-47.46970389,11.642,2.17,0.518677,5.36787,,
PGCC G131.35-6.71,27.61468306,55.19441194,14.6988,2.33,-0.212357,6.29537,,
PGCC G184.01-23.72,67.91816694,12.15763694,10.7492,2.26,-0.396752,4.74921,,
PGCC G171.96-9.38,72.28986389,30.09317,11.1318,1.37,0.504529,8.12212,0.23,0.63617
PGCC G270.93-8.15,128.92015111,-54.26787194,12.301,2.01,0.537246,6.13232,,
PGCC G140.66+0.60,48.48055611,58.48440889,17.0851,3.66,1.11889,4.67417,,
PGCC G105.05-11.91,346.57531694,47.27568389,13.2075,2.06,-0.896991,6.4057,,
PGCC G200.94-13.32,85.51342806,4.29248111,,,,,0.415,
PGCC G303.00-17.10,193.22213694,-79.97286194,8.70569,1.2,0.128886,7.23767,0.17,0.392534
PGCC G45.30-2.02,290.38067611,10.04324611,6.63381,1.35,-0.299955,4.89695,-1.88,
PGCC G265.41+5.34,139.00248694,-41.32515306,,,,,,
PGCC G172.80+2.07,83.96157111,36.14310111,7.83316,1.73,-0.281888,4.53059,0.85,1.47296
PGCC G39.32+5.20,281.11154194,8.04444694,13.5931,2.49,0.381666,5.46389,,
PGCC G273.45+2.79,144.67337,-48.73344,14.3571,3.6,0.775765,3.98492,,
PGCC G318.64+8.56,218.15498389,-51.20287694,13.2347,2.92,0.432662,4.52521,,
PGCC G337.01-1.11,250.10289,-48.23460806,9.49821,1.77,1.27863,5.3791,5.53,11.4981
PGCC G111.74+0.76,348.83914194,61.530125,5.96287,1.35,1.0799,4.40193,5.06,7.54095
PGCC G172.19+7.55,89.51600611,39.47425806,11.3105,2.98,-0.186538,3.79234,,
PGCC G174.67-13.98,70.16312389,25.12824111,13.0192,2.16,-0.441656,6.02585,0.23,0.592592
PGCC G38.80+0.80,284.83007806,5.58705306,6.80323,1.37,0.047297,4.97453,2.1,3.55369
PGCC G307.57+4.07,201.73222389,-58.48579806,10.5046,2.39,0.63167,4.40291,-1.63,
PGCC G41.84+9.23,278.56860389,12.07214611,,,,,0.3,
PGCC G304.11+9.28,194.81933611,-53.57215111,9.93479,1.66,0.275586,5.98089,0.74,1.65928
PGCC G217.00-3.70,101.41179694,-5.302485,9.75452,1.69,0.334431,5.76648,,
PGCC G98.01-22.15,344.34832806,35.14021694,14.3605,3.83,-1.43341,3.74912,,
PGCC G126.44+5.63,22.30752611,68.24481194,8.16909,1.61,-1.26303,5.07934,,
PGCC G275.64+2.03,146.46752889,-50.74337806,12.2887,1.54,0.011014,7.97336,0.59,1.69884
PGCC G243.06-12.09,105.393875,-32.15966,6.02824,1.22,-0.736091,4.95549,,
PGCC G116.21-5.29,0.52938389,56.93718,9.27489,1.45,-1.00727,6.38984,0.61,1.36602
PGCC G224.53-2.02,106.37738,-11.24121694,7.71275,1.42,0.322332,5.43781,,
PGCC G100.14-32.87,351.592285,26.21171389,12.0214,2.09,1.54827,5.75,,
PGCC G42.80-2.88,289.96908611,7.43209889,13.0762,1.8,0.775114,7.25349,,
PGCC G162.44-47.10,38.77334194,7.66777389,9.23538,2.12,-1.02345,4.35164,,
PGCC G210.37-19.53,84.26597611,-6.60365389,11.469,2.77,-0.05215,4.14712,0.415,0.832552
PGCC G353.72+18.43,245.81361389,-22.93672194,,,,,0.12,
PGCC G31.86+2.85,279.83035306,0.34870694,,,,,0.26,
PGCC G247.19-5.40,114.65511306,-32.79903389,,,,,,
PGCC G158.96+3.35,74.55394,48.17628111,9.04976,1.82,-0.953284,4.96294,,
PGCC G270.90-8.54,128.35961889,-54.47131,,,,,,
PGCC G253.18-0.50,123.46240194,-35.377865,11.7994,1.89,0.765064,6.22816,,
PGCC G160.14-19.08,54.88738611,31.38767389,10.805,2.18,-1.37744,4.94966,0.14,0.297821
PGCC G167.90-7.82,70.67385111,34.17882194,9.25193,1.5,0.077145,6.1566,0.14,0.307356
PGCC G268.27+5.35,141.72088611,-43.34028611,6.91753,1.22,-1.4625,5.68561,0.62,1.13105
PGCC G348.59+3.63,255.18161,-36.29433389,9.84864,1.4,0.064146,7.05249,,
PGCC G248.55+73.70,179.05500806,16.98748806,8.1909,1.81,-1.05153,4.51726,,
PGCC G204.90-7.41,92.589165,3.69641694,7.92063,1.36,-0.504453,5.80563,0.32,0.63122
PGCC G341.96+9.30,244.413925,-37.48381389,11.1054,2.55,1.02102,4.35711,-0.88,
PGCC G70.94+27.61,269.66220111,44.18745,13.0975,1.71,-0.952923,7.66814,,
PGCC G347.62+7.06,251.15338111,-34.88212611,7.53079,1.66,-0.441714,4.55026,-0.99,
PGCC G88.90-4.54,321.56799306,44.35402694,12.2994,1.91,0.528896,6.45503,,
PGCC G95.03-9.21,332.329315,44.70481889,15.1066,2.55,-1.43955,5.93389,0.301995,0.831727
PGCC G167.20-8.70,69.32066306,34.12710611,11.9986,2.43,-0.186101,4.93726,0.14,0.313447
PGCC G242.01+4.83,121.61742389,-23.11347611,8.94107,1.48,-1.0397,6.0513,,
PGCC G180.50+4.44,91.11663806,30.74115,14.6208,2.81,0.265581,5.20798,,
PGCC G178.18+1.69,86.98891389,31.36751889,8.99441,1.79,-0.09782,5.02869,0.226986,0.444058
PGCC G115.72-3.24,358.832275,58.84222389,6.83775,1.55,-0.646289,4.4129,0.46,0.735026
PGCC G60.69-10.79,306.20455889,18.77232194,,,,,,
PGCC G82.77-2.07,313.40847806,41.54110306,15.205,3.74,-0.546869,4.06552,0.74,1.69243
PGCC G246.75-0.80,119.05812806,-30.11270889,,,,,,
PGCC G35.99+45.44,241.48983806,20.98706611,,,,,,
PGCC G63.06+1.40,296.32470694,27.24366,8.74665,1.5,-0.010281,5.82972,,
PGCC G179.15-17.83,69.85414889,19.36180694,17.0317,3.98,-0.937627,4.27745,0.158489,0.393503
PGCC G348.27-9.12,268.83575389,-43.63015,,,,,,
PGCC G278.89-15.82,124.80726611,-65.00167806,13.1994,2.37,-0.820869,5.56334,,
PGCC G257.39-11.97,113.24060806,-44.77628694,14.4353,3.2,-0.876732,4.51759,,
PGCC G215.02-1.92,102.10209694,-2.73747194,,,,,,
PGCC G151.41-38.67,36.05401611,19.01871306,5.31603,1.37,-0.310796,3.8665,0.187068,0.246705
PGCC G87.36-4.20,319.73284889,43.51651389,8.49276,1.68,-0.977596,5.04526,,
PGCC G115.75-9.23,1.03557694,52.97615111,18.0735,3.58,-1.48056,5.04162,,
PGCC G177.53+5.25,90.25286111,33.71928,15.4562,3.23,-0.251465,4.78312,0.239883,0.599976
PGCC G187.99-5.05,86.22705111,19.49528694,11.4673,2.09,-0.180264,5.49223,0.271644,0.627092
PGCC G215.39-9.05,95.88651306,-6.278345,12.7435,2.54,-0.312098,5.01819,0.44,1.02352
PGCC G52.66-1.00,293.06567389,16.99786389,15.0585,3.2,0.370512,4.70312,3.71,9.08207
PGCC G69.90+9.91,291.30935694,37.27558111,10.416,2.22,0.629452,4.69288,0.487529,0.991509
PGCC G110.00-5.21,349.78698694,55.32580611,,,,,0.230144,
PGCC G133.95-46.77,20.66667194,15.43379111,8.2128,1.5,-0.954672,5.4806,,
PGCC G92.07-36.71,346.93151889,19.87385,8.9425,1.79,1.52471,5.00033,,
PGCC G275.92-2.14,142.26036111,-54.03358111,13.6997,2.3,0.871393,5.96839,,
PGCC G102.37+19.66,300.10089111,69.739265,11.2614,1.55,-0.413165,7.27003,,
PGCC G300.97-16.19,183.028915,-78.91480306,8.75215,1.66,0.272986,5.2656,0.17,0.335704
PGCC G320.96-3.81,232.43360889,-61.00954389,8.2458,1.4,0.780402,5.88471,-1.41,
PGCC G156.97-10.28,58.93034694,40.10986306,7.36826,1.21,0.568536,6.08387,0.14,0.272664
PGCC G211.62+32.23,131.70964111,15.09843694,5.97377,1.36,-1.3282,4.39431,,
PGCC G339.48+16.23,236.45257611,-33.98960111,9.97688,2.03,0.705333,4.91627,0.55,1.12048
PGCC G338.62-1.90,252.56196611,-47.52508194,6.29581,1.24,-0.131073,5.07414,,
PGCC G151.80+5.02,69.22604389,54.71376389,11.5175,1.87,-1.04994,6.15181,,
PGCC G28.82+1.83,279.35058611,-2.82154389,11.169,2.08,0.105848,5.3749,,
PGCC G218.75-10.12,96.40175611,-9.728605,7.62826,1.37,0.346786,5.55918,0.415,0.786128
PGCC G43.33+8.44,279.96151694,13.05195611,,,,,0.3,
PGCC G134.04-6.16,32.37398111,55.01493111,11.6537,2.09,-0.510031,5.56776,,
PGCC G176.12-37.78,52.59284611,8.17323194,8.07171,1.18,-1.15428,6.81594,,
PGCC G272.45+5.09,145.81231694,-46.34501306,10.026,2.21,1.141,4.5339,-1.12,
PGCC G182.77+4.80,92.73457306,28.93148389,,,,,,
PGCC G131.13+14.69,46.05568306,75.40072611,13.9078,3,-0.236668,4.63105,0.224905,0.525044
PGCC G35.43+11.74,273.47390694,7.51574389,12.6882,2.23,0.703035,5.70166,,
PGCC G92.82-10.68,331.11431889,42.22687111,9.10134,1.72,-1.46266,5.2907,0.358096,0.722828
PGCC G169.83-1.57,78.14855194,36.53677,7.58761,1.23,-1.02625,6.15806,,
PGCC G195.43-17.13,79.51833306,6.97954194,,,,,,
PGCC G207.16-27.14,76.08766194,-7.37495611,13.4705,3.64,-0.527575,3.70515,,
PGCC G66.00-3.07,302.34481806,27.42207694,12.8406,2.42,0.280186,5.31563,,
PGCC G160.12-8.97,63.048515,38.99821889,5.81747,1.27,0.978741,4.5931,0.14,0.210511
PGCC G342.38-8.25,263.51730306,-48.21146389,,,,,1.31,
PGCC G221.77-2.77,104.42800111,-9.13046611,8.04447,1.09,0.837264,7.40913,,
PGCC G101.50+16.92,305.670105,67.70932806,13.8258,3.13,1.54382,4.41295,,
PGCC G100.79+5.20,325.02578694,59.569035,9.7215,1.19,-0.776215,8.16867,-1.04,
PGCC G359.95+20.73,247.96598806,-16.958965,6.3944,1.17,-0.019693,5.4603,,
PGCC G215.07+4.94,108.23441306,0.35239306,14.6285,1.77,0.138755,8.25024,,
PGCC G143.33+1.60,53.74942389,57.84692389,,,,,,
PGCC G200.52+23.62,119.46547694,20.97467611,,,,,,
PGCC G137.07+12.92,58.59568389,70.589905,,,,,,
PGCC G260.19-10.64,116.73295611,-46.60299306,13.4228,2.69,1.32145,4.98635,,
PGCC G316.00-29.15,295.86505111,-78.30784611,8.88777,1.24,0.963273,7.16635,,
PGCC G155.63+2.92,70.79928611,50.46532111,7.51962,1.69,-0.156446,4.44319,,
PGCC G228.99+30.91,137.303665,1.31733,10.7468,2.06,-0.207422,5.20511,,
PGCC G272.93-2.45,138.37315389,-52.14621389,6.59499,1.71,-1.00426,3.85908,,
PGCC G63.48-1.65,299.50531,26.04139111,7.39895,1.7,1.11055,4.36146,8.1,13.3848
PGCC G200.41-10.79,87.48207889,5.982355,11.5552,2.22,-0.415,5.21256,,
PGCC G87.37+4.83,309.81427,49.45104611,8.75314,1.84,1.02729,4.76373,,
PGCC G55.09+15.12,278.62896694,26.292805,9.34722,1.9,0.442935,4.93051,,
PGCC G148.64+5.68,66.23580194,57.46549194,6.33172,1.58,-0.624279,4.01873,0.291072,0.427103
PGCC G228.01-0.96,108.99089111,-13.82971,7.51796,1.39,-0.558827,5.41127,0.159221,0.295411
PGCC G181.40+4.19,91.36438,29.83452611,9.29639,1.57,-0.282444,5.90849,-1.04,
PGCC G285.35+2.45,160.27993806,-55.91201389,8.91071,1.25,-0.507415,7.10727,,
PGCC G351.32-3.37,264.34329194,-38.08588806,10.0776,1.82,-1.07587,5.52847,,
PGCC G190.71-13.61,80.12363389,12.69632806,10.5244,2.32,-0.488654,4.53451,,
PGCC G98.31+13.54,308.52767889,63.28976806,,,,,,
PGCC G168.91-0.68,78.37466389,37.80886111,10.9938,1.69,-0.460786,6.48828,,
PGCC G130.58+4.60,32.158405,66.32170889,10.8677,2.58,-0.925605,4.21233,0.185353,0.364801
PGCC G162.71-26.69,51.58215694,23.97039806,,,,,,
PGCC G94.66-4.07,327.33377111,48.54429194,11.3605,1.79,0.889509,6.3516,0.207014,0.511525
PGCC G165.07-3.55,72.48019389,39.08770389,6.66093,1.79,-0.98796,3.72141,0.14,0.202757
PGCC G214.46-13.76,91.22540306,-7.55452389,7.26977,1.4,-0.357571,5.18433,0.415,0.741108
PGCC G155.64-14.69,54.07166306,37.49395389,5.97022,1.33,0.595005,4.5007,0.14,0.211101
PGCC G173.97-41.52,48.749435,6.70393806,9.19343,1.15,0.262566,8.01517,,
PGCC G111.84+0.88,348.94726611,61.67133694,,,,,,
PGCC G209.31-6.13,95.75051111,0.41414306,9.91451,1.81,1.19964,5.48756,0.87,1.86669
PGCC G170.72+2.68,83.19500694,38.22045111,11.6913,1.61,0.270476,7.24721,,
PGCC G247.99-10.75,109.33910389,-35.970245,14.2577,2.42,-0.54506,5.88731,,
PGCC G359.52-17.17,284.50082389,-37.07745,,,,,,
PGCC G294.83-36.34,47.57533306,-78.50637111,10.7057,1.28,-0.800763,8.38407,,
PGCC G336.05+24.36,227.70330806,-29.40578694,,,,,,
PGCC G284.83-20.70,120.21201306,-72.27362806,,,,,,
PGCC G201.01+16.51,112.691475,17.81303389,,,,,,
PGCC G304.31-20.60,204.05621306,-83.34717611,17.2484,2.08,0.326569,8.29724,0.17,0.591586
PGCC G79.02-15.55,322.57601889,29.693865,9.67798,1.99,0.879458,4.85204,,
PGCC G157.41+4.50,74.47116111,50.09931194,11.113,1.5,-0.024894,7.42579,0.31,0.819173
PGCC G359.51+4.83,261.50112889,-26.74595806,10.2627,1.51,-0.178896,6.77409,0.12,0.291048
PGCC G206.48+25.12,123.07867389,16.507925,,,,,,
PGCC G222.75-22.64,86.27557389,-18.39971389,10.2592,2.21,-0.119313,4.64226,,
PGCC G205.40-5.77,94.27815194,4.02425194,10.1753,1.82,-0.421733,5.59194,0.4,0.877693
PGCC G172.68-4.85,76.985855,32.30399306,7.87036,1.58,-0.241193,4.9863,,
PGCC G161.65-9.22,64.21442389,37.76159306,,,,,0.14,
PGCC G150.49-46.44,31.90729,12.31751111,12.3656,2.7,-1.13048,4.57383,0.254683,0.557152
PGCC G129.85-5.73,25.38761306,56.47172889,6.93266,1.74,-0.915392,3.99427,0.251189,0.3845
PGCC G240.54+4.36,120.35025806,-22.11955611,12.4951,2.85,-0.721561,4.38862,,
PGCC G34.74-5.94,288.97006194,-1.10531389,,,,,0.83,
PGCC G191.50+8.33,100.630295,22.81905694,9.19785,1.34,-0.304523,6.88505,,
PGCC G97.58+0.64,326.05978389,54.03371806,11.3234,2.65,1.44835,4.27855,,
PGCC G101.96+19.22,300.74725306,69.20281194,6.7363,1.28,0.477316,5.2718,,
PGCC G84.86+14.50,294.66095,52.41548889,,,,,,
PGCC G5.69+37.36,237.88803111,-2.70127194,11.9582,2.21,0.940459,5.40122,0.204174,0.477317
PGCC G296.71-16.74,162.592865,-78.11850694,14.6173,2.12,0.914704,6.88458,0.17,0.496076
PGCC G147.91-13.36,46.91850306,42.80354694,8.39899,1.32,1.04132,6.36516,,
PGCC G178.68+1.32,86.92141,30.75002694,,,,,0.72,
PGCC G126.91-1.37,21.149715,61.24105111,7.82313,1.34,-0.130601,5.83864,,
PGCC G7.35+5.82,265.176605,-19.63494306,15.4278,2.92,1.13181,5.28271,0.12,0.31513
PGCC G171.16-14.80,67.00608806,27.17996611,8.02934,1.48,0.563156,5.43308,0.23,0.441893
PGCC G62.27-11.03,307.33914194,19.92377111,7.11759,1.3,-0.654701,5.47334,0.51,0.925954
PGCC G167.77-23.63,57.54768389,23.28863306,12.1426,1.7,-0.358923,7.12198,,
PGCC G190.52-26.72,68.93416611,5.62454306,14.5657,2.25,-0.332387,6.46863,,
PGCC G134.15-43.90,21.34328806,18.23375889,11.7968,2.88,-1.28231,4.10019,,
PGCC G6.85+4.55,266.051575,-20.72333111,9.79137,1.49,-0.6476,6.57506,0.12,0.280079
PGCC G253.82+0.08,124.48652611,-35.58036806,13.4117,1.66,-0.328784,8.05573,5.19,15.6924
PGCC G297.94-11.95,174.73645,-74.11345694,12.9607,1.54,-1.06549,8.40644,0.17,0.516175
PGCC G301.44-24.23,167.67321806,-86.80390194,17.3389,3,-0.015192,5.78904,0.46,1.3406
PGCC G111.84-1.45,350.598145,59.48523694,9.42486,1.88,-0.687353,5.013,,
PGCC G163.52-8.48,66.499985,36.95836306,,,,,0.42,
PGCC G257.55-2.07,124.89485889,-39.87693389,10.6507,2.18,-1.32693,4.89343,3.28,6.88805
PGCC G269.87+0.76,138.69688389,-47.70701611,,,,,,
PGCC G125.88-1.04,19.09335306,61.69250889,12.3996,2.58,-0.739233,4.79816,,
PGCC G111.31+1.95,347.03955111,62.47187806,6.08984,1.83,-1.13253,3.33251,,
PGCC G184.42+4.80,93.62450389,27.484055,5.18415,1.82,-0.575065,2.84484,,
PGCC G300.57-1.02,187.49745194,-63.78863111,6.27575,1.57,-1.24948,4.00856,,
PGCC G100.94+16.00,306.98327611,66.77319306,9.80218,2.53,-0.379764,3.87694,,
PGCC G22.16+4.75,273.65084806,-7.35436306,7.8882,1.41,0.624636,5.57716,-0.8,
PGCC G3.79+4.41,264.45263694,-23.39894111,13.4039,2.43,0.005853,5.5072,0.12,0.299908
PGCC G156.29+34.28,125.18564611,60.584965,14.6805,2.57,-0.13621,5.70622,,
PGCC G154.14-2.61,63.12944389,47.70106889,,,,,0.38,
PGCC G320.70+13.17,218.27323889,-46.16798389,11.7362,2.88,0.895643,4.07525,,
PGCC G345.20-3.64,260.20178194,-43.33535,7.78419,1.54,0.90807,5.06007,-1.24,
PGCC G349.20+14.93,245.46144111,-28.49044806,4.75478,1.44,0.537383,3.30198,0.12,0.138312
PGCC G261.05+1.06,130.928955,-40.85079194,7.77352,1.63,1.23227,4.76047,0.66,1.1679
PGCC G303.69-17.68,197.239395,-80.52452111,14.6011,3.22,0.301319,4.53823,0.17,0.402543
PGCC G358.13-5.19,270.532745,-33.16753806,9.92407,1.89,-0.50704,5.25486,,
PGCC G312.80-28.05,291.17669694,-81.20336889,16.368799,3.3,-0.269481,4.95314,,
PGCC G41.79-18.61,303.38458306,-0.89809889,9.61232,1.8,0.783708,5.35032,0.325087,0.678157
PGCC G157.35-44.38,37.24391194,11.88127694,,,,,,
PGCC G7.20+16.73,255.52984611,-13.81193194,8.00621,2.16,0.338914,3.69923,,
PGCC G206.05-7.95,92.64633889,2.43814694,11.6055,2.14,-0.530026,5.43409,0.415,0.958674
PGCC G184.33+2.31,91.12470194,26.36779,7.04177,1.67,-0.640074,4.21268,,
PGCC G314.74-27.87,289.60922194,-79.50219,7.9336,2.13,-0.186557,3.72339,,
PGCC G95.41+5.87,316.964905,56.28455389,14.4999,2.57,0.038414,5.64277,0.963829,2.53603
PGCC G1.25+1.77,265.440155,-26.94613306,11.1123,1.95,1.38499,5.7081,,
PGCC G150.34+3.83,65.98332194,54.962475,,,,,0.17,
PGCC G262.53+5.13,136.246765,-39.36878194,8.53395,2.09,-0.703345,4.08956,,
PGCC G300.61-2.90,187.22543306,-65.67137111,9.72815,1.81,0.794552,5.38359,0.2,0.421025
PGCC G154.96+6.33,74.37416806,53.14808306,8.08536,1.38,0.166466,5.8562,0.39,0.780637
PGCC G35.46+11.99,273.26306194,7.65518,8.56798,1.49,-0.021298,5.75907,,
PGCC G82.56+0.10,310.95217889,42.75268889,8.50474,1.46,1.49879,5.83054,3.09,6.32951
PGCC G90.34-6.81,325.18136611,43.67115806,16.662701,3.05,-1.25269,5.46697,,
PGCC G94.17+6.22,315.03704806,55.59393694,,,,,0.244343,
PGCC G126.71+4.83,22.71158194,67.41642806,8.43323,1.3,1.46351,6.47495,0.54,1.16074
PGCC G157.30+0.74,69.981125,47.76402306,12.7633,2.38,-0.099807,5.36246,,
PGCC G168.67-2.55,76.31080611,36.88935889,6.20186,1.57,-0.541075,3.94227,,
PGCC G121.04+25.40,327.99609389,87.57305889,13.2963,2.21,-0.25508,6.0086,0.38,0.988012
PGCC G7.28+17.22,255.15959194,-13.47413611,9.83348,1.73,0.951158,5.69936,,
PGCC G27.79+0.05,280.46615611,-4.54997889,6.67969,1.23,1.34904,5.40972,3.88,6.78459
PGCC G276.06-0.90,143.84939611,-53.21752889,9.15515,1.29,-0.826212,7.11853,9.01,21.158199
PGCC G110.37-6.26,351.02050806,54.46962,9.94386,1.85,-1.23267,5.36148,0.235505,0.500203
PGCC G169.12-24.16,58.12886,22.05771389,14.0591,2.82,-0.255628,4.98287,,
PGCC G148.85+6.62,67.801575,57.962585,8.48263,1.89,-0.345758,4.49127,0.25704,0.461506
PGCC G105.51+8.53,328.07019,65.14392889,13.0791,2.49,1.31563,5.25582,0.44,1.06118
PGCC G168.08-5.41,73.069565,35.58456,14.5498,2.6,0.065783,5.59234,0.14,0.36735
PGCC G155.28+1.53,68.81987,49.79758806,,,,,,
PGCC G201.93+16.11,112.69043,16.83887306,14.5327,3.2,-0.546937,4.54774,,
PGCC G148.79-5.65,54.05198306,48.77289194,14.6595,2.62,-0.728644,5.58849,0.4,1.05316
PGCC G23.71+1.60,277.18884306,-7.45978694,,,,,2.07,
PGCC G174.70+6.97,90.41115611,37.016975,15.3784,2.21,-0.588526,6.95165,,
PGCC G167.32-37.54,47.57049194,13.084765,,,,,,
PGCC G259.60+8.29,136.77000389,-35.09182389,11.6337,2.78,-1.2654,4.187,0.52,1.0557
PGCC G302.59-6.92,191.87391694,-69.79189306,12.5677,2.75,0.754527,4.56368,,
PGCC G238.50-4.45,110.90895111,-24.72772194,9.09631,1.69,-1.24309,5.37807,0.61,1.24109
PGCC G131.43-46.12,18.98509806,16.347,14.4333,3.54,-1.30149,4.07838,,
PGCC G102.83+2.04,331.94375611,58.36848111,10.4528,2.09,1.56619,5.00139,,
PGCC G98.18+4.77,321.92672694,57.49888194,7.50994,1.36,-0.960483,5.51811,-1.27,
PGCC G340.14+8.93,243.09996,-39.00992194,,,,,,
PGCC G113.04+16.31,330.55551111,75.81880194,9.88055,1.58,1.47705,6.23615,,
PGCC G258.02-3.96,123.17703194,-41.32297889,,,,,,
PGCC G159.12-14.30,57.64666389,35.68478389,7.46618,1.56,-0.445418,4.77769,,
PGCC G124.69+8.93,18.39909389,71.72345,7.74887,1.41,-0.700883,5.49651,,
PGCC G116.66-3.02,0.54489111,59.25145694,12.7651,1.89,-0.557512,6.73888,,
PGCC G28.06+24.00,259.27441389,6.69017806,8.56622,1.16,1.45474,7.37698,,
PGCC G270.99+0.56,139.64772,-48.65393389,,,,,,
PGCC G105.74-18.19,350.762695,41.71639306,5.68552,1.23,0.605211,4.63831,,
PGCC G97.05+10.01,312.97412111,60.20542889,,,,,,
PGCC G29.28-0.77,281.87542694,-3.59692889,10.2282,2.28,-0.734463,4.48989,4.55,8.96925
PGCC G148.10+9.24,70.64366111,60.25988806,6.17878,1.79,-0.340086,3.44545,,
PGCC G237.09-0.82,113.647705,-21.76289194,7.3775,1.82,-1.01421,4.06472,,
PGCC G230.32+1.59,112.42845194,-14.66713111,,,,,0.409261,
PGCC G329.70+0.86,239.82473806,-51.97301889,8.09439,1.29,0.094656,6.28204,4.34,9.00241
PGCC G89.04+3.66,312.839355,50.02889611,10.9428,1.73,-0.145177,6.33652,,
PGCC G226.87-8.05,101.91445194,-16.03219194,11.3896,2.52,0.670583,4.51503,,
PGCC G358.77+2.45,263.29492194,-28.67515611,7.46853,1.48,0.305549,5.05816,,
PGCC G237.30-16.11,98.53369111,-28.64249611,9.28725,1.43,-0.393836,6.48269,,
PGCC G179.71+7.26,93.59127806,32.77183194,9.63787,1.39,-0.290386,6.95826,,
PGCC G97.08+13.00,308.0224,61.998135,,,,,,
PGCC G348.11-10.26,270.11965889,-44.31366306,12.8688,1.82,0.633693,7.06652,,
PGCC G267.52-7.22,126.93766806,-50.97961,7.13422,1.34,1.28407,5.3137,0.4,0.716405
PGCC G5.37+36.83,238.15174889,-3.22602694,9.60447,2.51,0.000132,3.82143,,
PGCC G129.56-4.53,25.29293611,57.69572389,9.68957,1.45,0.458993,6.67872,0.77,
PGCC G153.54+36.06,129.50726306,62.57521111,7.50014,1.41,0.905355,5.329,0.35,0.643654
PGCC G276.47-8.50,134.557205,-58.80884194,11.8294,2.12,0.844131,5.59272,,
PGCC G159.88+11.91,86.473015,52.1866,13.5955,1.54,0.368559,8.83746,,
PGCC G31.26-5.67,287.15051306,-4.06693694,10.1371,1.22,0.340406,8.30142,,
PGCC G203.89-9.72,90.07364694,3.487635,8.93475,1.73,-0.385116,5.16875,0.197697,0.390806
PGCC G170.38-10.06,70.53559889,30.85951389,13.0222,2.14,0.236886,6.09186,0.23,0.595899
PGCC G97.11+13.06,307.94848611,62.05903194,12.4421,2.88,0.981394,4.31709,,
PGCC G194.36-10.76,84.51447306,11.15364694,5.43607,1.41,-0.851766,3.8505,,
PGCC G71.86+15.03,286.35965,41.17028389,11.2848,3.16,0.21907,3.5747,,
PGCC G90.85-34.37,344.76840194,21.40763694,9.1865,1.96,0.707483,4.67598,,
PGCC G299.55+2.35,186.02453611,-60.34157194,,,,,,
PGCC G16.19+1.17,273.99032611,-14.30039111,9.65845,2.16,0.135975,4.48058,1.46,2.79383
PGCC G65.21+3.71,295.25231889,30.25717,,,,,,
PGCC G156.78-11.50,57.71945611,39.30558806,10.0507,1.88,-0.540076,5.35762,0.14,0.29884
PGCC G225.15+8.50,116.07555389,-6.83178194,,,,,,
PGCC G150.43+9.39,73.71900194,58.56953389,,,,,0.139316,
PGCC G317.73+0.12,222.83148194,-59.25909806,6.3955,1.43,0.838425,4.45931,3.28,5.09532
PGCC G347.18-3.37,261.41122389,-41.54714194,10.146,1.4,0.484186,7.24286,-1.54,
PGCC G65.90-28.50,323.939575,12.00251306,,,,,0.295121,
PGCC G211.85+7.11,108.70449806,4.19259111,16.192301,2.62,-0.212284,6.19145,,
PGCC G193.94-35.60,63.14329889,-1.71547611,14.7274,1.77,-0.494906,8.32972,,
PGCC G131.13-46.42,18.72974,16.07723389,14.6322,4.09,-0.995952,3.57419,0.263027,0.553312
PGCC G335.73-2.56,250.47631806,-50.14636611,8.04727,1.58,0.448813,5.10911,,
PGCC G5.00+16.35,254.60955806,-15.76594306,7.93285,1.42,-0.83244,5.56863,,
PGCC G41.93-5.82,292.17334,5.29540389,14.1127,3.43,0.389443,4.11788,,
PGCC G56.53-44.06,331.58001694,-3.50140889,14.4611,2.01,1.43549,7.20602,,
PGCC G167.27-25.82,55.58590306,21.98839,18.778999,3.39,-0.77726,5.53895,,
PGCC G125.66+17.42,27.95347806,79.97145111,9.88462,1.67,-1.27508,5.90379,,
PGCC G165.37-17.53,60.39380611,29.27099389,13.4177,1.79,-0.616096,7.47873,0.14,0.407952
PGCC G100.24-1.14,331.50909389,54.27944194,,,,,,
PGCC G316.49-5.59,226.21531694,-64.88335389,,,,,,
PGCC G102.01-1.52,334.40686,54.97757306,4.85254,1.53,-1.11254,3.17346,,
PGCC G45.04-6.71,294.442505,7.59519806,,,,,,
PGCC G166.18-16.50,61.85178389,29.48160889,9.13558,1.69,1.3536,5.42152,0.14,0.286605
PGCC G165.70+8.31,86.07723194,45.43324306,,,,,,
PGCC G209.77-19.40,84.13356806,-6.03799194,10.1553,2.28,-0.104798,4.45106,0.415,0.811619
PGCC G2.85-2.75,270.744995,-27.87197111,6.59483,1.54,0.195725,4.2789,,
PGCC G92.08+15.52,298.5784,59.11203806,8.659,1.36,-0.964092,6.36932,,
PGCC G207.71-19.83,82.86170194,-4.50612,7.48188,1.45,-0.356596,5.15606,0.415,0.749789
PGCC G138.03+3.93,47.34404389,62.68326194,6.38902,1.35,-0.140248,4.74872,,
PGCC G343.29+24.19,233.770035,-25.58101306,8.9853,1.35,-0.909014,6.66091,,
PGCC G44.40+5.29,283.34594694,12.60720889,10.4565,1.6,0.899749,6.55351,,
PGCC G204.86+0.48,99.59058389,7.39774611,7.66777,1.22,-0.516784,6.27546,-1.36,
PGCC G142.04+10.02,62.96846,65.16369611,9.65707,1.95,-0.40572,4.94926,,
PGCC G159.41-34.77,43.98605306,19.13327,,,,,0.252348,
PGCC G146.40+17.50,83.78633889,66.30683111,12.1336,1.49,-0.103483,8.12837,0.2,0.577769
PGCC G265.50-9.95,121.57817111,-50.79740111,6.28829,1.46,-0.987742,4.30682,0.37,0.56011
PGCC G24.32+0.27,278.66635111,-7.53069306,7.63644,1.79,0.968729,4.25841,,
PGCC G133.78-3.28,33.53023111,57.842785,10.4799,1.7,-1.38328,6.18019,0.75,1.75577
PGCC G148.77-48.41,30.00132806,10.99451694,11.798,2.13,1.38304,5.53394,,
PGCC G105.62+10.50,325.11798111,66.71788806,,,,,,
PGCC G183.73-8.25,80.92694889,21.36028694,11.3502,1.97,-0.327396,5.7509,0.34,0.799052
PGCC G275.03-4.71,138.02693194,-55.21916611,16.292,3.35,1.40735,4.85736,-1.75,
PGCC G316.05+0.07,219.86665306,-60.02341111,10.5892,1.64,0.615346,6.45794,,
PGCC G158.48-8.15,62.24328611,40.70589389,9.96771,1.48,0.177334,6.75221,0.14,0.334099
PGCC G312.21-23.03,258.90533389,-80.65732611,,,,,,
PGCC G94.64+13.45,304.56054694,60.25831194,13.6215,2.7,-1.18035,5.03852,0.281838,0.679188
PGCC G18.85+2.03,274.50036611,-11.548005,,,,,,
PGCC G34.59-6.03,288.98168889,-1.27580694,13.8612,2.39,0.491496,5.80603,-1.29,
PGCC G204.04-11.56,88.521645,2.48499389,11.0837,2.48,-0.142188,4.4724,0.415,0.84994
PGCC G14.85-3.53,277.65191694,-17.68058194,,,,,,
PGCC G199.22+5.35,101.39611806,14.62796194,9.04719,1.2,-0.500263,7.52054,,
PGCC G5.60-31.52,303.60257,-35.92256194,,,,,,
PGCC G170.93+9.43,90.90695194,41.47128694,10.3029,1.62,-0.396882,6.36902,,
PGCC G298.68+2.86,184.40878306,-59.72741694,6.24087,1.4,0.892233,4.44279,,
PGCC G125.00+14.21,21.77152389,76.93625611,,,,,,
PGCC G62.30-0.21,297.456635,25.77033194,9.34071,1.45,0.367016,6.44553,,
PGCC G70.01-2.66,304.48193389,30.98952306,9.53179,1.76,-1.27276,5.41123,0.147911,0.309003
PGCC G124.61-5.56,15.94246611,57.27296111,8.96027,1.27,-0.040363,7.07456,,
PGCC G256.14-10.93,113.75822389,-43.212025,9.37549,2.47,-0.913588,3.79809,,
PGCC G119.39-1.40,5.47693389,61.27210611,12.0258,2.29,-1.28892,5.24097,,
PGCC G148.41-49.46,29.35628111,10.117935,18.660601,6.21,-0.709494,3.00715,,
PGCC G82.32-42.62,343.67269889,10.85821194,8.7662,1.55,-1.44195,5.66702,,
PGCC G111.95+11.79,336.82415806,71.51718889,8.3523,1.44,1.15808,5.80304,,
PGCC G276.59-1.72,143.58421306,-54.18423806,7.75195,1.65,-0.940136,4.70388,3.34,5.86687
PGCC G183.20-2.50,85.88464389,24.90363111,16.1269,3.17,0.514501,5.0916,0.83,2.1878
PGCC G159.49-9.04,62.40960306,39.37322611,13.0457,2.66,-0.304055,4.89975,0.14,0.325594
PGCC G263.23+5.30,137.00753806,-39.76801694,11.892,2.43,-1.48115,4.88551,,
PGCC G338.83+9.68,241.22409111,-39.34875889,11.3107,2.36,-0.005833,4.79788,,
PGCC G58.20+6.86,288.39013694,25.57511889,7.34297,1.32,0.784959,5.57526,,
PGCC G214.92-29.58,76.77170611,-14.59589806,11.1282,1.51,0.117866,7.38431,,
PGCC G216.81-16.35,89.86679806,-10.72520694,8.14435,1.64,-0.31115,4.97652,0.415,0.768539
PGCC G13.49+5.39,268.817505,-14.60195,7.99216,1.6,0.484936,4.99991,,
PGCC G99.40+17.99,300.76834111,66.48439806,,,,,,
PGCC G168.82-17.89,62.76185611,26.70916389,8.64962,1.67,0.308632,5.19009,,
PGCC G55.83-41.59,329.25946,-2.50888694,11.9564,2.11,1.46975,5.67532,,
PGCC G168.57-1.66,77.12754806,37.49940889,,,,,,
PGCC G167.41+6.14,84.71225694,42.85445389,13.1048,2.83,-0.721021,4.62417,,
PGCC G128.31+1.73,25.23337194,64.08061194,7.72144,1.52,0.043652,5.07367,,
PGCC G357.46+6.33,258.81579611,-27.58340611,6.53453,1.41,0.691397,4.64515,0.12,0.192316
PGCC G127.07-0.93,21.59573889,61.66095389,3.98962,1.1,-0.337942,3.63317,,
PGCC G123.38+20.77,16.65544306,83.63037889,11.6993,1.33,0.173046,8.79614,0.38,1.12134
PGCC G327.21-9.67,250.15791306,-61.20820194,13.342,2.31,0.597331,5.77719,,
PGCC G156.56-9.61,59.09428806,40.88376194,11.6932,3.54,-0.320621,3.30633,0.14,0.253218
PGCC G0.66-0.82,267.59939611,-28.79370889,4.51886,1.22,-1.14433,3.69382,,
PGCC G121.14+0.71,8.82652611,63.52421194,,,,,0.9,
PGCC G184.54-4.25,85.03167,22.843655,10.9691,1.38,1.2997,7.92827,,
PGCC G157.52-2.24,67.00110611,45.58614694,12.3103,3.04,-0.692747,4.05032,2.5,5.13505
PGCC G167.55-26.27,55.45905694,21.48621889,10.6543,1.85,0.726967,5.77388,0.14,0.319412
PGCC G155.23+1.57,68.81160694,49.86725194,13.1961,2.81,-0.643421,4.69022,,
PGCC G2.24+3.39,264.49996889,-25.24331889,7.99108,1.06,-0.123121,7.52872,0.12,0.270752
PGCC G23.62+6.77,272.55654889,-5.12122194,,,,,,
PGCC G301.48-13.22,187.00433306,-76.02707694,11.4641,2.02,0.146263,5.68763,,
PGCC G326.60-29.76,295.67462194,-69.058685,,,,,,
PGCC G218.87+2.14,107.481575,-4.30514889,8.27289,1.83,-0.332662,4.51595,,
PGCC G166.70-22.56,57.557335,24.74848194,6.64474,1.15,-1.14969,5.78436,,
PGCC G304.09+3.70,195.10751306,-59.14666,13.6083,2.88,0.484456,4.73259,,
PGCC G321.68+1.27,228.30593889,-56.34935806,10.1636,2.85,0.420816,3.56526,,
PGCC G19.05+1.60,274.98162806,-11.58069694,8.20688,2.23,0.716962,3.68511,1.13,1.80767
PGCC G2.43+14.73,254.48411611,-18.71764,8.82867,1.12,0.916131,7.86782,,
PGCC G325.49+2.09,233.08763111,-53.58024611,7.42943,1.19,0.825759,6.22033,,
PGCC G301.70-2.56,189.88995389,-65.40042111,9.63749,1.58,-0.000638,6.08584,,
PGCC G121.94-10.07,11.25244306,52.79153111,12.8246,2.69,-0.101145,4.76244,,
PGCC G88.14-9.68,325.53976389,40.07685111,16.180901,3.31,-1.44956,4.8943,,
PGCC G303.35-17.63,195.25567611,-80.49532306,8.82587,1.54,0.622642,5.74399,0.17,0.352096
PGCC G226.89-7.71,102.238335,-15.89319806,17.543699,4.57,-0.554878,3.8407,0.52,1.24164
PGCC G332.81+6.24,238.17784111,-45.85558694,9.1325,1.38,1.27084,6.60545,-1.22,
PGCC G102.02+10.37,319.25112889,64.13809194,17.5249,3.78,-0.979752,4.6354,0.41,1.07493
PGCC G208.52-16.67,86.03096806,-3.73568806,13.2227,2.2,0.288586,6.00841,0.415,1.07601
PGCC G285.53+5.39,162.912735,-53.38553194,10.2593,2.03,1.12976,5.04862,,
PGCC G336.02+4.94,242.80133111,-44.72114889,10.051,1.67,-1.04728,6.00298,,
PGCC G311.42-23.05,256.74246194,-81.30381806,13.631,3.54,0.058445,3.84791,,
PGCC G319.89-4.80,231.76333611,-62.43167889,11.3992,2.79,0.576643,4.08444,,
PGCC G155.28+4.86,72.80857111,51.98040806,12.899,3.22,0.40779,4.0004,-0.69,
PGCC G25.17-3.01,282.00369306,-8.27582694,13.6576,2.45,0.786433,5.56912,1.13,2.86672
PGCC G339.93+16.39,236.73233,-33.58824194,7.9645,2.21,0.4716,3.60878,,
PGCC G176.50+3.12,87.41966194,33.54216389,12.735,1.76,-0.334804,7.22254,,
PGCC G90.26+2.44,315.50961306,50.17143611,,,,,,
PGCC G178.04-38.95,52.783035,6.27138,8.45105,1.3,-0.125233,6.51697,,
PGCC G171.62-40.37,48.24658611,8.75924,14.9845,2.26,0.414329,6.61692,,
PGCC G303.76-17.67,197.64274611,-80.50601194,13.9421,2.88,0.25663,4.84314,0.17,0.406354
PGCC G106.90+11.54,325.75897194,68.32791111,12.4031,2.42,1.068,5.1207,,
PGCC G179.85-27.80,62.26507194,12.53515,12.6574,2.11,-0.969828,6.012,,
PGCC G240.37+0.53,116.67819194,-23.94197694,8.7995,1.59,-0.526816,5.54111,,
PGCC G98.04-23.30,345.01837194,34.13554806,,,,,,
PGCC G92.52-39.55,348.69354194,17.55089389,13.0862,1.54,1.51722,8.47285,,
PGCC G151.81-25.37,43.31788306,30.58783694,,,,,,
PGCC G88.57-41.48,346.97534194,14.37706,13.3804,1.96,1.18611,6.83512,0.204174,0.567982
PGCC G358.58-0.81,266.35064694,-30.57231306,8.21645,2.22,0.300192,3.70696,3.51,5.63488
PGCC G177.02-20.98,65.93525694,18.91593889,11.0077,1.82,-0.371982,6.05261,0.250035,0.593674
PGCC G298.16-25.46,123.05030806,-85.40994306,8.79739,1.68,0.434676,5.23188,,
PGCC G250.00-12.39,108.53962694,-38.44997,5.54769,1.18,0.121607,4.71311,,
PGCC G144.36+17.88,82.24713889,68.19335889,,,,,,
PGCC G125.47+30.23,157.73887611,86.18058806,10.505,1.64,-0.138387,6.42396,,
PGCC G63.77-3.18,301.11438,25.48402611,9.70186,1.53,0.148296,6.36126,,
PGCC G327.73-2.71,241.30087306,-55.95928194,11.4429,1.19,-0.190334,9.6331,,
PGCC G295.98-3.31,176.07501194,-65.27516194,5.91265,1.37,1.16491,4.32929,,
PGCC G164.53-17.02,60.12065111,30.19137806,14.5687,2.5,-0.070699,5.83766,,
PGCC G71.99-7.08,309.98931889,30.02353306,11.2944,1.48,1.47701,7.6257,,
PGCC G142.77-7.92,44.40469389,50.027885,16.564199,4.17,-0.675825,3.97277,,
PGCC G230.54+2.07,112.97747,-14.62722111,,,,,,
PGCC G253.27-1.42,122.57270111,-35.96074306,6.92261,1.24,-1.12839,5.58273,,
PGCC G205.37-13.86,87.10890194,0.25800889,13.4491,3.08,0.839281,4.37114,0.415,0.925591
PGCC G336.14+20.44,230.37641889,-32.58091389,,,,,,
PGCC G13.63+0.83,273.02600111,-16.70933306,6.32051,1.13,0.294744,5.60945,2.11,3.65465
PGCC G17.37+2.26,273.57534806,-12.74412,6.07275,1.15,0.831081,5.25864,,
PGCC G295.56-20.10,147.43942306,-80.25798806,10.4591,2.31,0.559497,4.53024,,
PGCC G229.49+14.40,123.36459389,-7.60463,11.65,2.08,-0.945363,5.58983,,
PGCC G60.92-34.23,325.72018389,5.09553389,8.20108,1.9,-1.15912,4.31601,0.223872,0.387439
PGCC G202.95-8.54,90.67780306,4.86829806,15.45,3.87,-0.519677,3.99347,0.415,
PGCC G230.85+3.23,114.17771111,-14.33694889,,,,,,
PGCC G179.37-6.44,79.929535,25.96532389,10.6374,1.39,0.366146,7.65134,0.183654,0.481963
PGCC G98.25+13.66,308.23107889,63.31318694,10.6563,1.82,-0.686848,5.868,,
PGCC G335.99+8.10,239.84422306,-42.39450806,8.73981,1.41,0.00745,6.19025,,
PGCC G115.49-44.40,7.26905889,18.15130194,8.63653,1.69,-1.3351,5.12065,0.314775,0.608918
PGCC G126.93+6.27,23.89364806,68.79783611,6.6665,1.12,-0.375461,5.96113,,
PGCC G169.08-8.95,70.54747,32.55579806,,,,,0.14,
PGCC G104.37-26.00,352.68530306,33.94861194,13.3016,2.41,1.31235,5.52382,,
PGCC G146.27+39.66,141.72300694,66.94121611,13.9094,4.31,0.064483,3.23012,0.35,0.68243
PGCC G130.57-3.88,27.41335111,58.12540111,6.94559,1.34,-0.981145,5.19714,0.157761,0.275717
PGCC G240.13-6.61,109.61402111,-27.16759306,8.26213,2.18,-0.673524,3.78956,,
PGCC G313.59+3.70,212.94818111,-57.50072111,9.00856,1.45,0.473176,6.19944,,
PGCC G292.71+1.65,172.34352111,-59.58287,7.39409,1.23,-1.20842,5.98942,,
PGCC G320.66-4.39,232.63038611,-61.66055694,11.9897,2.19,0.817303,5.48022,-1.42,
PGCC G126.47+5.25,22.25790611,67.86102306,,,,,,
PGCC G350.24-1.28,261.37518306,-37.846455,8.86949,1.44,-0.450599,6.17251,2.55,5.48842
PGCC G146.07-2.20,53.778095,53.15765806,9.87343,1.57,-0.796016,6.30195,-0.93,
PGCC G167.06-7.77,70.05888389,34.84468806,17.4202,3.27,-0.088987,5.31948,0.14,0.392028
PGCC G3.62+16.87,253.37448111,-16.534195,16.844,2.59,0.858324,6.49124,0.12,0.365002
PGCC G143.30+1.65,53.74732611,57.89854806,18.7227,3.65,-0.653587,5.12462,,
PGCC G182.34+4.94,92.64798,29.37668806,13.8251,3.42,-0.903061,4.04661,,
PGCC G2.49+9.75,258.851685,-21.54508611,15.9153,2.51,-0.759142,6.35015,0.12,0.350919
PGCC G112.02-39.81,3.81725389,22.298235,12.615,2.54,-1.33547,4.97424,,
PGCC G273.91+5.10,147.44574,-47.27209111,7.67703,1.24,1.08549,6.18106,0.51,1.02194
PGCC G6.53+36.03,239.35298194,-2.968735,11.9882,1.64,0.571129,7.29717,,
PGCC G168.60-14.30,65.52900694,29.347845,14.045,2.27,0.859485,6.19458,,
PGCC G105.56-10.51,346.41729694,48.75979611,8.0381,1.52,-1.25962,5.27474,,
PGCC G304.16-72.17,12.32776111,-44.952175,5.79764,1.75,-0.954642,3.31561,,
PGCC G66.84-27.82,323.95816,13.07538806,9.73079,1.92,1.20453,5.06589,,
PGCC G94.10-4.43,327.022125,47.91209,4.85682,1.02,1.50292,4.76502,0.232274,0.325039
PGCC G342.12-7.24,262.033905,-47.87966194,4.93448,1.76,0.367477,2.8078,-1.33,
PGCC G303.75-24.40,208.144745,-87.17289,,,,,,
PGCC G196.43-16.01,80.98544306,6.72645889,13.9976,3.24,-0.359159,4.31368,0.4,0.904145
PGCC G141.11+5.44,54.68974694,62.24794806,9.96123,1.23,-0.065706,8.11112,0.52,1.35965
PGCC G137.97+16.27,68.01654806,72.33598306,15.5783,2.49,0.374007,6.26705,,
PGCC G280.02+12.78,160.81401111,-44.31765389,8.59705,1.2,1.13055,7.16867,,
PGCC G32.66-14.84,296.01626611,-6.94087194,7.90225,1.61,-1.06351,4.89474,,
PGCC G94.81+15.01,302.00067111,61.19211611,7.97834,1.43,1.11389,5.59789,0.263027,0.511323
PGCC G222.97-0.42,107.09420806,-9.11801111,7.99345,1.42,-0.162182,5.61941,2.64,5.14687
PGCC G80.36-2.67,312.01391611,39.30869694,9.71885,1.58,1.05634,6.14762,5,11.2424
PGCC G264.20-5.45,126.26554111,-47.26271806,16.6208,4.05,-1.09062,4.1039,,
PGCC G204.45-15.81,84.96733111,0.12300194,10.8528,1.84,-0.200116,5.88428,0.415,0.964701
PGCC G149.20+11.23,75.174515,60.64601111,9.49865,1.45,-0.691889,6.54886,0.159956,0.366979
PGCC G132.05-5.82,29.18384,55.88699694,7.38473,1.42,-0.853621,5.20205,,
PGCC G171.37-8.39,72.75779,31.17752806,,,,,0.23,
PGCC G171.39+26.59,113.68013,47.04719194,,,,,0.428548,
PGCC G155.30-23.08,47.869415,30.85227194,9.40663,2.31,-0.429917,4.07321,,
PGCC G204.38-9.35,90.62941694,3.24040694,9.51773,1.83,-0.617218,5.20913,0.415,0.85001
PGCC G158.76-1.98,68.47789,44.86324306,8.2755,1.34,0.60332,6.18889,,
PGCC G200.53+23.76,119.60163889,21.020575,8.3855,1.67,-0.812746,5.00846,,
PGCC G23.69+1.85,276.96185306,-7.36672389,,,,,,
PGCC G104.79-15.50,348.25695806,43.87972611,10.102,1.77,-1.35619,5.70726,,
PGCC G65.03-1.64,300.404175,27.36227,12.2578,2.43,0.318741,5.04108,,
PGCC G205.95-17.09,84.51938611,-1.752765,7.89271,2.28,-0.424032,3.4572,,
PGCC G126.24-5.52,18.93688611,57.20047,10.0776,2.16,-0.826051,4.67286,1,
PGCC G122.91+8.19,12.78653111,71.05858611,9.30419,1.55,-0.450035,6.01605,,
PGCC G114.30+13.18,341.08413694,73.88083611,9.61124,1.65,-0.244929,5.83098,,
PGCC G359.59-17.26,284.63790889,-37.04842389,12.0814,2.68,-1.14636,4.50979,0.79,1.69626
PGCC G158.11-26.39,48.13916,26.67290694,17.246799,3.08,1.41009,5.6087,0.14,0.400535
PGCC G350.85-11.10,272.85421806,-42.30865111,9.21637,2.02,0.723869,4.56828,,
PGCC G157.24-15.27,55.14804806,36.09668389,,,,,0.14,
PGCC G322.46+0.63,230.11549389,-56.486565,9.20659,2.4,0.456471,3.8321,,
PGCC G103.16+8.81,323.58276389,63.82662194,8.93736,1.2,-1.45069,7.4691,0.43,1.02196
PGCC G129.52-46.97,17.52069889,15.66515306,10.2935,1.65,-0.429091,6.24458,,
PGCC G348.33-4.16,263.11785889,-41.02409,7.46301,1.42,0.446046,5.24605,,
PGCC G98.71+6.70,320.04840111,59.24134111,11.4883,1.95,0.735618,5.88433,0.56,1.33934
PGCC G354.49+2.94,260.06323194,-31.95148806,12.7094,2.99,0.467252,4.25185,,
PGCC G270.77-9.03,127.53928389,-54.64886111,,,,,0.38,
PGCC G253.61-7.25,116.50165611,-39.27367,8.61031,1.88,-0.293035,4.57956,,
PGCC G175.29+3.09,86.62685389,34.56407194,8.99622,1.61,0.289045,5.59363,-0.99,
PGCC G219.23-4.76,101.472015,-7.76938,7.29983,2.1,-0.524955,3.47241,,
PGCC G141.98+6.64,57.76815389,62.66415806,7.16033,1.33,-1.12278,5.3803,,
PGCC G145.27+12.27,71.87096389,64.32984889,15.0636,2.03,-0.395769,7.40506,,
PGCC G29.25-0.71,281.80850194,-3.60381306,,,,,3.59,
PGCC G83.62-3.73,315.81851194,41.10358,12.409,2.65,1.55006,4.68407,,
PGCC G215.82+9.56,112.67534611,1.80369,8.87336,1.26,0.143016,7.01642,,
PGCC G193.53-15.37,80.07924694,9.45077889,5.94526,1.85,-0.601155,3.20683,0.4,0.508054
PGCC G159.26-24.79,50.13071389,27.37594194,10.922,1.34,-1.13444,8.14042,,
PGCC G209.79-19.80,83.78149389,-6.23158611,6.69468,1.64,-0.363973,4.08808,0.415,0.631538
PGCC G348.33+0.66,257.960815,-38.28896,6.43019,1.18,-0.23137,5.43155,2.17,
PGCC G313.33-9.00,223.26689111,-69.38240806,9.56093,1.26,-0.788027,7.59428,,
PGCC G39.90+2.66,283.66824306,7.406665,9.55945,1.54,0.468477,6.20788,1.47,3.29406
PGCC G315.86+4.89,216.11106889,-55.62693389,5.42204,1.18,0.997676,4.57886,-1.29,
PGCC G252.90+1.34,125.11453194,-34.11390306,7.90265,1.62,-1.45163,4.88614,,
PGCC G309.03+2.91,204.8871,-59.39413806,17.406099,3.63,0.532007,4.79997,,
PGCC G261.56-4.31,125.45729111,-44.45074111,,,,,,
PGCC G134.85+12.90,53.31328194,71.91972389,10.8174,2.94,-0.137042,3.68539,,
PGCC G160.20-6.32,65.55655694,40.82600389,,,,,0.4,
PGCC G113.31+1.66,351.34179694,62.91434111,15.3695,2.81,-0.470884,5.46793,,
PGCC G70.01-1.44,303.29888889,31.66070194,8.53727,1.79,-0.694997,4.75828,1.78,
PGCC G175.12-39.05,51.12410389,7.84309889,9.82833,1.79,0.239321,5.50546,,
PGCC G163.68-22.30,55.438335,26.79814306,11.3965,3.06,-0.901138,3.7192,,
PGCC G301.05-23.27,168.69154389,-85.78546889,16.0889,2.63,-0.409705,6.11385,,
PGCC G211.44+1.19,103.24333194,1.86931306,,,,,,
PGCC G0.68-21.74,290.369385,-37.58960694,10.5832,2.04,0.415106,5.18539,,
PGCC G302.04-14.88,188.783325,-77.72577694,,,,,0.17,
PGCC G208.78-20.44,82.77236889,-5.67858194,,,,,,
PGCC G239.05+2.99,118.248825,-21.56143806,7.57884,1.4,-1.0141,5.43193,,
PGCC G294.57-36.14,49.02924,-78.52626,15.5595,2.86,1.16215,5.44448,,
PGCC G338.99+3.06,247.59155306,-43.95992694,9.77179,1.53,1.01358,6.36826,,
PGCC G6.59+16.35,255.51229889,-14.507985,,,,,0.12,
PGCC G17.94+12.53,264.75814806,-7.22963889,8.89148,1.26,-0.216776,7.03994,,
PGCC G301.46-26.07,141.37583889,-88.30545806,14.4099,2.97,0.460208,4.85707,,
PGCC G157.02-11.78,57.71777,38.94033806,,,,,0.14,
PGCC G264.39+2.54,135.305115,-42.47522694,10.2944,1.97,-1.49266,5.21909,-1.15,
PGCC G289.23-5.60,159.18887306,-64.82897194,,,,,-1.12,
PGCC G47.88-38.18,323.09536694,-5.82357694,13.1321,4.03,0.754183,3.2578,,
PGCC G146.76+40.66,143.53886389,66.16774,13.8721,3.32,0.549876,4.17313,0.35,
PGCC G234.02-2.87,110.15634194,-20.03311306,12.2928,2.24,-0.930884,5.48539,,
PGCC G127.75-69.87,14.52866611,-7.05943306,9.10162,1.51,-1.5407,6.03769,,
PGCC G303.38+1.79,193.77731306,-61.07779306,,,,,4.76,
PGCC G277.30+4.83,151.20869389,-49.56919889,12.7508,1.89,-0.459387,6.73759,,
PGCC G0.09+11.88,255.51268,-22.23550611,10.0309,2.28,-1.47774,4.39368,0.12,0.231735
PGCC G130.38-0.78,28.464125,61.18135806,12.4063,2.25,-0.757434,5.51519,0.146555,0.352637
PGCC G36.27-1.44,285.66806,2.31462111,12.7636,2.68,1.04396,4.76745,,
PGCC G192.05-11.67,82.518105,12.61531611,11.4122,2.62,-0.730079,4.36141,0.4,0.820891
PGCC G316.54-4.01,224.56146194,-63.47647889,7.94349,2.06,0.847653,3.85015,,
PGCC G146.11+7.59,65.48870806,60.59365111,9.65855,1.67,-0.605372,5.77134,,
PGCC G263.23+5.10,136.81799306,-39.90416306,9.36458,1.79,-1.56579,5.24203,,
PGCC G20.59+20.97,258.68490611,-0.82545611,14.4182,2.01,0.676815,7.17053,,
PGCC G147.70-4.28,53.93499389,50.51806611,6.90475,1.39,-0.661919,4.97974,0.47,0.801681
PGCC G125.62-9.55,17.28704111,53.22761889,12.8457,3,-1.36118,4.28854,,
PGCC G127.56+13.77,31.71481111,75.96025111,8.33684,2.04,-0.765715,4.07929,,
PGCC G342.17+0.49,253.15856889,-43.26275611,8.62159,1.37,-0.829883,6.29906,3.64,7.80296
PGCC G266.02+0.90,135.08171111,-44.78230694,,,,,,
PGCC G160.77-34.95,44.84853389,18.34910389,,,,,,
PGCC G140.03+10.60,60.36563111,66.92778,13.2398,1.63,-0.091364,8.12172,0.3,0.904927
PGCC G73.08-7.86,311.46646111,30.40130194,8.5023,1.3,0.155559,6.53549,,
PGCC G98.07-23.48,345.15081806,33.98308194,17.8314,3.4,-1.4672,5.24459,,
PGCC G110.04-0.17,346.33728,60.021255,,,,,0.269153,
PGCC G180.78+7.95,94.89864306,32.14802611,10.0418,1.83,0.748629,5.48114,,
PGCC G214.22-17.40,87.81622306,-8.94053611,13.4701,2.94,0.42339,4.58574,0.415,0.948779
PGCC G189.34-9.69,82.80919611,15.92504,8.79041,1.56,-1.45375,5.63528,0.32,0.655147
PGCC G0.18-0.50,267.00097694,-29.03895194,6.82501,1.21,-1.31602,5.62884,3.24,5.84161
PGCC G125.23+23.72,44.65884,86.01210806,9.67765,2.37,0.09415,4.08054,0.38,0.694631
PGCC G281.69+14.24,163.76005611,-43.77578389,5.65062,1.57,1.52684,3.60264,,
PGCC G270.59+0.86,139.55027806,-48.16231194,,,,,,
PGCC G129.90-4.44,25.94673889,57.72335806,8.41509,1.55,-0.959265,5.41468,0.314775,0.618077
PGCC G260.82-2.20,127.253555,-42.62622111,13.9185,2.58,-1.02537,5.38984,,
PGCC G146.63-11.65,46.62734194,44.912445,11.6955,2.45,-0.749703,4.76801,,
PGCC G122.45+15.25,10.62047,78.11283889,,,,,,
PGCC G150.81-38.47,35.69952806,19.40977111,9.8054,1.51,1.44692,6.51502,0.209894,0.487997
PGCC G153.86+8.82,76.64495111,55.52172111,8.28413,1.21,0.861768,6.82048,0.45,0.983943
PGCC G99.45+17.88,301.07824694,66.46776611,,,,,,
PGCC G205.34+25.86,123.38658889,17.744675,11.1366,2.14,-0.506682,5.20708,0.236592,0.524083
PGCC G115.32+17.51,335.13977111,78.08847806,10.1243,1.59,1.44223,6.34949,,
PGCC G275.11-4.52,138.35337806,-55.143745,13.3556,2.5,0.989287,5.34374,-1.41,
PGCC G111.64+5.49,344.43515,65.83699,12.416,2.16,-0.839489,5.73781,-0.94,
PGCC G171.78+1.45,82.62242889,36.65442306,15.8691,3.88,-0.143277,4.09354,,
PGCC G159.55-22.45,51.97240389,29.08019306,9.5023,1.54,0.468256,6.19028,0.14,0.312338
PGCC G122.76+15.41,12.05771694,78.28070111,7.15935,1.11,-0.641608,6.44497,,
PGCC G65.51-2.61,301.61496,27.25276611,8.17603,1.68,-0.438168,4.881,,
PGCC G3.47+10.81,258.49896194,-20.14355111,13.2191,2.21,-0.179346,5.97499,,
PGCC G267.38+4.24,139.78772,-43.50093806,8.31841,1.21,-0.031467,6.85845,,
PGCC G187.47-2.80,87.996445,21.09140194,14.4822,2.49,-0.426797,5.82666,0.75,
PGCC G89.44-2.61,320.18539389,46.10857,13.4853,2.2,0.781868,6.13242,0.53,1.402
PGCC G144.11+11.59,68.97730306,64.76659389,10.2904,1.36,1.51856,7.58789,,
PGCC G165.36-24.42,55.19154694,24.18701694,4.80154,1.08,-1.15419,4.46061,,
PGCC G96.14-1.53,326.56845111,51.44577389,9.28205,1.36,-0.61046,6.80499,,
PGCC G30.91+0.16,281.79345694,-1.72574111,10.8531,2.9,0.570607,3.74195,4.61,8.54581
PGCC G183.87-15.94,74.300995,16.88840694,16.4167,2.79,-0.758247,5.87469,,
PGCC G30.98+5.10,277.43380694,0.59301694,,,,,0.26,
PGCC G103.52+16.34,309.822205,69.03237194,10.6461,2.04,-0.225765,5.21655,,
PGCC G88.59-36.51,344.275635,18.62543111,7.23262,1.03,0.769203,7.04499,,
PGCC G170.83-10.56,70.41988389,30.19834306,8.66252,1.95,-0.409976,4.44542,0.23,0.415177
PGCC G230.69+3.36,114.218575,-14.13903,,,,,,
PGCC G343.98+24.73,233.91958611,-24.76779194,11.5472,2.26,0.690637,5.10953,,
PGCC G65.00+3.49,295.353455,29.95598194,,,,,,
PGCC G346.72-7.75,266.12869306,-44.28013611,6.94681,1.93,0.372888,3.59322,,
PGCC G109.83-1.35,346.87155194,58.85119194,6.8878,1.35,-0.310335,5.1034,0.168267,0.290199
PGCC G119.01-6.13,5.78503694,56.53121611,14.3465,3.34,-0.949251,4.29058,,
PGCC G315.04-29.68,299.15618889,-79.051155,,,,,,
PGCC G45.16-36.19,320.28006,-6.72701111,13.5543,3.15,0.670112,4.30475,0.295121,0.655752
PGCC G150.29-19.60,45.34173611,36.27164806,7.29807,1.45,-0.792411,5.04089,0.409261,0.722079
PGCC G358.62-2.41,267.96887194,-31.35956806,7.78886,1.17,1.11867,6.68547,,
PGCC G211.51-20.17,84.17066194,-7.842135,,,,,0.415,
PGCC G352.79+18.20,245.36395306,-23.74148194,10.2489,1.68,-0.502768,6.09583,0.12,0.275907
PGCC G167.63-46.25,42.15429694,6.20415806,11.6458,2.06,-0.286022,5.64437,0.205116,0.483749
PGCC G306.45+1.31,200.21653694,-61.356915,10.3794,1.66,0.365106,6.25293,,
PGCC G77.17-1.78,308.62075806,37.33157,10.7491,2.61,0.838427,4.12373,,
PGCC G93.43-4.06,325.90374806,47.76173,7.56876,1.22,0.778312,6.19655,0.152757,0.304309
PGCC G69.56+10.00,291.02697806,37.02149194,13.4119,3.17,0.42715,4.22702,,
PGCC G26.03+4.58,275.62640389,-4.02541889,9.27301,1.79,-0.523718,5.19413,-0.77,
PGCC G266.43-7.30,125.85985611,-50.13363306,8.21257,1.67,-0.939839,4.92786,-0.83,
PGCC G82.95+5.80,304.81298806,46.42946194,8.3782,1.5,1.21873,5.57559,,
PGCC G341.87+14.71,239.75308194,-33.62562611,,,,,,
PGCC G151.54+19.18,92.14294389,62.59197194,8.78085,1.1,-1.22569,7.94934,,
PGCC G302.80-16.78,192.12948611,-79.65587611,7.30587,1.2,1.47854,6.09682,0.17,0.330037
PGCC G176.54-35.46,54.53248194,9.53451306,9.86718,1.53,-0.733508,6.4567,,
PGCC G4.73-0.80,269.88363611,-25.27682694,8.55125,1.75,0.62003,4.89775,,
PGCC G14.88+19.23,257.43969694,-6.32935389,,,,,,
PGCC G271.16-2.08,136.87318389,-50.59583306,10.0735,1.97,-1.1109,5.11527,2.22,4.63558
PGCC G161.75-8.02,65.37759389,38.53961889,8.51553,1.52,0.120893,5.61074,0.14,0.281495
PGCC G24.09+11.58,268.52835111,-2.43296389,13.1616,2.93,0.339098,4.49607,,
PGCC G302.23-0.77,191.27902194,-63.63277806,13.2224,2.23,0.389118,5.9201,,
PGCC G25.85+6.23,274.07705694,-3.41886889,9.6091,1.6,0.055259,5.99525,0.26,0.574044
PGCC G355.32+15.71,249.13894694,-23.54286,12.4516,2.21,-0.277798,5.62263,0.12,0.292073
PGCC G94.28-36.61,348.54446389,20.79247306,11.5274,2.15,1.34561,5.36016,0.169044,0.386528
PGCC G124.74-4.29,16.31332611,58.53532806,10.6321,2.26,-0.940329,4.71462,,
PGCC G342.50+6.40,247.53968806,-39.12164306,8.91388,1.46,0.421516,6.11369,,
PGCC G308.87-24.38,256.96362306,-83.98739611,,,,,,
PGCC G336.48+24.06,228.27217111,-29.42944694,9.3373,1.51,0.456716,6.17148,,
PGCC G204.59-8.35,91.60669694,3.53118194,10.6035,1.62,0.925702,6.53107,0.415,1.0046
PGCC G58.53+6.69,288.72753889,25.78542889,9.63775,1.46,-0.313746,6.59683,-0.72,
PGCC G111.84+11.29,337.36502111,71.03334,17.441,2.75,-1.32925,6.33534,,
PGCC G353.50+16.53,247.21991,-24.33773806,8.78087,1.63,-1.30004,5.37856,0.12,0.239889
PGCC G183.88-11.03,78.54326611,19.69045306,9.31011,2.41,-0.529989,3.87092,,
PGCC G276.57-4.89,139.68541,-56.44791,8.23764,1.81,1.51008,4.55731,0.98,1.74666
PGCC G131.66+9.84,39.97529611,70.85076111,,,,,,
PGCC G107.82-2.72,344.47805806,56.78085694,9.34534,1.52,1.44593,6.1542,,
PGCC G89.84+38.91,251.22726389,60.06665806,7.76377,1.85,1.13054,4.19104,,
PGCC G222.38-3.06,104.44175694,-9.80742806,11.8105,1.67,-0.234807,7.08069,0.69,1.83547
PGCC G122.90+15.81,12.69324889,78.67800889,11.0751,2.16,-0.682653,5.12993,,
PGCC G259.21-3.77,124.262405,-42.20605111,,,,,,
PGCC G185.17-35.24,59.31329,4.32728694,18.218201,2.2,-0.324143,8.28065,,
PGCC G182.63-5.82,82.47479194,23.60544806,16.132401,2.88,-0.764161,5.61037,0.46,1.27301
PGCC G206.80-8.18,92.78871194,1.67495111,11.7014,2.55,0.198968,4.58212,0.415,0.883951
PGCC G9.59+18.60,255.25067111,-10.87725889,8.04555,1.19,-0.664735,6.77472,0.12,
PGCC G15.26+16.16,260.276825,-7.61942,10.3277,1.32,1.41819,7.84818,,
PGCC G96.53+15.73,302.39419611,62.98629806,10.773,3.09,-1.286,3.48583,,
PGCC G199.12-12.06,85.74559,6.45683889,18.6534,3.81,-0.152813,4.88979,0.4,1.11125
PGCC G205.25-6.87,93.22385389,3.644845,8.13953,1.1,-1.17705,7.42381,0.415,0.9384
PGCC G297.15-16.67,164.55828889,-78.24642889,9.29528,1.48,0.477196,6.2687,0.17,0.377481
PGCC G154.64-39.67,37.88476889,16.96048194,,,,,,
PGCC G176.42+0.30,84.50290694,32.13573111,,,,,,
PGCC G325.61+6.44,229.35049389,-49.89240306,12.1264,2.77,-1.24712,4.37756,,
PGCC G83.06-1.97,313.55911306,41.83410306,13.1594,3.49,0.370743,3.77123,1.94,3.97547
PGCC G27.50+5.58,275.41311611,-2.26652611,9.23376,1.98,-0.27618,4.66682,,
PGCC G287.66+4.11,165.260025,-55.45773694,12.4086,2.15,0.505076,5.7692,0.51,1.25521
PGCC G111.87+6.68,343.66003389,67.00418111,11.8628,2.02,-1.25688,5.88381,,
PGCC G106.59+13.48,321.40820306,69.52411694,9.51771,1.45,0.947299,6.55622,,
PGCC G266.96-4.85,129.41381806,-49.13882806,9.81637,1.79,0.256121,5.48944,,
PGCC G165.99-3.67,73.10414889,38.30183389,8.48056,1.66,-0.272714,5.10446,0.14,0.267943
PGCC G107.83+14.44,321.88195806,71.05118611,8.95608,1.96,-1.01857,4.57604,,
PGCC G27.32+4.46,276.329895,-2.94021694,11.898,2.78,0.008409,4.27679,0.26,0.539506
PGCC G108.41+15.30,321.15325889,72.05228389,8.92037,1.36,0.487306,6.57408,,
PGCC G177.32-9.06,76.23645806,26.10205306,8.59959,1.26,1.05978,6.8107,0.191426,0.42615
PGCC G190.03-5.65,86.78490389,17.44436806,9.51466,1.68,1.20029,5.64844,,
PGCC G252.74+1.42,125.097305,-33.94051694,8.59745,1.78,-0.619709,4.84013,,
PGCC G304.10-19.96,201.56799306,-82.75469194,12.569,1.85,-0.953078,6.78038,0.17,0.456513
PGCC G143.72+11.83,68.79691306,65.20803111,17.1465,3.85,-0.774609,4.45316,,
PGCC G161.94-27.33,50.56383111,23.88758694,14.6468,2.1,0.208111,6.96122,,
PGCC G19.29+0.06,276.49475111,-12.08900389,,,,,5.21,
PGCC G232.67+1.42,113.45529194,-16.80793611,9.47412,1.21,0.553629,7.84959,,
PGCC G298.32-28.87,78.68074806,-85.56835889,10.6784,2.05,-0.359255,5.20485,,
PGCC G193.95-16.27,79.51691389,8.63009111,10.3485,2.8,0.415323,3.69855,0.4,0.719847
PGCC G102.11+10.24,319.60742194,64.11154889,,,,,0.43,
PGCC G186.33-5.55,84.8526,20.64113611,6.6548,2.17,-1.22694,3.06602,0.368129,0.483706
PGCC G55.83-41.66,329.31701694,-2.542475,,,,,,
PGCC G91.89-33.23,344.95858806,22.82847,13.9128,2.98,1.40507,4.6655,,
PGCC G358.71+6.02,259.89547694,-26.74262,8.7718,2.2,-0.545086,3.98783,0.12,0.206453
PGCC G105.95-38.28,358.47152694,22.68954694,,,,,,
PGCC G172.05-6.19,75.27811389,32.00705694,,,,,0.23,
PGCC G4.83+36.46,238.17675806,-3.79465194,9.56673,1.16,-1.08952,8.26199,,
PGCC G164.97-3.68,72.27076694,39.07832306,,,,,0.14,
PGCC G172.52-27.07,58.27477611,17.83196111,7.31264,1.14,-0.458647,6.40777,0.240991,0.479864
PGCC G122.54+1.72,11.93963194,64.58628111,9.36374,1.76,0.883664,5.33332,,
PGCC G346.73-2.27,259.85385111,-41.30012889,10.582,1.74,0.098472,6.0735,,
PGCC G206.74-16.49,85.40255694,-2.14353389,,,,,0.415,
PGCC G179.80+6.81,93.17658194,32.48552694,15.2531,3.17,-0.641907,4.80909,,
PGCC G105.76+10.94,324.63021889,67.133835,11.9565,1.88,-0.769067,6.37536,,
PGCC G120.66-7.76,8.93513194,55.04589111,6.90949,1.33,-0.535871,5.19583,,
PGCC G340.65+12.91,240.15033,-35.750935,10.0335,2.29,0.908808,4.38677,,
PGCC G276.54-2.35,142.77026389,-54.61409806,14.9448,2.41,-0.228632,6.21347,,
PGCC G347.97+3.07,255.26097111,-37.127415,10.4914,1.26,-1.1253,8.32001,,
PGCC G175.55-0.15,83.49582694,32.62664389,10.8196,1.89,1.43971,5.73094,4.11,9.4143
PGCC G317.81+83.79,194.56597889,21.116945,12.7572,2,0.379186,6.38965,,
PGCC G336.41+14.75,234.76889,-36.99886306,16.4737,3.12,1.01731,5.28217,,
PGCC G94.13-8.86,331.02957194,44.458015,,,,,0.645654,
PGCC G159.51-25.31,49.99530806,26.819185,9.65603,1.83,-0.400464,5.26379,,
PGCC G173.40-13.76,69.478035,26.21726,16.4611,2.61,0.053644,6.29673,0.23,0.68115
PGCC G277.38-0.08,146.42370611,-53.47023806,12.8441,2.01,0.018876,6.38415,,
PGCC G160.18-8.79,63.26551111,39.07802194,15.6833,3.64,-1.00388,4.30511,0.14,0.334631
PGCC G260.18+0.70,129.84483306,-40.38753889,8.27496,1.46,-0.08955,5.66066,0.56,1.11489
PGCC G157.81-20.58,51.77800389,31.55459611,9.07046,1.76,-1.11708,5.14095,0.14,0.278094
PGCC G211.84+1.93,104.080635,1.852845,7.25772,1.23,1.17889,5.89166,,
PGCC G23.73+22.76,258.526855,2.58929306,14.6523,1.98,0.492347,7.41213,,
PGCC G347.57-4.36,262.80239889,-41.77029806,14.4676,3.52,0.416724,4.10827,,
PGCC G310.90-1.81,210.99562111,-63.55543111,9.98802,1.4,0.057414,7.14468,,
PGCC G223.73-0.81,107.096405,-9.96969111,6.63863,1.49,-0.779426,4.45219,,
PGCC G76.83+2.21,304.21633889,39.36290694,7.08032,1.6,-1.30738,4.42145,,
PGCC G3.08+9.38,259.53222694,-21.27382306,10.7763,1.89,0.378386,5.70439,0.16,0.36491
PGCC G312.33-0.94,213.423325,-62.29779389,12.7534,2.2,1.15882,5.79402,,
PGCC G167.46-16.55,62.80674,28.57554194,9.15022,1.57,-0.863476,5.84379,0.14,0.297795
PGCC G269.74-9.35,126.09461194,-53.99072306,,,,,,
PGCC G314.53-12.53,231.80529806,-71.80242889,9.7392,2,0.447325,4.86257,,
PGCC G172.73+2.56,84.429955,36.46479,6.39839,1.42,-0.851196,4.52098,4.69,7.33755
PGCC G175.39-12.35,72.05518306,25.61280389,,,,,0.23,
PGCC G110.91+6.40,341.82672111,66.32964306,9.95798,1.49,-0.810153,6.66387,0.5,1.1848
PGCC G124.45+25.06,46.589405,87.51798194,,,,,0.38,
PGCC G63.44-8.03,305.36752306,22.56690806,7.17768,1.68,1.39641,4.27709,,
PGCC G164.82-16.23,60.985165,30.57448194,5.98949,1.7,-0.508639,3.51544,0.14,0.18687
PGCC G24.21+4.62,274.737885,-5.61232,8.91938,2.14,0.506546,4.17278,0.26,0.461402
PGCC G52.18-10.35,301.19586194,11.92684111,8.19579,1.54,0.697999,5.32599,,
PGCC G104.60+24.62,287.39395111,73.327705,11.8216,1.75,0.811174,6.74046,,
PGCC G179.58-15.78,71.84536694,20.29551306,10.2637,1.68,-1.055,6.11902,0.23,0.530209
PGCC G308.04+2.24,203.16938806,-60.22381611,,,,,0.92,
PGCC G198.08+31.83,127.11441806,25.73743111,,,,,,
PGCC G241.44-0.73,116.07115889,-25.49776806,,,,,,
PGCC G176.18-24.96,62.24291611,16.88197111,16.591,2.29,0.212036,7.23701,,
PGCC G221.09-5.12,101.98870111,-9.58251694,6.55594,1.38,-0.749101,4.75055,,
PGCC G175.93-30.83,57.61043889,13.07119889,9.21263,1.21,-1.39483,7.59581,,
PGCC G105.50+10.83,324.32943694,66.874405,7.65952,1.4,0.210328,5.46702,,
PGCC G225.67-4.41,104.73016389,-13.34074694,13.2549,1.87,0.227531,7.07392,,
PGCC G355.27+6.45,257.26687611,-29.28372,8.38304,1.84,0.793528,4.56654,0.12,0.215974
PGCC G355.95+6.59,257.585205,-28.6485,7.7668,1.21,0.304024,6.39599,,
PGCC G120.53-1.84,7.91785889,60.94403806,10.3292,2.67,-0.620777,3.86512,0.52,0.955751
PGCC G308.64+5.74,203.23934889,-56.67086389,11.8366,2.67,1.0288,4.43386,-1.01,
PGCC G219.38-15.15,92.04325889,-12.45011111,,,,,,
PGCC G214.15-12.87,91.89406611,-6.88991694,6.6532,1.52,-0.811888,4.39116,0.415,0.652499
PGCC G94.50+4.66,317.46005194,54.79364,8.72132,1.49,-0.375211,5.85338,0.163682,0.34019
PGCC G335.54+3.68,243.54208389,-45.96175,10.3919,1.95,0.492666,5.34012,-1.33,
PGCC G292.70-19.87,138.44564806,-78.14325,,,,,,
PGCC G137.02+1.25,42.778465,60.80134194,6.85194,1.29,1.49852,5.32736,,
PGCC G168.83-12.81,66.96347,30.18888111,12.8565,1.93,0.590839,6.663,0.14,0.376922
PGCC G142.99-1.72,49.86357111,55.282375,8.18947,1.09,-0.461773,7.4839,,
PGCC G116.15-8.74,1.53016806,53.52979694,,,,,,
PGCC G192.07+5.65,98.3116,21.11948611,6.63844,1.59,-0.794652,4.1662,,
PGCC G3.61+21.03,249.89521806,-14.07144306,7.95945,1.68,0.324923,4.74211,0.12,0.214455
PGCC G345.12-7.88,265.13311806,-45.70035889,16.5755,2.72,1.09535,6.09585,,
PGCC G222.59-3.54,104.10752889,-10.20908611,8.85868,1.32,0.602213,6.71719,0.61,1.36878
PGCC G95.17-35.63,348.761475,21.99261694,12.2295,3.71,-1.26386,3.2967,0.392645,
PGCC G0.69-19.89,288.17605611,-36.98600806,8.57877,1.34,-0.209939,6.4178,,
PGCC G344.40+3.85,251.62088,-39.40076111,12.3779,2.59,0.74069,4.77243,,
PGCC G5.67+36.49,238.56570389,-3.24246194,,,,,,
PGCC G97.02+15.80,302.77780194,63.43248694,14.145,2.94,-0.071486,4.81679,,
PGCC G94.06+5.04,316.457245,54.730595,10.2266,2.33,1.47756,4.38985,-0.89,
PGCC G203.03-11.66,87.96038111,3.30536611,12.0334,2.79,-1.05953,4.30945,0.415,0.86932
PGCC G235.22-1.68,111.87618306,-20.53080611,,,,,5.15,
PGCC G117.57+20.18,336.46862806,81.492035,15.232,2.36,-1.30107,6.46527,0.38,1.09694
PGCC G258.38+0.97,128.71351611,-38.78251611,,,,,0.59,
PGCC G111.77+9.89,339.32962,69.79531889,6.39548,1.24,-0.481279,5.14305,,
PGCC G350.49+13.33,247.76525889,-28.64256306,7.97165,1.06,-0.409271,7.51619,0.12,0.270197
PGCC G215.57-15.69,89.95243111,-9.36736694,6.90484,1.46,-0.506494,4.72606,0.415,0.689606
PGCC G286.88-3.71,156.84996,-62.00733611,10.6607,2.05,1.38792,5.20222,,
PGCC G198.90+11.68,107.18922389,17.67556,15.8632,2.92,-0.47686,5.42474,,
PGCC G60.64+2.22,294.197235,25.54248194,13.0638,2.19,-0.05807,5.96491,-1.53,
PGCC G63.65-2.23,300.14587389,25.878725,7.64657,1.82,0.758386,4.19195,,
PGCC G143.77-3.55,49.32283389,53.32109111,,,,,,
PGCC G212.94-18.45,86.31948889,-8.30281306,7.61619,1.44,-1.07108,5.27549,0.415,0.7652
PGCC G142.60-3.42,47.74832194,54.03507194,10.6989,1.64,-0.982001,6.53013,0.37,0.89962
PGCC G106.94-10.24,348.15603611,49.542355,8.29282,1.4,1.05526,5.93774,,
PGCC G141.71+12.63,67.02776306,67.21035,8.0813,2.5,-0.586409,3.23522,,
PGCC G105.47+10.26,325.24954194,66.43333389,,,,,0.9,
PGCC G90.22+38.47,251.94548,60.45158389,6.10709,1.12,-0.120836,5.44168,,
PGCC G44.40-2.66,290.53317306,8.95313194,11.9846,1.78,-0.247035,6.73329,0.56,1.46333
PGCC G300.73-10.11,185.48245194,-72.85076111,11.2585,2.03,-1.55147,5.55592,,
PGCC G178.53-0.82,84.71469889,29.754295,,,,,0.74,
PGCC G155.26-14.61,53.76272194,37.78299694,6.93057,1.64,-1.52339,4.23383,0.14,0.2206
PGCC G168.42-5.39,73.35051,35.334305,14.0774,2.7,0.196718,5.21585,0.14,0.348962
PGCC G351.22+18.62,243.91850306,-24.56215889,9.06534,1.26,1.10996,7.20049,0.12,0.282021
PGCC G338.16+10.00,240.31176806,-39.54775611,6.62867,1.21,-1.55043,5.47169,-0.93,
PGCC G91.83+3.92,315.39703389,52.32143806,9.77193,1.85,0.304706,5.28343,0.59,1.23318
PGCC G345.76+7.53,249.24197389,-35.96815889,7.58141,1.26,-1.29389,6.03985,,
PGCC G228.22+0.72,110.61525694,-13.23331694,9.72966,1.39,0.165596,6.99386,0.288403,0.692044
PGCC G149.98+17.31,87.05506111,63.17638389,12.4287,2.1,0.765752,5.92764,0.207014,0.516869
PGCC G157.27-2.82,66.159195,45.361855,9.19959,1.71,-0.810945,5.38829,0.5,1.02402
PGCC G176.10+4.28,88.37455694,34.48096806,18.5842,3.45,1.46217,5.38679,,
PGCC G3.01-0.07,268.22653194,-26.39347806,,,,,,
PGCC G44.98-23.60,309.191925,-0.70880694,,,,,0.30761,
PGCC G355.19+14.59,249.996735,-24.35128,,,,,0.12,
PGCC G110.00-0.28,346.34545889,59.90107694,,,,,5.07,
PGCC G99.49+0.09,329.20892306,54.809235,11.9832,1.58,-0.113126,7.59887,6.88,19.0975
PGCC G174.32+4.30,87.30367306,36.01432389,10.1296,1.69,0.033397,5.98552,0.52,1.17782
PGCC G181.85-15.45,73.51627306,18.745855,11.312,2.21,0.44084,5.12603,,
PGCC G192.72-13.15,81.58234389,11.28315194,8.02713,1.54,-0.640061,5.22447,0.4,0.753508
PGCC G102.89+8.37,323.81198111,63.32778889,14.0885,2.58,-0.553609,5.45482,0.4,1.02002
PGCC G181.11+7.74,94.86037389,31.76393889,11.1358,2.02,0.094464,5.50572,,
PGCC G3.06+19.99,250.4272,-15.111195,9.06151,1.93,0.182904,4.70357,0.12,0.227888
PGCC G159.40-30.96,46.28349306,22.28742389,12.6029,2.52,-0.71357,4.99434,0.14,0.323094
PGCC G108.11-9.08,349.16449,51.03906611,,,,,,
PGCC G359.98+11.19,256.05020111,-22.73238389,10.6844,2.47,-0.60831,4.32861,0.12,0.237387
PGCC G110.50-0.46,347.40924111,59.93177806,11.7633,2.03,-0.808467,5.80452,4.09,
PGCC G221.30-2.74,104.23987611,-8.698255,12.2014,2.79,-0.959653,4.37657,3.16,6.71717
PGCC G303.53-12.42,195.17030306,-75.28046389,10.2263,2,0.388043,5.11828,,
PGCC G144.40-6.82,47.44846,50.19027306,,,,,,
PGCC G223.02-5.11,102.87421389,-11.29295306,9.89315,2.73,-0.529244,3.61884,,
PGCC G146.61+40.47,143.24839806,66.34955611,7.84009,1.37,-1.03788,5.74302,0.35,0.683165
PGCC G235.49-1.71,111.98191806,-20.78869806,8.49932,1.3,1.05187,6.53735,4.88,10.5813
PGCC G90.14+2.74,315.03125,50.27278111,12.7541,2.27,-0.517102,5.6087,,
PGCC G54.70+6.87,286.66433694,22.46970889,11.5225,1.82,-1.19976,6.33793,-1.1,
PGCC G160.26-19.79,54.46442806,30.76190611,8.59867,2.04,0.234005,4.22119,0.14,0.245351
PGCC G210.26-17.23,86.29105389,-5.47998194,15.4084,3.09,-0.511758,4.98033,0.415,1.05751
PGCC G167.74-16.47,63.08368694,28.43986694,,,,,0.14,
PGCC G218.28-11.26,95.15270194,-9.81401694,11.5328,2.09,-1.42986,5.52955,0.415,0.964024
PGCC G304.98-18.43,205.51687611,-81.10324889,11.3024,1.75,0.971948,6.47063,,
PGCC G75.31-4.37,309.79693611,34.28664,7.76095,1.27,0.879529,6.132,-1.21,
PGCC G189.23-37.05,59.81352194,0.61790111,,,,,,
PGCC G307.10+6.18,200.37512194,-56.44602611,13.7381,1.99,-1.18766,6.9075,0.61,1.72855
PGCC G64.52-0.70,299.20205694,27.42289389,8.63641,1.53,0.522046,5.63114,,
PGCC G174.84-24.83,61.48784611,17.870625,,,,,,
PGCC G173.25-13.76,69.37515306,26.32750111,7.01111,1.85,-0.031067,3.79668,0.23,0.345183
PGCC G169.70-11.35,68.88352194,30.52585194,15.8554,3.95,-0.217585,4.01857,,
PGCC G171.44-8.43,72.77349889,31.09051694,15.4325,3.32,-0.420514,4.64172,0.23,0.566256
PGCC G149.00+2.35,62.52592111,54.83552611,,,,,0.175388,
PGCC G157.55-14.95,55.68827389,36.15300389,9.29742,1.43,-0.566988,6.49867,0.14,0.316554
PGCC G137.59-9.42,36.118435,50.780415,,,,,,
PGCC G141.86-10.05,41.69827306,48.53357694,9.4564,1.19,-0.478547,7.94598,,
PGCC G15.24-2.54,276.92520111,-16.88599389,10.0342,1.68,-0.615957,5.9803,-2.05,
PGCC G208.62-2.87,98.33219889,2.52468194,7.1851,1.94,-0.905912,3.7079,,
PGCC G172.02-6.32,75.13961806,31.94440111,,,,,0.23,
PGCC G118.92-6.57,5.70554611,56.07506194,15.924,3.36,-0.226475,4.73438,,
PGCC G135.18+6.36,44.33962194,66.19129889,10.3121,1.55,1.39589,6.66096,-1.04,
PGCC G121.84+21.68,2.26803889,84.46642306,9.73713,1.35,-0.086226,7.1879,0.38,0.924756
PGCC G263.48-2.22,129.41713,-44.77314806,10.6768,1.73,1.44924,6.17136,,
PGCC G176.43-0.66,83.56047111,31.61424806,13.6369,2.7,-1.07634,5.04552,3.05,7.35932
PGCC G244.59+0.92,119.45327,-27.37296111,11.5967,1.78,-1.26896,6.52005,,
PGCC G302.74-13.92,192.040085,-76.79012306,,,,,0.17,
PGCC G218.74-0.44,105.12462611,-5.37185389,8.44933,1.17,0.744059,7.20705,,
PGCC G288.03+2.05,164.29824806,-57.48063694,9.55571,1.32,-0.155989,7.23983,,
PGCC G139.74+10.51,59.66691611,67.05252111,9.61068,1.82,0.008465,5.27669,,
PGCC G242.55-11.60,105.66439111,-31.50435806,14.783,2.62,-1.46133,5.6439,,
PGCC G168.18-15.61,64.12464111,28.73061806,8.12971,2.09,-0.538167,3.88622,0.14,0.228905
PGCC G105.81-0.63,339.39340194,57.72373611,10.3842,1.63,-1.40119,6.3653,0.89,2.10481
PGCC G302.72+4.66,192.45855694,-58.20834,8.99848,1.97,0.525818,4.56408,,
PGCC G250.26+0.30,122.32749889,-32.49959889,14.0137,2.31,1.55467,6.0544,,
PGCC G300.88-11.27,185.52700806,-74.02172889,14.9832,2.08,-0.946343,7.21097,0.37,1.11874
PGCC G141.90+3.44,53.56607111,60.17262611,8.14463,1.36,-0.387062,6.00531,,
PGCC G123.55-6.43,13.97405389,56.43627194,8.64838,1.95,-0.653761,4.42615,,
PGCC G165.55-15.17,62.43160194,30.85302389,15.2139,3.41,-0.394579,4.45767,0.14,0.335374
PGCC G27.14+4.84,275.90100111,-2.91981111,11.778,1.98,-0.85063,5.95337,0.26,0.633311
PGCC G230.65+3.47,114.29759194,-14.04617,,,,,,
PGCC G273.27+2.45,144.127075,-48.85997,8.78731,1.63,0.649956,5.40686,0.45,0.902276
PGCC G16.08+16.77,260.15905806,-6.63045806,8.79706,1.63,-0.204627,5.40726,,
PGCC G7.09-2.58,272.86721806,-24.08260306,11.2301,3.22,0.243191,3.48279,1.07,1.94656
PGCC G0.99+18.08,250.78501889,-17.82541694,11.9724,2.5,0.608729,4.78831,,
PGCC G274.85+5.23,148.641785,-47.75914,10.5094,2,1.06107,5.26153,0.47,1.01665
PGCC G117.03+16.78,343.79791306,78.29891194,,,,,,
PGCC G107.12+16.96,314.41085806,72.18754611,,,,,,
PGCC G247.20-12.59,106.87339806,-36.04453694,10.9109,1.89,-0.384969,5.77646,,
PGCC G275.74-9.22,132.607315,-58.70257889,9.59409,1.18,-0.320194,8.11767,,
PGCC G207.20+24.60,122.84667194,15.70646889,13.6115,2.8,-0.491696,4.8562,,
PGCC G83.20+16.59,290.48501611,51.82321889,11.4089,2.38,-0.136362,4.80316,,
PGCC G301.39-16.22,185.06393389,-78.99710111,8.87978,2,0.117001,4.44204,0.17,0.310576
PGCC G272.15+1.86,142.28164694,-48.54339611,7.49307,1.91,1.26352,3.91968,0.92,1.45034
PGCC G225.38-0.29,108.34854889,-11.19894806,15.0275,1.7,-0.271606,8.81891,1.14,3.81754
PGCC G293.60-17.60,148.80429111,-77.15416694,10.4218,1.95,-0.132323,5.33798,,
PGCC G304.17-24.09,213.27305611,-86.76600611,,,,,,
PGCC G211.76+1.09,103.29572306,1.53893806,8.30864,1.78,-0.399302,4.66026,5.01,9.06848
PGCC G248.43+21.21,139.70832806,-18.47156111,13.4946,3.71,-1.46514,3.63618,,
PGCC G34.50+0.27,283.33190889,1.52214306,5.71929,1.98,0.457006,2.88848,3.09,3.65334
PGCC G57.65-8.96,302.87951694,17.25202611,12.5141,2.59,-1.41755,4.82688,,
PGCC G296.91-15.15,166.60665889,-76.77464306,8.225,1.7,1.02726,4.84483,0.17,0.312164
PGCC G57.45-9.18,302.96981806,16.96737694,11.897,2.04,0.897661,5.84085,,
PGCC G340.20-0.22,252.17244,-45.23571,,,,,5.79,
PGCC G340.91-8.11,262.148315,-49.359005,12.9354,2.8,0.958436,4.62088,,
PGCC G25.64+1.12,278.52145389,-5.96965194,,,,,,
PGCC G21.03+20.64,259.17526194,-0.6363,8.43236,1.37,-1.17708,6.14405,,
PGCC G264.95+2.03,135.28175389,-43.22792111,6.84031,1.11,0.882593,6.1722,,
PGCC G267.94-9.98,123.58750889,-52.854095,13.3908,2.44,0.76013,5.48269,,
PGCC G217.17+0.02,104.81257611,-3.76648694,7.52475,1.15,0.063933,6.55911,,
PGCC G265.54-9.79,121.81981694,-50.746185,13.4571,1.77,1.19275,7.60154,0.31,0.912043
PGCC G253.09-2.12,121.71505,-36.18530694,7.90655,1.72,-0.816275,4.59862,,
PGCC G344.66-3.65,259.78280611,-43.77939194,6.02368,1.06,-0.370114,5.70343,,
PGCC G328.82+2.73,236.82304389,-51.08354611,10.4863,1.57,0.799728,6.68399,,
PGCC G6.01+36.27,238.90986611,-3.16344611,9.63613,1.42,0.469203,6.80809,,
PGCC G247.99+1.56,122.12346611,-29.91086389,7.24951,1.49,-1.14647,4.85935,,
PGCC G346.63-9.71,268.46392806,-45.33077194,16.275299,3.65,0.302415,4.45525,,
PGCC G90.45+4.48,313.24490389,51.63534889,8.67108,1.24,-0.160792,6.98096,,
PGCC G88.43+10.94,302.64950611,53.77047306,15.2587,2.15,1.28562,7.11331,,
PGCC G267.95-9.95,123.63810694,-52.84990694,13.164,2.08,0.970223,6.33163,0.53,1.40752
PGCC G78.62+6.55,300.641815,43.21165111,14.2703,2.31,1.23073,6.1683,,
PGCC G221.69-6.59,100.92307306,-10.77987611,13.4394,3.04,-0.372613,4.42254,0.58,1.30071
PGCC G166.83-8.68,69.03675806,34.41184194,6.0607,1.56,-0.420483,3.88683,0.14,0.197658
PGCC G153.70+5.84,72.40925611,53.81429694,6.76424,1.09,0.91734,6.23366,0.42,0.793335
PGCC G224.67-0.43,107.88109611,-10.63097194,10.7426,3.25,0.948756,3.30925,,
PGCC G341.85+22.33,233.95228611,-27.86002306,10.0218,2.13,0.90127,4.70468,,
PGCC G125.11+32.55,174.19644194,84.25473,9.80011,2.11,0.075134,4.65152,,
PGCC G105.82+3.89,334.76037611,61.59235,8.11937,2.11,-1.29382,3.845,0.56,0.910173
PGCC G233.53-7.82,105.19595306,-21.85686694,7.85487,1.31,-0.274972,5.99424,,
PGCC G355.67-2.14,265.89172389,-33.74499111,15.2786,2.62,0.452786,5.84262,,
PGCC G218.46-14.55,92.21647611,-11.38833889,12.8812,1.79,0.275963,7.17648,,
PGCC G28.48+0.21,280.641785,-3.87055194,,,,,4.69,
PGCC G230.74+4.22,115.01670806,-13.76389,18.385201,2.51,-0.432977,7.3121,,
PGCC G145.31-3.23,51.76110111,52.74667694,12.9528,2.23,-1.1348,5.80974,-0.68,
PGCC G271.46+22.21,158.09918194,-32.03307694,11.2658,1.73,0.054916,6.51791,,
PGCC G93.29+8.88,310.34121694,56.57240306,7.88582,1.53,1.18585,5.17078,0.144544,0.26849
PGCC G155.86-14.62,54.34195694,37.42887111,10.0145,2.15,0.609288,4.64858,0.35,
PGCC G67.03-2.97,302.88220194,28.33846306,16.9802,2.64,-0.055634,6.42391,,
PGCC G340.05+6.03,245.68585194,-41.12996306,12.9422,1.9,0.493556,6.82069,,
PGCC G168.64-1.60,77.23951,37.48700306,13.6481,2.53,0.565236,5.40021,,
PGCC G104.55+0.32,336.45709194,57.894165,,,,,5.89,
PGCC G181.13-13.18,75.02581,20.65361389,8.3883,1.56,-0.712466,5.37142,,
PGCC G204.50-21.90,79.62909694,-2.80478389,17.0947,2.32,-0.909392,7.35282,,
PGCC G296.68-3.97,177.30874611,-66.08644889,7.53542,2.21,0.835033,3.41474,-1.76,
PGCC G190.65-3.98,88.61462389,17.75770194,7.68513,1.54,-0.962918,4.97615,,
PGCC G157.81-2.44,67.08100111,45.23729306,,,,,2.5,
PGCC G161.89-32.80,46.972725,19.55264694,10.6796,2.53,-0.548768,4.2217,0.192309,0.37562
PGCC G275.21-36.81,73.43773694,-64.68591306,6.22844,1.49,-0.087655,4.19245,,
PGCC G299.63-3.61,184.64065611,-66.26706694,14.7206,2.36,0.58145,6.23399,,
PGCC G175.32-15.76,69.10413389,23.51007694,9.45295,2.11,-0.258193,4.48535,0.23,0.435649
PGCC G159.00-43.89,38.52960611,11.67199306,7.9387,1.88,-0.856551,4.22262,,
PGCC G172.65-11.08,71.26822694,28.49275806,8.74931,1.86,-0.454033,4.698,0.23,0.428941
PGCC G323.01+7.66,224.93052694,-50.14498111,11.4025,2.02,1.04554,5.65591,-1.03,
PGCC G298.72+3.73,184.70054611,-58.87483611,14.9864,2.58,1.01726,5.80591,,
PGCC G18.17-6.05,281.56079111,-15.87523306,15.4866,3.24,0.483563,4.78098,,
PGCC G103.84+7.35,326.88638306,63.18563806,,,,,-0.82,
PGCC G152.35+8.52,74.61227389,56.53998611,12.7758,1.77,-1.46107,7.22719,,
PGCC G111.11+12.09,334.16177389,71.31518611,9.55698,1.91,0.41196,5.00823,0.236592,0.476134
PGCC G159.17-9.00,62.14521,39.61331889,13.5847,2.15,-0.160156,6.33008,0.14,
PGCC G98.11+14.59,306.30734306,63.71199389,10.8382,1.93,-0.21289,5.62249,,
PGCC G216.70-3.74,101.24128,-5.05745889,6.29908,1.04,-0.255917,6.04975,,
PGCC G356.08+0.70,263.30401611,-31.88041694,7.78153,1.57,-0.724308,4.94229,,
PGCC G301.52-24.23,168.820145,-86.82894889,17.3055,4.31,-0.171851,4.01225,,
PGCC G290.07-7.94,158.07663,-67.27053806,15.866,2.73,-1.29767,5.8021,,
PGCC G315.47-29.43,297.56124889,-78.725655,8.95566,2.4,0.132352,3.72529,,
PGCC G340.55+13.02,239.97241194,-35.73499306,6.66394,1.82,0.434808,3.66424,,
PGCC G99.31+0.70,328.30590806,55.17526611,10.3302,1.58,0.678924,6.54771,,
PGCC G109.07+2.67,342.01559389,62.17833694,7.40031,1.61,-1.38251,4.60041,0.130617,0.221692
PGCC G151.55+4.98,68.89308194,54.87600306,6.51399,1.19,-0.043215,5.4724,0.47,0.816275
PGCC G91.67-38.10,347.35336306,18.49995,9.17012,2.11,-1.21518,4.35556,0.226986,0.417287
PGCC G266.05+4.31,138.59808306,-42.50414694,8.14759,1.6,-1.01336,5.09687,0.8,1.49963
PGCC G46.59-7.59,295.96252389,8.51731611,8.13791,1.59,-0.284914,5.12826,0.5,0.93959
PGCC G82.39-1.84,312.84631306,41.40550194,9.74028,2.11,-0.435494,4.60682,2.03,3.95557
PGCC G125.18+30.28,161.33735694,86.28340889,13.6947,2.13,-0.505232,6.44149,,
PGCC G116.79+5.32,356.74813806,67.41747306,6.15432,1.12,-0.071838,5.47747,,
PGCC G3.58+35.36,238.40649389,-5.26858806,,,,,,
PGCC G102.24-28.73,351.73669389,30.72196611,9.58661,2.18,1.13272,4.40597,,
PGCC G182.24-14.83,74.28054,18.81165694,12.5692,1.79,-1.53797,7.00782,0.23,0.627913
PGCC G70.91+13.94,287.18884306,39.89078111,,,,,0.487529,
PGCC G165.61+4.37,81.34227,43.40487306,,,,,,
PGCC G258.23-16.05,108.39155611,-47.22273306,8.25632,1.45,-0.869939,5.67795,,
PGCC G90.95-37.31,346.414825,18.90989111,8.1858,1.21,-1.35796,6.7457,,
PGCC G139.05+7.87,54.23709111,65.42044806,11.7645,1.93,-1.55127,6.1026,,
PGCC G112.60+16.28,329.31613194,75.532585,12.6641,2.38,-1.46009,5.31319,,
PGCC G277.01+1.68,147.795685,-51.88167611,,,,,,
PGCC G17.15-2.59,277.88525389,-15.21154389,11.6923,1.87,0.836506,6.26724,,
PGCC G52.08-15.19,305.353485,9.33279194,,,,,,
PGCC G99.11-2.33,331.15954611,52.65044,9.11393,1.51,-1.23872,6.03363,,
PGCC G112.92+6.23,346.5737,67.03903194,6.56858,1.49,1.53887,4.39469,,
PGCC G102.57+19.14,301.69232194,69.67466694,,,,,,
PGCC G203.97+2.13,100.657455,8.94048,10.2894,1.6,0.368896,6.42662,0.762079,1.80266
PGCC G302.98+1.34,192.96238694,-61.52870889,,,,,,
PGCC G316.54-5.20,225.87027,-64.52692389,8.45081,1.86,-1.32974,4.54692,,
PGCC G51.20+3.91,287.79867611,18.024405,9.27087,1.72,-0.146984,5.37703,0.156315,0.32104
PGCC G246.93-6.90,112.93417389,-33.29127111,10.9718,2.47,-1.19893,4.44418,,
PGCC G14.71-0.19,274.49935889,-16.24476806,9.08994,1.8,0.246723,5.0376,,
PGCC G347.98-3.00,261.57885694,-40.67816194,10.043,1.46,-0.123893,6.86113,,
PGCC G335.04+19.14,230.26014694,-34.24035306,11.5243,2.85,0.982315,4.04717,,
PGCC G169.66-42.53,45.68070194,8.12055111,16.139799,1.86,1.18234,8.69629,,
PGCC G296.10+12.10,182.392365,-50.21736111,12.1141,1.89,0.336097,6.41477,,
PGCC G111.30-1.42,349.58718889,59.33184389,7.23957,1.58,-1.40795,4.57432,4.11,
PGCC G96.61-0.07,325.59970111,52.85664694,6.05282,1.84,1.248,3.28243,,
PGCC G297.90-11.70,174.87399306,-73.86622611,,,,,0.17,
PGCC G168.18-3.43,75.06513194,36.73747611,10.7718,2.63,-0.394691,4.09838,0.14,0.270585
PGCC G292.53+2.28,172.39619389,-58.93328111,11.2319,1.92,1.28371,5.84753,,
PGCC G193.32-26.42,70.56662806,3.70822694,,,,,,
PGCC G148.49+9.50,71.54148889,60.12772389,12.3287,2.08,-0.360418,5.93368,0.37,0.920556
PGCC G121.28+25.95,321.10537694,88.11087806,12.4193,2.57,-0.17022,4.83433,0.38,0.856498
PGCC G125.15+12.47,21.35812611,75.19101694,9.94344,1.65,0.972527,6.01022,,
PGCC G14.03-7.09,280.61593611,-20.02367389,10.2567,1.96,0.223493,5.23126,-1.48,
PGCC G297.52+5.96,183.06514,-56.49971389,10.9577,1.64,0.941537,6.68114,,
PGCC G347.44-3.99,262.28933694,-41.67715111,15.0422,2.64,0.657324,5.69036,,
PGCC G336.67+23.43,228.85070806,-29.85267111,8.44186,2.02,0.737524,4.17571,,
PGCC G147.96-5.62,53.05459194,49.27482194,13.3025,2.84,-0.493455,4.67871,0.47,1.07859
PGCC G359.54-0.22,266.34854111,-29.44625111,,,,,,
PGCC G93.86+11.31,307.2677,58.45013,13.7756,2.91,-1.14492,4.73121,0.291072,0.683547
PGCC G94.38-32.43,346.52981611,24.53688389,13.3171,2.96,1.41971,4.49907,0.194984,0.439029
PGCC G171.49+1.02,81.979935,36.65460194,11.2296,1.95,-0.965484,5.74519,,
PGCC G162.00-4.67,68.76422889,40.66118611,11.6061,2.29,-0.600174,5.05868,0.28,0.624089
PGCC G175.72-9.70,74.609375,26.97946389,6.99259,1.1,0.523626,6.33823,0.23,0.445408
PGCC G126.25-1.25,19.82244694,61.44220389,,,,,0.82,
PGCC G122.21+26.76,312.46960389,89.25342611,11.9738,2.5,0.197078,4.78864,0.38,0.837013
PGCC G99.78+15.02,307.51416,65.30681611,9.60624,1.54,-0.622544,6.25149,,
PGCC G233.10-3.85,108.77403306,-19.679045,15.8165,2.4,-0.437815,6.59854,,
PGCC G318.36+1.14,223.05538889,-58.069485,12.8566,2.49,-0.801944,5.16716,,
PGCC G337.80+10.27,239.73477194,-39.58447611,11.8227,1.69,-0.149244,6.98075,0.39,1.03062
PGCC G121.75-8.73,10.86553111,54.12841389,,,,,,
PGCC G192.71-2.94,90.63785611,16.49163806,5.11524,1.57,-0.370781,3.2544,,
PGCC G89.69-3.08,320.92404194,45.956165,,,,,-1.09,
PGCC G16.79+2.53,273.04641694,-13.12575389,7.18282,1.09,-1.21337,6.60909,,
PGCC G201.78-1.70,96.19946306,9.12410889,13.169,2.22,-0.202474,5.9189,0.469894,1.20677
PGCC G313.87-28.20,291.67410306,-80.25425694,9.13572,1.05,-1.06723,8.69075,,
PGCC G208.35-18.74,84.10684194,-4.53698389,,,,,0.415,
PGCC G252.49+0.11,123.61062611,-34.46358111,,,,,,
PGCC G331.24+5.99,236.64563,-47.02833611,10.6946,1.57,1.47957,6.81004,-1.64,
PGCC G214.40-6.36,97.85326389,-4.20109694,9.69166,1.58,0.561637,6.13207,,
PGCC G110.88-2.53,349.57858306,58.14244111,16.844101,4.01,1.50112,4.19771,3,
PGCC G345.71+2.24,254.30361889,-39.41342889,6.4335,1.46,1.10352,4.4055,,
PGCC G260.55+10.05,139.12683111,-34.58863389,9.79605,1.43,-0.88083,6.82797,,
PGCC G164.19-8.00,67.50911694,36.80683111,7.40964,1.22,1.21249,6.06215,0.42,
PGCC G301.20-24.27,163.82972694,-86.74710111,10.912,3,0.455229,3.64238,,
PGCC G64.82-2.44,301.04086306,26.76069611,,,,,,
PGCC G144.38-4.13,49.66031306,52.49939,11.1863,1.55,1.15108,7.19803,0.5,1.30511
PGCC G26.76+5.44,275.19439694,-2.98004889,9.34875,1.27,1.15515,7.3903,0.26,0.628649
PGCC G190.47-4.05,88.46550806,17.88056194,8.0871,1.99,-1.51697,4.07163,,
PGCC G144.59-1.20,52.69603,54.82494694,15.113,2.54,0.495924,5.94362,,
PGCC G14.35+3.96,270.54696694,-14.565575,,,,,-2.03,
PGCC G248.67-1.92,119.10530889,-32.33482389,8.06482,1.64,-0.162042,4.93173,,
PGCC G149.04-3.05,56.78914611,50.69137194,15.0541,2.91,-0.11678,5.17263,0.56,1.43747
PGCC G110.20+14.35,327.418335,72.56342306,8.37009,1.34,-0.555782,6.24254,0.207014,0.435283
PGCC G9.87+19.64,254.51756306,-10.08144889,9.81541,1.29,-1.42176,7.63336,0.12,
PGCC G297.94-13.00,173.575485,-75.11773694,9.2429,1.81,0.958239,5.1167,0.15,0.300066
PGCC G11.45-1.38,273.969025,-19.68456306,,,,,,
PGCC G157.67-13.84,56.67087611,36.9468,10.6349,3.14,-0.761256,3.38393,,
PGCC G168.84+0.86,79.92392694,38.75614194,5.71475,1.07,-0.799271,5.31854,4.36,6.99211
PGCC G96.16+8.26,314.53881806,58.41069,6.07825,1.14,-1.14685,5.31995,-0.79,
PGCC G185.35-22.02,70.06793194,12.17985806,7.50162,1.36,-0.187844,5.50558,,
PGCC G174.23+2.23,85.06398,35.01807389,17.3528,3.39,-1.40145,5.11325,,
PGCC G90.28-39.87,347.28610194,16.42526194,11.5642,1.7,-1.36093,6.80558,0.275423,0.710751
PGCC G276.35-4.98,139.28781111,-56.358875,12.5359,2.55,1.09769,4.9181,,
PGCC G98.26+17.80,299.99023389,65.42601,,,,,,
PGCC G169.45-10.55,69.39440194,31.23726111,10.9321,1.88,0.004148,5.82863,0.14,0.32508
PGCC G116.01+4.21,355.56710806,66.14981111,11.9685,1.88,-0.486663,6.35835,,
PGCC G358.17+19.55,247.82611111,-19.003405,8.95465,1.66,1.02156,5.39304,0.12,0.242577
PGCC G275.22-4.88,138.03434806,-55.46635806,12.4654,1.57,0.740073,7.93576,,
PGCC G25.40+6.38,273.73016389,-3.74598389,10.7498,1.91,-0.054249,5.63645,,
PGCC G70.40+13.50,287.45275889,39.262535,,,,,0.240991,
PGCC G309.15-23.26,249.70979306,-83.16840389,,,,,,
PGCC G78.08-0.65,308.16369611,38.73609194,6.4503,1.15,-0.377006,5.63034,2.72,4.76818
PGCC G300.20-24.22,151.93850694,-86.19092611,11.4785,3.62,0.085171,3.16695,,
PGCC G198.91+13.31,108.74817694,18.34902389,11.7097,1.4,-0.016769,8.38257,,
PGCC G173.96-22.87,62.43933111,19.78664389,11.0634,2.14,-0.066774,5.16004,0.23,0.505504
PGCC G110.79-3.20,349.858765,57.48373389,15.8706,2.56,-1.51561,6.19143,0.212814,0.613648
PGCC G23.22-0.38,278.74411,-8.80871194,6.43341,2.65,0.311016,2.42504,4.49,5.15884
PGCC G342.14+23.30,233.49162306,-26.93789111,8.1043,1.4,0.015564,5.77729,,
PGCC G28.17+29.68,254.183975,9.29742194,,,,,,
PGCC G336.70+2.89,245.52914389,-45.71494306,5.76431,1.6,0.27553,3.59151,,
PGCC G296.54-16.12,163.23767111,-77.49552889,11.4136,1.95,-1.41601,5.85408,0.17,0.404218
PGCC G295.18-5.73,172.45256,-67.36853806,18.591499,3.52,0.525978,5.2882,-1.01,
PGCC G212.53+7.45,109.31260694,3.74712306,13.1019,3.16,-0.722972,4.14354,,
PGCC G255.65-4.29,121.12821194,-39.51111611,,,,,-1.75,
PGCC G156.60-14.94,54.79963694,36.73499694,,,,,0.14,
PGCC G126.47-70.26,14.06435694,-7.41917194,,,,,,
PGCC G239.02+1.66,117.00231194,-22.20896111,,,,,,
PGCC G23.51+8.05,271.37121611,-4.60799611,7.47321,1.44,0.39191,5.18692,,
PGCC G229.92-7.05,104.24846611,-18.30365889,,,,,0.134896,
PGCC G337.36+16.44,234.37425194,-35.0952,7.53149,1.09,0.453146,6.89107,0.39,0.817288
PGCC G316.15-12.09,234.93858306,-70.51384,11.5911,2.44,0.105828,4.74568,,
PGCC G136.36+11.78,54.85169611,70.13685611,11.3255,2.19,-0.563634,5.17921,,
PGCC G174.51+3.76,86.845795,35.57992194,6.3916,1.1,1.30849,5.81677,,
PGCC G148.23+11.43,74.333435,61.53088806,,,,,0.55,
PGCC G173.10-39.82,49.45922111,8.38648111,13.9228,2.42,-0.785125,5.75614,,
PGCC G154.65-14.51,53.23234611,38.21802889,6.007,1.08,0.413468,5.55514,,
PGCC G131.76-0.67,31.27357306,60.93781694,12.7482,2.39,-1.06146,5.33563,,
PGCC G228.51-6.93,103.70866389,-16.99675889,8.65745,1.85,-0.408649,4.68348,0.5,0.926138
PGCC G227.38-9.06,101.19844111,-16.92347694,7.20893,1.53,-0.802999,4.72296,,
PGCC G334.76+19.02,230.083405,-34.48744611,11.2855,2.51,0.58387,4.49134,,
PGCC G177.10+6.18,90.98152194,34.54166806,5.94604,1.38,-0.761561,4.29376,0.283139,0.416158
PGCC G177.75-39.62,52.13126806,5.97925611,8.17093,1.41,-0.892984,5.79071,0.300608,0.60149
PGCC G352.33-0.97,262.51217694,-35.932465,7.6599,1.45,0.142326,5.26572,,
PGCC G340.76-1.97,254.60827611,-45.90510194,7.2027,1.51,0.862724,4.75678,,
PGCC G306.34-1.40,200.67572,-64.06344611,,,,,,
PGCC G16.42-0.63,275.73364306,-14.94792,12.8881,3,-0.325456,4.29822,5.41,11.7128
PGCC G170.49-4.93,75.33663889,34.00322694,,,,,,
PGCC G178.62+0.56,86.13152306,30.40397111,15.6901,2.9,-0.430989,5.41278,0.176198,0.472336
PGCC G111.86+11.19,337.59268194,70.96182306,,,,,,
PGCC G190.18-2.45,89.76886694,18.92928889,11.6599,1.58,0.872611,7.39662,0.58,1.56682
PGCC G87.46-41.56,346.29257194,13.88005611,12.7472,1.76,-1.21555,7.25671,0.275423,0.770557
PGCC G336.56+16.97,233.24177611,-35.14851806,6.71475,1.18,0.59454,5.69215,,
PGCC G356.12-2.41,266.45043889,-33.49774889,9.355,2.1,0.706959,4.44998,,
PGCC G168.49-20.54,60.42495694,25.05559,9.46622,1.45,-0.10617,6.54031,,
PGCC G157.56+0.67,70.15914889,47.52292306,17.326799,3.08,-0.679254,5.63039,,
PGCC G201.49+2.44,99.79151194,11.28828306,11.8424,1.79,-0.92821,6.59809,0.54,1.38851
PGCC G160.03+1.82,73.78714806,46.38190111,6.78325,1.22,0.692172,5.54074,0.59,1.05216
PGCC G350.11-1.05,261.04129,-37.82211306,7.8185,1.35,-1.43115,5.79148,4.57,8.94539
PGCC G290.40-5.41,161.83912694,-65.22206111,11.5978,2.41,1.24492,4.81889,0.45,0.978591
PGCC G252.31-1.49,121.85291306,-35.19046,8.97709,1.54,-0.597213,5.82182,,
PGCC G229.53-6.86,104.24227889,-17.86801889,,,,,0.116413,
PGCC G39.74+4.23,282.18283111,7.97919306,10.8999,2.23,1.00172,4.8958,,
PGCC G144.16+6.43,60.95999111,61.09621389,15.9331,3.73,-0.992384,4.27282,,
PGCC G241.35+2.52,119.09645111,-23.77037194,,,,,,
PGCC G19.95-0.82,277.60022,-11.91709806,7.66833,1.19,-1.47259,6.43834,3.5,7.15372
PGCC G108.54+6.04,337.30075111,64.85605611,,,,,0.79,
PGCC G209.04-34.09,70.45459694,-11.85681194,16.0686,1.55,1.18762,10.3392,,
PGCC G260.56-7.06,121.44547306,-45.12427889,15.6778,2.89,-0.106731,5.4211,,
PGCC G131.79-0.73,31.30277306,60.86895,,,,,0.77,
PGCC G27.69+7.98,273.37344389,-0.98830694,6.87159,1.36,-0.849724,5.04606,0.31,0.530998
PGCC G71.73-7.08,309.80981389,29.80813806,10.1387,1.46,0.891119,6.94787,0.44,1.07423
PGCC G142.18+23.35,94.8778,72.20780194,13.2077,2.67,-0.526938,4.94163,0.2,0.470009
PGCC G332.19+2.24,241.34632889,-49.29065306,6.65026,1.55,0.606652,4.27723,2.62,4.0647
PGCC G150.58+9.48,74.04068806,58.50769389,,,,,0.29,
PGCC G98.07-0.21,327.62747194,53.69540806,18.0196,3.63,-0.67928,4.95974,,
PGCC G297.27-21.33,149.949615,-82.24144694,10.2601,1.09,-0.590712,9.39558,,
PGCC G86.87-42.22,346.2724,13.08175694,10.4917,1.2,-0.995004,8.73121,0.231206,0.643704
PGCC G105.85-21.00,352.15527306,39.11300694,16.158701,2.94,-1.42227,5.49938,,
PGCC G329.74+1.34,239.374115,-51.57301694,,,,,,
PGCC G7.17+0.75,269.74133306,-22.38307389,13.5702,2.44,0.029622,5.55171,,
PGCC G281.18-5.46,145.25499,-60.02845389,10.5031,2.03,0.618999,5.18314,,
PGCC G217.61-13.30,92.99884806,-10.11003,7.40217,1.51,-0.671135,4.91338,0.415,0.728022
PGCC G127.10-1.95,21.37728306,60.646755,10.2301,2.15,-0.802216,4.75417,,
PGCC G317.69+2.36,220.93057306,-57.25860194,7.48839,1.29,-0.826103,5.81646,,
PGCC G121.11+22.94,351.00286889,85.49659694,7.48501,1.37,0.064399,5.45289,0.38,0.706187
PGCC G125.35-7.21,17.09924306,55.58134806,13.363,2.33,-1.26977,5.74286,,
PGCC G167.58-6.64,71.51684611,35.18535194,7.87128,1.19,1.35748,6.61487,0.14,0.293858
PGCC G263.95+1.03,133.35183694,-43.12253611,7.20989,1.84,-1.28497,3.91162,2.9,4.47989
PGCC G264.50-6.45,125.29062694,-48.06625694,9.68501,1.68,1.37504,5.7677,,
PGCC G317.90-0.26,223.46923806,-59.52451306,6.77832,1.61,1.01453,4.21942,,
PGCC G11.08-0.53,272.99081389,-19.60350194,6.82367,1.19,-0.638551,5.7454,4.84,8.81538
PGCC G121.48-7.21,10.314255,55.632225,10.2464,1.71,-1.25806,5.98521,,
PGCC G45.77-33.42,318.09155306,-4.93961889,,,,,,
PGCC G104.57+11.23,321.97058111,66.53015111,,,,,,
PGCC G294.83-17.50,153.349075,-77.806305,11.14,1.73,0.635827,6.43858,,
PGCC G45.90-5.99,294.20932,8.68715889,18.4382,2.62,1.51435,7.04509,,
PGCC G117.81+9.51,356.55462611,71.72975194,9.98804,1.14,-0.497853,8.7435,0.29,0.78833
PGCC G273.55+4.89,146.84063694,-47.20205306,11.6891,1.82,0.528056,6.4328,0.61,1.53867
PGCC G187.12-33.61,61.58781806,4.02757194,12.0996,1.68,1.51635,7.19011,,
PGCC G233.73-12.65,100.545265,-24.09021889,11.2143,1.78,0.319116,6.31273,,
PGCC G342.06-1.06,254.73931889,-44.32086889,10.4437,1.66,0.455646,6.27473,5.14,12.1036
PGCC G110.64+19.03,315.94018611,76.10633111,5.52802,1.18,-0.02713,4.69514,0.21677,0.321244
PGCC G76.39-18.61,323.05319194,25.75745389,18.5749,3,1.38166,6.19641,,
PGCC G101.62-27.06,350.40487694,32.06773806,10.9131,1.74,-0.942043,6.2686,,
PGCC G167.32-43.58,43.67424,8.41602611,,,,,,
PGCC G334.56+11.78,235.279495,-40.45204194,,,,,,
PGCC G336.05+20.52,230.24191306,-32.56349194,,,,,,
PGCC G103.43-4.13,338.81878694,53.50621,8.04576,1.37,0.391866,5.86642,,
PGCC G307.49+15.22,199.36337306,-47.42542611,17.3239,4.22,1.04232,4.10517,,
PGCC G332.34+2.35,241.39827,-49.11140806,,,,,,
PGCC G261.69-12.74,114.98809111,-48.87683111,9.72994,1.29,1.54151,7.57017,,
PGCC G187.67-4.92,86.1707,19.83220889,8.5243,1.89,-0.663206,4.50977,0.75,
PGCC G111.98-2.60,351.58328194,58.45139306,8.58281,1.47,0.191642,5.81994,,
PGCC G113.31+10.28,342.75705,70.86385306,,,,,,
PGCC G188.72-18.07,75.23220806,11.86647694,18.5786,3.39,-0.269031,5.47237,,
PGCC G146.46+17.26,83.344795,66.14036611,10.1207,1.69,-0.822802,5.9761,0.2,0.452451
PGCC G114.65-0.35,355.36132806,61.38724111,,,,,6.61,
PGCC G213.47-13.30,91.21579694,-6.48892694,11.7024,3.5,-0.355114,3.33973,0.415,0.754688
PGCC G178.73+0.47,86.09732806,30.26617806,,,,,0.176198,
PGCC G50.40-0.40,291.38555889,15.30356,8.37237,1.55,-1.45687,5.40103,0.162181,
PGCC G103.84+19.78,301.57153306,71.04016889,12.4403,2.06,0.982195,6.03908,,
PGCC G171.19-0.82,79.88419306,35.87034194,,,,,0.92,
PGCC G295.38+3.22,178.19238306,-58.790985,7.26072,1.03,-1.26728,7.08053,,
PGCC G171.82+1.86,83.08622694,36.846355,7.1272,1.11,-0.020813,6.40161,,
PGCC G357.03+15.60,250.37231389,-22.33469194,,,,,0.12,
PGCC G159.40-7.97,63.28735389,40.208485,12.1942,2.36,0.209139,5.17291,0.14,0.323444
PGCC G186.66-1.23,89.02204889,22.58173611,8.90434,1.74,-1.01543,5.10794,0.191426,0.375536
PGCC G336.61+5.17,243.179825,-44.14951306,9.1403,1.41,-1.04698,6.47615,-0.89,
PGCC G214.32-13.50,91.40489194,-7.319635,,,,,0.415,
PGCC G317.86+18.93,211.91185,-41.72235889,11.9844,2.25,0.238127,5.33349,,
PGCC G54.28+3.47,289.72485389,20.54937194,11.3936,2.01,0.341246,5.68251,,
PGCC G1.03-2.20,269.17321806,-29.173855,,,,,,
PGCC G76.08+0.16,305.83371,37.58657111,9.6808,2.2,0.57646,4.40665,3.57,6.78273
PGCC G165.56-14.86,62.69322194,31.05814889,,,,,0.74,
PGCC G129.90+11.85,37.39651889,73.382385,,,,,,
PGCC G313.42+5.43,211.71156306,-55.89533194,11.5263,1.84,0.266626,6.26773,0.47,1.16205
PGCC G266.07-6.16,126.99237806,-49.19067,9.86664,1.21,0.495729,8.13222,,
PGCC G153.29-25.68,44.45697806,29.63693,7.93106,1.85,-0.553777,4.29679,,
PGCC G124.42-1.84,15.91956389,60.99370611,13.3349,2.69,-0.06999,4.9565,5.39,12.7467
PGCC G207.37-1.19,99.25862111,4.40664111,11.514,3.38,-0.780417,3.41079,,
PGCC G341.44+23.53,232.77612306,-27.16037,6.51721,1.57,0.818918,4.14225,,
PGCC G77.50-10.65,317.23886111,31.97679889,10.1168,1.66,0.418176,6.07773,,
PGCC G150.44+9.22,73.47670694,58.4552,9.55529,1.7,-0.145012,5.63687,0.157761,0.336796
PGCC G49.23-1.32,291.65353389,13.84350889,11.0022,1.42,-1.47149,7.7311,0.095499,0.256205
PGCC G109.66-38.25,1.52921194,23.45181806,16.8617,4.04,-1.23362,4.17849,0.232274,0.567136
PGCC G105.43+11.03,323.86514306,66.97754694,7.43592,1.32,0.760298,5.61384,,
PGCC G133.80-5.29,32.43734,55.91744194,15.3091,2.74,-0.777372,5.5773,0.54,1.45147
PGCC G261.17-2.34,127.371605,-42.991325,10.657,1.8,1.54663,5.91363,2.55,5.88859
PGCC G171.52-4.65,76.354385,33.354225,,,,,-0.79,
PGCC G177.75-16.34,70.212425,21.33209611,13.8962,2.14,-1.3743,6.48668,0.211836,0.585041
PGCC G281.27-2.87,148.633865,-58.09292194,16.7402,2.97,1.49063,5.64254,,
PGCC G189.45-13.19,79.80770111,13.96005111,,,,,,
PGCC G216.68+1.65,106.0411,-2.5844,9.64748,1.54,-0.571981,6.27036,,
PGCC G313.73-0.31,215.78401194,-61.24275611,9.07368,2.63,0.754035,3.44423,2.72,4.42317
PGCC G354.45-1.88,264.85031111,-34.63935111,17.2542,3.33,-0.84329,5.18831,,
PGCC G57.78-35.15,324.89700306,2.47903194,10.8806,4.43,0.892609,2.45831,,
PGCC G149.61-25.68,41.11137806,31.27296111,9.70139,1.32,-0.452306,7.34713,0.18281,0.448955
PGCC G4.74+16.55,254.28883389,-15.85501889,12.9426,2.23,-0.871418,5.81578,,
PGCC G158.53-34.57,43.46011389,19.70264194,11.2331,2.43,-0.606292,4.62132,0.185353,0.388471
PGCC G289.37+3.06,167.32095306,-57.09634,9.11069,1.54,-1.53858,5.92802,-1.72,
PGCC G116.11+6.44,354.23449694,68.32015194,9.36649,1.55,-0.930969,6.02481,,
PGCC G213.54-13.14,91.38627611,-6.48199306,8.5701,2.27,-0.734829,3.77647,0.415,0.686769
PGCC G96.68-11.09,335.69213889,44.07160889,,,,,,
PGCC G307.01-10.22,206.43421889,-72.66494806,13.2806,3.94,0.337329,3.37361,0.5,0.973539
PGCC G280.13+1.92,152.14323389,-53.57982611,8.23708,1.04,-1.32086,7.92563,-2.01,
PGCC G330.05+1.04,240.06085194,-51.60297806,6.6955,1.25,0.384904,5.36009,,
PGCC G54.79+3.72,289.73327611,21.114515,11.7122,2.4,0.258738,4.87237,,
PGCC G9.91+21.26,253.17865,-9.15600611,15.3754,3.17,-0.060943,4.84937,0.149279,0.374957
PGCC G18.51+19.66,258.84210194,-3.17241,11.4496,1.45,0.978639,7.878,,
PGCC G123.90+13.40,16.83893194,76.243095,,,,,,
PGCC G228.34-13.56,97.31960306,-19.67788694,14.5231,2.17,-0.640939,6.70415,0.744732,2.13761
PGCC G103.51+13.34,316.21856694,67.20423111,14.7693,1.69,1.37941,8.75887,,
PGCC G308.08-1.82,204.76339694,-64.21730806,9.15943,2.04,-0.386034,4.49355,,
PGCC G330.49-12.58,258.89328,-60.38424694,8.03244,1.81,0.827883,4.42627,,
PGCC G188.21-13.28,79.05246694,14.91625806,10.9665,2.2,-0.336225,4.99457,0.445,
PGCC G246.55-0.60,119.14265389,-29.83650389,10.0623,1.29,-0.025986,7.83025,,
PGCC G211.37+1.18,103.202545,1.929305,9.43447,1.8,0.317744,5.23533,,
PGCC G331.90-0.10,243.48698389,-51.20639,6.59847,1.33,-0.052503,4.9463,3.76,
PGCC G122.92+23.01,12.66805889,85.88602389,9.42009,1.29,0.855388,7.28751,0.38,0.915857
PGCC G125.94+27.00,100.84375,87.32199111,12.1922,2.32,0.841673,5.26513,0.38,0.885638
PGCC G49.55-16.32,305.05618306,6.66642806,16.3113,2.96,1.04558,5.51051,0.572796,1.57967
PGCC G211.49+5.49,107.09695389,3.78301111,,,,,,
PGCC G158.78-32.80,44.69545694,21.06298111,12.5861,3.52,-0.571935,3.57588,,
PGCC G163.41-8.57,66.32147194,36.97134806,,,,,0.42,
PGCC G298.15-12.79,174.56999194,-74.97654,,,,,0.15,
PGCC G171.31+8.72,90.30819694,40.79938889,10.7563,1.39,-0.086249,7.73413,,
PGCC G249.39-2.00,119.46631611,-32.99107694,13.805,2.67,-0.509288,5.17719,5.72,14.0666
PGCC G103.35-38.93,356.58865389,21.45488694,10.9465,1.48,1.0676,7.41625,,
PGCC G196.67-16.13,81.00594306,6.47362194,11.2671,2.76,-1.2369,4.08005,0.4,0.788906
PGCC G162.35-7.85,66.057495,38.22917194,14.6393,2.35,0.490253,6.23138,0.14,0.388962
PGCC G123.88-0.99,14.87453,61.86833611,,,,,,
PGCC G118.80-9.90,6.11999694,52.75204111,6.38086,1.29,1.34178,4.94955,,
PGCC G335.36+2.95,244.08946194,-46.611115,7.54223,1.62,0.893698,4.65615,,
PGCC G328.49-30.58,297.737885,-67.399155,,,,,,
PGCC G107.39+15.39,318.80587806,71.38767194,10.3113,2.01,-0.662897,5.14253,,
PGCC G39.66-2.57,288.22961389,4.80013194,12.416,3.44,0.338593,3.60828,,
PGCC G235.09-10.28,103.50985,-24.31027,11.524,2.52,-0.665871,4.56802,,
PGCC G276.86+1.73,147.65968306,-51.74111611,,,,,0.61,
PGCC G167.91-6.37,72.02755694,35.099415,,,,,0.14,
PGCC G308.09+2.32,203.25216694,-60.13438389,13.8731,2.13,0.338649,6.51227,,
PGCC G52.33-15.06,305.36871306,9.60815806,18.6856,5.63,0.882987,3.32184,,
PGCC G91.23-0.28,319.600525,49.02262111,13.6092,1.55,1.36306,8.76517,,
PGCC G83.68+15.82,291.92086806,51.94062806,7.16722,1.23,-0.54218,5.84036,,
PGCC G116.91+16.82,343.21441694,78.28231806,14.4154,2.09,-0.286296,6.88696,,
PGCC G55.69+0.10,293.59259,20.18808,8.47812,1.75,-0.162707,4.83141,6.8,12.6597
PGCC G148.57-49.56,29.42034111,9.98881889,,,,,,
PGCC G359.76+25.74,243.82879611,-13.92580111,,,,,,
PGCC G0.06+4.61,262.04290806,-26.41000194,9.12867,2.31,0.403208,3.9487,0.12,0.209575
PGCC G278.96-2.41,145.884445,-56.27569194,15.046,2.49,-0.450946,6.05423,,
PGCC G155.83-15.11,53.93004611,37.055725,9.77969,2.13,-0.954234,4.58438,0.14,
PGCC G50.10+2.63,288.46075389,16.46595,5.88628,1.21,0.175387,4.85226,0.62,0.963852
PGCC G69.57-1.74,303.30819694,31.13351611,11.0879,2.66,1.33134,4.17482,1.78,3.52282
PGCC G174.34-24.32,61.561115,18.54375806,11.2325,2.08,-1.16051,5.41055,,
PGCC G2.68+21.96,248.58715806,-14.19825,,,,,0.12,
PGCC G277.01+0.74,146.81451389,-52.60683806,9.503,1.69,-0.408992,5.61044,,
PGCC G132.43+9.74,41.90913806,70.43965111,9.76902,1.83,0.07868,5.33577,,
PGCC G57.97-1.89,296.64526389,21.18821694,7.62742,1.28,0.963766,5.95344,,
PGCC G263.13+0.59,132.17919889,-42.76116889,8.84594,1.49,0.373126,5.92155,,
PGCC G342.49+9.90,244.34396389,-36.69810889,,,,,,
PGCC G0.53-4.22,270.91015611,-30.61209694,13.4115,2.07,-1.01493,6.4845,,
PGCC G24.30-17.88,295.32897889,-15.49006611,,,,,,
PGCC G279.44-0.72,148.45701611,-55.278225,6.07679,2.06,0.959663,2.94572,7.68,9.45194
PGCC G201.03+0.56,97.87869306,10.83891806,11.1408,2.01,-0.419957,5.54522,-1.1,
PGCC G294.23+3.50,176.193405,-58.23939889,7.1009,1.25,-0.176271,5.67053,1.01,1.8643
PGCC G188.42+2.48,93.46482111,22.868385,8.6727,1.39,-1.5593,6.21899,,
PGCC G84.88+2.56,310.242065,46.095905,7.28002,1.4,1.2147,5.18567,2.53,4.52185
PGCC G314.01-22.59,260.966095,-78.97647889,,,,,,
PGCC G278.55+2.91,150.98286389,-51.85495389,10.8622,1.86,0.886195,5.83291,-1.07,
PGCC G285.65+4.17,162.16626,-54.52911389,7.18094,1.9,-1.53517,3.77304,,
PGCC G149.11-2.11,57.80202111,51.39018194,,,,,,
PGCC G123.85-1.05,14.80073889,61.80943306,11.7925,1.9,1.1474,6.20722,0.57,1.41858
PGCC G119.36+7.15,2.58346889,69.73686194,8.86093,1.49,0.977099,5.9615,0.47,0.99367
PGCC G248.95-2.87,118.30811306,-33.060165,10.371,1.54,-0.491456,6.73736,,
PGCC G105.74+4.17,334.303345,61.77806111,9.37878,1.53,1.39543,6.13183,,
PGCC G95.91-11.72,335.30105611,43.13222111,,,,,,
PGCC G176.79-23.43,63.83587611,17.47571389,10.9967,2.23,-0.538258,4.92515,0.207014,0.443166
PGCC G158.21-32.46,44.46988694,21.60791806,9.61347,2.28,-0.61315,4.20784,,
PGCC G176.38-3.73,80.55087306,29.95054389,11.3886,2.21,-0.629556,5.15214,,
PGCC G278.90-11.52,132.85061611,-62.56954611,15.5274,3.2,-1.31479,4.84948,,
PGCC G152.58+11.06,78.65765389,57.83647889,11.6338,2.86,-0.619569,4.06536,,
PGCC G108.92-8.79,350.20858806,51.60014306,10.9626,1.69,-0.575094,6.49011,0.100925,0.247633
PGCC G276.42-4.84,139.55494694,-56.30256694,,,,,,
PGCC G158.40+16.84,92.88256111,55.67867306,7.39399,1.6,-0.401289,4.61002,,
PGCC G106.11-17.36,350.81051611,42.61424306,12.1339,2,1.13881,6.0661,,
PGCC G112.37+3.02,348.30560306,63.85716194,10.3367,2.32,0.509232,4.46425,0.64,1.26466
PGCC G344.56+50.26,218.06459,-4.28059111,,,,,,
PGCC G260.60-2.11,127.17517111,-42.39321111,,,,,1.46,
PGCC G165.08-3.36,72.67625389,39.19687306,,,,,0.14,
PGCC G93.72+8.58,311.23776194,56.73366194,10.0211,2.16,1.48152,4.64804,0.141254,0.280427
PGCC G108.70+13.48,325.78552194,70.94196306,,,,,0.242103,
PGCC G214.67+4.11,107.30606806,0.32938111,8.19151,1.79,-0.566909,4.58715,,
PGCC G36.45+0.67,283.86804194,3.43940611,,,,,,
PGCC G264.22-0.10,132.38278194,-44.04668,7.23917,1.22,-1.44795,5.92776,,
PGCC G186.21-4.08,86.12828111,21.51502389,12.8121,3.39,-0.552419,3.78178,0.57,1.15414
PGCC G263.12-6.89,123.62062111,-47.176575,12.979,2.76,1.50124,4.69861,,
PGCC G224.77-9.89,99.258865,-14.96129111,12.7864,3.33,-0.436955,3.83626,,
PGCC G174.62-16.61,67.92096694,23.48057611,,,,,0.23,
PGCC G82.95-2.01,313.50317389,41.71815111,,,,,,
PGCC G175.89-2.39,81.52301,31.10785694,,,,,0.69,
PGCC G352.55+18.67,244.81504806,-23.59244,7.35616,1.3,-0.230628,5.6804,0.12,0.225643
PGCC G99.66+17.68,301.74176,66.55413111,6.11604,1.18,0.765433,5.17254,,
PGCC G162.21-0.09,73.61450194,43.49054306,13.1154,2.11,-0.4821,6.20576,4.03,10.576
PGCC G336.24-2.77,251.25210611,-49.90418194,12.7778,2,0.165196,6.38107,,
PGCC G174.79+2.65,85.86713389,34.75984611,8.65,1.34,-0.943677,6.46029,,
PGCC G172.70+6.81,89.01057389,38.67010889,9.53879,1.67,0.190226,5.70505,,
PGCC G222.21+2.60,109.44436611,-7.04221111,7.69529,1.22,-0.673621,6.31631,,
PGCC G198.64-13.80,83.99430111,6.00073,9.05894,1.86,-0.670141,4.86981,0.4,0.772826
PGCC G156.65-14.83,54.93060694,36.790665,10.7335,3.54,-0.611184,3.02964,0.14,0.232231
PGCC G239.51+68.33,172.76338194,16.06478889,15.9743,2.78,-0.440441,5.74016,,
PGCC G195.35-8.78,86.75936889,11.309545,11.4531,1.45,0.566906,7.90093,,
PGCC G156.94-23.67,48.91819806,29.51150694,9.21202,1.68,-0.720725,5.47731,0.14,0.289278
PGCC G215.22-19.71,86.11295306,-10.79315889,16.443899,2.82,-0.134057,5.83559,0.415,1.18255
PGCC G204.60-13.93,86.68753111,0.88356611,10.2668,1.63,-1.17543,6.30547,0.43,1.0064
PGCC G335.09+20.12,229.64071694,-33.40741,11.8294,2.24,0.94936,5.27309,,
PGCC G121.18-12.47,10.174,50.368565,10.3653,1.63,1.56573,6.34415,,
PGCC G178.23+7.28,92.79284694,34.08469389,11.7363,2.4,-1.10599,4.89933,,
PGCC G90.09-6.94,325.03588889,43.40749,,,,,,
PGCC G95.05+0.48,323.08712806,52.22992694,13.6641,1.99,-0.141256,6.86021,0.168267,0.473898
PGCC G227.90-3.23,106.86055806,-14.78429611,,,,,2,
PGCC G224.32-17.78,91.58975194,-17.85165806,,,,,,
PGCC G167.66+4.01,82.47383111,41.499245,14.1574,2.21,0.510597,6.40037,,
PGCC G259.98-10.55,116.712715,-46.37236,9.22359,1.25,-1.3542,7.366,,
PGCC G242.34-1.08,116.22973611,-26.454365,,,,,,
PGCC G183.09-2.80,85.54746194,24.83600194,6.56597,1.21,0.810413,5.43308,3.71,6.44574
PGCC G303.44-1.62,194.04309111,-64.48212389,7.45855,1.26,0.531816,5.91883,,
PGCC G255.50-4.24,121.08185611,-39.35823806,10.2315,1.08,-1.02996,9.51503,,
PGCC G275.45+0.47,144.60391194,-51.79708111,8.01192,1.35,-0.847563,5.95231,1.51,3.0333
PGCC G55.57+3.84,290.00781194,21.858355,13.6641,2.06,0.103616,6.63595,,
PGCC G67.68-28.53,325.01019306,13.17391,9.48986,1.51,0.667454,6.29894,,
PGCC G159.12-2.03,68.77865611,44.56425111,12.7546,1.89,-0.357149,6.74184,,
PGCC G46.96-2.97,292.03442389,11.05639611,7.69999,1.55,-0.61008,4.97617,0.76,1.36846
PGCC G170.00-11.44,69.03212,30.25130694,16.245399,4.13,-0.40165,3.93599,,
PGCC G72.88-12.79,315.69393889,27.15079889,10.3997,1.61,0.148994,6.4402,,
PGCC G164.05-26.76,52.55267306,23.157345,11.2938,1.91,1.53025,5.92014,,
PGCC G64.90-2.41,301.05838,26.841175,16.9951,4.28,0.480157,3.97028,,
PGCC G339.99-2.44,254.44709806,-46.80226889,11.7511,2.96,1.23969,3.96579,,
PGCC G88.15-1.56,317.81283611,45.91213194,12.0892,2.3,1.10195,5.25037,-1.34,
PGCC G53.66+6.82,286.21688806,21.52471194,,,,,,
PGCC G164.25-5.68,69.72135194,38.32104889,,,,,0.33,
PGCC G137.59-3.45,39.94877194,56.30343611,,,,,,
PGCC G214.74-10.16,94.59686306,-6.20435611,,,,,,
PGCC G151.34-5.18,57.49474694,47.59692,14.111,3.03,-0.666321,4.65229,,
PGCC G265.24-9.89,121.44989,-50.54961389,11.7266,1.59,-0.181494,7.39449,0.41,1.11058
PGCC G144.78+9.13,65.87687694,62.61593194,10.8721,1.74,-1.39474,6.23265,0.35,0.838084
PGCC G110.34-4.25,349.76272611,56.34416611,8.67185,1.92,-1.10903,4.51144,0.253513,0.461254
PGCC G14.92-0.07,274.49411,-16.00968611,,,,,5.81,
PGCC G141.93+1.20,51.14065194,58.31005889,7.30566,1.32,-0.807849,5.53611,0.61,1.12847
PGCC G283.07+1.50,155.940125,-55.57277694,6.60247,1.54,1.33856,4.2966,1.97,3.05217
PGCC G121.25-3.40,9.55746611,59.42461,9.10815,1.28,1.12122,7.115,,
PGCC G212.41+8.25,109.97717306,4.21280694,10.886,2.9,-0.906729,3.7537,,
PGCC G217.96-17.91,88.89782694,-12.38299694,7.98053,1.33,0.832089,5.97816,,
PGCC G123.86-1.83,14.77489889,61.02984194,,,,,0.64,
PGCC G340.20-4.03,256.49636806,-47.60740306,,,,,,
PGCC G40.96-6.75,292.54339611,4.00269,,,,,,
PGCC G233.85-12.64,100.61077111,-24.19705806,,,,,,
PGCC G138.19+16.30,68.52072889,72.19182611,,,,,,
PGCC G294.38-18.46,148.81817611,-78.289055,10.4919,1.71,0.962677,6.15068,,
PGCC G181.94-18.19,71.26920306,17.0364,13.4794,1.3,-0.672764,10.4003,0.5,1.7221
PGCC G192.52-12.35,82.17558306,11.866945,,,,,0.4,
PGCC G211.08-19.92,84.21125,-7.37228306,13.2501,2.04,-0.117794,6.4824,0.415,1.1188
PGCC G232.00-11.37,101.04231306,-22.01906611,13.0772,3.09,-0.736219,4.22608,,
PGCC G166.74-44.19,42.95897694,8.199725,9.05483,1.86,-0.833543,4.87507,,
PGCC G148.14+23.50,99.42448389,66.965675,,,,,0.2,
PGCC G187.23-17.46,74.92812306,13.37842,12.917,2.94,0.087242,4.38844,0.258226,0.565539
PGCC G69.52+3.21,298.30859389,33.72251889,9.74956,1.25,-0.106662,7.79147,0.074131,0.187944
PGCC G277.39+2.25,148.85533111,-51.67308806,8.88394,1.44,-0.976844,6.15322,,
PGCC G261.16+3.03,133.02050806,-39.695835,10.2262,1.25,1.15861,8.15751,0.54,1.43469
PGCC G169.73-4.65,75.04402194,34.76634611,10.4692,1.94,-0.414911,5.3882,0.14,0.305868
PGCC G154.63+10.99,80.5951,56.1278,7.06295,1.3,-0.153714,5.43355,,
PGCC G1.25+16.10,252.604965,-18.81980694,,,,,,
PGCC G193.23+1.25,94.74444611,18.05714,8.48815,1.36,-0.246251,6.25088,0.83,1.75866
PGCC G262.84+9.75,140.77668806,-36.42567389,7.27548,1.89,-1.47519,3.85158,,
PGCC G209.20-10.17,92.11421194,-1.34400111,13.8556,2.51,-0.155505,5.52431,,
PGCC G326.51+0.73,235.84690889,-54.07724,,,,,1.98,
PGCC G130.32+11.87,38.73571806,73.24154694,,,,,0.194984,
PGCC G249.43+74.00,179.46124306,17.001915,7.63654,1.39,-1.15316,5.48857,,
PGCC G110.22+1.32,345.45562694,61.45665,9.03072,1.68,-1.13815,5.36167,0.151356,0.306364
PGCC G146.93+37.92,137.08238194,67.16256694,10.4909,3,-0.084091,3.50138,,
PGCC G322.07+5.76,225.05888389,-52.259975,13.0394,2.33,0.095426,5.60743,,
PGCC G159.49+6.86,79.34165194,49.8396,9.42507,1.94,-1.06642,4.84965,,
PGCC G74.68+7.39,297.02191194,40.26431306,14.404,2.47,1.24136,5.83512,,
PGCC G217.14-15.55,90.73599194,-10.67119389,8.48782,1.96,-0.343152,4.33032,0.415,0.731868
PGCC G162.31-31.78,47.92540389,20.15778389,,,,,,
PGCC G189.60-17.74,75.98741111,11.34791306,,,,,,
PGCC G139.61+1.33,47.45781694,59.64715611,11.9143,1.93,-0.634869,6.16577,-1.37,
PGCC G272.96+5.66,146.90647889,-46.23584,10.4129,2,-0.31625,5.20292,,
PGCC G94.59+13.52,304.40219111,60.25025194,,,,,0.288403,
PGCC G300.72-10.79,185.18679806,-73.53384389,9.49572,1.52,1.1119,6.23189,0.41,0.917454
PGCC G127.13-2.57,21.27647611,60.02585611,12.9683,2.58,-1.03225,5.02818,0.45,1.05703
PGCC G303.97-22.21,203.92804,-84.98776194,,,,,,
PGCC G167.37+6.20,84.75772111,42.92645611,,,,,,
PGCC G28.19+28.87,254.92961111,8.95949,12.0217,1.94,0.480747,6.18981,,
PGCC G359.24+0.09,265.86016806,-29.53376806,10.1647,1.58,-0.420185,6.43529,3.51,8.2578
PGCC G212.56-19.17,85.50918611,-8.29994111,,,,,0.415,
PGCC G102.19+14.13,312.61047389,66.703285,,,,,,
PGCC G144.46+10.96,68.39686611,64.09691611,9.62433,2,-0.33876,4.81047,,
PGCC G189.65+0.11,91.86102306,20.65376889,,,,,,
PGCC G109.18+6.28,338.29388389,65.3909,,,,,,
PGCC G256.68-5.04,121.01206194,-40.77564611,9.31606,1.71,-1.44107,5.45456,,
PGCC G304.14-9.80,196.86782806,-72.63617694,,,,,,
PGCC G147.71-7.10,51.47332806,48.20080889,6.27629,1.1,1.22095,5.70947,,
PGCC G229.06+19.68,127.71325694,-4.54628694,10.4998,1.47,-0.114716,7.13098,,
PGCC G304.97+4.48,196.73384111,-58.33264194,6.74699,1.52,0.843873,4.44571,,
PGCC G213.42+8.46,110.61319,3.41747,9.84481,1.31,0.420781,7.49434,,
PGCC G177.51-19.87,67.14218111,19.27178806,17.332399,5.73,-0.435863,3.02414,,
PGCC G296.76+0.49,179.73854111,-61.74741694,14.5345,2.91,0.827083,4.99406,,
PGCC G150.37-20.41,44.91857111,35.54200389,10.7272,1.79,-0.89,5.99144,0.229087,0.534239
PGCC G351.85+0.66,260.51013194,-35.42496111,5.8272,1.25,0.780522,4.67215,0.57,0.865147
PGCC G108.21+22.02,300.54531889,75.68884306,,,,,,
PGCC G159.98+2.05,74.00186194,46.56629611,,,,,0.69,
PGCC G318.09+7.66,217.89221194,-52.24157,12.4135,2.17,-0.35747,5.73094,0.5,1.22675
PGCC G247.63-3.51,116.85929889,-32.25071694,9.84457,1.54,-0.10233,6.39155,,
PGCC G170.40-4.97,75.23626694,34.04978194,,,,,0.23,
PGCC G103.59+18.25,305.28759806,70.10408806,12.3614,1.92,-1.01089,6.44943,,
PGCC G154.31+12.39,82.44545694,57.14131889,18.5791,2.7,-0.396097,6.87662,,
PGCC G223.74-4.57,103.69750194,-11.68991806,11.1801,1.37,1.17196,8.17924,,
PGCC G299.75-24.69,142.63887,-86.23844889,,,,,,
PGCC G194.79-16.65,79.61866806,7.75355,,,,,0.4,
PGCC G21.88+8.93,269.822235,-5.60476111,,,,,,
PGCC G8.15+20.11,253.20544389,-11.160035,,,,,0.12,
PGCC G162.87-24.02,53.56598694,25.95326,10.0309,1.63,-0.674052,6.15707,,
PGCC G123.51+26.24,42.94772694,88.96923111,,,,,0.38,
PGCC G200.74+23.34,119.26123806,20.68256194,,,,,0.345144,
PGCC G34.51-1.40,284.82598889,0.76426194,8.2015,1.7,0.466866,4.82471,,
PGCC G173.96-41.61,48.67664694,6.64562389,,,,,0.265461,
PGCC G146.36+17.92,84.67649111,66.53472889,13.3296,2.68,-0.352276,4.97869,0.2,0.47394
PGCC G16.65+11.09,265.37774694,-9.04404806,13.129,2.03,0.66247,6.46276,-0.94,
PGCC G121.50+7.17,8.69730694,69.99619306,8.67371,1.65,-0.86132,5.26325,0.34,0.668244
PGCC G44.35-9.84,296.87518306,5.49107111,16.861401,4.9,0.464455,3.44129,,
PGCC G54.62+6.97,286.53399694,22.45063389,,,,,0.54,
PGCC G199.79+11.05,106.97894306,16.61861,16.959999,3.03,-0.359333,5.59911,,
PGCC G90.66-2.25,321.08828694,47.22353389,8.15206,1.06,1.45311,7.71084,,
PGCC G91.03-34.76,345.115845,21.146235,7.33038,1.67,1.21187,4.39243,,
PGCC G5.91+19.70,252.30192611,-13.11932306,9.59686,1.76,-0.246037,5.45433,0.12,0.252548
PGCC G22.88+6.90,272.08844,-5.70998889,5.99884,1.43,0.25427,4.20335,,
PGCC G93.50-4.90,326.79794306,47.16674389,8.47384,1.44,-0.362072,5.87462,0.123027,0.252498
PGCC G251.68+0.16,123.12188694,-33.75882,6.27361,1.37,1.04568,4.56436,4.8,7.47165
PGCC G151.55-10.60,53.05407,43.16300611,15.3199,3.18,-0.422627,4.81607,,
PGCC G255.89-2.67,123.06183611,-38.83705889,,,,,0.38,
PGCC G294.25+6.65,177.63847389,-55.188305,12.077,1.77,0.683289,6.8096,,
PGCC G197.51-5.22,90.99799306,11.19661694,8.19569,1.17,1.50072,6.99097,,
PGCC G10.50+2.98,269.45376611,-18.39294611,7.84707,1.81,0.523037,4.32804,,
PGCC G202.49-31.24,70.52673306,-5.66189194,16.0746,3.27,-0.337645,4.91658,0.218776,0.565755
PGCC G50.00+5.69,285.56085194,17.76694694,11.654,2.12,0.519996,5.49023,0.162181,0.377364
PGCC G320.92+14.91,217.59074389,-44.48177306,10.2108,1.61,1.46155,6.33999,,
PGCC G110.54+1.55,345.86007694,61.79660806,9.46115,2.52,-0.000004,3.74933,,
PGCC G108.64+13.12,326.38424694,70.63388806,6.58024,1.1,-0.886663,5.99847,,
PGCC G17.34-1.60,277.06964111,-14.59232889,,,,,,
PGCC G224.11-1.10,107.01268806,-10.44267611,5.83026,1.28,1.23218,4.56079,,
PGCC G88.46-41.83,347.087555,14.04137611,11.3429,1.74,-1.52497,6.506,,
PGCC G112.52-4.77,353.79007,56.55141389,16.9429,3.01,-1.52284,5.62686,,
PGCC G143.98+6.72,61.09230806,61.43505111,13.1981,2.9,-0.618415,4.54709,,
PGCC G159.93+11.93,86.54890389,52.16217806,15.2919,2.14,0.876201,7.12938,,
PGCC G270.48+10.31,148.38900806,-41.09121306,10.3638,1.28,-0.604796,8.07404,,
PGCC G155.90+5.30,73.99356111,51.78246306,,,,,,
PGCC G31.36+0.29,281.88644389,-1.26926889,10.0445,3.71,0.520573,2.70807,5.77,8.75381
PGCC G147.31-3.95,53.752125,51.01570111,6.16273,1.5,-0.637365,4.11121,,
PGCC G338.35+23.60,230.17367611,-28.81938,8.14731,2.06,0.605551,3.95282,,
PGCC G119.16-0.82,4.849545,61.81608611,,,,,,
PGCC G356.48+0.20,264.04388389,-31.811995,8.90455,2.11,0.761413,4.22706,3.53,6.2998
PGCC G102.82+7.34,325.2258,62.51520889,8.13286,1.26,0.102834,6.47105,,
PGCC G18.56-0.13,276.30914306,-12.82332611,10.4138,2.06,0.627538,5.05417,3.14,6.62653
PGCC G109.28+14.00,325.99844389,71.70906806,8.2963,1.34,-0.714665,6.18736,0.175388,0.365529
PGCC G123.92+30.16,177.11267111,86.85047111,10.8898,2.19,-0.65347,4.97563,0.38,0.813661
PGCC G67.63-7.99,307.92398111,25.99876194,,,,,,
PGCC G134.15-3.08,34.312515,57.90725694,8.827,2.14,-0.619125,4.13271,0.57,1.00144
PGCC G301.53-2.79,189.47178611,-65.62830389,15.7023,2.17,-0.157774,7.23001,,
PGCC G212.17+4.30,106.34382611,2.63567889,7.69985,1.24,1.25714,6.1961,,
PGCC G86.00-4.85,319.07888806,42.08963806,10.8836,1.39,-1.32778,7.82592,-0.78,
PGCC G95.68-10.29,333.92861889,44.18772889,11.8831,2.2,-1.46868,5.3936,0.33,0.768501
PGCC G2.74+16.73,252.969635,-17.30022611,7.51791,1.33,0.289763,5.64244,,
PGCC G302.09-18.32,187.627365,-81.15915694,10.7706,1.12,-0.260939,9.62311,0.17,0.503447
PGCC G202.93-13.33,86.44764694,2.595395,7.60321,1.13,-0.242425,6.71071,0.337287,0.700824
PGCC G152.54+0.80,64.99786389,51.26651806,11.6701,1.73,1.14659,6.75747,,
PGCC G224.10-1.98,106.218575,-10.83584,,,,,1.21,
PGCC G141.24-45.25,26.13679306,15.72124389,9.93263,1.81,-0.297536,5.47527,,
PGCC G95.93-0.21,324.90881306,52.31205694,,,,,,
PGCC G147.05-1.50,55.77887694,53.13591,10.7859,2.59,-0.263834,4.17165,0.47,0.917079
PGCC G182.28-19.60,70.29730194,15.93390194,13.1604,2.1,-0.056104,6.26745,0.23,0.607623
PGCC G308.47+5.78,202.919525,-56.655735,6.6885,1.62,1.20494,4.13353,0.51,0.780048
PGCC G218.26-2.03,103.47743194,-5.66736694,8.66085,1.24,1.54758,7.00514,,
PGCC G212.34-20.01,84.65535694,-8.47859389,12.124,1.75,-0.508212,6.94218,0.415,1.10751
PGCC G65.24-6.14,304.74047889,25.09956694,12.6873,2.23,0.457914,5.67701,,
PGCC G276.78+1.77,147.59877,-51.66719806,16.0574,3.21,-0.452551,5.0059,,
PGCC G155.59+7.67,76.78434806,53.45763389,14.5497,3.32,-0.413095,4.38491,,
PGCC G169.38-3.89,75.52187306,35.509705,15.805,2.53,-0.700563,6.24508,0.14,0.404596
PGCC G353.51+8.33,254.33476306,-29.55037694,8.85327,1.83,0.939568,4.83886,,
PGCC G242.81-3.89,113.74045611,-28.24406806,13.9724,2.62,-0.53463,5.33744,,
PGCC G160.71-15.86,57.829445,33.50466889,7.79551,1.37,0.148608,5.68989,0.14,0.271225
PGCC G159.72-0.88,70.53858889,44.88295,10.6061,2.14,-0.347404,4.94487,0.44,0.926904
PGCC G314.15-12.48,230.73118611,-71.97148889,8.04534,1.25,0.122969,6.44245,,
PGCC G115.75+1.36,356.69393889,63.32163194,15.5844,2.82,0.567356,5.52936,,
PGCC G358.57+5.89,259.92804,-26.92673889,5.87979,1.65,-0.466604,3.55517,0.12,0.159595
PGCC G359.43+36.17,235.60107389,-7.32359306,,,,,,
PGCC G90.20-32.88,343.43985,22.41135611,13.1529,2.23,-1.39164,5.90969,,
PGCC G232.29-5.09,107.21534,-19.53561194,9.36071,1.63,0.035566,5.75106,0.59,1.25924
PGCC G181.94-19.63,70.07121306,16.16862111,11.57,1.84,-0.816733,6.28745,0.23,0.570635
PGCC G113.88-6.47,356.92376694,55.27994194,11.9843,2.08,-1.28448,5.76486,,
PGCC G152.54-47.36,32.78430611,10.87508611,13.8194,2.45,-0.928326,5.63394,,
PGCC G309.62-19.46,232.95210306,-80.18295306,13.8627,3.56,0.477947,3.89693,,
PGCC G234.01-0.44,112.41420694,-18.87598,9.43292,1.8,0.507364,5.23199,,
PGCC G147.32+10.35,71.37853194,61.55789611,13.809,3.16,-0.662098,4.37004,,
PGCC G176.31-24.93,62.34798,16.81131389,,,,,,
PGCC G0.93+7.12,260.27319306,-24.298695,7.81695,1.17,0.748482,6.70619,0.12,0.252735
PGCC G105.74+4.13,334.33035306,61.74641806,11.332,1.72,1.10327,6.576,,
PGCC G112.57+18.01,324.35754389,76.79315194,5.51294,1.41,1.54634,3.91402,,
PGCC G161.05-4.73,67.85469806,41.31471306,15.8598,4.5,-0.606872,3.52354,0.58,1.26123
PGCC G181.05+6.37,93.40186306,31.18258889,10.4408,2.49,-0.848933,4.18688,0.62,1.19242
PGCC G182.06-0.57,87.06321694,26.88313694,12.3423,2.18,-0.307375,5.65189,,
PGCC G324.59-6.59,241.85078389,-60.92606694,9.57195,2.44,0.428254,3.92701,,
PGCC G16.21+18.37,258.84414694,-5.70332611,7.49554,1.35,0.047523,5.54492,,
PGCC G115.65+3.95,354.90368694,65.79802694,16.0366,2.5,0.119258,6.4265,,
PGCC G75.12-6.54,311.71908611,32.81269806,,,,,0.67,
PGCC G16.18+1.82,273.38809194,-13.99609806,9.46627,1.49,1.12493,6.36434,,
PGCC G220.55+60.12,161.23716694,19.67097306,10.9163,1.89,-1.46637,5.78932,,
PGCC G317.13+1.42,220.71348611,-58.34972806,8.15243,1.57,1.1786,5.20826,,
PGCC G124.35+0.48,16.02776,63.31951111,14.431,2.65,-1.55245,5.45379,,
PGCC G337.01-5.43,255.24211111,-50.98887306,9.99824,1.79,0.556786,5.57683,,
PGCC G355.14+1.34,262.05545,-32.30963889,,,,,,
PGCC G60.13-7.62,303.07421889,20.04656611,10.0788,1.91,1.1862,5.26567,0.58,1.2291
PGCC G95.73-11.49,334.93066389,43.22640611,,,,,0.43,
PGCC G173.07-13.69,69.31069194,26.50892111,6.03536,1.47,-0.277619,4.11664,0.23,0.333486
PGCC G175.57-45.08,47.06658889,3.35409694,11.1741,2.19,-0.461681,5.10378,,
PGCC G182.87-0.85,87.26042889,26.03597111,12.8312,1.8,-0.363959,7.11216,,
PGCC G235.21+2.77,115.99214194,-18.35863306,13.1285,1.89,-0.907349,6.94996,,
PGCC G176.40-39.35,51.613495,6.92604806,11.6069,3.28,-0.583609,3.53459,0.263027,0.490066
PGCC G158.12-25.94,48.43454694,27.04493306,7.51899,1.52,0.326488,4.95121,0.14,0.248479
PGCC G307.56-10.64,208.55801389,-72.94638806,10.6633,1.51,0.756194,7.07073,0.66,1.66705
PGCC G43.31-2.55,289.91513111,8.046115,10.7386,1.44,0.684099,7.45486,,
PGCC G133.51+0.97,35.82437111,61.94307694,9.94174,1.6,-0.339136,6.19526,,
PGCC G334.86+19.06,230.154175,-34.40570806,,,,,,
PGCC G104.25+12.01,319.99270611,66.85455306,8.07796,2.49,-1.24861,3.24253,,
PGCC G180.79-0.23,86.64547,28.14570194,7.13798,1.15,-0.498283,6.20769,,
PGCC G359.85-4.70,271.01245111,-31.43290111,13.5726,2.53,0.511946,5.37417,,
PGCC G160.49+3.08,75.63322389,46.80407306,,,,,,
PGCC G24.29+4.40,274.96676611,-5.64208194,12.499,1.58,-0.156564,7.91379,0.26,0.752196
PGCC G94.68+6.41,315.36343389,56.09323111,6.19406,1.5,-1.31491,4.1227,0.191426,0.281388
PGCC G101.15-12.89,342.24923694,44.74366806,13.0048,2.5,-1.27997,5.20821,,
PGCC G1.63-21.44,290.36727889,-36.66441306,,,,,,
PGCC G184.96-34.46,59.82014806,4.94058194,11.6269,1.85,0.174436,6.28526,,
PGCC G107.82-51.72,3.41996194,10.04496194,6.72713,1.94,-1.30177,3.46362,,
PGCC G168.90+9.44,89.64036611,43.233875,,,,,,
PGCC G138.51+9.26,55.25431111,66.85149389,6.35102,1.81,-0.206948,3.50517,,
PGCC G295.54+13.23,181.85455306,-49.01139806,10.009,1.87,0.808211,5.36073,,
PGCC G348.31+1.68,256.90979,-37.69993611,7.82902,1.56,-0.752759,5.02848,,
PGCC G228.92+11.00,120.112,-8.83974194,6.8142,1.76,-0.880148,3.87762,,
PGCC G147.58-3.07,54.92778389,51.56398,11.3997,2.4,-0.393233,4.74002,0.48,1.02637
PGCC G212.21+4.61,106.63613111,2.73755306,9.66386,1.42,1.42983,6.79982,,
PGCC G5.17-1.97,271.24594111,-25.46823111,8.34337,1.11,-1.0449,7.54355,,
PGCC G50.00-5.40,295.70748889,12.54217111,5.77089,1.19,1.34974,4.83611,0.25704,0.395
PGCC G206.17-19.23,82.71805611,-2.93812306,,,,,0.415,
PGCC G122.80-6.10,12.62010389,56.77226611,10.0068,1.49,0.824689,6.69616,,
PGCC G294.86+21.57,182.94426,-40.67432806,13.6311,2.23,1.40447,6.11806,,
PGCC G161.97-27.09,50.75309806,24.06678194,14.5246,2.09,0.264993,6.93826,,
PGCC G160.23-8.86,63.24797389,39.00407,,,,,0.14,
PGCC G300.86-24.30,159.01384,-86.60814694,12.3471,2.46,0.669836,5.01008,,
PGCC G355.55+21.18,244.81494111,-19.82045694,10.8843,1.37,-0.748736,7.92937,0.12,0.324286
PGCC G34.90-1.51,285.10336306,1.05599,10.2581,2.21,0.973266,4.63519,2.01,4.03172
PGCC G151.04-19.77,45.985645,35.766235,8.4094,2.15,-0.698215,3.9123,0.394457,
PGCC G43.73+9.34,279.30520611,13.79811111,6.55081,1.81,-1.28392,3.62737,0.3,0.425394
PGCC G150.82-24.05,43.17144389,32.17807806,12.8244,3.2,-0.646159,4.00586,0.171396,0.35735
PGCC G172.23-19.64,63.80975694,23.16500889,12.3955,1.71,0.338547,7.25607,,
PGCC G1.08+10.05,257.73278806,-22.51069306,12.9454,2.81,0.730192,4.60985,0.12,0.269656
PGCC G327.16+1.82,235.59614611,-52.81781,6.03877,1.09,1.53463,5.51787,,
PGCC G116.00+6.22,354.12771611,68.074875,8.1627,1.27,-0.414199,6.41632,,
PGCC G174.20-17.54,66.86947611,23.17112389,7.88951,1.5,-1.19142,5.253,0.23,0.430708
PGCC G110.26-4.87,350.01153611,55.74145111,9.56048,2.57,-0.82576,3.72322,0.291072,0.505157
PGCC G359.67+25.92,243.63426194,-13.87225889,7.02272,1.41,0.665176,4.97601,0.463447,0.796929
PGCC G296.30+0.81,178.92533889,-61.34384889,15.4294,3.21,0.970848,4.8014,7.8,19.528999
PGCC G156.70+6.63,76.49025,51.95498694,10.4551,2.78,-0.554446,3.75652,,
PGCC G254.17-5.53,118.77684,-38.88811889,10.0482,2.05,-1.1454,4.8958,0.59,1.20375
PGCC G191.32+3.95,96.32892611,21.00691806,9.96391,2.39,-0.534156,4.16751,,
PGCC G105.55+3.36,334.88876306,60.99908389,11.1877,1.81,-0.130553,6.18945,1.37,3.31623
PGCC G208.51+2.25,102.84416194,4.963745,4.95761,1.38,-0.43621,3.58911,,
PGCC G73.76-2.06,306.42672694,34.41143,11.6649,1.87,1.12214,6.23328,,
PGCC G1.31-21.23,289.99884,-36.87767,9.5998,2.07,0.216229,4.64581,,
PGCC G192.41-3.50,89.96859,16.47002194,13.0892,2.29,1.55611,5.71654,0.8,2.01299
PGCC G320.83+12.28,218.94581611,-46.931705,15.2921,2.38,1.08315,6.41635,,
PGCC G246.49+3.04,122.61611194,-27.85257889,8.94297,1.98,-1.13218,4.51108,,
PGCC G212.50+2.53,104.91806,1.53799,11.9288,2.3,0.764304,5.17912,,
PGCC G337.27+14.68,235.63262889,-36.534485,10.7408,2.1,0.6519,5.1104,,
PGCC G211.06-17.92,86.006615,-6.46498806,8.94593,1.69,-0.224414,5.27895,0.415,0.829586
PGCC G50.74+6.86,284.81060806,18.945435,13.5867,4.45,1.03229,3.05352,0.63,
PGCC G149.77+24.48,102.65026111,65.73748806,9.35681,1.93,-0.242757,4.85996,0.295121,0.578905
PGCC G38.13-14.94,298.502075,-2.26905806,17.024099,4.55,0.536446,3.74508,,
PGCC G110.21+10.25,335.05047611,69.300575,6.42043,1.01,-0.007254,6.33781,0.33266,0.617275
PGCC G165.61+8.46,86.199585,45.58481194,,,,,,
PGCC G197.91+31.99,127.23816694,25.92291806,14.7516,3.74,-0.548642,3.94358,,
PGCC G158.39-45.14,37.48374194,10.84171389,13.6992,3.31,-0.67698,4.13313,,
PGCC G114.93+0.91,355.20129389,62.679245,11.8608,2.13,-1.17309,5.55697,-1.44,
PGCC G154.20-0.91,64.97171806,48.87822694,,,,,,
PGCC G14.02+1.01,273.05224611,-16.28502306,10.8827,2.05,-1.52562,5.3168,,
PGCC G141.20-3.71,45.43043111,54.47733306,12.9484,2.38,0.045776,5.44103,-0.67,
PGCC G144.69-1.12,52.91608389,54.83723806,,,,,,
PGCC G181.37+6.71,93.92308,31.05755389,13.6649,2.63,-0.392672,5.1864,0.61,1.4938
PGCC G357.42-8.41,273.55557306,-35.31404111,11.0126,1.5,0.401206,7.34072,,
PGCC G100.95+19.68,298.46798694,68.52974694,8.84622,1.47,-1.50877,6.00989,,
PGCC G194.32-10.65,84.58963806,11.23513306,15.3975,2.71,-1.21112,5.67196,,
PGCC G242.95-0.54,117.09996806,-26.71651306,10.4913,2.31,0.441046,4.53816,,
PGCC G6.16+19.94,252.24594111,-12.78556611,7.98438,1.45,-0.871085,5.5182,0.12,0.231701
PGCC G194.81-15.54,80.58177194,8.30935611,8.94384,1.61,1.02439,5.54196,0.4,0.819182
PGCC G90.00+12.44,301.78585806,55.86193806,17.9503,3.39,1.22193,5.29516,,
PGCC G202.21-31.05,70.57747694,-5.355995,8.4709,1.89,-0.094211,4.47268,0.295121,0.528416
PGCC G8.48-0.62,271.72457889,-21.91611889,,,,,3.89,
PGCC G4.15+18.25,252.51995806,-15.31515889,,,,,0.12,
PGCC G168.46-15.72,64.25115194,28.46358111,18.6052,5.63,-0.451247,3.30433,0.14,0.319311
PGCC G268.49+7.32,143.78611806,-42.05608694,14.2307,3.57,-1.39056,3.98579,,
PGCC G34.36-0.94,284.34536694,0.84616111,9.43241,1.46,-1.33766,6.45167,3.9,8.84991
PGCC G181.72-19.65,69.92596389,16.32280889,7.4621,1.24,0.719569,6.00942,0.23,0.448024
PGCC G321.75+0.82,228.83497611,-56.702255,11.6956,2.05,-1.03546,5.70604,1.67,3.96846
PGCC G180.05-15.71,72.19744111,19.97403694,12.2495,1.65,1.07174,7.41914,0.23,0.63781
PGCC G345.68+2.09,254.43769806,-39.52762611,8.52401,1.79,0.939135,4.74963,,
PGCC G317.81-28.88,293.940155,-76.75639306,13.1613,2.55,0.044335,5.17059,,
PGCC G203.55+2.32,100.63507111,9.40857806,8.89513,1.75,0.405296,5.07156,0.41,0.801046
PGCC G226.40-8.78,101.01930194,-15.92909,18.284401,4.14,-0.145995,4.41339,0.41,1.07137
PGCC G117.78+21.92,329.80667111,82.99620806,8.72073,1.7,-0.076204,5.13745,0.38,0.739879
PGCC G253.26+73.46,179.81851194,15.849395,12.2855,2.3,1.24202,5.34193,,
PGCC G148.62+6.86,67.82167806,58.29457111,10.3174,1.62,-0.906803,6.38011,0.57544,1.35808
PGCC G100.94+21.28,294.354095,69.14218889,,,,,,
PGCC G148.82+38.04,136.10707111,65.72637194,13.3081,2.67,-0.092607,4.97815,0.35,0.82868
PGCC G315.92+5.84,215.63230889,-54.714355,10.4025,2.07,0.431748,5.02209,-1.38,
PGCC G153.64-2.12,63.09317389,48.40180611,9.3597,1.63,-0.192995,5.73365,0.54,1.15071
PGCC G347.98-2.72,261.28112806,-40.51875306,9.15118,1.92,0.357217,4.77095,,
PGCC G359.58-6.35,272.57003806,-32.45799306,6.9196,1.58,0.559606,4.38308,,
PGCC G81.14+9.10,299.357635,46.66105306,7.7119,1.39,0.743913,5.54363,,
PGCC G23.90+9.68,270.11245694,-3.50198111,10.2245,1.73,-1.26727,5.90668,,
PGCC G247.79-0.82,119.66802194,-31.01046611,10.5235,2,-1.29804,5.2534,,
PGCC G184.25-23.69,68.07698111,11.99956111,9.10585,1.82,-0.380586,5.0047,,
PGCC G217.79-2.09,103.21190611,-5.27158306,11.4009,1.92,-0.829237,5.92299,,
PGCC G227.59+0.60,110.20220194,-12.73631,7.84369,1.11,-0.239597,7.06922,0.765597,1.65834
PGCC G211.01+5.18,106.60076889,4.06769194,12.0619,1.72,0.651401,7.01867,,
PGCC G108.91-9.72,350.70443694,50.72169889,15.7228,2.88,-0.390984,5.46116,0.228034,0.614659
PGCC G103.97+11.92,319.69815111,66.59168194,16.7332,2.34,-1.47176,7.15032,,
PGCC G156.09+5.09,73.92123389,51.49594889,6.87109,1.88,-0.124556,3.65702,,
PGCC G106.10+9.49,327.67120389,66.25419611,9.12919,1.6,-1.17595,5.69097,0.31,0.649976
PGCC G104.97+18.06,307.81637611,71.13454389,14.653,2.19,-1.45763,6.70157,,
PGCC G332.94-0.74,245.38595611,-50.93720194,8.01818,1.34,-1.31683,5.97833,4.61,9.28443
PGCC G164.06-26.69,52.61232,23.21529806,16.1581,2.67,1.38571,6.04827,,
PGCC G342.87-6.20,261.35604889,-46.69098694,8.10915,1.85,0.663932,4.38482,,
PGCC G158.78-33.83,44.084915,20.20791111,10.6003,1.36,-1.47145,7.80696,0.325,0.860022
PGCC G215.37-3.04,101.26285611,-3.55115611,10.1069,1.88,-0.213499,5.37447,2.4,5.14534
PGCC G196.16+3.15,97.92536889,16.35059389,11.141,1.43,-1.02287,7.77801,,
PGCC G82.66-2.00,313.239075,41.51105889,,,,,-1.2,
PGCC G26.30+1.60,278.39379889,-5.16128611,,,,,1.75,
PGCC G115.35+23.80,307.098175,82.39117389,14.1312,3.09,-0.098393,4.57369,,
PGCC G345.83+2.35,254.293915,-39.25291111,,,,,-1.83,
PGCC G189.73+0.19,91.97547111,20.61380194,15.4643,3.96,-0.508746,3.90977,,
PGCC G11.09-0.10,272.59503194,-19.38846806,13.3175,2.68,-0.211887,4.96247,4.74,11.209
PGCC G152.21-17.16,48.87787611,37.39100306,12.1092,2.1,-0.246918,5.76803,,
PGCC G152.68-17.84,48.89253611,36.57474889,12.3557,2.03,-0.437498,6.09644,,
PGCC G206.12-19.35,82.59359,-2.95660389,,,,,0.415,
PGCC G10.89+19.39,255.27072111,-9.41660611,12.1925,2.35,0.485476,5.18596,0.12,
PGCC G305.58+8.88,197.29405194,-53.89633194,10.9492,1.68,1.16986,6.51526,0.5,1.22844
PGCC G177.19+0.19,84.87568694,31.424015,12.4388,2.68,-0.34861,4.64508,5.38,
PGCC G30.13+2.55,279.30892889,-1.326985,7.49927,1.63,-0.522559,4.60158,0.26,0.444286
PGCC G167.24-16.62,62.578175,28.680235,7.59809,1.55,1.46269,4.91698,0.14,0.248918
PGCC G156.70-6.06,62.43173194,43.43630194,8.38048,1.76,-0.482625,4.76512,,
PGCC G163.41-18.21,58.28377194,30.037325,,,,,0.14,
PGCC G359.32+12.13,254.80741889,-22.69842889,11.8087,2.66,0.490213,4.44742,,
PGCC G125.38+10.72,21.31008,73.434235,9.9542,1.81,-0.589101,5.49334,,
PGCC G20.96+4.56,273.253845,-8.49597,18.3696,2.76,0.332546,6.6568,,
PGCC G102.39-0.53,333.97366306,56.01297389,7.11056,1.25,-0.847674,5.69255,0.87,1.61009
PGCC G169.93-1.34,78.460915,36.59509694,9.11574,1.2,-0.381047,7.58415,1.03,2.49123
PGCC G189.62-0.01,91.73426111,20.61854194,16.684401,2.75,-0.541026,6.06631,,
PGCC G105.63+6.67,330.932465,63.75848,8.65674,1.64,-0.887738,5.27528,0.44,0.864927
PGCC G125.67+16.70,27.0564,79.26749389,17.4799,3.44,-0.613534,5.08094,,
PGCC G148.06-6.89,52.07045,48.182125,11.7979,2.47,-0.305514,4.77435,,
PGCC G222.22-6.70,101.06328611,-11.29047194,12.9984,2.37,-0.439811,5.48577,0.4,0.982542
PGCC G164.65-7.57,68.286705,36.75626806,8.13664,1.85,-0.61379,4.40778,0.14,0.243886
PGCC G267.14-4.96,129.43890389,-49.34475694,6.31027,1.44,-1.20124,4.39083,0.92,1.40868
PGCC G188.23-15.35,77.28672806,13.76484,8.14223,1.61,-0.053954,5.05182,0.323594,0.603702
PGCC G116.28-0.62,358.79031389,61.52058389,8.76592,1.17,-0.362313,7.49448,0.92,2.16912
PGCC G18.13+2.95,273.32711806,-11.750965,,,,,,
PGCC G105.84+4.71,333.81491111,62.28330194,9.06637,2.49,-1.35866,3.64579,0.51,0.852922
PGCC G104.75-32.11,355.39633194,28.28731694,10.1468,2.87,-1.34496,3.54079,,
PGCC G337.12+16.73,233.93061806,-35.01162306,12.9923,1.74,-1.36354,7.47547,,
PGCC G213.09-4.17,99.21540806,-2.044405,6.58942,1.93,-0.685297,3.41979,0.415,0.573057
PGCC G195.86-7.87,87.81714611,11.32137694,14.0267,2.86,-0.45999,4.90008,,
PGCC G12.62-0.07,273.34494,-18.02855889,7.9766,1.48,1.5193,5.3937,3.96,7.55569
PGCC G64.78+8.22,290.37524389,31.99874889,,,,,,
PGCC G354.29-0.50,263.33721889,-34.04096611,10.1441,2.33,-0.101002,4.35927,,
PGCC G101.75-10.08,341.08706694,47.49660889,9.9859,2.13,-1.43694,4.69462,,
PGCC G264.95-6.75,125.29075611,-48.61196889,11.6324,2.1,-1.1585,5.55105,0.62,1.44924
PGCC G190.69-0.45,91.88004306,19.47334306,8.79845,1.43,-0.100263,6.14943,,
PGCC G25.66+6.87,273.41854889,-3.27985306,11.3719,1.9,0.641431,5.99617,,
PGCC G7.10+1.08,269.39849889,-22.277355,8.4177,1.94,-0.845969,4.33326,1.25,2.19604
PGCC G165.66-14.91,62.73854111,30.95868306,17.7148,3.78,-0.340694,4.6926,,
PGCC G107.71+14.61,321.23999,71.08876,,,,,,
PGCC G146.03+8.57,66.83296194,61.33111194,10.5337,2.12,-0.544963,4.96839,0.35,0.736535
PGCC G305.44-18.21,207.88980111,-80.78717,13.9989,3.74,0.24436,3.74639,,
PGCC G245.10-0.92,117.95767194,-28.75566306,7.98032,1.29,-0.709237,6.17126,0.94,1.9189
PGCC G92.34-34.41,345.93316694,21.982605,10.992,3.24,1.33749,3.39183,0.420727,0.747277
PGCC G314.78-27.68,288.58035306,-79.47107694,,,,,,
PGCC G256.58-0.07,126.28562889,-37.93963611,,,,,,
PGCC G104.52+11.15,322.01202389,66.44096389,10.1258,2.3,1.01464,4.40759,0.37,0.719026
PGCC G132.60+9.27,41.74568194,69.94426,6.7938,2.39,-0.363875,2.8443,,
PGCC G115.26+1.12,355.78488194,62.96523306,5.9753,1.16,-0.939947,5.17289,-0.99,
PGCC G150.15+1.13,62.55480611,53.16225389,10.6997,2.27,-1.23082,4.71784,0.18281,0.377819
PGCC G346.96-2.23,259.98922694,-41.08609,9.07774,1.17,-0.123044,7.78604,,
PGCC G76.13-17.52,321.99395806,26.34032111,6.84889,1.58,1.40875,4.33408,0.436516,0.691807
PGCC G173.80-34.55,53.59726694,11.76849389,14.2126,2.65,-0.687765,5.35981,,
PGCC G229.44+3.89,114.06785611,-12.789275,17.396999,3.58,-1.40665,4.86354,0.235505,0.630146
PGCC G301.82-7.31,189.59738194,-70.15583,,,,,,
PGCC G359.04+0.14,265.69070389,-29.68606194,15.5689,2.22,-0.341601,7.01628,2.55,7.75264
PGCC G110.06+13.87,328.11550889,72.10565194,10.0191,1.56,-0.574727,6.43848,,
PGCC G70.71+3.83,298.39996306,35.05761,,,,,0.145211,
PGCC G146.74+8.40,67.57154111,60.70321694,13.5002,2.59,-0.89539,5.21872,0.39,0.952233
PGCC G2.17+22.46,247.88056889,-14.26513194,12.6069,3.38,0.881156,3.72959,0.12,0.239355
PGCC G100.50+6.60,322.71954306,60.41099889,5.98761,1.12,1.34233,5.33161,-0.98,
PGCC G238.51+4.46,119.30330694,-20.34051306,12.2539,2.46,-0.893504,4.98571,,
PGCC G290.72-4.15,163.82815611,-64.228935,9.37067,1.37,1.09141,6.83035,,
PGCC G29.73-3.76,284.75155611,-4.554935,8.89028,1.84,0.329527,4.82432,,
PGCC G350.02+4.56,255.34104889,-34.597435,11.2991,1.91,-1.24184,5.9016,-2.14,
PGCC G283.18-2.85,151.57293694,-59.23996389,,,,,,
PGCC G147.96+9.08,70.23452806,60.25808306,,,,,,
PGCC G343.20+22.11,235.19314611,-27.22401611,14.9625,4.2,0.524072,3.55933,,
PGCC G197.83-4.23,92.028015,11.39879806,16.5166,2.99,-0.425204,5.52743,,
PGCC G299.49+2.41,185.92034889,-60.27921306,12.1448,2,-1.04684,6.06368,,
PGCC G175.49-0.91,82.71310389,32.25679806,11.2049,1.84,-0.820131,6.09212,0.79,1.89864
PGCC G28.83+5.71,275.90759306,-1.029855,6.57901,1.4,-0.837064,4.68378,0.42,0.678195
PGCC G1.56+6.43,261.282135,-24.16039111,7.78231,1.68,0.628386,4.62743,0.12,0.209475
PGCC G322.67-4.54,236.14511111,-60.59547,12.4175,1.95,0.323356,6.37038,,
PGCC G158.95-21.88,51.85485806,29.86949194,,,,,0.14,
PGCC G210.82-19.70,84.30715194,-7.05349889,5.65255,1.2,-0.268401,4.69633,0.415,0.62198
PGCC G41.02-6.84,292.65731806,4.01647889,,,,,,
PGCC G215.09-16.76,88.764915,-9.41597111,,,,,0.415,
PGCC G117.14+9.78,354.27914389,71.81361389,8.38369,1.38,0.251306,6.09198,0.38,0.789964
PGCC G279.81+8.29,157.29101611,-48.08828389,15.3185,3.18,-0.598922,4.82004,,
PGCC G7.30+4.26,266.56771889,-20.489155,7.74175,1.57,0.495506,4.94003,,
PGCC G139.39-3.35,42.92795194,55.628475,15.6549,3.54,-0.365349,4.41993,0.85,2.05674
PGCC G176.24+1.66,85.75927694,33.01247389,7.25158,1.24,-0.82476,5.84318,,
PGCC G61.82+2.26,294.80340611,26.58713194,18.4762,2.8,-0.350556,6.59055,,
PGCC G310.83-29.77,305.56356806,-82.57318889,14.4724,4.08,0.079549,3.54662,,
PGCC G194.26-16.07,79.85079194,8.48469389,8.89456,1.57,-0.679294,5.68237,,
PGCC G145.32-0.73,54.19952,54.79125611,7.54037,1.3,-0.182828,5.80243,,
PGCC G104.63-15.46,348.04797389,43.85528194,,,,,,
PGCC G244.73-0.36,118.28770389,-28.150425,10.4282,1.58,0.775039,6.59372,,
PGCC G65.90-32.66,327.15683,9.29795889,,,,,,
PGCC G85.22+11.96,298.58688389,51.56130194,8.42174,1.37,0.845574,6.13242,,
PGCC G165.20-8.59,67.80561111,35.66490611,8.38898,1.78,0.730664,4.70258,0.14,0.255787
PGCC G354.18+3.18,259.61865194,-32.06847806,7.59816,1.57,0.523763,4.84316,1.59,2.80571
PGCC G337.40+16.02,234.72828694,-35.40211889,8.89087,1.58,0.203865,5.63403,,
PGCC G240.36+4.24,120.13780194,-22.03110889,12.8875,2.83,-1.00726,4.55766,,
PGCC G254.85-27.21,91.24932889,-47.49805111,9.34759,2.27,0.005436,4.12063,,
PGCC G4.42+7.70,261.81466694,-21.09441389,10.5192,1.55,-0.140196,6.78078,0.12,0.294808
PGCC G101.35+14.79,310.04959111,66.43199889,9.4697,1.17,0.328456,8.08569,,
PGCC G354.94+6.10,257.362885,-29.75195111,10.5082,1.63,1.2636,6.46297,0.12,0.287666
PGCC G126.46-70.38,14.055285,-7.54486694,10.471,1.28,1.48578,8.16963,,
PGCC G166.99+4.28,82.276955,42.20356806,,,,,2.98,
PGCC G24.47-17.83,295.35022,-15.31905306,9.87978,2.45,0.625401,4.03925,,
PGCC G99.66+8.89,318.15737889,61.426765,10.6466,1.9,0.931448,5.59211,,
PGCC G159.17-7.92,63.11032111,40.40543,11.3852,2.1,-0.54267,5.41919,0.14,0.319884
PGCC G109.64-12.18,352.9729,48.63230889,8.74369,2.51,-1.17685,3.48308,0.237684,0.381553
PGCC G148.04-8.97,50.34216694,46.4678,11.2018,1.77,-0.17445,6.32977,,
PGCC G91.71-30.32,343.20953389,25.262745,,,,,,
PGCC G324.29+8.39,226.08024611,-48.891495,10.4442,2.95,0.867809,3.53743,,
PGCC G307.46+6.24,201.0056,-56.34304389,,,,,-1.27,
PGCC G45.32+36.30,253.21318111,25.07768611,10.9877,1.88,-0.144335,5.83418,,
PGCC G3.28+3.77,264.75320389,-24.16638611,8.74444,1.62,0.571249,5.39818,0.12,0.239827
PGCC G170.83-18.56,63.68702694,24.87048889,10.6561,2.53,-0.603292,4.21183,0.23,0.448217
PGCC G55.77+0.09,293.64126611,20.25033611,,,,,4.88,
PGCC G3.42+0.88,267.54843111,-25.556465,9.61148,1.48,0.515336,6.50513,,
PGCC G151.17-10.07,53.07020611,43.811035,8.08698,1.84,-0.446337,4.38494,0.165196,0.286155
PGCC G210.94-3.23,99.07513389,0.30003694,11.4131,1.8,-0.323297,6.34599,4.06,10.0509
PGCC G340.97-0.35,253.00923194,-44.72523889,6.33363,1.06,0.363559,5.94839,3.45,6.15987
PGCC G93.10-11.22,331.85379,41.95209111,,,,,0.496592,
PGCC G247.70+2.48,122.83128389,-29.15977889,12.9352,2.53,-0.668825,5.10373,,
PGCC G349.86+1.32,258.42276,-36.66054194,6.38258,1.36,-0.12301,4.67767,1.09,1.73247
PGCC G22.95-1.36,279.49459806,-9.49447111,11.4387,2.18,0.577785,5.24015,1.5,3.37814
PGCC G177.45-20.02,66.98156694,19.22487306,7.33454,1.74,-0.662006,4.22551,0.23,
PGCC G260.92-6.31,122.61245694,-45.02232389,9.90139,2,1.56414,4.9475,,
PGCC G17.71-11.24,286.24377389,-18.54542694,16.759701,2.9,1.10849,5.77936,,
PGCC G109.92+6.84,339.15319806,66.24404111,7.06788,1.17,1.07086,6.02009,0.176198,0.334329
PGCC G83.05-41.02,343.16406194,12.47253694,13.1781,3.13,1.05979,4.20789,,
PGCC G0.95+7.65,259.79742389,-23.98734694,9.86448,1.56,0.433536,6.31031,0.12,0.275404
PGCC G87.61+0.45,315.12213111,46.860615,12.4429,2.8,-0.863164,4.44989,,
PGCC G257.61-12.18,113.09800694,-45.06128306,12.2396,1.91,-0.786793,6.421,,
PGCC G98.53-31.99,349.815125,26.48220806,14.1622,2.51,-1.4358,5.63779,,
PGCC G305.91-2.49,199.977005,-65.19885306,12.677,1.87,-1.0202,6.79129,-1.67,
PGCC G121.31+6.86,8.22720194,69.67690306,12.9619,2.33,-0.429564,5.55406,,
PGCC G345.95+5.73,251.08010889,-37.00804111,12.3598,1.77,-1.53959,6.97908,,
PGCC G281.41-6.06,144.81874111,-60.62657889,9.24478,1.37,0.879104,6.73837,0.84,1.92855
PGCC G208.75+2.36,103.05415306,4.79569306,8.71197,1.81,-0.734924,4.803,,
PGCC G160.10+1.97,74.021935,46.42235194,16.4881,3.22,-0.287093,5.12018,1,2.67273
PGCC G75.08-7.17,312.27383389,32.387505,13.3543,2.19,-1.49252,6.09571,,
PGCC G104.66-2.76,339.47720306,55.30014389,,,,,,
PGCC G105.95-30.67,356.00421111,29.969135,,,,,,
PGCC G182.07-30.76,61.204285,9.16014111,,,,,,
PGCC G353.83-6.76,269.648895,-37.66834611,7.58796,1.54,0.394047,4.93552,,
PGCC G204.35-8.16,91.66877694,3.830155,8.30288,1.76,-0.593398,4.71708,0.415,0.755485
PGCC G115.82-44.43,7.52347889,18.15097806,8.99789,1.46,-1.50267,6.16985,,
PGCC G346.38-0.62,257.80590806,-40.61463889,7.14741,1.14,0.994153,6.28289,5.43,10.5847
PGCC G260.80-3.61,125.66013306,-43.42264611,7.68951,1.38,-0.200569,5.58282,-1.2,
PGCC G342.45+9.63,244.54316694,-36.91312806,7.88223,1.8,0.450196,4.37558,0.55,0.939575
PGCC G123.40+7.09,14.20316694,69.95430806,9.60487,1.38,0.187696,6.94162,,
PGCC G125.77-0.99,18.86550111,61.75070194,,,,,,
PGCC G115.76+22.70,315.54998806,82.13646694,13.3948,2.16,1.2282,6.20031,,
PGCC G162.66-21.94,54.88728306,27.68298889,14.4347,1.94,0.137057,7.4409,,
PGCC G304.27+1.69,195.63246194,-61.15298806,11.8989,1.62,-0.587899,7.34495,,
PGCC G16.36-0.62,275.69357306,-14.99574111,13.2479,2.97,-0.304463,4.45842,,
PGCC G313.93-7.28,222.61073306,-67.57440194,12.5011,2.83,0.866713,4.42145,,
PGCC G101.87+8.56,321.91272,62.764595,12.2913,2.13,-0.360366,5.78227,0.38,0.931879
PGCC G195.18-10.68,84.99845111,10.49870111,8.6136,1.46,-1.40048,5.89883,,
PGCC G98.81+6.84,319.98669389,59.40871389,,,,,,
PGCC G167.48-17.25,62.25383806,28.06998389,,,,,0.14,
PGCC G159.52-0.93,70.30258889,45.0037,11.0445,2.47,-1.22574,4.47868,0.61,1.24797
PGCC G167.96-20.44,60.10445,25.47860306,10.0069,1.59,-0.778815,6.28912,,
PGCC G24.41-17.97,295.46603389,-15.43463694,,,,,,
PGCC G146.75+17.24,83.63097389,65.88731389,11.4571,1.72,-1.228,6.64836,0.2,0.507752
PGCC G136.38-1.94,39.01873,58.17231806,,,,,-1.04,
PGCC G30.02-16.48,296.37820389,-9.94762306,14.2463,3.32,0.647459,4.29549,0.265461,0.604066
PGCC G127.82+19.39,43.96974611,81.05995194,,,,,0.38,
PGCC G241.38-7.01,109.84588611,-28.45946306,15.0315,2.69,-1.38459,5.57895,,
PGCC G84.61+4.35,307.93173194,46.95353306,5.10768,1.14,1.17545,4.47539,,
PGCC G147.72-0.38,57.82400889,53.60335194,8.36623,1.35,-0.632228,6.19667,,
PGCC G156.09-9.58,58.66330306,41.20916,8.28483,1.46,0.534556,5.69226,0.14,0.279666
PGCC G265.43+0.27,133.87327611,-44.74501389,9.81729,1.37,0.676515,7.16325,,
PGCC G304.20+3.44,195.35527,-59.40964111,7.01618,1.29,1.20958,5.43966,,
PGCC G129.22-10.99,22.77663611,51.39201389,9.21874,1.71,-0.896661,5.37823,0.33266,0.68137
PGCC G146.35-0.91,55.440685,54.02602389,8.83327,1.13,0.417403,7.78487,-1.34,
PGCC G218.93-3.42,102.539955,-6.89661306,8.77481,1.52,0.143356,5.77346,1.09,2.25678
PGCC G241.61+4.35,120.95002,-23.03624,13.3683,1.81,1.19287,7.38896,,
PGCC G276.01-9.70,132.18388389,-59.20537194,15.6803,3.47,-1.30438,4.51508,,
PGCC G106.88+4.06,336.45681806,62.29785889,8.75328,1.9,-0.564792,4.59625,0.66,1.21775
PGCC G134.05-45.67,20.93840194,16.50257694,18.384501,3.95,-1.05856,4.6514,,
PGCC G155.98+5.84,74.76181,52.04504806,7.12562,2.01,-0.431916,3.54476,,
PGCC G148.11-38.37,33.70726389,20.39049306,9.18157,1.35,-0.569606,6.80654,,
PGCC G268.52+8.61,144.97589111,-41.12773889,12.1271,1.82,-1.08224,6.67611,,
PGCC G22.58-0.20,278.27908306,-9.29890806,9.99159,2.16,0.097294,4.63455,8.42,16.667101
PGCC G343.04-0.75,255.23550389,-43.36002,11.4676,2.9,0.529397,3.94903,,
PGCC G158.66-21.57,51.82990306,30.28480889,9.23818,1.65,1.35413,5.59972,0.14,0.292908
PGCC G123.25+15.44,14.34917,78.31092806,,,,,,
PGCC G151.76-1.12,62.00479889,50.41131194,11.7256,2.07,-0.033726,5.66658,,
PGCC G321.89-4.58,234.920395,-61.09880806,8.33632,1.46,0.293006,5.72676,-0.88,
PGCC G291.47-4.20,165.35247806,-64.59657306,9.41673,1.21,-0.692193,7.78795,,
PGCC G150.40-1.90,59.60246694,50.72391111,9.15435,2.4,-0.887142,3.81377,0.225944,0.388346
PGCC G129.62+12.27,37.06243111,73.87392389,10.2962,1.87,-0.512633,5.51977,0.279254,0.612386
PGCC G288.36+4.23,166.47085611,-55.6301,12.327,2.01,0.081451,6.12932,,
PGCC G106.94-9.92,347.97952306,49.84191889,9.81102,1.36,-1.03048,7.23628,,
PGCC G129.10+14.60,38.74375194,76.21914694,12.5577,3.39,-0.439173,3.7051,0.250035,0.496116
PGCC G129.02+15.31,39.686695,76.89260889,,,,,0.20797,
PGCC G30.65+5.34,277.06723,0.41246,,,,,0.26,
PGCC G117.59+23.49,318.69223,83.95800806,8.44341,1.11,-0.492244,7.6172,,
PGCC G273.25-5.39,135.07951389,-54.35228306,14.8674,3.59,-1.38957,4.1415,,
PGCC G246.59-2.68,117.08905806,-30.932005,11.7865,1.92,-0.003244,6.14135,,
PGCC G183.12-0.75,87.49700889,25.88133611,14.5636,3.91,-0.656687,3.72837,,
PGCC G113.48+16.38,331.76187111,76.13339194,7.80059,1.33,-0.193289,5.8817,,
PGCC G237.45-2.87,111.88627611,-23.06209,14.2707,3.13,-0.439049,4.55639,3.76,8.81958
PGCC G96.05-11.86,335.56289694,43.09192694,8.99143,1.3,1.48081,6.9215,,
PGCC G114.78-4.73,357.737,57.18376194,14.7498,2.35,1.19657,6.2824,0.48,1.34408
PGCC G105.60-30.62,355.65020806,29.92302889,9.82025,1.81,-1.37696,5.43172,,
PGCC G157.28-10.12,59.36209889,40.03315694,11.0045,3.11,-0.548496,3.53741,0.14,0.254087
PGCC G314.87-28.83,294.78292806,-79.32611111,6.66216,2.02,0.1253,3.29148,,
PGCC G0.67+7.90,259.40402194,-24.06839611,7.76033,1.13,1.15443,6.83935,0.12,0.254305
PGCC G176.24-19.75,66.42060889,20.269485,8.41272,1.5,0.178859,5.60874,,
PGCC G191.34+1.66,94.17854306,19.911245,12.4953,2.11,0.238434,5.92621,,
PGCC G340.38+15.18,238.081055,-34.22927111,9.74058,1.73,0.922205,5.64463,,
PGCC G286.82+5.65,165.05714389,-53.70219389,13.4306,3.23,1.4345,4.15332,,
PGCC G196.90+0.78,96.10775806,14.59306306,17.718399,5.32,-0.957748,3.33169,,
PGCC G224.71-44.31,64.46396611,-26.65044389,14.9393,2.62,0.321728,5.70171,,
PGCC G340.23-3.08,255.39836111,-47.01197806,,,,,,
PGCC G166.35-2.57,74.49614694,38.70924389,18.338301,4.12,-0.49947,4.45558,-0.98,
PGCC G161.24+5.58,79.25923889,47.68315111,8.84526,2.4,-0.680383,3.69136,,
PGCC G270.18+7.10,145.280685,-43.34003111,10.2796,1.49,-0.800353,6.90797,0.58,1.42173
PGCC G153.47+2.87,68.44745611,52.03381306,10.5612,1.8,1.45791,5.8719,-1.03,
PGCC G157.08-11.87,57.70293,38.82579389,,,,,0.14,
PGCC G153.82+8.32,75.88688694,55.25823611,16.6049,2.82,0.161725,5.89646,,
PGCC G344.41-4.12,260.12600694,-44.251675,6.08556,1.14,-0.104177,5.35652,-1.43,
PGCC G324.70+16.95,220.95367389,-41.12600306,10.0796,1.27,0.158029,7.91064,,
PGCC G0.77+10.24,257.37628194,-22.65483111,,,,,0.12,
PGCC G226.25-8.39,101.32085389,-15.62562194,,,,,,
PGCC G253.88+62.11,171.98367306,7.47789111,,,,,,
PGCC G324.11-2.25,235.64473,-57.89957,12.5925,2.37,1.27308,5.31951,,
PGCC G164.31-6.78,68.735985,37.54336889,11.0139,2.2,-0.471965,5.01408,0.39,0.843057
PGCC G111.30+20.18,313.50952111,77.29589806,6.45677,1.56,-0.487081,4.15198,,
PGCC G99.89-2.30,332.17297389,53.12907806,5.88428,1.58,-1.46275,3.72917,,
PGCC G197.18+31.85,126.88787806,26.47478694,,,,,,
PGCC G70.30+10.95,290.35000611,38.095585,14.4973,2.79,-0.318558,5.20466,0.335738,0.848334
PGCC G111.84+12.53,335.2388,72.082275,9.65615,1.18,-1.02639,8.15631,,
PGCC G304.91-3.50,197.78323389,-66.29579194,12.599,1.93,-0.970361,6.53772,-1.19,
PGCC G96.83-5.58,331.30783111,48.68546694,12.0003,3.5,-1.20961,3.43243,,
PGCC G88.58-41.20,346.83206194,14.62310306,8.20378,1.39,1.02673,5.88348,0.213796,0.432066
PGCC G295.80+0.35,177.68281611,-61.67341611,,,,,5.89,
PGCC G132.18+2.94,34.52900306,64.24852806,7.954,1.24,-1.18614,6.40307,0.65,1.34936
PGCC G105.40+8.42,328.03320306,64.99915306,,,,,,
PGCC G131.31+7.34,36.26876806,68.67278306,13.1548,2.1,-0.001024,6.26973,0.31,0.818945
PGCC G30.55+0.16,281.627625,-2.046095,6.53335,1.26,-0.053804,5.16488,4.76,8.04325
PGCC G127.81+23.05,61.22299194,83.99176,17.4205,3.77,-0.283343,4.61594,,
PGCC G241.36-65.88,39.26740306,-36.10729611,,,,,,
PGCC G26.53+0.71,279.29232806,-5.37245611,13.3079,2.69,-0.091411,4.94659,4.22,9.95972
PGCC G11.08+2.29,270.38909889,-18.22766111,10.1514,1.71,-0.300408,5.94099,,
PGCC G330.62+4.20,237.57887306,-48.81086306,15.6747,3.38,0.933244,4.6334,,
PGCC G101.47+5.05,326.240265,59.90638,9.34151,1.48,-0.242106,6.31426,-1.08,
PGCC G96.81-5.09,330.84130889,49.06683,8.97824,2.71,1.12441,3.31839,,
PGCC G250.72-12.62,108.64608806,-39.186405,8.3139,1.53,-0.628614,5.44909,,
PGCC G340.34-3.51,255.99955694,-47.18524889,8.42881,1.38,0.061718,6.11261,0.8,1.67037
PGCC G122.05+16.17,8.41128694,79.01197111,13.0495,1.63,-1.05728,7.99759,,
PGCC G312.56-29.23,298.99838306,-81.25933806,,,,,,
PGCC G316.21-12.25,235.37182611,-70.60411806,,,,,,
PGCC G331.48+5.26,237.57792694,-47.45091194,12.6795,1.97,0.149416,6.4409,,
PGCC G126.05-11.56,17.73323111,51.19709806,10.7819,3.31,-0.759356,3.2528,,
PGCC G314.47-2.96,219.37199389,-63.42752806,10.7433,2.87,0.466867,3.73925,,
PGCC G108.79-51.98,4.07422306,9.92152389,14.5172,2.17,-1.54185,6.68098,,
PGCC G185.15+0.76,90.07605,24.88414194,9.91507,2.61,-0.206706,3.79509,,
PGCC G77.47+1.78,305.14492806,39.648525,7.18661,1.97,0.873048,3.64365,,
PGCC G177.85-17.36,69.42471306,20.62569806,13.6421,2.38,-0.117533,5.73501,0.200447,0.515744
PGCC G125.80+15.80,26.68246111,78.35787194,9.64583,1.29,0.860264,7.469,,
PGCC G345.32-5.61,262.552155,-44.32814,5.41971,1.3,0.256579,4.16599,,
PGCC G276.77-1.59,143.95228611,-54.2075,5.86496,1.15,-0.113559,5.08636,,
PGCC G336.55+11.19,237.74951194,-39.68859111,10.9004,1.59,0.573708,6.87382,-0.79,
PGCC G52.48-1.01,292.98394806,16.83889806,13.4716,2.84,-0.717327,4.74919,,
PGCC G318.52-3.86,228.18205306,-62.38060806,,,,,,
PGCC G29.03+4.37,277.18963611,-1.47362694,,,,,0.26,
PGCC G172.57-11.30,71.0177,28.41678,10.4552,2.1,-0.493591,4.97777,0.23,0.482657
PGCC G0.95+25.72,244.54728694,-13.10603389,16.596201,1.54,0.403256,10.7951,0.12,0.467227
PGCC G310.46+3.88,207.21006806,-58.152985,12.8853,1.95,0.827993,6.62169,,
PGCC G177.69+0.72,85.718735,31.28490611,8.87931,1.13,0.735302,7.86721,1,
PGCC G153.43-16.12,50.845135,37.59793889,14.261,3.92,-0.397459,3.64217,,
PGCC G344.82+17.28,240.14471389,-29.814215,14.9331,3.48,0.444656,4.28797,,
PGCC G155.46-14.22,54.25684694,37.97316,11.1241,2.46,-0.241045,4.52288,,
PGCC G99.78+17.19,302.95974694,66.42179889,,,,,,
PGCC G149.42-34.16,36.64120111,23.77094111,5.89258,1.88,-0.811262,3.13217,0.187932,0.234857
PGCC G12.77-0.59,273.90084806,-18.14569306,7.85271,1.54,0.801348,5.08641,4.39,8.07062
PGCC G310.15+2.70,207.128815,-59.36643194,9.89644,1.05,1.31931,9.39159,,
PGCC G76.18-17.71,322.18093889,26.24628389,13.1173,2.15,-1.3826,6.1014,,
PGCC G117.93-7.27,4.13804389,55.26244389,11.6752,2.3,-0.950315,5.06973,,
PGCC G3.53+16.68,253.47807306,-16.719595,7.1429,1.29,-1.16756,5.55298,0.12,0.219841
PGCC G325.26-2.83,238.02088889,-57.65166889,13.7429,2.33,0.606979,5.91046,-1.29,
PGCC G87.47-5.04,320.65072611,43.00184194,8.00828,1.25,0.932263,6.42786,0.47,0.980906
PGCC G216.04+9.86,113.04328194,1.74794194,12.1441,2.22,-0.020866,5.4782,,
PGCC G133.57+9.61,44.68997194,69.80967694,7.63825,1.28,1.1023,5.97448,,
PGCC G263.74-6.51,124.584335,-47.47782111,10.2029,1.92,-0.884897,5.30085,,
PGCC G98.21-1.91,329.573395,52.44442389,7.30171,1.31,0.094478,5.58964,,
PGCC G309.05+7.09,203.55184889,-55.27293806,8.79137,1.15,1.5174,7.65017,0.54,1.2882
PGCC G329.19-6.56,248.13102694,-57.67304611,10.2136,1.51,1.10535,6.76643,,
PGCC G316.68-3.81,224.64012111,-63.23669111,7.81041,1.49,0.588967,5.23789,,
PGCC G214.87-12.97,92.11827111,-7.56488806,11.9818,2.42,0.15623,4.95032,0.415,0.929722
PGCC G169.75+2.30,82.10424,38.818275,7.40231,1.26,-0.344889,5.89784,,
PGCC G342.90+8.51,245.94529694,-37.38274806,13.8778,2.27,0.972665,6.10544,,
PGCC G93.02-37.90,348.23864694,19.18096194,12.5169,2.31,1.36301,5.40834,0.190546,0.456044
PGCC G300.90-24.55,157.08061194,-86.83779111,9.78115,1.44,0.771943,6.77716,,
PGCC G174.54+7.11,90.468475,37.22008889,16.5856,3.31,-0.547712,5.00841,,
PGCC G236.63-8.40,106.10191306,-24.86491611,12.52,2.08,-0.575347,6.00535,,
PGCC G355.70+22.15,244.14640806,-19.07757,12.6917,2,-1.3122,6.33757,,
PGCC G115.65+20.05,328.01882889,80.27295694,13.1774,2.63,-0.115986,5.00797,,
PGCC G249.37-12.79,107.7491,-38.05921611,17.139099,4.12,-0.70885,4.1579,,
PGCC G279.85+8.27,157.32684306,-48.12875694,17.7913,3.75,-0.572539,4.74181,,
PGCC G91.81+40.12,248.02490194,61.21481306,13.0957,2.43,-0.72621,5.38651,,
PGCC G183.05-19.40,70.92122694,15.47064389,17.0446,2.62,-0.701143,6.51707,,
PGCC G121.50-8.20,10.4043,54.64840694,9.89049,1.23,1.16608,8.01961,,
PGCC G107.69+13.37,323.84732111,70.19532806,9.60186,1.91,-1.34649,5.01901,,
PGCC G45.90-6.09,294.30596889,8.63953611,,,,,0.5,
PGCC G4.91+23.37,248.70616111,-11.70552306,15.9617,3.3,0.485626,4.83193,0.12,0.306554
PGCC G352.60+1.85,259.836975,-34.12804389,6.54416,1.2,-0.636482,5.47447,1.02,1.77593
PGCC G124.81+19.34,25.76569389,82.02494,16.268101,2.78,-0.174397,5.86099,0.38,1.07936
PGCC G136.96+1.08,42.51673111,60.68209806,,,,,,
PGCC G334.88+18.56,230.51606806,-34.79974694,11.6861,3.16,0.65924,3.70242,,
PGCC G248.03+0.55,121.16927306,-30.485165,7.99348,1.54,-1.56209,5.19425,,
PGCC G3.40-2.40,270.70092806,-27.21852111,14.2286,2.88,1.17867,4.94254,,
PGCC G250.58-5.38,116.67672,-35.73296389,8.3848,1.18,0.585232,7.11611,,
PGCC G165.44-17.80,60.23590889,29.03145,10.9263,2.44,-0.253822,4.48058,0.14,0.284943
PGCC G148.23+23.54,99.57602694,66.89755194,,,,,0.2,
PGCC G4.64+35.82,238.582245,-4.31189611,,,,,,
PGCC G91.69+4.12,314.99508694,52.34920111,7.75176,1.47,-0.378295,5.26283,,
PGCC G164.80-9.09,67.02276611,35.62123889,14.85,3.71,-0.206918,4.00221,,
PGCC G299.85+6.62,187.36982694,-56.11570389,11.2178,1.55,1.2388,7.24105,-1.18,
PGCC G242.07+3.96,120.84877,-23.63377806,,,,,,
PGCC G355.00+1.29,262.00967389,-32.45811806,11.4864,2.82,-1.31115,4.07217,1.09,2.16849
PGCC G179.97+5.17,91.56662806,31.55642111,10.5218,1.37,-0.643941,7.69195,,
PGCC G336.72+24.00,228.512115,-29.35629694,12.7607,2.32,1.29878,5.49663,,
PGCC G324.03+5.24,228.23494,-51.73981889,9.36954,1.17,-0.379864,8.00161,,
PGCC G126.17-1.32,19.62306194,61.37736889,,,,,,
PGCC G129.51+10.75,34.81708111,72.49106611,,,,,0.52,
PGCC G65.35-8.06,306.55181889,24.107115,10.4494,1.34,1.2364,7.81187,,
PGCC G185.85-1.92,87.92765806,22.93751,11.5906,1.75,-0.767333,6.63577,,
PGCC G340.12+4.45,247.27499389,-42.18449806,11.6885,1.72,1.15407,6.80635,-0.9,
PGCC G259.59+9.93,138.24606306,-33.98096111,10.1843,1.95,-0.521785,5.22828,,
PGCC G115.54+3.92,354.66503889,65.73799111,11.856,1.37,0.693692,8.68351,-1.57,
PGCC G203.51-9.88,89.74989306,3.744425,11.9809,2.31,-0.187427,5.18053,0.36,0.825013
PGCC G172.27-13.82,68.63651306,27.01550694,11.0188,2.07,-0.607066,5.32564,0.23,0.512515
PGCC G298.66-12.11,177.08796694,-74.46106694,9.12529,1.2,-0.831039,7.63017,0.17,0.412635
PGCC G25.30-2.05,281.20285,-7.72738611,11.8938,1.86,0.345046,6.3857,,
PGCC G199.99+0.35,97.19628889,11.66478306,8.46949,2.28,-0.903967,3.71551,,
PGCC G163.46-2.19,72.50124389,41.18722889,7.10339,1.4,0.984668,5.06773,3.71,6.475
PGCC G42.28-23.15,307.60012806,-2.65546389,16.0445,4.68,0.665375,3.43065,,
PGCC G276.33+6.64,151.64715611,-47.53508806,14.246,2.89,-1.38207,4.93053,,
PGCC G359.74+17.13,250.80423,-19.34871694,,,,,0.12,
PGCC G170.38-10.80,69.87260389,30.383505,13.3231,3.11,-0.259976,4.28226,0.23,0.505351
PGCC G337.32+16.63,234.20082111,-34.97674889,6.99905,1.17,0.474536,6.00582,0.77,1.45219
PGCC G246.12+2.56,121.94065889,-27.798115,8.13791,1.37,0.154466,5.95173,,
PGCC G306.27-1.30,200.47526611,-63.97807306,12.4336,3.91,0.67099,3.17633,,
PGCC G97.79-25.85,346.13391111,31.754745,11.11,2.37,-1.52772,4.69396,,
PGCC G12.88-0.35,273.73519889,-17.940205,,,,,4.43,
PGCC G103.72+11.63,319.78964194,66.22054306,9.70463,1.6,0.554507,6.08396,0.43,0.961121
PGCC G150.61-4.85,56.96556889,48.31000111,7.56369,1.47,-0.683468,5.12887,0.46,
PGCC G160.76-16.95,57.02289611,32.64896806,9.65053,1.59,1.34467,6.08704,0.14,0.312129
PGCC G122.58-9.86,12.28978889,53.00828194,13.2229,3.36,-0.911006,3.9335,,
PGCC G160.17-10.71,61.57289889,37.69297806,18.3174,3.84,-0.383205,4.76853,,
PGCC G150.70-37.77,35.94265694,20.07117306,9.7228,1.33,-0.673241,7.33339,0.198609,0.487836
PGCC G300.73-0.96,187.877075,-63.74777611,6.13923,1.39,1.26585,4.40726,,
PGCC G167.41-26.58,55.13847694,21.33503889,9.83745,1.58,1.4145,6.21883,0.14,0.31853
PGCC G358.84+21.17,246.92327889,-17.49190889,15.0118,2.82,0.802904,5.3275,,
PGCC G45.91-0.52,289.33242806,11.28839694,7.93729,1.45,-0.621217,5.46297,5.51,10.5543
PGCC G126.24+5.99,21.92285889,68.62764694,10.5355,1.45,1.41954,7.27135,-0.81,
PGCC G230.16+1.93,112.66824306,-14.36501194,14.3575,2.84,-0.414143,5.06143,0.24322,0.603117
PGCC G288.27+7.05,168.19824194,-52.98727806,7.9767,1.46,-0.348816,5.45184,,
PGCC G346.68-7.92,266.29998806,-44.38945,8.10734,2.1,0.026567,3.86103,0.53,0.862567
PGCC G238.05-7.33,107.85356111,-25.64775806,10.4612,1.53,-0.547981,6.85034,,
PGCC G174.40+12.05,96.00399,39.59636694,5.49026,1.36,-0.281446,4.03779,,
PGCC G91.45-38.60,347.44833389,17.98067306,11.6827,2.72,1.17968,4.29888,,
PGCC G102.24+3.43,329.42099,59.13625694,,,,,-1.58,
PGCC G298.70+3.37,184.57180806,-59.22535694,5.55491,1.57,0.875336,3.52944,1.21,1.55849
PGCC G110.51+12.48,331.95779389,71.29567694,14.2063,2.61,-0.923419,5.45193,0.169824,0.434753
PGCC G140.00+2.09,48.90179806,60.09123194,9.34144,2.52,-0.614244,3.70435,,
PGCC G150.26+14.08,81.25681306,61.38152694,10.0138,2.86,-0.160877,3.50122,0.247742,0.426712
PGCC G3.26+10.18,258.93408194,-20.67513806,9.61228,1.44,-0.160396,6.69078,,
PGCC G359.15+15.33,251.95965611,-20.89961194,12.4249,3.13,0.82779,3.96755,0.12,0.245084
PGCC G316.81+9.06,215.16818194,-51.388985,11.0929,2.37,0.934166,4.68891,0.66,1.38462
PGCC G176.41-0.62,83.58606,31.65093,13.0158,2.13,-0.972087,6.12328,3.88,10.0759
PGCC G188.64-10.19,81.99102,16.24285694,11.8728,2.75,-0.981732,4.31704,0.37,0.770544
PGCC G86.97-4.06,319.21972694,43.33624306,7.46113,2.03,0.94243,3.67657,0.7,1.06647
PGCC G120.78+4.81,7.21706694,67.58750194,13.2903,2.3,1.07986,5.78337,-1.16,
PGCC G284.05+7.54,162.35595694,-50.80146389,11.0193,1.78,-1.33845,6.18008,,
PGCC G5.70+7.77,262.487915,-19.98891306,6.46842,1.33,-0.503587,4.87146,0.12,0.195946
PGCC G117.44+1.08,0.51751389,63.42633389,,,,,,
PGCC G125.95-7.05,18.17432389,55.69806306,,,,,,
PGCC G109.75+13.93,327.24951194,71.95500889,12.0279,2.59,0.616706,4.6487,,
PGCC G162.19+12.89,89.57205194,50.66358194,14.3118,2.07,-0.83165,6.91224,,
PGCC G10.36-2.88,274.83474694,-21.35346389,9.45809,1.16,0.340354,8.13333,,
PGCC G129.09-6.10,23.92352111,56.24519,8.65383,1.55,-0.321572,5.56887,0.266686,0.538536
PGCC G248.73+1.40,122.43689694,-30.61677889,,,,,,
PGCC G161.85-27.36,50.47076389,23.92133111,12.729,2.16,0.435625,5.89335,,
PGCC G158.86-20.09,53.04808806,31.34754806,,,,,0.14,
PGCC G162.56-18.34,57.48641194,30.47849306,10.7773,1.37,-0.580653,7.8525,0.14,0.37464
PGCC G58.14-0.34,295.29632611,22.11066806,6.99804,1.42,0.359175,4.9224,4.22,7.2047
PGCC G315.53+2.91,216.84950306,-57.59302889,12.0872,3.07,0.601736,3.9425,,
PGCC G65.60-3.07,302.09903,27.08367306,15.7886,4.48,0.350914,3.52267,0.8,1.7355
PGCC G298.29-13.37,174.445175,-75.56968694,7.52825,1.69,-1.47057,4.45468,0.15,0.252681
PGCC G75.86+0.08,305.76767,37.35723111,9.35001,2.46,0.529011,3.79393,2.88,4.98965
PGCC G121.83-9.67,11.04166194,53.18386806,13.6158,2.43,-0.763084,5.60943,,
PGCC G70.07+1.57,300.33377111,33.33936306,,,,,0.180302,
PGCC G162.20-26.97,51.00994889,24.03716889,,,,,,
PGCC G270.18-21.08,107.12801389,-59.59240694,6.08603,1.46,-1.27869,4.15847,,
PGCC G110.54-0.37,347.42816194,60.02917889,,,,,0.181134,
PGCC G352.11+0.77,260.581055,-35.14793806,9.93448,1.69,0.187544,5.88769,3.6,
PGCC G303.64+1.76,194.32002306,-61.10208889,9.03192,1.26,-0.593953,7.15514,3.76,8.79253
PGCC G188.95-34.37,61.86663806,2.35878694,6.23124,1.24,-0.073495,5.03217,,
PGCC G325.92+8.65,227.98252889,-47.85150889,6.52806,1.69,0.302987,3.86013,0.66,0.963749
PGCC G4.26-23.58,293.80835,-35.01135611,,,,,,
PGCC G35.17-3.07,286.61364694,0.59323889,14.3347,2.5,1.11753,5.74023,,
PGCC G160.77-27.58,49.493195,24.31940806,12.1725,1.53,0.362224,7.97609,,
PGCC G128.96-1.56,25.26875694,60.73098806,11.8958,1.55,1.20841,7.6849,0.194984,0.542304
PGCC G154.99+4.77,72.40049694,52.14161694,8.69843,2.49,-0.186241,3.49295,,
PGCC G2.26+5.88,262.20181306,-23.88097806,10.9505,2.12,0.206871,5.16349,0.145,0.317163
PGCC G148.88-40.23,33.47791306,18.45165306,9.46838,2.35,-0.419551,4.02886,,
PGCC G3.33-2.57,270.83575389,-27.36152806,8.39911,2.13,0.5249,3.94753,,
PGCC G221.28-7.29,100.09860194,-10.71965306,7.41745,1.21,-0.285016,6.12748,,
PGCC G140.97+6.35,55.65038306,63.060745,12.2403,2.78,-0.385731,4.39706,,
PGCC G6.24-3.53,273.32836889,-25.28328889,9.33058,1.89,0.787222,4.93267,-2.64,
PGCC G211.34-19.52,84.68100694,-7.41772611,11.2801,1.97,0.122893,5.72291,0.415,0.96993
PGCC G267.74+4.33,140.22012306,-43.69199806,,,,,,
PGCC G165.60+8.54,86.29294611,45.62774694,16.7246,2.47,-1.45665,6.76847,,
PGCC G205.44-7.71,92.57108306,3.08536611,10.1037,1.79,-1.2639,5.64407,0.415,0.911616
PGCC G107.26+7.58,332.73696889,65.44333611,17.546101,4,-1.19664,4.38841,0.44,1.12311
PGCC G103.49+18.63,304.17999306,70.21408806,16.992001,2.02,-1.49564,8.42515,,
PGCC G168.72-3.39,75.51717389,36.33572389,6.29257,1.25,-0.484884,5.02211,0.14,
PGCC G173.60-22.83,62.23076194,20.05592889,11.9247,1.84,0.099276,6.48532,0.23,0.588361
PGCC G243.82-3.67,114.51788306,-29.01931,11.6062,2.6,-0.402762,4.46131,,
PGCC G24.52-8.64,286.82006806,-11.37814194,9.95857,1.7,0.417866,5.86431,-1.34,
PGCC G157.71-11.65,58.49367111,38.60182611,12.2664,2.52,-0.617356,4.87489,0.14,0.314916
PGCC G153.98+8.33,76.06981694,55.13365889,11.1381,2.92,-0.29726,3.81076,0.45,0.852806
PGCC G281.61-5.37,146.02590889,-60.24236306,13.9627,2.9,1.22263,4.81842,,
PGCC G260.85-2.26,127.20361306,-42.684715,15.3242,2.93,-1.12346,5.22727,2.17,5.64954
PGCC G188.95+1.37,92.67433889,21.87330806,9.03655,1.79,0.488497,5.04935,0.7,1.37545
PGCC G244.29-9.61,108.64480611,-32.18986889,14.1531,2.47,-0.666324,5.72603,,
PGCC G26.98+3.53,276.99713111,-3.67062611,,,,,0.26,
PGCC G41.76+10.95,276.95443694,12.74997694,10.2629,1.09,-1.43095,9.41158,,
PGCC G170.95-6.16,74.51153611,32.88175611,9.22535,1.44,-0.501154,6.42262,0.39,0.873251
PGCC G172.40+26.91,114.41233111,46.22628806,16.4769,3.71,0.181146,4.43548,0.291072,0.723828
PGCC G340.90+9.24,243.518265,-38.26529306,8.48785,1.62,0.282523,5.22499,,
PGCC G192.15-25.75,70.55432111,4.95470889,7.807,1.26,-1.17912,6.19704,,
PGCC G98.48+2.10,325.60363806,55.72061194,6.21133,1.08,-1.42499,5.7505,,
PGCC G275.29+0.74,144.70838889,-51.48588194,7.22888,1.14,0.66685,6.35506,-2.06,
PGCC G242.31-2.80,114.53836806,-27.27772694,8.83628,1.6,0.579536,5.51787,,
PGCC G158.12-44.00,37.92451889,11.91282611,9.42,1.47,-0.959186,6.40213,,
PGCC G261.37+0.30,130.38656611,-41.57159389,12.2087,2.66,-1.52418,4.5938,,
PGCC G155.48+4.59,72.67601,51.65371306,11.8896,2.21,-1.06105,5.389,,
PGCC G142.76+4.86,56.70406306,60.79202306,9.86993,1.43,-0.266624,6.88019,,
PGCC G196.21+0.24,95.27835111,14.95276194,9.32348,1.52,-0.054751,6.11686,,
PGCC G124.36+0.44,16.02572111,63.280415,11.5802,2.45,1.46294,4.72583,,
PGCC G110.64+12.15,332.87374889,71.10099,8.18947,1.44,-1.54062,5.68002,0.33,0.654702
PGCC G152.12-25.19,43.70058111,30.60068694,9.37826,1.68,-1.18353,5.56891,,
PGCC G142.51+23.18,94.60882611,71.859535,,,,,0.2,
PGCC G155.94-9.09,58.92749,41.67482389,6.32557,1.46,-0.708387,4.34327,0.14,0.213458
PGCC G121.67-8.61,10.72054611,54.24332,14.407,3.72,-1.04014,3.87254,,
PGCC G109.88+13.57,328.32431,71.764565,12.1543,1.56,-0.712073,7.79302,0.32,0.905932
PGCC G257.06-2.84,123.70546,-39.90777611,13.6444,2.5,-0.443051,5.46102,0.81,2.03389
PGCC G228.40-8.35,102.32938389,-17.52310611,8.53109,1.74,-0.502079,4.8931,0.30903,0.580793
PGCC G228.11-6.20,104.20874806,-16.31416111,7.78327,1.03,0.632832,7.56834,0.52,1.16094
PGCC G201.47+0.07,97.64296694,10.22387111,,,,,,
PGCC G108.36-6.34,347.89157111,53.67881389,12.1024,2.24,-0.418456,5.40928,,
PGCC G62.09-17.38,312.68853806,16.12052694,11.5935,2.02,-1.56347,5.72728,0.222843,0.52821
PGCC G258.90+1.06,129.21073889,-39.14357389,5.80765,1.51,-1.21938,3.85452,-1.91,
PGCC G88.01+1.99,313.78463694,48.17506806,6.95915,1.75,-1.47651,3.97792,,
PGCC G346.73-5.12,263.047455,-42.88349194,10.172,1.74,0.167066,5.83728,,
PGCC G181.44-12.12,76.13609306,21.02509306,18.218599,3.22,1.44623,5.65549,0.23,0.679121
PGCC G114.25-0.92,354.88012694,60.73141111,7.15248,1.91,0.656301,3.74733,,
PGCC G42.20-6.34,292.76699806,5.28398611,12.7186,2.4,1.54972,5.29239,,
PGCC G100.48-2.71,333.36947611,53.13420111,10.3983,1.55,-1.16312,6.69623,,
PGCC G96.62+10.98,310.90460194,60.463715,10.1155,1.85,0.415666,5.48137,0.41,0.888074
PGCC G214.84-18.74,86.85093694,-10.05066806,10.6135,1.64,0.010516,6.4614,0.415,0.999697
PGCC G234.47-7.19,106.24929806,-22.41207306,11.6317,1.62,-1.25397,7.18651,,
PGCC G184.19-4.20,84.86980389,23.16909194,10.889,1.53,0.886826,7.10661,,
PGCC G154.36+0.09,66.22203111,49.47395694,13.4361,3.31,-0.265598,4.05986,-1.28,
PGCC G40.98-34.55,317.20303306,-8.97188889,,,,,,
PGCC G141.65+3.27,52.96492389,60.18053806,9.60104,1.32,-0.115356,7.24742,,
PGCC G158.46-33.19,44.22798194,20.88565611,6.7789,1.03,0.320229,6.59227,0.280543,0.545536
PGCC G127.32+6.58,25.12938889,69.03391306,15.6959,3.42,-0.398706,4.59446,0.54,1.33392
PGCC G180.05-14.42,73.29809611,20.75522194,9.96915,2.08,-0.194007,4.79861,,
PGCC G242.77-12.05,105.29180111,-31.886305,11.5605,1.86,-0.974967,6.20228,,
PGCC G253.71+1.93,126.27217889,-34.44409194,10.736,1.62,-1.26832,6.60785,2.26,
PGCC G42.74-2.60,289.69290194,7.51245889,10.5785,1.56,0.903052,6.76269,0.56,1.3778
PGCC G167.16-24.62,56.37883806,22.94289,11.8889,3.04,-0.722502,3.9111,,
PGCC G164.57-16.70,60.40510194,30.403975,10.3803,1.17,-0.657137,8.8395,0.14,0.390098
PGCC G150.09+6.32,68.92453,56.84761389,11.2283,2.55,-0.401598,4.40862,0.51,1.04377
PGCC G180.59-13.52,74.40248111,20.87905306,7.1287,1.59,-0.385416,4.4705,,
PGCC G205.91-19.67,82.21763611,-2.92644694,12.5748,1.84,-0.142215,6.82988,0.415,1.11875
PGCC G171.41-40.92,47.74904611,8.464405,,,,,,
PGCC G120.89+2.90,7.90013694,65.69261889,9.38294,1.81,0.818552,5.19794,1.09,2.21431
PGCC G189.05-36.03,60.56172611,1.32937194,10.8723,1.68,-0.817988,6.46936,,
PGCC G69.64-30.47,327.66165194,13.13460306,15.9212,1.99,1.34677,7.99653,0.218776,0.718069
PGCC G246.36+13.13,131.65876806,-21.958965,15.767,3.36,-0.844757,4.68611,,
PGCC G169.24+1.95,81.37320694,39.04231306,10.7469,1.74,-0.467932,6.15886,,
PGCC G105.69+8.78,328.00674389,65.45507806,16.638599,2.84,-0.589674,5.855,,
PGCC G133.92+7.37,42.68779389,67.65777611,,,,,-0.59,
PGCC G27.64+10.86,270.79580694,0.29890694,17.117901,3.23,0.196976,5.29476,,
PGCC G160.85-35.58,44.52483694,17.80171194,14.9325,2.29,-0.858011,6.51204,,
PGCC G110.01-9.69,352.30227694,51.10475889,11.2899,2.37,-1.5395,4.77097,0.224905,0.480146
PGCC G125.21+22.20,36.11094306,84.65054306,9.63737,1.48,0.183666,6.51568,0.38,0.875931
PGCC G74.90-14.57,318.661835,27.467175,12.7081,2.23,1.53027,5.69722,,
PGCC G23.64+1.47,277.27475,-7.57871194,,,,,,
PGCC G100.46-0.15,330.79995694,55.20296889,6.42224,1.55,-1.22257,4.14702,,
PGCC G302.84+1.58,192.66404694,-61.29281611,6.89405,1.19,1.32282,5.77891,,
PGCC G96.13+12.64,307.56906111,61.03163889,,,,,,
PGCC G53.00+10.45,282.39169306,22.51859889,12.0639,2.11,0.818177,5.70881,,
PGCC G171.74-11.34,70.39040389,29.01005389,11.3375,1.51,1.56188,7.51011,0.23,0.617356
PGCC G227.01-7.53,102.46285194,-15.92311111,8.91621,1.34,-0.575115,6.64378,0.44,0.985093
PGCC G103.29-27.83,352.36590611,31.89992306,,,,,0.187932,
PGCC G101.56+11.87,315.96545389,64.80330694,13.2883,1.97,-1.53933,6.75472,,
PGCC G120.54+18.66,357.80151389,81.25304389,,,,,0.38,
PGCC G112.85+3.27,349.11193806,64.26817306,8.73864,1.65,-1.28488,5.29718,0.79,1.5635
PGCC G102.01+15.46,309.58432,67.330475,6.05926,1.32,-0.609844,4.58852,,
PGCC G91.58-34.93,345.62890611,21.22505806,,,,,,
PGCC G226.48-2.37,106.97203111,-13.12835,8.85409,1.46,0.959654,6.06199,1.26,2.6852
PGCC G22.76+13.24,266.44937111,-2.78283194,9.14051,1.93,0.690007,4.73962,,
PGCC G174.39+3.50,86.49033389,35.54425389,8.9672,1.65,0.367846,5.43813,,
PGCC G209.86-20.26,83.38967889,-6.50007889,,,,,0.415,
PGCC G107.69+14.53,321.38739,71.01981389,12.1221,2.42,1.26068,5.01286,,
PGCC G159.66-20.04,53.77494806,30.92324806,9.2535,2.61,-0.131644,3.54547,0.14,0.233262
PGCC G338.85+22.23,231.53483611,-29.64890306,12.8221,2.5,0.439317,5.13228,,
PGCC G189.80-13.23,79.965065,13.650935,,,,,,
PGCC G300.08-24.21,150.82395889,-86.11552389,,,,,,
PGCC G276.40-10.36,131.62005611,-59.91419194,7.94347,1.3,0.327476,6.09583,,
PGCC G2.80+7.03,261.47424306,-22.80105194,13.4567,2.2,0.545357,6.11895,0.12,0.31675
PGCC G143.28+16.22,76.99023389,68.21413389,,,,,,
PGCC G178.86-24.11,64.57486,15.59540111,11.3571,2.17,-0.5727,5.22626,0.174582,0.391252
PGCC G113.18+1.72,351.02618389,62.92268389,,,,,,
PGCC G247.42+0.15,120.399055,-30.17767306,10.2852,2.52,-0.494921,4.08202,,
PGCC G213.41-13.61,90.91184194,-6.57688611,13.6469,2.36,0.665584,5.77773,0.415,1.07194
PGCC G214.25-3.94,99.95157611,-2.96480111,11.8747,2.19,-0.488305,5.41689,,
PGCC G29.83-6.24,287.01876806,-5.58677111,8.13072,1.15,0.527156,7.06208,-1.06,
PGCC G356.94+13.23,252.32795694,-23.88276306,12.5387,3.87,0.548144,3.2359,0.12,0.222347
PGCC G214.88-12.76,92.31253806,-7.48313806,9.29731,1.31,-0.245186,7.1166,,
PGCC G106.96+17.47,312.76251194,72.37770111,5.16897,1.19,-0.770903,4.35793,,
PGCC G103.96+12.03,319.476715,66.66071306,10.1004,1.9,-1.02241,5.30635,,
PGCC G258.10-8.32,118.18342611,-43.66486,10.5524,1.58,-0.91773,6.68765,,
PGCC G114.36+5.89,350.31359889,67.24887806,9.46533,1.75,0.755731,5.40082,-0.71,
PGCC G106.74+1.56,338.86721806,60.0853,9.63378,1.57,0.299038,6.11684,,
PGCC G337.10-5.59,255.53379806,-51.00680194,,,,,0.56,
PGCC G314.68+0.24,217.19979889,-60.39582111,9.08324,1.52,0.755384,5.97342,3.96,8.48504
PGCC G175.88-2.94,80.98416889,30.80621111,11.9149,2.16,-1.48405,5.51858,,
PGCC G209.77-19.61,83.94129889,-6.13503194,8.77065,1.77,-0.075611,4.94452,0.415,0.794973
PGCC G177.98-15.04,71.45852694,21.96982806,,,,,0.240991,
PGCC G153.13+3.10,68.33721889,52.44311889,,,,,,
PGCC G1.56+40.78,233.20842,-3.04284611,12.0698,2.67,0.539401,4.52652,,
PGCC G312.25-22.95,258.58361806,-80.58349611,,,,,,
PGCC G64.74-2.47,301.02072111,26.68182889,14.6855,3.16,0.350817,4.65063,,
PGCC G171.52+9.12,90.90438111,40.80575889,10.9807,2.22,0.334593,4.94969,,
PGCC G216.90-7.38,98.06127194,-6.87684611,15.8363,2.61,-0.456626,6.07531,,
PGCC G132.99-4.53,31.43913694,56.87869306,12.1738,2.29,-0.068854,5.31319,0.82,1.91837
PGCC G196.31-0.19,94.92990111,14.66035194,11.8676,2.83,-0.642202,4.19341,,
PGCC G24.52-18.39,295.906525,-15.50869306,15.4381,3.73,0.614233,4.14375,,
PGCC G108.42+17.16,316.46646111,73.29103111,11.4988,1.67,-0.776547,6.88689,,
PGCC G357.31+30.26,238.86364694,-12.58560194,15.5059,3.4,0.408073,4.56231,,
PGCC G278.36-4.20,142.88725306,-57.204865,8.15589,1.34,1.43069,6.07853,,
PGCC G237.57-5.11,109.79184,-24.20908194,7.04671,1.69,-0.68093,4.16946,,
PGCC G298.83-2.70,183.02265889,-65.25785111,9.97016,1.3,1.37195,7.67609,-3.14,
PGCC G206.42-8.15,92.63614694,2.016395,6.92066,1.28,-0.440999,5.39537,0.415,0.737664
PGCC G203.51+1.73,100.08695194,9.16920306,11.7292,2.13,0.298976,5.51902,-1.24,
PGCC G218.82-7.58,98.73346694,-8.66195806,10.0464,1.89,-0.375053,5.30578,,
PGCC G174.88+5.54,88.96436306,36.15774889,10.5024,1.73,-0.248236,6.07083,,
PGCC G139.27+6.38,52.61756889,64.08087194,6.99969,1.68,-0.569274,4.15832,,
PGCC G34.73-2.18,285.61514306,0.60205111,8.47382,1.8,0.901843,4.70331,,
PGCC G271.86+9.67,149.26699806,-42.44374806,7.66525,1.31,1.29972,5.8523,,
PGCC G202.14-10.40,88.64928389,4.67482611,10.0524,1.61,-1.39142,6.23067,0.260615,0.599969
PGCC G171.29-0.82,79.95165306,35.78900889,16.7693,2.49,0.087906,6.73392,,
PGCC G21.21+3.90,273.96212806,-8.58964306,6.67005,1.23,0.362743,5.44446,,
PGCC G267.57-26.79,95.23494694,-58.58744,17.898701,2.37,-0.310111,7.55038,,
PGCC G104.59+10.04,324.03765889,65.69435111,8.19729,1.26,-0.388267,6.53128,0.38,0.808807
PGCC G176.13-0.17,83.85518611,32.12866194,11.7441,3.17,-0.581295,3.69925,,
PGCC G289.16+9.58,170.98695389,-50.942165,,,,,,
PGCC G2.55+9.69,258.943115,-21.52933694,,,,,0.12,
PGCC G40.01-0.31,286.38024889,6.15609194,8.65406,1.26,-0.81025,6.89208,,
PGCC G101.85+11.42,317.19519,64.72881306,9.48867,2.11,-0.944272,4.48862,,
PGCC G92.42+4.81,314.91720611,53.342495,9.33505,1.9,-1.30807,4.91051,0.46,0.905954
PGCC G111.57+5.52,344.23013306,65.83291611,17.9207,3.23,-0.381963,5.55502,-0.78,
PGCC G106.79-36.78,358.71899389,24.31540889,6.64021,1.36,1.45352,4.89808,0.189671,0.314653
PGCC G122.95+24.81,13.19712694,87.67671194,12.1935,2.24,0.431096,5.44048,0.38,0.900313
PGCC G125.46-71.28,13.679575,-8.42155306,,,,,,
PGCC G294.91+4.32,177.810425,-57.61020694,9.57893,1.75,0.933582,5.48539,1,2.10858
PGCC G173.41+4.19,86.60062389,36.73669806,15.6782,2.84,-0.187846,5.5257,0.64,1.7328
PGCC G340.51+14.92,238.40136694,-34.34386806,8.58347,1.36,-1.53546,6.3183,,
PGCC G46.66+6.68,283.092255,15.23956,7.90991,1.81,0.858234,4.36583,0.76,1.29915
PGCC G131.91+10.06,40.95107306,70.94583889,7.98584,1.77,-0.260085,4.50913,,
PGCC G174.99-24.89,61.53942111,17.72598111,,,,,,
PGCC G104.85+13.13,318.90127611,68.05296306,5.97419,1.27,-1.29315,4.72005,,
PGCC G154.36-4.79,61.21819694,45.94312694,10.6686,1.52,-0.752647,7.03186,,
PGCC G222.76-5.85,102.08235194,-11.39469194,5.95173,1.18,-1.47603,5.06004,,
PGCC G119.22+17.33,352.78393611,79.62240611,9.15807,1.33,-1.35956,6.90677,,
PGCC G160.97-9.42,63.42182889,38.08395806,,,,,0.14,
PGCC G207.86-20.52,82.30669389,-4.944435,,,,,0.415,
PGCC G247.17-0.51,119.598175,-30.31752389,18.6444,2.43,-0.439127,7.68469,,
PGCC G34.89+0.45,283.35186806,1.94248694,6.59424,1.11,0.507564,5.92811,2.8,5.09243
PGCC G353.23+15.31,248.05361889,-25.3374,,,,,0.12,
PGCC G119.60+6.13,3.671365,68.76265694,,,,,,
PGCC G104.03+17.65,307.43478389,70.158325,11.7026,1.73,-1.34421,6.74798,,
PGCC G156.01-33.58,42.14871194,21.66341,,,,,,
PGCC G157.21-2.57,66.36001611,45.57345194,,,,,,
PGCC G184.92-4.16,85.32698806,22.56660694,,,,,,
PGCC G175.71-20.41,65.54428889,20.21249806,9.71224,1.75,0.136975,5.56473,,
PGCC G27.88+10.88,270.88674889,0.525955,,,,,,
PGCC G125.58-17.74,16.42732611,45.06244306,9.38715,1.26,0.078578,7.46266,,
PGCC G307.42-32.93,340.17376694,-83.01914194,12.326,2.15,0.257766,5.73348,,
PGCC G252.15+0.73,123.998085,-33.84006889,5.49312,1.44,-1.1233,3.81198,,
PGCC G63.78+4.71,293.45028694,29.48383111,9.98116,1.27,-0.979828,7.88486,,
PGCC G320.43+5.51,222.868805,-53.23276889,11.3188,1.5,0.480296,7.53182,,
PGCC G358.94+21.41,246.79060389,-17.26132194,18.100401,2.43,0.950894,7.45963,0.12,0.405612
PGCC G107.84-45.46,1.90334389,16.122095,4.52086,1.22,1.16852,3.69114,,
PGCC G117.10+3.02,358.82830806,65.25444806,5.83249,1.3,-0.290734,4.47868,-1.68,
PGCC G275.49+2.08,146.33212306,-50.60182611,7.61163,1.34,-0.468252,5.68169,0.69,1.31994
PGCC G102.89+15.76,310.20297194,68.20923611,7.91398,1.42,-1.18,5.55935,,
PGCC G157.21-2.15,66.789925,45.87413389,10.5932,1.53,0.514676,6.91565,,
PGCC G6.30+7.43,263.13308694,-19.670675,9.81745,1.33,1.18344,7.39016,0.12,0.297327
PGCC G32.73-15.16,296.32855194,-7.02057389,11.4949,2.7,0.344426,4.25573,,
PGCC G342.18+9.67,244.27587889,-37.07327694,,,,,-0.75,
PGCC G260.21-14.39,111.79610389,-48.29834694,11.4904,1.64,-0.901216,7.00495,,
PGCC G276.11-1.88,142.79797389,-53.97497889,12.5057,2.24,0.176408,5.59053,3.09,7.51565
PGCC G190.06-37.25,60.03212694,-0.03441,16.4879,2.31,-0.484492,7.14177,,
PGCC G219.18-17.47,89.80911306,-13.25029,,,,,0.415,
PGCC G15.69+20.09,257.11227389,-5.23143194,,,,,,
PGCC G47.99+35.70,254.51016194,26.98754694,9.59138,1.86,0.517516,5.16279,,
PGCC G131.31+14.22,45.70306806,74.91206389,10.8214,2.17,-0.28936,4.97859,0.169044,0.360929
PGCC G117.79-3.24,2.79133111,59.22678,14.585,2.18,-1.26447,6.70377,,
PGCC G142.54+4.73,56.18258306,60.82419194,7.26098,1.15,-0.10034,6.29196,0.61,1.19935
PGCC G296.32-17.01,160.34132389,-78.18107611,6.89645,1.21,1.20724,5.69099,0.17,0.309801
PGCC G128.55+5.86,27.96627611,68.06588694,6.59871,1.06,1.09657,6.24482,,
PGCC G171.79-18.21,64.64967306,24.435055,5.32559,1.85,-0.595307,2.87177,0.23,0.261645
PGCC G46.02-1.59,290.34063694,10.882545,11.4319,2.8,0.471628,4.0898,,
PGCC G231.82-9.11,103.15879806,-20.89240611,7.44031,1.73,-0.788178,4.29766,,
PGCC G90.43-0.31,318.79025306,48.43261,8.29007,1.54,0.911533,5.39717,,
PGCC G117.70-0.39,1.64216194,62.029755,7.52002,1.22,-1.20339,6.18301,,
PGCC G169.10-11.42,68.36946889,30.91915306,14.7724,2.28,-1.07412,6.48894,,
PGCC G337.13-0.40,249.435745,-47.66374194,6.08631,1.39,-0.116841,4.39159,4.36,6.55693
PGCC G27.02-20.94,299.29876694,-14.39421694,12.1558,1.7,-0.012586,7.12971,,
PGCC G156.71-25.39,47.61194194,28.219355,,,,,,
PGCC G87.18-4.09,319.44857806,43.46383306,6.9379,1.56,0.999254,4.43835,0.7,1.12992
PGCC G155.60+1.29,68.881615,49.40205389,12.7318,3.36,-0.530174,3.79372,0.65,1.31407
PGCC G85.74-4.84,318.81732194,41.91170111,,,,,,
PGCC G215.35-16.49,89.12493889,-9.52614389,,,,,0.415,
PGCC G160.80-1.26,71.13445306,43.817265,12.618,1.68,0.254603,7.49077,,
PGCC G164.84-16.35,60.90115389,30.47491611,,,,,0.14,
PGCC G131.13-15.30,24.45761306,46.82735806,12.4586,1.22,-1.11624,10.1755,0.177011,0.579751
PGCC G307.94-3.17,205.03546111,-65.569595,6.50499,1.4,0.654804,4.65833,,
PGCC G118.98-1.83,4.74788806,60.79457111,,,,,,
PGCC G145.04-12.05,44.42849694,45.33295389,7.37851,1.17,1.4859,6.3301,,
PGCC G278.05+2.75,150.19207806,-51.68527194,13.0885,2.14,1.03892,6.12953,-1.29,
PGCC G199.90+12.97,108.84391806,17.32915889,11.4374,2.12,-0.728231,5.40272,,
PGCC G22.24+10.88,268.27438389,-4.36754194,13.8631,2.58,0.09025,5.38369,-1.03,
PGCC G88.45-6.34,322.84478806,42.74828306,10.6662,1.8,0.752154,5.92691,0.72,1.66525
PGCC G133.11-5.75,31.02638806,55.67738,8.58974,1.84,-0.681497,4.66158,1.99,3.66299
PGCC G11.55+2.03,270.87045306,-17.94539306,5.90945,1.49,0.866908,3.96029,1.18,1.66052
PGCC G86.78-4.11,319.08801306,43.16748806,9.92358,1.88,0.183462,5.26851,0.7,1.47232
PGCC G354.81+16.08,248.491165,-23.67562306,,,,,0.12,
PGCC G169.22-7.08,72.36369306,33.65128306,9.11234,1.53,-0.678731,5.95913,0.14,0.300097
PGCC G357.51+13.04,252.85916111,-23.55903111,10.7504,1.54,0.254726,6.96281,0.12,0.302005
PGCC G124.06+14.05,17.69898194,76.880615,15.365,2.07,0.876875,7.42536,,
PGCC G170.51-41.64,46.753555,8.38233611,,,,,,
PGCC G154.01+4.35,70.83503694,52.620575,9.67902,1.77,-0.985736,5.45825,-0.7,
PGCC G24.69+9.81,270.37265,-2.75409694,9.68816,1.33,-0.757967,7.27285,-1.15,
PGCC G107.11+11.45,326.33010889,68.39592694,8.41629,1.1,1.36321,7.68546,,
PGCC G343.86+10.45,245.03602611,-35.34944194,15.5132,3.48,0.641143,4.46006,,
PGCC G109.67-9.59,351.74536111,51.08932889,,,,,0.306196,
PGCC G68.54-1.11,302.03573611,30.61784389,9.21581,1.72,0.632433,5.3474,,
PGCC G125.87+10.38,22.81458306,73.02606194,8.90887,2.29,-0.862115,3.88751,,
PGCC G88.31-40.50,346.27392611,15.11438889,12.776,3.06,1.01741,4.17637,0.306196,0.650615
PGCC G264.21+2.44,135.05191,-42.40104306,9.95211,2.3,-0.949502,4.33432,0.75,1.43287
PGCC G355.44+0.71,262.87783806,-32.40912611,6.76264,1.05,-0.740501,6.45881,,
PGCC G56.43+0.68,293.43377694,21.11392806,4.89559,1.25,0.362099,3.92224,,
PGCC G224.91+0.65,108.97386194,-10.342335,,,,,,
PGCC G315.32+9.88,212.526535,-51.08441194,11.7725,1.38,-1.33446,8.53539,,
PGCC G300.20-24.11,153.05358889,-86.10772694,5.02848,1.7,0.071574,2.96069,,
PGCC G267.62+7.28,142.90621889,-41.49442694,8.95632,2.11,-1.26626,4.24448,0.86,1.54242
PGCC G337.75+10.03,239.900375,-39.79923611,9.83661,1.71,0.981743,5.76387,-1.05,
PGCC G108.77+24.39,291.81155389,76.9645,7.1832,1.05,-0.358134,6.84969,,
PGCC G100.67-5.49,336.12890611,50.91736194,11.4924,3.06,1.41761,3.76078,,
PGCC G168.67-9.21,70.00107611,32.69336306,17.7337,3.25,-0.237677,5.45177,0.14,0.400428
PGCC G280.02+1.92,151.98640389,-53.51595694,,,,,-1.62,
PGCC G110.11-5.34,350.047485,55.24107389,,,,,0.258226,
PGCC G118.48+1.15,2.7775,63.67115389,6.09531,1.13,-0.517411,5.37917,,
PGCC G339.24+17.63,235.17775,-33.04911,7.34039,1.56,0.593678,4.69483,,
PGCC G180.81-29.37,61.58445,10.882465,10.5505,2.95,-0.54138,3.58091,,
PGCC G210.69+0.68,102.44508389,2.30670111,7.03834,1.48,-0.294781,4.7622,,
PGCC G281.53+14.34,163.62036111,-43.62032694,8.31738,1.22,1.37746,6.80306,,
PGCC G161.59+4.76,78.56646694,46.92810806,14.8665,3.15,-0.48763,4.7247,,
PGCC G2.76+9.43,259.30236806,-21.50078194,12.0101,2.05,-1.19332,5.85547,0.16,0.390303
PGCC G300.42-14.71,181.70498694,-77.36286889,13.699,2.33,0.160066,5.87841,,
PGCC G197.89-4.28,92.02066,11.32657889,,,,,,
PGCC G232.17-1.12,110.86763,-17.58893,11.3556,1.5,1.05581,7.55309,4.89,13.1736
PGCC G115.20+8.70,349.77417,70.167915,12.7447,2.72,0.390415,4.68764,0.49,1.1017
PGCC G306.22-9.32,203.38093611,-71.92060889,13.5923,3.09,0.633713,4.40186,,
PGCC G357.62+6.52,258.74020389,-27.34537111,10.1654,2.24,0.501406,4.534,0.12,0.236979
PGCC G112.49-2.34,352.35226389,58.858215,11.6774,1.68,-0.103346,6.95868,,
PGCC G6.97-2.54,272.75534111,-24.17238,,,,,,
PGCC G90.02-41.18,347.78747611,15.19541111,9.68604,1.39,-0.244256,6.94893,0.224905,0.536733
PGCC G62.01-11.91,307.95712306,19.22024889,11.5442,2.86,0.801689,4.04066,,
PGCC G193.80+0.99,94.78104389,17.42918194,,,,,,
PGCC G143.57+12.01,68.88948111,65.437675,,,,,,
PGCC G31.23-18.77,298.98266611,-9.89416889,7.95585,1.22,-0.155888,6.50602,,
PGCC G10.06+0.66,271.35693389,-19.91325611,14.2391,3.71,0.463536,3.84032,4.99,10.7338
PGCC G98.77+6.73,320.08468611,59.29869806,,,,,,
PGCC G183.89-15.97,74.289795,16.85115611,14.0094,2.27,-0.744962,6.18485,,
PGCC G226.51-0.18,108.98262,-12.1413,11.455,1.45,1.21169,7.87422,4.95,13.6752
PGCC G19.70-6.09,282.30490111,-14.537525,9.06228,1.04,0.775398,8.68151,,
PGCC G50.93-0.57,291.80487111,15.696125,8.18954,1.42,0.421473,5.77141,2.49,
PGCC G83.91-41.86,344.19287111,12.16108194,,,,,,
PGCC G5.22+36.54,238.305115,-3.49957306,9.07944,1.34,0.939798,6.76603,,
PGCC G116.67+8.76,353.81524694,70.70210306,7.56968,1.23,-1.06106,6.15244,0.43,0.853606
PGCC G127.42+24.57,71.52742806,85.21760611,8.35032,1.07,-0.206102,7.83807,,
PGCC G39.10-2.45,287.85992389,4.358245,10.0493,1.81,0.529636,5.56593,,
PGCC G248.29-15.66,103.87492389,-38.24151194,,,,,,
PGCC G306.42-9.22,203.92176806,-71.78737611,11.6795,2.1,0.506166,5.56391,,
PGCC G267.47-4.04,130.87204,-49.04576889,9.21355,1.43,0.861608,6.45456,,
PGCC G134.27+9.59,46.37870806,69.45259889,11.4991,2.15,1.29292,5.35596,0.37,0.844653
PGCC G266.53-4.62,129.300705,-48.65485,6.2835,1.46,1.55658,4.31432,0.95,1.43882
PGCC G357.19+15.58,250.48828111,-22.23182694,,,,,0.12,
PGCC G105.98-30.56,355.98825111,30.08188611,15.4025,2.22,1.47953,6.94535,,
PGCC G251.79+4.63,127.55623611,-31.31188,11.432,2.18,-1.19073,5.23446,,
PGCC G263.93-12.25,117.22064194,-50.59614611,13.6667,2.69,1.31053,5.08037,,
PGCC G78.11-0.88,308.41796889,38.624275,7.98506,1.41,-0.655037,5.65147,1.75,3.41967
PGCC G129.93+0.46,28.16108889,62.49721111,15.9152,3,-0.529852,5.3079,0.57,1.52394
PGCC G111.40+9.13,339.50622611,68.95497889,8.99679,1.06,1.28742,8.46324,0.258226,0.655449
PGCC G181.85-12.83,75.76828,20.29435694,10.3164,2.14,-0.036894,4.81477,0.23,0.471527
PGCC G101.83-0.23,332.84841889,55.93919389,8.50329,1.22,0.302406,6.97442,,
PGCC G156.54+2.51,71.23341389,49.50802611,15.4875,2.73,-0.785305,5.67241,,
PGCC G197.09-13.56,83.44480111,7.42956306,11.391,1.92,-0.278996,5.93027,,
PGCC G301.90-6.97,189.90031389,-69.82212806,,,,,0.75,
PGCC G189.10+2.96,94.26407611,22.49792306,11.6808,2.49,1.14592,4.69897,,
PGCC G120.43+3.13,6.73956306,65.88778694,,,,,,
PGCC G308.22-19.22,225.53669694,-80.72072611,18.134399,2.85,-0.328575,6.35997,,
PGCC G234.23-8.26,105.098,-22.66419389,8.98873,1.22,-1.36117,7.3911,,
PGCC G64.43-0.06,298.53250111,27.68014694,12.9279,3.13,0.907913,4.13332,,
PGCC G139.93-0.59,46.15149306,57.819515,9.14712,1.57,-0.190954,5.8445,,
PGCC G182.10-3.52,84.28735389,25.29650889,7.79279,1.64,-1.23931,4.74627,0.77,1.3622
PGCC G180.98+1.76,88.703285,28.99703,11.4668,2.22,1.35317,5.16509,,
PGCC G10.53-2.49,274.542175,-21.019175,7.56907,1.62,0.564486,4.66503,,
PGCC G211.20+2.73,104.49816889,2.78083389,11.0284,1.77,-0.854224,6.23944,0.64,1.54432
PGCC G296.39-2.95,177.22543306,-65.02246889,,,,,,
PGCC G177.19-38.82,52.41985694,6.84822806,17.395201,3.38,0.114725,5.14941,0.358096,0.985871
PGCC G350.32+1.36,258.71633889,-36.26387389,11.104,2.13,0.587765,5.21721,1.31,2.90039
PGCC G249.20+0.72,122.06832111,-31.37963694,9.45844,1.44,0.218006,6.56346,,
PGCC G347.98+3.74,254.604355,-36.701675,7.37355,1.4,0.355581,5.27577,0.84,1.52401
PGCC G176.67-10.21,74.788055,25.92382194,13.1174,2.13,0.399756,6.14438,0.23,0.600646
PGCC G3.43-2.05,270.37536611,-27.01927194,15.3595,3.17,0.858519,4.84819,,
PGCC G349.96+12.79,247.83776889,-29.38274194,7.03912,1.45,-1.24473,4.86429,0.12,0.204257
PGCC G4.67-46.69,322.43551611,-38.37834889,11.3908,1.09,-1.08589,10.4723,,
PGCC G157.19-22.02,50.23769,30.72641194,13.8463,2.41,0.484436,5.73607,0.14,0.362935
PGCC G219.55-1.57,104.48043111,-6.608835,11.509,2.64,-0.507996,4.36402,,
PGCC G147.85-4.29,54.11857611,50.41761389,,,,,0.37,
PGCC G279.40+12.69,160.02145389,-44.09623694,,,,,,
PGCC G71.65+2.60,300.28350806,35.22722611,7.40292,1.52,-0.16039,4.88034,-1.72,
PGCC G8.66+21.76,252.08963,-9.83096306,,,,,0.12,
PGCC G324.23+5.55,228.25016806,-51.36697806,14.2348,2.92,0.208159,4.87714,,
PGCC G44.74-2.23,290.30535889,9.45946806,11.5742,2,0.767314,5.78008,,
PGCC G280.92+7.18,157.84065194,-49.61393,8.26288,1.18,-0.966035,7.01148,0.57,1.26204
PGCC G191.02-14.81,79.24817694,11.80239889,11.8002,2.56,-0.495686,4.6174,,
PGCC G287.30+6.12,166.10940611,-53.47488806,12.5778,2.83,-1.53968,4.44075,,
PGCC G155.02-24.89,46.466255,29.47803306,10.6212,2.14,-0.725349,4.95305,,
PGCC G137.05+6.76,48.779865,65.61173194,7.3442,1.73,-1.02646,4.24953,,
PGCC G185.08-4.08,85.493095,22.480745,8.73932,1.62,0.525896,5.40963,,
PGCC G157.89+1.02,70.87567111,47.51228,8.20989,1.5,-0.375354,5.47698,0.44,0.858259
PGCC G206.04-2.57,97.40752389,4.94705694,,,,,,
PGCC G268.19+5.37,141.664215,-43.26986694,18.091101,3.02,-0.214096,5.98162,0.54,1.63404
PGCC G231.57-0.81,110.86409806,-16.91014111,10.6091,1.72,1.38418,6.17488,,
PGCC G349.93-1.28,261.15225194,-38.09813306,11.6654,2.87,1.36814,4.06938,,
PGCC G29.64+5.19,276.73941,-0.55091306,,,,,-0.9,
PGCC G157.92-12.32,58.12945889,37.95685611,5.47221,1.65,-0.943175,3.31023,0.14,0.173327
PGCC G188.61-10.57,81.62966194,16.06344611,9.29145,2.05,-0.502259,4.52147,,
PGCC G263.98-1.51,130.63528389,-44.74018111,,,,,,
PGCC G101.71+17.00,305.77587889,67.92521694,,,,,,
PGCC G126.37+26.91,99.61712611,86.93152611,14.7632,3.51,0.20243,4.21059,0.38,0.87151
PGCC G312.50+2.06,211.89761389,-59.39046889,11.6584,2.27,1.0178,5.14018,2.55,5.74217
PGCC G119.77-44.49,10.48624806,18.32181694,10.1253,1.4,-1.27359,7.24117,,
PGCC G142.99+1.74,53.37895611,58.15870694,11.742,2.6,-0.573086,4.51407,0.87,1.84247
PGCC G202.43+26.68,123.18264,20.46514889,16.4547,4.54,-0.761556,3.62704,0.270396,0.607642
PGCC G133.35+7.51,41.49739111,68.02893111,12.3786,2.3,-0.793453,5.3748,-0.8,
PGCC G335.72+1.49,245.95924389,-47.39808694,6.62007,1.32,0.764263,5.00458,,
PGCC G92.43+4.64,315.14941389,53.24456,10.6054,2.75,-1.54168,3.8598,,
PGCC G3.12+7.31,261.40994306,-22.38475611,,,,,0.12,
PGCC G168.53-3.45,75.30912806,36.45356806,8.79798,1.16,1.15848,7.56216,0.14,0.332177
PGCC G345.14+8.49,247.85441611,-35.77906389,15.8054,2.26,-1.0825,7.00509,0.93,2.84656
PGCC G201.67-13.18,85.986115,3.739465,9.25949,1.62,-0.880872,5.71424,0.415,0.878107
PGCC G240.34+68.91,173.43763694,16.14221806,,,,,,
PGCC G70.28-10.38,311.79855306,26.67651611,13.8685,1.61,0.477023,8.62307,0.20797,0.661568
PGCC G264.29-4.86,127.04686,-46.99069194,10.8029,1.71,1.54432,6.29993,0.87,2.08778
PGCC G110.85+6.54,341.53176889,66.42900111,,,,,0.177011,
PGCC G207.79-17.90,84.61720306,-3.67907611,12.4368,2.78,-0.529072,4.47778,0.415,0.900869
PGCC G63.83-1.24,299.31332389,26.55640611,11.1371,2.62,0.568306,4.25775,1.76,3.52545
PGCC G321.20+16.64,217.01188694,-42.78374111,12.0974,2.58,0.563228,4.6938,,
PGCC G341.63-1.92,255.31495694,-45.19075806,12.7518,1.78,-0.288412,7.14757,,
PGCC G324.88+3.58,230.85351611,-52.69570194,10.4352,1.42,0.946228,7.35919,,
PGCC G357.32+6.79,258.30819694,-27.430515,17.433001,2.75,-1.29284,6.3344,0.12,0.366815
PGCC G124.56+10.01,18.2819,72.81017306,9.10806,1.25,0.402292,7.31019,,
PGCC G183.75+8.31,96.81797806,29.68815806,11.553,1.74,-0.447991,6.62876,,
PGCC G349.83+12.75,247.76716611,-29.50687806,,,,,0.12,
PGCC G122.03-1.12,10.96079306,61.74334306,13.2187,1.46,0.397123,9.07189,,
PGCC G3.97+10.38,259.16958611,-19.98518194,10.0898,1.21,0.776023,8.31623,,
PGCC G133.85-3.00,33.819645,58.08499889,9.11849,1.68,-1.13745,5.4309,,
PGCC G116.10-8.59,1.41253389,53.67703611,17.168699,3.6,-1.23878,4.76336,,
PGCC G15.46+19.78,257.26205389,-5.572545,9.56253,1.38,0.162977,6.94829,,
PGCC G103.36-3.92,338.54034389,53.64833806,8.14966,1.57,-0.455079,5.20476,,
PGCC G174.35-39.98,50.03542694,7.60191194,7.03054,1.51,-0.532089,4.66311,,
PGCC G105.04+7.39,328.88845806,63.96516,5.86701,1.3,-1.39019,4.5045,0.44,0.657977
PGCC G22.38+0.40,277.647705,-9.19947,7.18585,1.38,-1.13665,5.20309,5.11,9.08902
PGCC G297.67-3.71,179.84062194,-66.04993389,13.0798,2.33,0.876833,5.60454,0.75,1.86793
PGCC G276.52-8.24,135.00882,-58.668945,8.40661,1.97,-1.53502,4.26492,,
PGCC G347.69+6.95,251.31472806,-34.89654889,16.6418,2.94,-1.04329,5.66653,,
PGCC G185.53-4.62,85.251175,21.81558,12.5813,1.76,-0.636896,7.14482,,
PGCC G341.95-0.69,254.23857111,-44.18033611,9.64468,1.71,-0.316446,5.6455,,
PGCC G295.22-36.23,46.69125,-78.78362306,6.7625,2.07,-0.466667,3.25943,,
PGCC G188.73+4.95,95.99301111,23.75506194,9.58173,1.63,-0.627037,5.89432,,
PGCC G317.04+6.16,217.22564694,-54.02098806,7.74071,1.41,0.897,5.48652,,
PGCC G192.67+4.06,97.086975,19.85957,8.60539,1.74,-0.849365,4.95248,,
PGCC G309.06-0.25,206.212875,-62.489635,6.93316,1.44,-1.51644,4.8167,3.49,5.86668
PGCC G355.63+19.29,246.39476,-20.99953306,10.1269,1.65,0.233909,6.12631,0.12,0.274945
PGCC G205.18-6.52,93.50292194,3.86753389,,,,,0.415,
PGCC G181.84-15.00,73.89968111,19.01870306,10.4684,1.58,-0.793016,6.61281,,
PGCC G213.77-28.89,77.01445806,-13.3971,,,,,,
PGCC G70.49+15.38,285.24688694,40.09209111,,,,,,
PGCC G4.83+9.93,260.07333389,-19.53003306,12.2183,2.29,0.630949,5.32402,,
PGCC G77.95-10.51,317.46231111,32.39281806,10.221,1.75,1.29816,5.84006,,
PGCC G255.32-7.95,116.78424111,-41.089405,9.37951,1.91,-1.27825,4.92149,,
PGCC G119.97+12.55,1.51453694,75.164215,8.72621,1.66,-0.475076,5.26762,,
PGCC G192.70+8.71,101.55274194,21.91627306,,,,,,
PGCC G237.32-9.37,105.46886389,-25.900305,13.2884,1.58,0.138747,8.41723,,
PGCC G251.09-7.36,114.82852194,-37.14093806,8.38494,1.31,-0.865993,6.40004,,
PGCC G0.66-19.57,287.78842194,-36.90530806,,,,,,
PGCC G164.09-16.04,60.54303,31.19368694,,,,,,
PGCC G356.11+13.94,251.17184389,-24.06909806,,,,,0.12,
PGCC G185.78-4.84,85.19269611,21.483425,8.1991,1.69,-0.593049,4.84152,,
PGCC G151.06-46.22,32.36588306,12.34210806,13.3932,2.67,-1.09594,5.01976,0.214783,0.512283
PGCC G235.90-8.93,105.22470111,-24.44699889,,,,,,
PGCC G316.56-1.47,222.13334694,-61.19928389,10.5534,1.84,-0.929488,5.73506,,
PGCC G244.02+2.04,120.186005,-26.30136306,8.35282,1.74,-0.472145,4.79106,,
PGCC G326.45+5.97,230.83235194,-49.83305694,7.57177,1.35,-1.4938,5.60623,,
PGCC G172.21-19.66,63.78670889,23.16463889,11.8154,1.97,0.357196,5.99675,0.23,0.563167
PGCC G201.98-13.63,85.740715,3.25704694,10.3686,1.93,-0.980384,5.38345,0.415,
PGCC G349.20+4.29,254.992355,-35.40660889,8.33611,1.53,-1.20251,5.4458,-1.05,
PGCC G359.06+8.68,257.70062306,-24.93225694,10.3693,1.53,0.203914,6.76398,0.12,0.292338
PGCC G127.59+20.18,45.36650806,81.84561194,12.115,2.8,-0.165341,4.33016,0.38,0.800616
PGCC G90.44+1.04,317.30072,49.36464694,9.00337,1.53,0.321386,5.89448,,
PGCC G296.75+20.41,185.03906194,-42.08947389,8.46218,1.02,-0.661761,8.31681,,
PGCC G58.73+0.79,294.54235806,23.18196306,12.703,1.63,0.324346,7.79622,,
PGCC G116.14-1.51,358.90316806,60.623875,14.3543,2.66,-1.30163,5.40648,0.83,2.12693
PGCC G212.09-11.89,91.87493889,-4.65122306,11.3957,2.2,-0.092694,5.1779,0.415,0.927305
PGCC G180.97+1.71,88.65569306,28.978485,15.2198,3.11,1.34556,4.89714,,
PGCC G271.92+1.71,141.87449611,-48.49029194,8.03789,1.17,0.40655,6.89934,,
PGCC G297.51-15.73,167.92326389,-77.542305,,,,,0.17,
PGCC G72.33+2.12,301.21438611,35.54480694,8.85344,1.46,0.92745,6.06519,,
PGCC G224.91+8.56,116.00933806,-6.59481,,,,,,
PGCC G219.53-11.24,95.71604889,-10.90127611,7.83088,1.75,0.610708,4.48234,0.415,0.715208
PGCC G202.70+2.50,100.40661611,10.24521389,,,,,0.76,
PGCC G94.04-34.44,347.28143306,22.62460306,15.0675,3.6,-1.34055,4.18345,0.201372,0.465065
PGCC G231.13+6.45,117.20656611,-13.00200889,12.2266,2.16,-0.769318,5.65753,,
PGCC G259.29-7.19,120.36115306,-44.10874611,8.16705,1.48,-0.177268,5.53599,,
PGCC G1.80+20.20,249.512955,-15.92208806,7.60592,1.4,0.856654,5.4171,,
PGCC G128.93+15.37,39.42242806,76.98947889,14.6829,2.68,-0.744161,5.47017,0.194089,0.505981
PGCC G119.40-0.84,5.37258111,61.82238389,7.22907,1.58,0.654951,4.56739,2.55,4.26228
PGCC G356.88+9.32,255.71293611,-26.29739389,11.8432,1.7,-1.27519,6.96641,,
PGCC G106.35+0.45,339.292145,58.93099611,12.6933,2.79,-1.24812,4.55367,,
PGCC G95.72-49.63,355.382935,9.50940806,12.9126,2.86,-1.40016,4.52206,,
PGCC G210.74-35.95,69.30471,-13.89340306,10.6009,1.35,0.428709,7.85577,,
PGCC G242.06+7.81,124.35865,-21.54797389,5.91319,1.06,1.50785,5.56905,,
PGCC G256.78-3.20,123.11280806,-39.86817611,7.62554,1.43,-0.106086,5.33034,,
PGCC G167.58-18.94,60.98612611,26.80014,17.7188,3.66,-0.413738,4.84744,0.14,0.377423
PGCC G104.44-12.16,345.92044111,46.80224611,12.4837,1.57,-0.709277,7.93656,,
PGCC G83.70-43.01,344.73416111,11.13063306,9.19261,1.97,1.15178,4.67389,,
PGCC G315.79-21.89,261.52236889,-77.18989611,14.5598,2.66,-0.117562,5.48344,,
PGCC G163.26-16.82,59.24758111,31.167845,11.9874,1.6,-0.514676,7.49913,0.14,0.386121
PGCC G211.82+4.35,106.22428889,2.967665,10.7329,1.7,0.177215,6.33067,,
PGCC G112.89+0.29,351.43139611,61.47978611,12.1153,1.94,1.52543,6.25286,,
PGCC G70.29-10.31,311.752045,26.723335,,,,,0.323594,
PGCC G102.96-31.10,353.37185694,28.73466889,12.9843,1.53,-0.901214,8.48023,,
PGCC G247.74+5.19,125.42400389,-27.69133194,,,,,,
PGCC G101.99-28.85,351.543915,30.52651611,7.27008,1.37,1.53244,5.30155,,
PGCC G258.92-0.70,127.38607806,-40.21191,8.82174,1.71,-1.22625,5.16469,,
PGCC G130.58+2.03,30.42725194,63.858055,9.51412,1.99,1.29738,4.78018,0.154882,0.303832
PGCC G170.86-18.57,63.69809,24.84218806,14.1313,2.96,-0.848804,4.76777,0.23,0.549165
PGCC G122.88-1.62,12.75155306,61.25589806,10.7241,2.25,-0.959289,4.76975,,
PGCC G119.58+8.81,2.430905,71.41422306,9.06724,1.7,0.126895,5.33951,0.44,0.890569
PGCC G258.07-1.91,125.44638111,-40.21484389,11.0935,1.27,-0.234583,8.72487,,
PGCC G33.91-6.96,289.49914611,-2.30203389,12.5895,2.16,0.147537,5.83742,,
PGCC G299.98-3.23,185.61759889,-65.93716389,10.3686,2.1,-0.998473,4.92593,,
PGCC G164.75-47.14,40.03628889,6.71550889,,,,,,
PGCC G15.29-0.14,274.73971611,-15.71264889,8.91125,1.31,-0.411254,6.78036,5.05,11.4186
PGCC G156.45-15.37,54.334625,36.48262,7.7245,2.22,-0.796077,3.48721,,
PGCC G101.11+16.71,305.63348389,67.283325,8.30161,1.14,0.060526,7.28857,,
PGCC G2.72+9.54,259.182465,-21.47151389,,,,,0.16,
PGCC G62.72-7.20,304.19610611,22.43026389,10.1742,2.23,0.576994,4.55644,,
PGCC G176.10+4.37,88.474945,34.52101889,16.7943,3.24,1.49348,5.17884,,
PGCC G158.76+0.12,70.71488194,46.26592306,11.6258,3.26,-0.486083,3.56728,-1.21,
PGCC G157.37+3.91,73.73043806,49.763035,16.2283,3.06,-0.120666,5.3106,-1.1,
PGCC G190.79-11.00,82.44063611,14.023,,,,,0.26,
PGCC G103.43+18.88,303.45217889,70.28468306,13.1173,2.15,-1.32577,6.09421,,
PGCC G200.22-8.54,89.36737806,7.23615889,5.83709,1.3,-0.313637,4.5045,,
PGCC G175.92+1.39,85.28642306,33.14197889,14.7013,2.92,0.391143,5.03255,,
PGCC G124.01+13.38,17.28208694,76.21676611,,,,,,
PGCC G89.29+3.57,313.18228111,50.16032,7.15436,1.16,-1.56414,6.14603,-1.95,
PGCC G2.33-1.59,269.31143194,-27.75076111,11.3548,2.86,0.253699,3.97065,,
PGCC G338.33+21.08,231.88467389,-30.85415306,,,,,,
PGCC G160.03-4.65,66.99272889,42.11209889,9.13602,1.36,0.124336,6.72852,0.14,
PGCC G89.57-2.18,319.87915,46.50701111,17.1887,4.86,1.39947,3.53804,,
PGCC G56.17-7.03,300.35803194,17.01679194,7.47286,1.1,0.419586,6.78389,,
PGCC G332.60+6.88,237.36492889,-45.48978806,,,,,,
PGCC G172.32-19.88,63.68372,22.93833694,10.2656,1.76,-0.84586,5.82809,0.23,0.5175
PGCC G67.61-7.94,307.86544806,26.01570694,12.142,1.39,1.51874,8.75713,0.61,1.82972
PGCC G95.36+5.87,316.898865,56.24180611,12.4182,2.71,0.0184,4.58783,0.356451,0.782636
PGCC G356.39+19.33,246.85582,-20.43085694,8.36652,1.88,-1.19905,4.44265,0.12,0.212815
PGCC G80.00+2.69,306.07260111,42.24484611,,,,,,
PGCC G197.98+33.10,128.43791194,26.18885389,8.75403,1.67,-0.657869,5.23244,0.36141,0.711513
PGCC G270.68-2.43,135.96298194,-50.47598306,11.936,2.21,-1.00836,5.38885,,
PGCC G142.66+12.48,68.32379889,66.42121111,8.50564,1.2,1.5409,7.08755,,
PGCC G120.04+8.54,3.94242611,71.209885,11.1429,1.68,-0.307924,6.62712,0.44,1.09987
PGCC G102.76-28.72,352.22714194,30.89933194,6.87629,1.25,-1.10925,5.4795,,
PGCC G159.79-21.32,52.95920194,29.84156,,,,,0.14,
PGCC G92.00-35.36,346.17645306,21.01652306,,,,,,
PGCC G168.31-15.58,64.24884,28.66695389,,,,,0.14,
PGCC G7.82+1.90,269.02169806,-21.24255194,17.8899,3.49,-1.56623,5.12356,,
PGCC G92.60-11.07,331.20526111,41.78623611,10.6055,1.85,1.5143,5.73395,0.436516,0.990192
PGCC G27.87+7.81,273.60470611,-0.90932306,12.9259,2.92,0.890108,4.43041,,
PGCC G152.02-46.63,32.79057694,11.689435,11.9128,2.63,-0.65725,4.52894,,
PGCC G207.24-22.42,80.34872389,-5.29916694,6.64975,1.26,-0.223237,5.28249,,
PGCC G91.12-38.81,347.32092306,17.67244111,10.5649,2.45,-1.23631,4.31392,,
PGCC G260.61+6.25,135.70381194,-37.19663194,6.69179,1.73,-1.24326,3.85948,,
PGCC G197.53-15.27,82.17408806,6.19356611,,,,,0.4,
PGCC G308.64-1.31,205.77719111,-63.60985889,10.5466,2.1,0.335333,5.0156,,
PGCC G115.81+20.03,328.77633694,80.36149611,13.1976,2.21,-0.311336,5.96141,,
PGCC G343.74+6.96,248.08114611,-37.83680694,13.2876,2.83,0.945361,4.69091,-0.71,
PGCC G356.38-0.05,264.23016389,-32.03986,13.0832,3.25,0.6079,4.03065,3.14,6.63287
PGCC G159.19-21.46,52.35611306,30.06848,,,,,0.14,
PGCC G182.24-21.44,68.75701111,14.84037,,,,,,
PGCC G276.47-2.34,142.70201111,-54.55989111,18.4701,2.63,-0.233563,7.01738,,
PGCC G203.72-17.05,83.54292306,0.14150694,11.441,1.65,-1.37481,6.92042,0.415,
PGCC G336.34+19.35,231.32099889,-33.362125,17.261801,3.06,0.660687,5.64016,,
PGCC G91.27-38.90,347.477295,17.65350194,,,,,,
PGCC G223.56-18.19,90.895355,-17.35180694,10.2658,1.5,-0.261851,6.84724,,
PGCC G62.16-2.92,299.93322806,24.25210611,9.65425,1.44,0.820256,6.71649,1.02,2.38923
PGCC G28.42+3.07,278.06460611,-2.61185389,10.9802,2.37,0.518406,4.62708,0.26,0.539088
PGCC G94.15-4.97,327.59527611,47.53128111,,,,,0.38,
PGCC G131.17+7.12,35.69720806,68.51853194,7.49467,1.63,1.32027,4.59693,0.155597,0.265667
PGCC G325.14+3.48,231.286835,-52.63349889,11.0203,1.76,1.51265,6.25025,,
PGCC G289.26+10.72,171.73590111,-49.89222306,6.8409,1.91,1.19887,3.58406,,
PGCC G160.41-10.88,61.64676694,37.40696306,10.5896,2.13,-0.710908,4.9664,,
PGCC G228.85-1.32,109.060585,-14.74765694,9.10914,1.47,-0.667224,6.2099,0.260615,0.570174
PGCC G51.24+3.15,288.52752694,17.70977806,7.50381,1.2,1.4819,6.23549,0.183654,0.365429
PGCC G274.83-4.42,138.14750694,-54.87552611,12.1007,1.62,-1.45541,7.46172,,
PGCC G84.69+1.65,311.10211194,45.3815,7.38022,1.13,-1.28963,6.50731,,
PGCC G267.92+8.36,144.17633111,-40.91107611,8.99319,1.2,0.440688,7.49845,,
PGCC G194.18-15.05,80.68492889,9.08062611,9.20373,1.39,1.342,6.64507,0.4,0.909952
PGCC G258.16-3.81,123.43982694,-41.35096389,,,,,,
PGCC G231.02+0.62,111.89802611,-15.74339611,16.091299,2.22,-0.728134,7.25823,,
PGCC G359.76-20.15,288.12426806,-37.89312694,15.3305,3.3,0.376716,4.64339,,
PGCC G183.32-8.39,80.554535,21.62435694,8.72929,1.42,0.17465,6.13522,,
PGCC G28.20+5.89,275.46328694,-1.50514306,4.99692,1.23,-1.03322,4.0756,,
PGCC G166.17+8.65,86.83365611,45.20463889,11.6188,1.27,0.245026,9.1361,,
PGCC G27.80+10.88,270.84680194,0.44943194,,,,,-0.89,
PGCC G145.10-0.96,53.65424306,54.73441306,17.9377,2.78,-0.121334,6.44137,,
PGCC G217.31-12.16,93.91725889,-9.34805889,8.79121,1.66,0.348656,5.29502,0.415,0.823631
PGCC G13.02-0.33,273.78869611,-17.79899806,9.94179,3.46,0.478715,2.87748,2.72,
PGCC G338.58+21.42,231.85649111,-30.44669694,,,,,,
PGCC G32.61+1.13,281.70575,0.23279,11.8319,2.31,0.690417,5.11846,,
PGCC G312.05+10.60,207.26402306,-51.248455,15.5416,2.48,-1.56539,6.27481,0.47,1.35012
PGCC G319.64-4.38,230.81929,-62.21450389,12.8541,1.98,-0.474497,6.49798,,
PGCC G171.31-2.81,77.99372889,34.617405,6.41552,1.12,-0.181924,5.75306,0.66,1.16637
PGCC G102.00+4.95,327.17105111,60.16632806,,,,,,
PGCC G124.25-3.81,15.42614806,59.037785,,,,,,
PGCC G123.92+15.73,17.66806389,78.56789389,11.1692,2.05,-0.563852,5.44401,,
PGCC G259.06-5.80,121.83244306,-43.183605,9.68498,1.49,0.514686,6.49305,,
PGCC G89.98-39.65,346.96087611,16.50774389,7.7937,1.62,1.49757,4.81029,0.263027,0.468473
PGCC G245.49-2.73,116.3964,-30.01495889,7.96725,1.44,-0.907922,5.53723,,
PGCC G307.73-32.62,336.89782694,-83.11403694,,,,,,
PGCC G109.81-0.28,346.00570694,59.82938806,8.0421,1.51,-1.47513,5.32832,5.97,
PGCC G273.08-5.33,134.98239111,-54.18813694,5.97361,1.31,-1.30835,4.54286,,
PGCC G9.44+21.90,252.38807694,-9.15533306,10.1622,1.77,0.16006,5.75625,0.192309,0.427848
PGCC G188.56+0.09,91.27459694,21.587555,8.55026,1.81,-0.25486,4.72204,,
PGCC G120.83+4.93,7.32543611,67.71122,,,,,-1.18,
PGCC G281.33-1.78,149.96382111,-57.269585,11.515,2.14,-0.533791,5.38756,,
PGCC G166.80-1.16,76.27860306,39.21543889,13.4675,1.72,-0.169305,7.82,-1.16,
PGCC G218.93-8.20,98.22191611,-9.03426194,6.67717,1.19,-0.312258,5.60656,,
PGCC G266.31-7.61,125.3517,-50.21049889,,,,,0.39,
PGCC G351.88+15.96,246.56207306,-25.88585306,13.6394,2.01,1.29733,6.77453,,
PGCC G196.62-1.27,94.10688,13.87473194,6.57859,1.36,-0.066609,4.8347,,
PGCC G196.54-43.30,57.62019694,-7.47067,11.9858,1.45,-0.281271,8.2383,,
PGCC G308.01-21.34,232.61660806,-82.59194194,13.3857,2.26,0.048956,5.92508,,
PGCC G318.69+0.66,224.02043194,-58.35124611,9.57087,1.83,0.189548,5.2206,,
PGCC G113.41+17.96,327.13134806,77.30840306,12.7775,2.09,-0.109468,6.11825,,
PGCC G68.97-1.48,302.66690111,30.76861389,9.40606,1.8,0.127177,5.23646,1.88,
PGCC G209.90-21.49,82.30241389,-7.07470694,14.0792,2.88,-0.2177,4.88323,,
PGCC G12.99+0.72,272.80438194,-17.33065,11.6178,3.32,0.346862,3.50451,4.37,8.11118
PGCC G201.53+16.35,112.75727111,17.28790889,,,,,,
PGCC G26.44-0.69,280.50064111,-6.09272111,10.66,1.31,-0.204918,8.13485,4.3,11.6479
PGCC G243.19-9.12,108.60546111,-30.99809111,6.79326,1.47,-0.878165,4.62214,,
PGCC G249.24+0.13,121.51175694,-31.72998389,11.3507,1.78,-0.319827,6.37097,,
PGCC G295.27-5.70,172.694855,-67.36183889,,,,,0.54,
PGCC G126.06-7.07,18.36650806,55.67199694,11.9038,2.61,-0.403812,4.56356,,
PGCC G19.20-3.34,279.54599,-13.73511611,10.6041,1.78,-0.663709,5.94825,-1.65,
PGCC G335.56+16.17,232.87701389,-36.36191889,10.6066,3.29,0.956278,3.22512,,
PGCC G103.81-14.02,346.21743806,44.85932889,13.0672,1.71,0.711434,7.64375,,
PGCC G133.54+8.61,43.27689,68.93417389,12.692,2.61,-1.20162,4.86403,0.41,0.937075
PGCC G355.83+17.31,248.15147389,-22.14114611,12.3894,1.65,0.107642,7.52524,0.12,0.33705
PGCC G152.26+2.67,66.84655806,52.78117389,7.10602,1.51,-0.355815,4.69657,-0.9,
PGCC G248.88-2.87,118.26374111,-33.00560806,,,,,,
PGCC G55.87-2.39,295.99194306,19.11801,9.94475,2.18,0.616953,4.56083,-1.81,
PGCC G171.94-8.08,73.44478611,30.924795,,,,,0.23,
PGCC G302.10+0.68,191.072495,-62.180115,8.50961,1.5,1.07549,5.67964,,
PGCC G112.10+2.78,347.94995111,63.54214111,9.08247,1.55,-0.424771,5.84774,-0.94,
PGCC G338.23+9.67,240.67459111,-39.75171694,9.49148,1.4,1.0988,6.77289,,
PGCC G128.46+8.95,29.93116611,71.08956111,9.53026,1.86,-1.0498,5.12916,0.55,1.11857
PGCC G194.54-3.35,91.187645,14.69689889,5.58524,1.55,-0.932634,3.60605,,
PGCC G95.94+6.60,316.62301611,57.16171611,14.3348,3.05,-0.308589,4.70219,,
PGCC G90.04+12.54,301.668335,55.94788389,,,,,,
PGCC G115.65+19.66,329.55450389,79.98465694,11.1621,2.28,-0.526315,4.88993,,
PGCC G134.65+2.21,39.09374194,62.67297694,14.4792,1.72,-0.675585,8.39859,,
PGCC G142.60+12.11,67.55044611,66.22055111,9.42141,1.38,-0.085412,6.80454,,
PGCC G297.85-2.17,180.96148694,-64.574585,13.7609,3.46,0.326499,3.98264,2.59,5.57744
PGCC G139.24+12.77,62.82633611,69.04451,11.9776,1.95,-0.179997,6.15211,,
PGCC G162.71-3.04,70.98872389,41.21246694,10.4593,1.52,-1.11017,6.89269,0.5,1.23493
PGCC G206.04-18.72,83.116295,-2.595995,16.122499,4.27,-0.269673,3.77488,0.415,0.941765
PGCC G160.26+3.84,76.32383694,47.44718889,9.07076,1.24,0.729195,7.32518,,
PGCC G96.68+1.21,324.27380389,53.85999306,9.65378,1.53,-0.114084,6.32495,,
PGCC G235.67+2.27,115.78134889,-19.00814389,15.9686,2.82,-0.818131,5.67137,,
PGCC G193.41-15.64,79.78530111,9.40297306,10.8426,1.95,-1.56976,5.56666,,
PGCC G300.58-10.57,184.79164111,-73.29521194,14.5473,2.1,0.775334,6.9219,0.39,1.1384
PGCC G57.69-0.53,295.23107889,21.62673389,14.1817,3.06,0.347533,4.62988,1.75,4.1249
PGCC G138.33+8.86,54.28533194,66.639305,10.6035,2.22,-1.20277,4.77654,0.41,0.848775
PGCC G302.89-13.70,192.68411306,-76.57549306,10.4869,2.68,0.39509,3.91402,0.17,0.316819
PGCC G121.64-3.79,10.35371194,59.05772389,,,,,0.75,
PGCC G192.75-0.22,93.14392889,17.774605,5.40129,1.12,0.503483,4.81054,,
PGCC G136.31-1.60,39.14492,58.51760111,7.65287,1.76,-0.437793,4.3412,,
PGCC G49.80-6.25,296.36142,11.94519389,9.32981,1.88,0.588695,4.96743,0.202302,0.400617
PGCC G215.60-15.81,89.84806806,-9.44145694,,,,,0.415,
PGCC G145.79+7.25,64.54588306,60.58896611,9.26189,1.71,-0.399683,5.42678,,
PGCC G133.63+6.21,40.71849806,66.73677806,15.2933,2.81,-0.792187,5.4438,0.37,0.982044
PGCC G155.80-10.68,57.43273889,40.548935,8.33879,2.08,-0.604926,3.99956,0.14,0.235186
PGCC G166.97-3.99,73.56868694,37.33499111,,,,,0.14,
PGCC G222.59-7.08,100.88208806,-11.78844389,6.35522,1.3,-0.867228,4.90398,,
PGCC G100.56-16.36,343.72357194,41.39557306,10.758,1.77,-1.23945,6.0885,,
PGCC G298.44-0.47,182.922195,-62.99789389,11.9838,3.2,0.780646,3.73993,,
PGCC G254.18+0.24,124.90045889,-35.79286611,7.21708,1.38,-1.07844,5.23853,,
PGCC G30.20-18.19,298.02700806,-10.52236,14.7736,2.26,-0.409174,6.54865,,
PGCC G105.66+11.03,324.27984611,67.12509194,8.90532,1.84,-1.29077,4.84568,,
PGCC G205.29-10.71,89.848755,1.81105306,8.13013,1.81,0.537676,4.48234,0.415,0.728746
PGCC G124.34+25.41,49.48603389,87.86325111,,,,,0.38,
PGCC G217.75-12.01,94.24424694,-9.66863806,,,,,0.415,
PGCC G1.56+9.34,258.6539,-22.52791389,14.9949,2.59,-1.03372,5.78807,0.12,0.325197
PGCC G265.88-5.81,127.27021,-48.83469806,14.2724,4,-1.45918,3.56857,,
PGCC G281.39-4.73,146.52157611,-59.61361306,15.1381,2.5,1.10421,6.0536,,
PGCC G304.15+1.32,195.423035,-61.52948806,8.32241,2,1.27052,4.16265,,
PGCC G106.73+19.76,305.800415,73.42951194,18.196301,3.43,1.32822,5.30082,,
PGCC G261.34-1.31,128.64357,-42.522575,7.69256,1.26,1.11679,6.08819,1.47,2.92633
PGCC G203.73-17.08,83.523125,0.122025,14.0131,1.96,-1.24034,7.16517,0.415,
PGCC G202.72-36.68,65.781815,-8.38535889,,,,,,
PGCC G139.30+5.21,51.19586611,63.10274889,7.02977,1.49,-0.669282,4.70947,,
PGCC G260.15+9.69,138.48204,-34.54630694,9.10625,1.98,1.47186,4.59864,,
PGCC G63.82-8.16,305.71658306,22.79641889,14.6451,2.46,1.40688,5.95654,,
PGCC G315.08+9.14,212.52571111,-51.86214111,9.52222,2.12,0.977722,4.48211,0.41,0.779149
PGCC G166.73-12.15,65.9011,32.14462694,9.4948,2.25,-0.494935,4.2128,,
PGCC G121.43+3.18,9.17941194,66.00579806,7.29583,1.23,-0.691207,5.94465,,
PGCC G177.07-31.58,57.72899194,11.85359694,10.8258,1.72,-0.525416,6.27605,0.209894,0.50327
PGCC G158.44-26.60,48.27197611,26.339415,14.2662,3.03,-1.02005,4.70425,0.306196,0.729668
PGCC G277.55+2.50,149.30531306,-51.57064806,10.1571,2.08,-1.40174,4.8724,0.77,1.5757
PGCC G319.54+39.74,206.50903306,-21.36898806,13.7189,3.23,0.787805,4.24464,,
PGCC G78.79+4.45,303.17874111,42.22951889,9.56513,2.17,0.812782,4.40609,1.36,2.56825
PGCC G35.49-0.31,284.30407694,2.13131,10.3372,3.1,0.647561,3.33691,,
PGCC G247.41+2.34,122.52143111,-28.99986806,10.2732,1.47,1.52069,6.97311,,
PGCC G244.83-0.99,117.738075,-28.56542611,6.71625,1.22,-1.33374,5.51239,1,1.76995
PGCC G121.79-3.80,10.63988194,59.04729806,14.3484,2.63,0.129735,5.45404,0.54,1.38958
PGCC G117.26-0.26,0.67155889,62.07635111,15.1402,1.7,0.925623,8.88135,,
PGCC G177.78-16.52,70.077095,21.19552806,15.8973,2.59,-1.28117,6.1292,0.194089,0.557303
PGCC G203.18-10.88,88.71666,3.55067889,,,,,0.415,
PGCC G189.84-0.77,91.14574389,20.053745,8.02189,1.28,-0.417283,6.24722,,
PGCC G134.69+12.92,52.93928111,72.02897611,,,,,,
PGCC G168.48-15.44,64.48886111,28.64166806,7.12212,1.61,-0.596433,4.41551,0.14,0.228376
PGCC G108.15+13.65,324.24731389,70.70379611,9.7314,2.31,1.46723,4.22159,,
PGCC G103.38-39.33,356.75576806,21.08328194,8.34212,1.75,-1.40897,4.75483,0.240991,0.441502
PGCC G98.69+15.12,305.97882111,64.46810194,16.425501,2.95,-0.33947,5.57114,,
PGCC G358.77+12.54,254.11224389,-22.88199194,15.424,3.76,0.426913,4.10042,0.78,1.8044
PGCC G344.89-1.34,257.40564,-42.24900806,10.4712,2.14,0.631758,4.88861,6.51,13.5488
PGCC G168.53-12.87,66.68343389,30.36144389,17.3118,2.86,0.029336,6.04801,0.14,0.416709
PGCC G125.24+12.65,21.81600389,75.36095389,7.85262,1.16,-1.41607,6.79695,,
PGCC G135.40+8.49,47.50778611,67.93608889,8.89729,1.49,0.039136,5.98771,,
PGCC G96.81+4.66,320.27175889,56.46109,9.42858,1.76,-0.035281,5.35255,,
PGCC G172.74-11.37,71.08437306,28.24146694,9.68515,1.25,0.710218,7.77819,0.23,0.580694
PGCC G79.82-1.51,310.39575194,39.60033389,9.52873,2.17,0.571512,4.39546,0.34,0.640067
PGCC G259.66-5.78,122.29356389,-43.68164389,7.64892,1.09,-0.846107,7.01,,
PGCC G133.79-3.17,33.615585,57.938175,,,,,,
PGCC G138.36-69.45,18.25999306,-7.23108306,11.8562,1.82,-1.50333,6.50337,,
PGCC G136.45+13.07,57.51308111,71.09104889,11.716,1.81,-0.66368,6.47214,0.43,1.0892
PGCC G167.13-2.71,74.95694694,38.00965111,10.1889,1.85,-0.558873,5.49806,0.48,1.04505
PGCC G243.77-2.75,115.39633194,-28.52666111,7.76071,1.17,-0.944393,6.64263,,
PGCC G169.05-18.95,62.08165389,25.80529194,8.4483,1.61,-1.20028,5.25723,,
PGCC G171.51-8.28,72.960365,31.12781694,7.93896,2.15,-0.576276,3.68412,0.23,0.361829
PGCC G230.29-2.71,108.47561611,-16.66378389,8.27983,2.08,-0.538892,3.98724,0.226986,0.379378
PGCC G0.65+22.32,247.09436,-15.45869694,12.9863,3.95,0.630589,3.28885,0.12,0.228125
PGCC G160.97-21.64,53.72422,28.904325,,,,,0.14,
PGCC G13.25-0.07,273.66436806,-17.47845111,,,,,5.18,
PGCC G96.58+9.57,313.07955889,59.56464,7.03369,1.15,0.568324,6.09705,0.43,0.819118
PGCC G337.18+10.98,238.53663611,-39.45068389,6.79799,1.49,0.614265,4.54967,,
PGCC G175.84-37.99,52.29338111,8.184,10.3802,1.8,-0.520829,5.76956,,
PGCC G116.83-2.24,0.57384111,60.04948,,,,,,
PGCC G94.28+14.76,301.92007389,60.625675,9.22758,1.85,1.23217,4.99575,0.275423,0.543965
PGCC G161.40-8.21,64.89882694,38.65273694,13.2292,3.41,-0.085164,3.87811,0.14,0.291696
PGCC G213.83-12.37,92.20668,-6.39386806,7.62577,1.4,-1.29473,5.45097,0.415,0.778311
PGCC G182.24-17.51,72.01518194,17.21466611,8.41561,1.56,-0.132391,5.38453,0.23,0.450372
PGCC G303.44-4.78,194.19097889,-67.64837611,11.9477,1.77,1.37775,6.76558,-1.17,
PGCC G189.77+4.51,96.0877,22.63044194,13.9778,1.87,0.016465,7.47674,,
PGCC G346.17-1.72,258.82730111,-41.42861611,7.29776,1.98,0.68714,3.67853,2.78,4.18989
PGCC G167.42-1.96,75.94360389,38.24281694,7.72805,1.17,-1.12397,6.62752,,
PGCC G338.70+15.99,235.93833889,-34.65265306,8.76764,1.65,-0.766933,5.30602,,
PGCC G172.22+7.81,89.82763694,39.57593889,9.62948,1.3,1.55902,7.39858,,
PGCC G301.88+7.04,190.99417111,-55.81421306,17.241199,2.61,0.102216,6.60277,0.66,2.04842
PGCC G319.40+1.41,224.55761694,-57.35437389,8.54021,2.01,0.859079,4.24069,2.66,4.65651
PGCC G336.83-5.66,255.35949694,-51.26653694,6.47373,1.16,-0.878101,5.58165,,
PGCC G292.93-4.37,168.35713194,-65.32450889,6.97332,1.19,0.941898,5.85169,-1.26,
PGCC G163.86-5.69,69.38214889,38.59753806,11.4559,2.26,0.218001,5.06876,0.14,0.310328
PGCC G109.26-52.52,4.47824389,9.45860389,13.1079,1.93,-1.44457,6.79223,,
PGCC G2.29+22.00,248.32315111,-14.46411889,,,,,0.12,
PGCC G352.24-1.36,262.84429889,-36.22029111,7.13982,1.32,1.20214,5.42187,,
PGCC G173.69-19.78,64.70517,22.05477889,12.3146,2,-0.02428,6.14346,,
PGCC G144.30-5.42,48.45544111,51.44169194,11.5983,1.92,-0.880513,6.03894,,
PGCC G170.00-9.34,70.89221194,31.60789111,8.14644,1.75,-0.488102,4.65674,0.23,0.412078
PGCC G275.03+25.98,163.63900806,-30.484695,10.9463,2.64,-1.12771,4.14923,,
PGCC G294.91-5.87,171.65991194,-67.41368889,11.5516,1.5,0.401386,7.69587,0.54,1.48105
PGCC G170.50-17.95,63.93476889,25.514925,5.4762,1.38,-0.547057,3.9578,0.23,0.311473
PGCC G323.51-17.49,260.24838306,-68.70349889,13.9869,4.04,0.090719,3.46475,,
PGCC G326.36+9.24,228.07762111,-47.127415,10.4768,2.26,0.565206,4.62938,,
PGCC G335.21+3.64,243.24310306,-46.215855,,,,,,
PGCC G277.56+2.41,149.22297694,-51.65420889,,,,,-1.43,
PGCC G267.06+9.27,144.156265,-39.66139611,,,,,,
PGCC G105.81+10.30,325.79763806,66.69006306,7.70913,1.18,-0.350643,6.55288,0.9,1.86075
PGCC G64.60-26.76,321.81469694,12.23377306,13.6487,1.94,0.463897,7.03463,,
PGCC G260.54-10.13,117.63129389,-46.65605194,9.80105,1.19,1.5296,8.24913,,
PGCC G163.96-6.51,68.69210806,37.97678,5.65257,1.15,-0.008153,4.90248,,
PGCC G100.59+5.51,324.32357806,59.67213389,11.6863,2.64,-0.677846,4.4302,-1.56,
PGCC G256.34-12.97,111.34780111,-44.29602389,11.8148,1.62,-0.527176,7.28702,,
PGCC G49.28-0.22,290.68396,14.40614306,,,,,4.36,
PGCC G298.93+2.64,184.84324611,-59.98053694,10.3617,2.52,0.622133,4.11779,,
PGCC G341.48+10.89,242.59309389,-36.67928306,10.3586,1.37,-0.496956,7.58871,,
PGCC G204.96+1.76,100.78002889,7.89527111,8.61728,1.43,-0.804409,6.03652,0.77,1.61546
PGCC G121.48+24.60,345.19805889,87.15555611,12.0696,2.08,-0.46487,5.80445,0.38,0.925203
PGCC G54.73-0.43,293.59124806,19.09470611,14.0623,3.8,0.640618,3.69827,,
PGCC G105.28+5.08,332.38580306,62.26704,12.4421,2.98,-0.950364,4.17553,,
PGCC G133.06+7.45,40.72725306,68.10443889,10.7215,1.71,-0.252796,6.26646,-0.82,
PGCC G5.48+7.08,262.98220806,-20.54587,11.7837,1.69,0.737393,6.96495,0.12,0.316234
PGCC G194.34-16.38,79.62162,8.25665389,12.4346,2.6,1.17372,4.78502,0.4,0.897523
PGCC G183.12-2.56,85.78986389,24.94109194,,,,,,
PGCC G147.00+12.41,74.45223194,63.07490194,12.8802,2.6,-0.725067,4.95152,,
PGCC G327.90-2.75,241.56518611,-55.86861806,6.85227,1.67,0.473226,4.0972,,
PGCC G326.94-3.19,240.810455,-56.83103194,10.104,1.52,0.698313,6.64554,,
PGCC G98.77-1.68,330.06204194,52.96735389,,,,,,
PGCC G1.46-21.26,290.08770806,-36.75364306,13.347,2.97,-0.413362,4.49858,,
PGCC G148.92+12.12,76.33461,61.39217389,7.95936,2.34,-0.265144,3.40045,0.24322,0.368072
PGCC G258.58+59.61,172.09831194,4.09646,16.9023,2.91,1.4092,5.80191,,
PGCC G177.25+6.06,90.94071194,34.36192694,5.10544,1.28,-0.269708,3.97608,0.226986,0.297488
PGCC G346.40-1.94,259.24630694,-41.37877306,11.7911,2.31,0.999036,5.10204,,
PGCC G271.20-2.75,136.1241,-51.07359694,5.68648,1.25,-0.037751,4.54069,2.03,3.00058
PGCC G172.44-13.33,69.17514806,27.20607806,8.31832,1.91,-0.32192,4.3589,0.23,0.402866
PGCC G53.77+0.04,292.66961694,18.47244806,,,,,,
PGCC G103.55-26.53,352.07809389,33.19207806,5.71858,1.27,-0.998505,4.49414,,
PGCC G264.84-6.36,125.68597389,-48.29796611,11.8715,1.79,0.476406,6.63642,,
PGCC G146.65-39.10,32.27853,20.16378194,14.0181,2.51,-0.838668,5.58017,,
PGCC G308.28-32.20,331.67727694,-83.12571,,,,,,
PGCC G138.94-3.17,42.35500306,55.98661389,8.0683,1.53,-0.345877,5.25874,,
PGCC G263.77+3.37,135.59181194,-41.46312694,7.92361,1.46,0.649036,5.42277,,
PGCC G3.06-3.78,271.880585,-28.18649889,9.47973,1.48,1.39928,6.42532,,
PGCC G67.07-7.84,307.436005,25.63230111,17.7558,3.11,0.598842,5.71591,,
PGCC G74.78-14.27,318.31781,27.58150111,10.1295,1.66,1.02507,6.08598,,
PGCC G55.34+3.06,290.63687111,21.28644889,12.2487,1.88,1.15779,6.50421,,
PGCC G117.05-3.10,1.31205611,59.24549111,,,,,,
PGCC G51.55+2.82,288.98992889,17.83386389,17.1003,3.44,-0.32759,4.96936,,
PGCC G23.14+4.89,273.99118,-6.42367194,12.2038,1.61,0.421467,7.57668,,
PGCC G103.03-29.44,352.77673306,30.30687889,,,,,,
PGCC G143.85+25.65,103.10585806,71.22132889,,,,,,
PGCC G217.14-13.93,92.22606694,-9.971425,6.08098,1.42,-0.193377,4.29277,0.415,0.61678
PGCC G169.57-43.42,45.04079389,7.48946389,7.71004,1.37,-0.912755,5.61502,,
PGCC G37.68+1.90,283.33102389,5.0955,,,,,-1.46,
PGCC G240.01+68.55,173.05300889,16.03388,15.1473,3.09,0.113979,4.89956,,
PGCC G138.50+7.70,52.94498806,65.60135694,8.05314,1.39,-0.543014,5.78589,,
PGCC G117.23+21.07,330.98272694,82.01963,15.7878,2.41,1.42788,6.54336,0.38,1.1235
PGCC G273.38-2.12,139.25676,-52.23680889,6.44563,1.2,-0.985837,5.38848,,
PGCC G213.19-10.79,93.34575694,-5.12865889,13.1485,2.1,-0.14872,6.26505,0.45,1.18806
PGCC G164.70-7.63,68.26542694,36.68440194,12.7154,2.07,-1.06466,6.14102,0.14,0.359866
PGCC G121.30+12.12,6.71477194,74.91307111,13.9702,2.81,-0.090503,4.96381,0.44,1.06583
PGCC G332.19-0.07,243.78570611,-50.98863194,7.19422,1.65,0.802016,4.35575,3.8,6.18776
PGCC G91.58+10.13,306.74588,55.93058389,12.6418,2.07,-1.22797,6.11571,,
PGCC G204.65-14.16,86.509895,0.73077306,16.057501,3.17,-1.08276,5.06018,0.415,1.08817
PGCC G182.18-0.48,87.21075389,26.82465611,,,,,,
PGCC G120.43+17.14,359.30117806,79.74632306,11.3954,1.64,-0.433754,6.96885,,
PGCC G328.88+2.43,237.19972194,-51.28207389,12.0895,1.68,0.528906,7.2165,,
PGCC G181.55-1.89,85.50460111,26.62640194,12.0012,1.85,-0.164259,6.504,,
PGCC G248.75+1.47,122.52260611,-30.59390111,14.2368,2.26,1.14748,6.30474,,
PGCC G225.31+0.66,109.16436806,-10.69235389,10.141,1.45,-0.251026,6.9861,4.11,10.063
PGCC G167.50-26.36,55.35664389,21.44909889,,,,,0.14,
PGCC G86.25+4.19,309.55548111,48.17186,8.9813,1.42,0.799891,6.31783,,
PGCC G172.80+7.03,89.31977806,38.68999889,18.115999,3.79,0.015636,4.77623,,
PGCC G166.99+1.63,79.36124389,40.71274889,10.5937,1.75,0.466826,6.05752,1,2.33022
PGCC G205.65+20.42,118.27656611,15.35474389,16.719299,3.38,-0.597148,4.94623,0.524808,1.38827
PGCC G151.79+8.83,74.44473306,57.16804889,10.934,1.78,-1.52506,6.137,-0.79,
PGCC G76.19-19.05,323.25851389,25.32301694,17.530001,3.21,0.622573,5.45867,,
PGCC G269.42+1.86,139.39764389,-46.62939111,11.3158,1.72,0.664233,6.59769,1.37,3.4434
PGCC G353.06+15.35,247.8974,-25.43341806,17.889299,1.53,0.147576,11.6762,0.12,0.504497
PGCC G189.45-10.14,82.46856694,15.59334611,,,,,0.445,
PGCC G348.58-3.79,262.88925194,-40.60755889,10.4486,2.18,0.74111,4.78798,,
PGCC G205.30-22.14,79.75949111,-3.57571889,9.76594,1.59,0.088494,6.13294,,
PGCC G180.03-1.66,84.81922889,28.03379194,10.7025,1.79,0.421856,5.98056,-1.36,
PGCC G184.48+0.43,89.391685,25.301655,,,,,,
PGCC G283.14-4.41,149.65748611,-60.45775611,8.0727,1.82,1.30515,4.42818,,
PGCC G302.12-18.39,187.82650806,-81.22685194,,,,,0.17,
PGCC G107.97+13.50,324.17913806,70.47737889,,,,,,
PGCC G171.35-38.28,49.515785,10.436585,12.9225,2.58,-0.556757,5.00794,,
PGCC G319.89+6.65,221.24165306,-52.44638389,6.56863,1.31,0.867837,5.00606,,
PGCC G285.03+7.99,164.05035389,-50.82851,9.12608,1.55,0.857548,5.90588,,
PGCC G311.20-29.91,305.77874806,-82.22316694,7.77328,1.97,0.539571,3.94633,,
PGCC G213.65-13.71,90.91815194,-6.83079,11.2863,1.72,-0.107642,6.5518,0.415,1.03808
PGCC G189.78-13.32,79.87007889,13.61724806,,,,,,
PGCC G290.46-5.30,162.07499694,-65.149765,,,,,-0.95,
PGCC G95.53+6.10,316.79559306,56.52388806,7.697,1.57,0.369476,4.89277,-0.9,
PGCC G118.36-9.38,5.31730389,53.22662694,11.4788,2.19,-0.440486,5.24687,,
PGCC G177.06-15.36,70.58661694,22.462795,10.0155,2.58,-0.886318,3.87581,0.248886,0.451071
PGCC G92.31+4.71,314.92517111,53.19486611,,,,,,
PGCC G224.89-9.93,99.26786806,-15.08821389,,,,,,
PGCC G154.74+7.25,75.36937694,53.887325,13.157,3.11,-0.442769,4.22868,0.39,0.8462
PGCC G139.01+12.44,61.73181194,68.96014389,11.146,1.61,0.073593,6.90559,,
PGCC G262.04-3.16,127.15229,-44.18039694,13.0427,2.14,-0.062065,6.10032,,
PGCC G300.63+1.32,188.03320306,-61.46594194,11.2708,2.29,0.095912,4.92029,3.43,7.43008
PGCC G168.97-8.96,70.45013389,32.63386194,9.32424,1.75,-0.147645,5.31558,0.14,0.286706
PGCC G148.44-4.89,54.30912,49.591705,12.3274,2.05,-1.11413,6.02272,,
PGCC G121.83+9.72,9.24273389,72.56286611,7.73947,1.19,1.04992,6.50774,0.46,0.949631
PGCC G24.26-8.88,286.93057306,-11.70957,11.6821,2.52,0.753521,4.64388,,
PGCC G167.29+3.13,81.21624806,41.31974806,9.40275,2.07,-0.087576,4.54187,,
PGCC G43.86+42.63,246.12376389,25.65876389,13.8052,1.91,0.968306,7.24618,,
PGCC G62.40+0.64,296.69039889,26.29299694,8.82665,1.5,1.00466,5.89991,,
PGCC G100.41-31.65,351.30737306,27.421465,12.8377,2.66,-1.35876,4.82702,,
PGCC G126.57+21.24,43.00921611,83.24500306,18.6535,3.78,-0.842066,4.93803,,
PGCC G271.61-7.66,130.292755,-54.50912889,12.4863,2.06,-0.768602,6.04843,,
PGCC G84.69-0.85,313.82379194,43.79735889,12.4349,3.14,1.53908,3.96071,,
PGCC G42.74-23.68,308.26159694,-2.53634611,16.509399,2.76,0.733951,5.97791,,
PGCC G67.69+0.54,299.88659694,30.77049611,13.1425,2.7,1.24638,4.87268,,
PGCC G73.91+3.74,300.55340611,37.73802194,15.2269,3.78,-1.08085,4.02625,,
PGCC G170.93-21.49,61.44319889,22.77623389,14.1235,2.96,-0.406224,4.77365,,
PGCC G269.37-1.13,136.11308306,-48.632,14.0843,2.92,-0.91292,4.81522,,
PGCC G284.69-3.15,153.67926,-60.345715,14.0959,2.85,-1.00781,4.93758,,
PGCC G207.44+4.18,104.094505,6.78459889,,,,,0.428548,
PGCC G122.15-0.86,11.19153306,62.00531806,7.91198,1.44,-0.475987,5.48744,0.94,1.8017
PGCC G347.17+0.09,257.66790806,-39.56164194,,,,,9.12,
PGCC G9.29-1.57,273.05044611,-21.67157389,5.98749,1.28,-0.142211,4.67218,2.7,4.15406
PGCC G314.93+8.73,212.50241111,-52.30617889,,,,,0.58,
PGCC G29.07-1.96,282.84097306,-4.33185306,11.2383,1.95,0.670581,5.75571,,
PGCC G252.09+5.12,128.23362694,-31.26971806,10.0755,2.37,-0.936219,4.25002,,
PGCC G204.63-12.83,87.67987111,1.37824611,,,,,0.415,
PGCC G72.65+10.15,292.6026,39.80839194,11.5108,1.35,-1.02569,8.51499,,
PGCC G303.65-3.33,194.63037111,-66.18785111,15.9934,2.33,-0.777533,6.85154,,
PGCC G165.99-15.53,62.48298306,30.292715,10.4438,2,-0.104499,5.22172,0.14,0.30074
PGCC G102.22-41.69,356.68359389,18.564625,9.59148,1.46,1.23029,6.57906,,
PGCC G178.72-6.41,79.55037694,26.51297194,14.9365,3.37,-0.71916,4.43238,0.161436,0.382094
PGCC G176.87-17.11,69.00585194,21.503275,10.6539,1.22,0.579155,8.71575,0.269153,0.754456
PGCC G302.70-16.41,191.67327889,-79.28373,8.3598,1.5,1.47351,5.58191,0.17,0.337804
PGCC G24.42+14.36,266.23577889,-0.832535,12.8794,1.92,-0.781124,6.69395,,
PGCC G258.88-1.55,126.45352889,-40.67375889,,,,,,
PGCC G119.29+3.17,3.96168194,65.79205306,,,,,,
PGCC G21.25+20.51,259.38861111,-0.51330889,8.95987,1.47,-1.48837,6.10629,,
PGCC G153.92+36.61,130.56629889,62.17394306,14.4866,3.6,-0.071403,4.02057,0.35,0.777003
PGCC G239.44-7.90,107.975655,-27.13901306,8.78197,1.45,0.884755,6.0505,,
PGCC G287.67-0.78,161.24884,-59.85232194,8.44066,1.48,1.46355,5.70517,3.13,6.3182
PGCC G157.93-2.29,67.36174,45.26003306,14.3893,3.32,-0.499406,4.33418,2.5,5.74302
PGCC G316.32+5.06,216.76033,-55.30647306,,,,,-1.31,
PGCC G153.18+6.91,73.28146389,54.89331806,12.3794,2.88,-0.610358,4.30123,0.51,1.08254
PGCC G339.73+1.76,249.63131694,-44.29045889,7.68417,1.19,1.02164,6.45942,,
PGCC G155.64+32.97,122.57768194,61.21580889,6.34392,2.09,-0.338351,3.03141,,
PGCC G322.97+9.42,223.600525,-48.61117889,10.0924,2,0.37412,5.05532,,
PGCC G91.04+4.18,314.22534194,51.891445,8.73812,1.53,-1.49648,5.70589,0.8,1.64319
PGCC G243.24-27.43,87.83317611,-37.49166889,,,,,,
PGCC G348.41-9.40,269.27121,-43.64502694,13.1925,2.97,0.488887,4.43765,,
PGCC G336.25-3.61,252.25431806,-50.44239806,11.4664,2.02,-0.560451,5.68775,0.74,1.73837
PGCC G145.52-0.46,54.75227,54.88391889,8.88166,1.45,0.850862,6.14551,,
PGCC G273.69+2.60,144.75705,-49.03867,18.6565,2.54,0.856307,7.34887,,
PGCC G337.41+10.86,238.86021389,-39.386395,,,,,,
PGCC G258.98-1.89,126.16033194,-40.95529194,10.6821,1.75,-0.806235,6.11592,,
PGCC G154.28+6.71,74.16689306,53.919125,8.16094,1.13,-0.217325,7.21354,,
PGCC G279.87+7.41,156.66282694,-48.86404806,13.6099,1.88,0.303226,7.22254,0.56,1.61506
PGCC G101.78+14.23,311.80139194,66.44035306,6.98526,1.33,-1.35406,5.23465,,
PGCC G162.30+1.90,75.86921694,44.65029889,14.0469,2.58,-0.892114,5.45075,0.45,1.1454
PGCC G1.10+9.69,258.06552111,-22.70514306,,,,,0.12,
PGCC G177.53+0.34,85.23459611,31.21490111,16.2749,2.86,-1.56757,5.68185,0.258226,0.722323
PGCC G255.46-29.12,88.57753,-48.37034194,10.9184,1.82,-0.733886,6.00021,,
PGCC G164.90-4.12,71.76960806,38.84630194,8.23409,1.2,0.157489,6.87457,0.14,0.306398
PGCC G310.88+10.18,205.59855694,-51.90014611,12.7994,3.07,0.910809,4.16862,,
PGCC G341.47+2.31,250.65171806,-42.62429,10.3568,1.56,-0.338089,6.63302,,
PGCC G69.09-1.14,302.410675,31.05641694,10.8739,1.69,0.062109,6.42897,0.125893,0.30619
PGCC G324.31-3.80,237.78147889,-59.00360889,10.9388,2.27,0.47235,4.8167,,
PGCC G183.67-11.42,78.08692889,19.64487306,,,,,,
PGCC G152.99-6.28,58.33495694,45.715115,9.51905,1.38,0.445756,6.92258,,
PGCC G117.11+16.67,344.42550694,78.23200194,,,,,,
PGCC G22.14-9.04,286.13211111,-13.66540111,14.7842,2.84,0.807291,5.2084,,
PGCC G270.91+0.45,139.44516,-48.67730694,9.19437,2.24,0.804984,4.10012,,
PGCC G331.20+6.30,236.32338,-46.80924194,11.3046,1.15,-0.096524,9.82974,,
PGCC G151.27-4.83,57.74673806,47.91710694,10.3857,1.77,-0.375739,5.85176,0.61,
PGCC G0.29-4.41,270.9617,-30.91167389,,,,,,
PGCC G181.35-36.23,56.57803,6.11096,16.0159,3.54,-0.421388,4.52551,,
PGCC G337.76+9.81,240.08857694,-39.95671111,9.7337,1.73,-0.093144,5.62867,0.61,1.31341
PGCC G156.31-9.35,59.07885,41.24109306,,,,,0.14,
PGCC G139.60-3.06,43.48728611,55.79204611,7.07108,1.32,-1.08084,5.33774,0.85,1.51903
PGCC G337.60+8.03,241.51303111,-41.38932,14.8471,3.46,-0.591158,4.29648,-1.18,
PGCC G157.51-21.47,50.89960111,31.00004,8.92817,1.69,1.33536,5.28491,0.14,0.27974
PGCC G159.79-22.33,52.25212889,29.04789889,,,,,0.14,
PGCC G306.00+9.51,197.92675806,-53.242935,10.0118,1.76,-1.36181,5.68832,,
PGCC G133.70+13.21,50.87554889,72.81752806,9.75283,1.68,-0.115558,5.79874,,
PGCC G202.02-3.32,94.86375389,8.14835889,6.4128,1.28,1.54886,5.02228,3.8,
PGCC G260.12+2.97,132.11090111,-38.92969889,7.53151,1.75,-1.25784,4.31328,0.62,1.02793
PGCC G117.01+4.63,357.72601306,66.80648806,7.49939,1.46,-0.193564,5.15106,-1,
PGCC G157.39-13.09,57.00193,37.693695,,,,,,
PGCC G112.59+29.51,265.80606111,80.59246806,,,,,,
PGCC G104.61+11.37,321.784485,66.65732611,17.1987,3.34,1.32609,5.15301,0.37,1.01323
PGCC G243.79-0.29,117.81800806,-27.31554611,12.5653,3.21,-0.919417,3.90908,5.88,11.9875
PGCC G317.26+3.17,219.60757389,-56.69278694,,,,,,
PGCC G188.38-4.62,86.82286806,19.38653389,10.8159,2.05,-0.686024,5.28684,0.62,1.36379
PGCC G170.05-12.29,68.32480611,29.65090194,,,,,0.23,
PGCC G111.13+20.60,311.51126111,77.39901,9.27921,1.59,0.378676,5.85103,0.269153,0.576896
PGCC G160.31-17.23,56.41710694,32.71031611,6.59565,1.22,-0.455179,5.40679,0.14,0.243194
PGCC G172.22+7.65,89.65531194,39.49551,,,,,,
PGCC G88.34-6.97,323.31549111,42.21199806,11.2032,1.7,1.57004,6.57083,,
PGCC G101.26+8.52,321.04483,62.31698611,8.7847,1.83,-0.262611,4.79362,,
PGCC G141.48-1.27,47.99878694,56.45474194,,,,,,
PGCC G121.21+17.10,3.47534,79.84915889,11.2072,1.41,0.612136,7.95548,,
PGCC G88.82-0.35,317.18267806,47.225945,8.14555,1.69,0.795114,4.82133,1.1,2.00522
PGCC G122.74-6.49,12.51503389,56.38395694,9.27181,1.94,1.32228,4.77226,,
PGCC G95.99-3.81,328.65014611,49.57659889,15.4026,2.05,0.455137,7.50733,,
PGCC G343.97+10.11,245.42211889,-35.506145,8.07549,1.65,0.503346,4.88201,,
PGCC G334.45+11.97,235.01956194,-40.36734806,9.31129,1.92,0.139236,4.83813,,
PGCC G170.28-19.48,62.55391306,24.60664194,9.96369,1.95,-0.299366,5.1194,0.23,0.477831
PGCC G327.89-0.58,239.06532306,-54.23773611,9.97566,1.72,-1.26968,5.80316,3.09,6.83893
PGCC G240.80+1.48,117.81991611,-23.83656694,7.42938,1.26,-0.694916,5.89364,0.94,1.80935
PGCC G86.97+12.25,299.52615389,53.19548,10.6737,2.36,1.40103,4.52763,,
PGCC G67.69+13.50,286.08996611,36.86053806,16.7111,3.24,1.55426,5.15919,,
PGCC G215.14-10.16,94.77280389,-6.55492389,13.218,2.94,-0.109186,4.50046,,
PGCC G198.39-13.32,84.289185,6.44942389,10.7085,3.06,-0.366677,3.50291,0.4,0.712631
PGCC G41.68+1.73,285.32571389,8.57452694,11.7185,2.81,0.892212,4.16674,,
PGCC G355.65-4.84,268.68801889,-35.14418389,,,,,-2.61,
PGCC G266.11-6.49,126.61788194,-49.41193806,9.53019,1.9,-0.995205,5.00371,,
PGCC G94.44+11.81,307.07763694,59.20199611,,,,,0.171396,
PGCC G260.42+0.42,129.74649,-40.74854694,13.2787,3.42,-0.808294,3.87846,,
PGCC G114.76+5.46,351.65835611,66.97237389,9.56784,1.34,0.201004,7.11885,-1.02,
PGCC G40.96+12.62,275.06314111,12.762655,11.1955,1.71,0.579553,6.5436,,
PGCC G281.58-2.57,149.433105,-58.05404694,,,,,,
PGCC G16.48-1.36,276.43652306,-15.23841,9.98242,1.66,0.576055,6.02075,,
PGCC G201.42-9.89,88.758095,5.54833806,14.3077,3.12,-0.82389,4.58776,0.415,0.978049
PGCC G206.69-6.61,94.12838,2.49985889,10.0801,1.42,0.523715,7.10095,0.59,1.45201
PGCC G86.87-8.34,323.14981111,40.22102389,11.7817,2.45,1.05437,4.81562,-0.8,
PGCC G6.96+17.13,255.05696111,-13.77735111,9.25273,1.07,0.522813,8.61193,,
PGCC G69.23-0.75,302.11120611,31.38825389,7.83488,1.89,1.28171,4.15407,0.176198,0.292402
PGCC G314.27+6.58,212.527985,-54.54903,10.5121,1.51,1.17758,6.94827,-1.08,
PGCC G355.98-0.79,264.72052,-32.76760889,14.3156,2.39,0.395896,6.00065,,
PGCC G180.49-2.21,84.56683306,27.35675611,7.85816,1.54,1.51645,5.08646,0.8,1.47124
PGCC G355.79-0.54,264.34164389,-32.79787806,6.13714,1.36,0.853895,4.4986,,
PGCC G124.37+3.74,16.47809,66.57077,12.1561,1.37,-0.043034,8.85207,-1.25,
PGCC G24.04+0.26,278.54342694,-7.78496111,7.34436,1.25,0.434572,5.89331,4.46,8.53528
PGCC G225.46-0.32,108.35584306,-11.27422389,12.1738,2.87,-1.50578,4.24903,,
PGCC G331.95+7.04,236.50431806,-45.76361806,10.23,1.6,1.37014,6.41082,0.75,1.76678
PGCC G62.83+5.32,292.32016,28.94217694,8.46679,1.49,0.816809,5.69064,,
PGCC G129.41-0.24,26.72946889,61.928745,13.1493,2.53,0.084172,5.19258,0.128825,0.309649
PGCC G170.32-4.56,75.57112889,34.360985,10.6782,1.73,-0.75117,6.15778,,
PGCC G281.63-2.38,149.72551,-57.92837889,9.15071,1.61,-0.337195,5.67826,,
PGCC G335.76+16.32,232.96035806,-36.13052389,11.1592,1.79,1.19293,6.23742,,
PGCC G22.31+4.99,273.51010111,-7.11219194,8.27092,1.44,0.488666,5.73884,,
PGCC G309.35-0.67,207.03707889,-62.83404889,,,,,5.07,
PGCC G28.26-0.17,280.87362694,-4.23656611,,,,,5.34,
PGCC G358.12+19.06,248.19395389,-19.35115111,14.3526,1.83,-0.067474,7.8462,0.12,0.370428
PGCC G70.15-1.27,303.22470111,31.87501889,7.47986,1.29,0.340667,5.7963,2.09,
PGCC G10.17+12.77,260.56417806,-13.597175,16.546301,2.3,0.174406,7.18604,0.52,
PGCC G359.38+21.46,247.023285,-16.91649611,12.1543,1.94,0.530106,6.27551,0.12,0.304858
PGCC G355.70+4.10,259.758545,-30.30181306,11.4061,1.57,0.658059,7.2446,,
PGCC G136.40+9.79,51.638855,68.50004611,14.2486,2.48,-0.112665,5.74121,0.46,1.21024
PGCC G183.05-12.24,77.00161694,19.67260389,11.8733,2.42,-0.288074,4.906,,
PGCC G136.42+1.08,41.52133889,60.91571389,14.5311,4.23,-0.622743,3.43805,,
PGCC G286.65+5.44,164.64363111,-53.82045694,6.56254,1.49,-0.981701,4.40714,0.75,1.17328
PGCC G120.80+1.18,8.00050889,63.96719389,8.53997,1.51,-0.312959,5.66176,1.06,2.14406
PGCC G167.50+6.24,84.89528694,42.83443806,,,,,,
PGCC G351.90+11.67,250.21812389,-28.67841694,8.22157,1.09,-0.446493,7.53055,,
PGCC G280.15+1.70,151.94918806,-53.77821,6.7233,1.24,0.009554,5.42025,,
PGCC G250.27-17.59,102.45186611,-40.72074889,8.78764,1.38,-0.611254,6.36544,,
PGCC G204.85-15.79,85.16500889,-0.210975,11.0194,1.62,-1.16576,6.78682,0.415,1.04397
PGCC G338.02+0.13,249.73957806,-46.65183306,12.3725,2.75,0.630527,4.49814,8.78,19.053101
PGCC G212.90-19.64,85.226395,-8.78857389,9.75443,1.88,-0.324699,5.19768,0.415,0.859569
PGCC G76.37-17.42,322.08633389,26.57364111,10.3493,1.49,-1.33357,6.96843,,
PGCC G12.47-1.56,274.652405,-18.86794306,9.39998,1.57,0.295796,6.00174,-2.58,
PGCC G215.73-2.04,102.32166306,-3.42004111,10.3305,1.37,-1.27468,7.56618,,
PGCC G206.26-19.16,82.82679694,-2.97490194,,,,,0.415,
PGCC G112.72+15.73,331.04696694,75.1735,11.3675,1.68,-0.820404,6.76986,,
PGCC G60.70-0.92,297.22918694,24.03231194,8.87738,1.35,-1.23315,6.56501,,
PGCC G143.68-51.54,25.75428389,9.23818806,13.5688,2.52,-1.06036,5.38754,0.299227,0.744206
PGCC G189.93+0.32,92.20095806,20.503395,,,,,,
PGCC G359.62+7.36,259.24343889,-25.22931111,16.6747,2.59,0.091586,6.4468,0.12,0.361917
PGCC G344.42+7.75,247.93255611,-36.80843389,,,,,0.89,
PGCC G2.27+20.38,249.64657611,-15.46247694,12.5203,1.88,1.1675,6.66925,,
PGCC G159.36-10.43,61.07027111,38.43856389,4.63514,1.53,-0.457946,3.02191,0.14,0.152415
PGCC G108.27+22.00,300.73059111,75.72535694,16.8592,2.62,-0.581835,6.42612,,
PGCC G122.50-6.55,12.08397611,56.31633389,9.78086,1.45,1.33867,6.73733,,
PGCC G185.41-31.32,62.55318111,6.56067111,10.4398,2.01,-1.39159,5.20015,,
PGCC G355.16-0.45,263.85107389,-33.28271889,9.75215,2.09,0.764389,4.67399,1.19,2.33705
PGCC G157.76-20.68,51.66428,31.49321611,,,,,0.14,
PGCC G133.80+12.38,49.60984806,72.07153306,9.71048,1.6,-0.289018,6.07369,,
PGCC G112.72+29.46,265.91583306,80.71381389,,,,,,
PGCC G117.86-3.40,2.97830694,59.07884194,17.437099,4,-1.03661,4.36139,,
PGCC G321.72+0.05,229.540375,-57.36821389,9.11638,1.9,-0.130749,4.81014,2.14,4.12222
PGCC G125.71-1.47,18.64200806,61.278625,7.35416,1.35,-0.108996,5.45635,0.72,1.32671
PGCC G334.69+0.46,245.97589111,-48.85706306,11.3927,2.74,0.730064,4.15574,,
PGCC G342.71+9.69,244.71820111,-36.69241306,9.95117,1.42,1.2069,7.01256,-1.12,
PGCC G51.86-5.85,297.04064889,13.92595806,,,,,,
PGCC G72.40-16.62,318.59744306,24.307915,11.7613,2.84,1.13403,4.13494,,
PGCC G120.87-4.29,8.91751889,58.52286889,10.5935,1.57,0.53207,6.72915,0.61,1.49816
PGCC G348.09-11.55,271.71545389,-44.92239,,,,,,
PGCC G163.90-5.69,69.41957111,38.57828111,11.806,2.13,0.105054,5.53871,0.14,0.329314
PGCC G80.15-10.72,319.39019806,33.85228306,12.7023,4.15,1.24984,3.06177,,
PGCC G290.59+5.98,171.21261611,-54.80401611,,,,,,
PGCC G128.76+10.19,31.93989,72.18812611,14.1428,2.35,-0.450515,6.0274,,
PGCC G113.88+6.64,348.44525111,67.77982306,7.38079,1.62,-0.603296,4.56189,-0.79,
PGCC G104.58-14.48,347.44036889,44.73562611,13.21,2.49,-0.894055,5.31375,,
PGCC G139.28-1.89,43.93652,56.98265111,11.1601,1.48,1.30654,7.52381,0.44,1.17282
PGCC G90.28-0.72,319.07971194,48.03529,9.13417,1.21,0.330046,7.55372,6.05,14.6183
PGCC G337.46+22.32,230.27137806,-30.344725,7.68986,1.74,0.538074,4.41046,,
PGCC G158.94-1.80,68.842995,44.85397306,13.7223,2.64,-0.100383,5.1924,0.94,2.30808
PGCC G317.00-4.64,226.16473389,-63.81192806,7.83598,1.67,0.436631,4.6941,,
PGCC G293.93-14.60,157.24273694,-74.92309611,15.5079,3.58,1.23813,4.32966,,
PGCC G178.61-4.88,80.89128889,27.465185,12.931,2.15,-1.36499,6.00519,0.37,0.948438
PGCC G139.18-2.84,42.99556694,56.18681694,11.5385,1.34,-0.334744,8.58791,0.85,2.4613
PGCC G157.69-8.55,61.12668611,40.93751889,11.5851,2.87,-0.376453,4.03323,0.14,0.278375
PGCC G236.64-8.14,106.36509694,-24.75763889,7.77342,1.4,-0.67942,5.55401,,
PGCC G175.13-12.11,72.09249111,25.95561,10.3199,2.15,-0.553619,4.80582,0.23,0.471168
PGCC G179.43-5.96,80.40535,26.18363389,,,,,0.40738,
PGCC G1.31+17.38,251.564255,-18.00609,8.92342,1.28,-1.25914,6.96486,0.12,0.275188
PGCC G255.25-10.33,113.93429611,-42.16132694,10.2918,2.04,-1.14334,5.04103,,
PGCC G299.99+5.67,187.47045889,-57.08226,6.5976,1.37,1.18776,4.80399,2.1,3.43906
PGCC G14.47-0.20,274.38262889,-16.46679694,8.23959,1.42,-1.10882,5.79912,3.71,7.45993
PGCC G193.47-15.25,80.15145111,9.565015,,,,,0.4,
PGCC G182.03-11.91,76.68017611,20.68108,7.93325,1.37,-0.348862,5.78189,0.23,0.453122
PGCC G134.34-35.52,23.21644611,26.42757611,,,,,0.394457,
PGCC G269.78+5.44,143.32211306,-44.31275194,,,,,,
PGCC G315.27+9.13,212.811615,-51.82132306,5.37506,1.06,1.5218,5.08343,0.53,0.805883
PGCC G274.69+3.69,146.994705,-48.86052306,6.89511,1.63,0.886259,4.23437,0.58,0.911632
PGCC G175.24-0.31,83.13863389,32.79755389,13.1052,1.81,-0.370827,7.24406,,
PGCC G3.41-0.38,268.74209611,-26.200945,12.4919,2.83,0.344794,4.41955,5.14,11.1095
PGCC G127.88+11.17,30.06615306,73.374825,,,,,,
PGCC G93.92+6.92,313.80835,55.85110111,6.49972,1.56,-0.906911,4.15454,0.114815,0.173554
PGCC G318.19-0.34,224.05244389,-59.463985,10.3056,1.2,1.37122,8.62114,3.36,9.21268
PGCC G35.82-1.76,285.74652111,1.76314194,7.75669,1.46,1.19067,5.32385,,
PGCC G62.62+1.82,295.67312611,27.06356194,12.6966,2.1,0.702386,6.05292,-1.88,
PGCC G71.42-1.89,304.66296389,32.58756611,11.9128,2.77,0.622789,4.29864,,
PGCC G150.89-19.95,45.71717111,35.69213889,,,,,0.245471,
PGCC G354.33+16.58,247.751465,-23.70455389,7.8134,1.23,0.714143,6.35971,0.12,0.246063
PGCC G52.59+6.04,286.45681806,20.22209694,13.4401,1.28,0.308367,10.5049,,
PGCC G294.98+1.31,176.52066,-60.54773306,6.07043,1.05,0.928756,5.80892,,
PGCC G47.76+1.46,288.41189611,13.84777889,12.7287,2.49,-1.07952,5.11698,,
PGCC G101.43-3.08,335.029785,53.35417194,,,,,,
PGCC G144.40-7.37,47.01439694,49.72447611,10.6118,2.08,-0.781941,5.10227,,
PGCC G189.80-36.73,60.34372694,0.43332194,,,,,,
PGCC G45.53+8.47,280.91861,15.02472694,13.085,2.97,0.614638,4.4067,0.3,0.662661
PGCC G134.39+11.24,49.20845806,70.80117,10.2327,2.21,-0.289251,4.63293,0.41,0.821171
PGCC G129.83-10.68,23.80788,51.60608306,12.5349,2.36,-1.29165,5.31161,0.295121,0.700488
PGCC G270.73+0.71,139.52912889,-48.36104611,,,,,,
PGCC G272.31-2.62,137.47872889,-51.81105806,5.86273,1.14,-0.644249,5.12084,,
PGCC G168.10-15.38,64.24874889,28.95001,6.47738,1.34,-0.379861,4.81602,0.14,0.227456
PGCC G205.71-8.45,92.043755,2.505045,17.8004,4.34,-0.312719,4.10167,0.415,1.0315
PGCC G131.04-6.41,27.19940611,55.55899806,6.96077,1.35,-1.04401,5.14883,0.47863,
PGCC G73.89-24.26,325.68649306,20.15159806,14.119,2.06,1.08623,6.85023,0.380189,1.08763
PGCC G282.93-4.11,149.68315111,-60.09512306,15.1713,2.86,0.323545,5.30884,,
PGCC G240.16+0.56,116.59547389,-23.74769,10.4697,2.26,-0.776219,4.6327,,
PGCC G184.54-38.63,56.32563806,2.62761806,13.416,2.23,0.311906,6.01118,,
PGCC G45.72-0.24,288.98642,11.25157306,10.9144,2.03,0.843926,5.38314,4.66,10.3904
PGCC G336.80+23.69,228.78071611,-29.568895,11.3915,1.73,-0.624784,6.5824,,
PGCC G351.26+4.32,256.48419194,-33.75980389,9.84116,2.41,0.48189,4.07666,,
PGCC G36.60-16.55,299.25338694,-4.31729194,14.4459,2.8,0.1677,5.15393,,
PGCC G315.68+5.93,215.19149806,-54.71301306,9.94673,1.79,1.41591,5.55791,,
PGCC G92.67+6.31,313.23904389,54.49956889,9.35892,1.85,-1.09988,5.06646,0.125314,0.25101
PGCC G154.94+8.14,76.78822306,54.25579806,9.51973,1.73,0.192206,5.50612,,
PGCC G200.20-2.61,94.62989806,10.08411694,8.75436,1.78,-0.643364,4.91926,,
PGCC G148.29+38.27,136.9599,66.03707111,14.0634,2.75,0.812905,5.10559,0.35,0.862707
PGCC G263.52-0.03,131.855545,-43.46195194,6.45559,1.16,1.02694,5.54273,,
PGCC G156.55-15.25,54.52076694,36.51675389,5.80528,1.75,-0.331656,3.3193,,
PGCC G307.61+1.36,202.59208694,-61.15711611,6.33323,1.66,0.634948,3.80963,,
PGCC G313.51-0.52,215.49624611,-61.52019111,3.7201,1.1,0.023637,3.39269,5.76,5.95249
PGCC G103.36+20.03,300.28585806,70.74365194,13.2192,1.27,0.040036,10.4451,,
PGCC G92.94-35.86,347.14941389,20.95313806,12.9373,3.51,-1.41389,3.68981,0.217771,0.437674
PGCC G137.46-9.41,35.93734,50.83753194,12.5586,2.87,-0.418542,4.37185,,
PGCC G30.52+0.99,280.87573194,-1.69090806,14.2584,3.49,0.569356,4.08077,3.4,7.5442
PGCC G152.98-2.09,62.389355,48.86870194,9.43837,1.35,-0.716288,6.98089,0.53,1.25143
PGCC G254.20-0.52,124.13426194,-36.240505,,,,,,
PGCC G340.38-0.39,252.51255806,-45.20934694,8.70666,1.68,0.150249,5.16734,5.66,11.0434
PGCC G295.49-36.54,44.84433,-78.66615306,9.1234,1.4,-0.682138,6.5106,,
PGCC G304.85+1.44,196.86247306,-61.37585389,,,,,,
PGCC G317.38+3.30,219.701935,-56.527855,9.44331,1.92,0.406222,4.92943,,
PGCC G242.76+6.10,123.21804,-23.06514194,10.0137,1.32,-0.136586,7.57255,,
PGCC G169.04-10.52,69.11576806,31.554235,11.7658,2.02,-0.318854,5.83192,0.14,0.337343
PGCC G218.40-8.92,97.33939389,-8.88822694,8.38252,1.48,-0.744736,5.67701,0.37,0.742464
PGCC G176.05+3.49,87.519295,34.11755389,12.983,2.38,0.324316,5.44718,,
PGCC G50.88+6.76,284.96496611,19.026855,9.16223,2.16,0.497185,4.24657,0.141906,0.257482
PGCC G310.54-20.00,238.84529111,-80.03437,13.7414,2,0.090986,6.8824,,
PGCC G39.91+1.61,284.61062611,6.94975806,12.1208,2.2,1.06774,5.51742,,
PGCC G37.86+14.52,271.98632806,10.85776611,15.8269,3.85,0.529483,4.11116,,
PGCC G154.57+6.83,74.62404611,53.76444611,9.16838,1.52,-0.23069,6.01598,,
PGCC G217.14-16.02,90.30091889,-10.87287111,7.34232,1.35,-0.888747,5.42143,0.415,0.761637
PGCC G208.00-20.40,82.47633389,-5.00100806,15.6225,3.89,-0.472583,4.01479,0.415,0.956053
PGCC G151.32-38.15,36.23204806,19.51901806,17.738199,4.55,-0.672089,3.89473,,
PGCC G331.12-2.27,245.03529389,-53.30995889,6.44187,1.39,0.631414,4.62597,,
PGCC G122.74-3.92,12.492085,58.95300694,13.0108,2.55,-0.744631,5.09753,,
PGCC G96.10+10.06,311.73959389,59.49883306,8.9668,1.51,-1.54779,5.93062,0.36,0.763657
PGCC G78.87+26.51,273.36386111,50.87707889,12.4951,2.86,-0.36456,4.36785,,
PGCC G157.65-2.35,67.02558111,45.412975,,,,,2.5,
PGCC G212.77-12.97,91.20541389,-5.73354889,9.17736,1.44,-0.199262,6.38876,0.415,0.924362
PGCC G232.10-11.45,101.00292194,-22.14183194,,,,,,
PGCC G347.18+8.68,249.31913806,-34.15104306,14.7383,3.09,0.526415,4.76383,,
PGCC G58.19-11.70,305.59472694,16.22505611,16.679399,1.87,1.30606,8.90988,,
PGCC G190.79-4.03,88.64642306,17.61149806,,,,,,
PGCC G30.22-5.60,286.62142889,-4.95270194,6.23859,1.6,0.563211,3.90015,,
PGCC G272.33-1.37,138.95742806,-50.96381,13.4434,1.65,-1.51533,8.15518,-0.96,
PGCC G144.87+5.23,60.42939806,59.73235694,12.1189,2.74,-0.49434,4.42056,0.66,1.40521
PGCC G233.53-10.08,102.99490389,-22.83837111,17.1367,3.5,-0.608738,4.90276,,
PGCC G13.02-0.80,274.21716306,-18.02537306,9.44785,1.2,0.549416,7.85344,,
PGCC G279.85+6.54,155.92225611,-49.59409306,15.5842,3.02,-1.16073,5.1638,,
PGCC G122.28+9.47,10.74004694,72.334465,13.943,1.77,1.04116,7.89948,0.39,1.19061
PGCC G141.48+12.44,66.30315389,67.248085,,,,,,
PGCC G184.34+0.31,89.1959,25.36321111,16.528999,4.32,-0.447663,3.82653,4.38,10.1327
PGCC G299.87-14.47,179.54936194,-77.02147694,11.4826,2.19,0.17963,5.23935,0.17,0.383561
PGCC G100.72+5.51,324.51904306,59.76200889,,,,,,
PGCC G103.07+2.16,332.18203694,58.61516611,,,,,,
PGCC G123.23+15.84,14.313805,78.70400194,8.9383,1.48,0.06442,6.05257,,
PGCC G252.35-7.39,115.56360611,-38.24712389,7.89553,1.88,-1.26935,4.20575,,
PGCC G335.68+11.12,236.946625,-40.28274889,13.1728,2.62,0.664746,5.03596,,
PGCC G115.96+1.83,356.89056389,63.83344694,8.42071,1.9,-0.230511,4.4285,-1.37,
PGCC G300.29-10.40,183.88624611,-73.08882889,7.75401,2.04,0.571755,3.7917,,
PGCC G143.60+1.26,53.79336889,57.40990111,8.06348,1.49,-0.189727,5.42481,,
PGCC G97.99+14.99,305.40542611,63.82558389,12.0463,1.72,1.52277,7.01205,,
PGCC G189.97+0.72,92.60115806,20.66359889,11.3853,2.3,-0.648206,4.95427,,
PGCC G157.44+30.33,117.21720111,59.687405,7.07373,1.79,-0.235362,3.95056,,
PGCC G218.10-18.18,88.70745111,-12.61745889,15.632,3.37,-0.796857,4.63678,,
PGCC G139.87+2.69,49.30954694,60.67825306,8.854,1.6,-1.35921,5.52847,0.7,1.42461
PGCC G99.20+1.06,327.74655194,55.385845,15.8004,3.38,-1.43085,4.67417,0.77,1.92488
PGCC G122.14+10.30,10.15281889,73.15509806,14.5882,2.29,1.00831,6.37877,0.31,0.869878
PGCC G207.64+1.11,101.43173194,5.21191611,12.9851,1.97,-0.015281,6.60486,,
PGCC G127.77+11.26,29.79021806,73.49522389,,,,,,
PGCC G93.04-4.32,325.73092694,47.31121806,12.8375,2.69,-0.836674,4.76749,0.115345,0.262489
PGCC G206.60-22.16,80.30389389,-4.64737611,7.84538,1.39,1.34937,5.62517,,
PGCC G146.43-5.59,51.13542889,50.17040306,,,,,,
PGCC G342.69+24.69,232.951355,-25.54695889,,,,,,
PGCC G89.96-31.88,342.68615694,23.14804611,15.2849,1.98,1.33372,7.72001,,
PGCC G149.74+11.83,76.78949,60.56881306,11.5848,1.16,-0.288377,10.0036,0.176198,0.551761
PGCC G145.21+10.55,68.80167389,63.26906611,8.08398,1.34,-0.281888,6.05181,,
PGCC G77.23+3.69,302.89965806,40.50969306,7.87398,1.85,1.01392,4.24845,,
PGCC G22.64+1.75,276.55920389,-8.33497306,7.30309,1.46,0.351156,5.00677,0.94,1.65343
PGCC G211.42-4.82,97.87803611,-0.857295,6.92498,1.16,-0.352819,5.99555,0.62,1.1621
PGCC G91.03-4.68,323.90258806,45.71151389,14.5477,2.91,-1.16733,5.00484,,
PGCC G160.64-16.12,57.56426194,33.35387806,13.9851,2.52,0.161555,5.55065,0.14,0.358807
PGCC G33.21-3.91,286.460815,-1.53731694,8.60521,1.1,0.708328,7.81366,,
PGCC G139.76-3.24,43.59236111,55.55900194,11.5669,2.34,-0.641377,4.93996,0.85,1.86903
PGCC G165.73+0.67,77.35340111,41.177425,12.4276,1.98,-0.165434,6.27643,,
PGCC G261.37+0.22,130.30867,-41.61943111,14.3369,2.55,-1.36343,5.61443,1.61,4.20178
PGCC G203.58-11.61,88.26593806,2.86475694,,,,,0.415,
PGCC G30.27-7.56,288.40173306,-5.79531306,9.57327,1.43,0.260304,6.69522,,
PGCC G341.81+14.61,239.77407806,-33.73991389,,,,,,
PGCC G86.84-4.91,319.92175306,42.65235111,8.7518,1.36,0.722961,6.44864,0.46,1.00523
PGCC G90.68-0.86,319.64288306,48.22516306,,,,,,
PGCC G168.88-18.77,62.10394694,26.05222889,16.396299,2.99,0.937774,5.4763,0.14,0.385898
PGCC G344.77+8.76,247.300125,-35.86071389,5.93626,1.41,0.239782,4.22427,,
PGCC G335.38-0.26,247.4935,-48.85719306,16.446199,4.86,0.337127,3.38398,4.64,10.0691
PGCC G157.17-2.95,65.93585194,45.34349111,,,,,,
PGCC G115.99+19.73,330.66857889,80.24466694,11.4091,1.53,0.816681,7.45037,,
PGCC G104.91+20.79,300.04083306,72.37877694,10.5559,1.75,-0.821995,6.0348,,
PGCC G174.20+2.00,84.80458111,34.91788111,,,,,,
PGCC G272.26-15.87,118.12458806,-59.43063389,,,,,,
PGCC G150.99+20.31,94.03743694,63.489765,16.194599,2.84,-0.362602,5.70183,0.2,0.559048
PGCC G273.81-16.58,118.18626389,-61.07773611,13.7879,2.39,-0.325722,5.77973,,
PGCC G133.98+0.42,36.34150694,61.26020389,11.5881,3.7,-0.682215,3.13523,,
PGCC G230.19+13.38,122.82720889,-8.70087889,,,,,,
PGCC G5.95+16.53,255.00540194,-14.91197,9.68703,1.65,1.08257,5.86995,0.12,0.263221
PGCC G121.40-2.68,9.78786389,60.15101611,6.94853,1.81,-0.570655,3.84227,0.74,1.11224
PGCC G345.20+3.84,252.30119306,-38.79527306,7.30667,1.26,0.007975,5.81369,-1.63,
PGCC G291.40-7.30,161.86062611,-67.35087611,8.73291,1.07,-0.168374,8.16705,,
PGCC G124.11+11.34,17.09099194,74.17278306,7.23596,1.89,-0.464786,3.83558,,
PGCC G192.27-26.46,70.02536,4.47537306,12.8459,2.16,0.374074,5.95817,,
PGCC G138.72-8.65,38.21122389,51.08461806,14.2908,2.14,-1.22789,6.67099,,
PGCC G144.04+6.91,61.45348694,61.53996694,13.4423,2.87,-0.581481,4.68538,0.78,1.80066
PGCC G139.14+13.05,63.19335194,69.310715,11.36,1.5,-0.37419,7.55107,,
PGCC G101.38-3.19,335.07067889,53.236305,,,,,,
PGCC G8.67-0.69,271.88906889,-21.785305,7.24716,1.27,1.52995,5.69985,0.87,1.62653
PGCC G112.68+10.33,340.994965,70.62233694,,,,,,
PGCC G263.75-3.53,128.15087889,-45.77705389,14.0941,2.51,0.376066,5.62129,-0.79,
PGCC G297.25-0.95,180.14077806,-63.25997194,,,,,,
PGCC G182.23-7.80,80.43773694,22.85251194,10.0028,2.4,-0.443212,4.16587,,
PGCC G136.11-2.33,38.24698611,57.91725194,10.0612,2.56,-0.159097,3.9355,0.53,0.970124
PGCC G199.14+1.34,97.690315,12.87525389,,,,,-1.13,
PGCC G196.08-8.27,87.57555389,10.94130694,10.9403,2.04,-0.56198,5.35236,0.4,0.890378
PGCC G281.75+2.00,154.47950694,-54.42841,9.69229,2.28,-1.4032,4.25757,,
PGCC G98.42+9.99,314.74655194,61.23486306,7.52317,1.39,-0.506229,5.39652,,
PGCC G123.27+25.63,24.42169806,88.47000889,9.70768,3.08,-0.344778,3.15222,0.38,0.611471
PGCC G30.24+3.69,278.34481806,-0.71104611,10.8825,2.37,0.67641,4.58367,0.26,0.53416
PGCC G303.94+3.62,194.82112111,-59.24101611,17.3689,4.68,0.624223,3.70945,,
PGCC G30.03-4.35,285.42279111,-4.55798889,8.01343,1.6,0.145231,5.01492,,
PGCC G358.14+6.25,259.32296806,-27.07253611,11.2794,2.79,0.881951,4.03702,0.12,0.235549
PGCC G246.17-28.92,86.7295,-40.35062806,10.1026,1.9,-0.787606,5.32012,,
PGCC G170.82-1.19,79.24787889,35.95372806,8.19431,1.19,0.238786,6.89281,,
PGCC G142.80+0.86,52.14002611,57.54179389,10.1479,1.56,1.5024,6.52557,,
PGCC G45.09-4.01,292.05993694,8.91960611,10.843,2.85,0.670777,3.80684,-1.47,
PGCC G10.45+21.26,253.46290611,-8.73375806,12.4166,3.19,0.350128,3.89017,0.54,1.09171
PGCC G125.73+10.73,22.52750806,73.39345611,8.96198,1.3,-0.387606,6.90999,,
PGCC G283.90+16.49,167.706055,-42.63679889,12.2456,1.85,-1.09707,6.61485,,
PGCC G269.80+2.72,140.67663611,-46.285515,,,,,,
PGCC G66.95+10.79,288.74517806,35.05973389,13.5969,2.77,0.631903,4.90915,,
PGCC G182.28-18.33,71.35445389,16.69597806,11.8762,1.81,-1.1692,6.57215,0.23,0.591083
PGCC G113.31+10.39,342.598785,70.96520194,,,,,,
PGCC G262.89+0.25,131.60899389,-42.79441806,10.9236,2.63,-1.25981,4.15104,,
PGCC G277.28+5.12,151.4422,-49.31726806,9.40446,1.37,-0.417666,6.85314,0.81,1.89158
PGCC G215.97-13.25,92.34317806,-8.64980306,,,,,0.415,
PGCC G279.58-1.69,147.56994611,-56.11155694,13.038,2.16,-1.48775,6.03433,,
PGCC G249.97+0.26,122.10423306,-32.27973611,12.0103,1.71,1.20791,7.02824,5.26,14.0577
PGCC G27.08+3.21,277.32333389,-3.73477,7.31806,1.29,-1.31838,5.67323,0.26,0.487319
PGCC G205.85-8.47,92.08699,2.37010611,17.924,3.74,-0.212807,4.79052,0.415,1.11862
PGCC G339.10-6.09,258.027985,-49.70928611,,,,,2.09,
PGCC G166.35-8.77,68.58184111,34.70808806,7.33369,1.17,0.286914,6.29257,0.14,0.27665
PGCC G215.56-15.94,89.715065,-9.46397389,8.27606,1.53,-0.880322,5.41912,0.415,0.808446
PGCC G174.52+1.05,84.036415,34.14153306,7.65376,1.72,-0.776173,4.43776,,
PGCC G292.58-20.15,137.03190611,-78.23017889,15.6963,2.05,0.891594,7.64956,,
PGCC G212.13-12.12,91.69258111,-4.79542194,13.1075,2.04,0.231168,6.43799,0.415,1.10894
PGCC G141.40+12.40,66.07312806,67.27195694,11.0807,1.74,0.281584,6.38648,,
PGCC G141.44-1.19,47.99962611,56.54135889,,,,,,
PGCC G206.46-15.59,86.07792694,-1.48328306,6.57194,1.36,0.370167,4.84443,0.415,0.68115
PGCC G239.54+2.07,117.67300389,-22.44838,11.8513,2.57,-0.171021,4.61105,,
PGCC G10.66-3.19,275.27746611,-21.23944694,16.918501,2.8,1.08361,6.04152,,
PGCC G294.17-17.95,149.66799889,-77.77675611,,,,,,
PGCC G176.53-0.32,83.96096,31.71223611,,,,,,
PGCC G57.18-5.95,299.93286111,18.43345806,18.766199,3.76,-1.31032,4.99485,0.74,2.08405
PGCC G68.63-13.86,313.74075306,23.26639611,11.4651,1.7,0.081867,6.72704,,
PGCC G239.39-0.05,115.60227194,-23.38489889,12.1991,2.1,0.861027,5.80229,5.44,13.3134
PGCC G92.49+42.88,242.31063806,60.75645806,4.7509,1.24,-1.20732,3.82011,,
PGCC G231.15-0.02,111.37858611,-16.16586306,,,,,,
PGCC G151.61-8.03,55.26376,45.19300806,11.0045,1.96,-0.600721,5.61267,,
PGCC G161.70+13.31,89.82925389,51.287395,9.54067,1.78,-0.777652,5.35875,,
PGCC G224.15-3.82,104.57042694,-11.72215611,9.05605,1.58,0.23242,5.74027,0.71,1.48909
PGCC G329.11+3.16,236.75714111,-50.56381194,18.4242,4.21,0.618188,4.38045,,
PGCC G125.06+14.34,22.10234111,77.06321,8.32981,1.94,-0.284332,4.29752,,
PGCC G10.68-3.10,275.20233194,-21.17925306,12.0607,1.99,-1.36789,6.05767,,
PGCC G177.36-38.75,52.56341611,6.79290806,,,,,0.277971,
PGCC G95.01-33.73,347.70040889,23.62720889,13.0996,1.9,-0.357221,6.89697,,
PGCC G194.76-3.73,90.95922889,14.31488111,11.3758,1.64,-0.282766,6.93896,,
PGCC G97.77-44.43,354.54977389,14.83524889,10.9583,1.63,-1.4448,6.73566,,
PGCC G296.63+6.58,181.68789694,-55.74306889,11.6659,1.73,0.139226,6.72932,,
PGCC G277.68-2.49,144.08659389,-55.48721694,9.25844,1.8,-1.1946,5.15179,,
PGCC G168.85-10.19,69.26129194,31.91454306,12.2798,1.92,-0.457549,6.38714,0.14,0.360665
PGCC G127.48-10.62,20.12728111,51.99055889,11.9042,2.76,-0.307852,4.31338,,
PGCC G85.56-4.24,318.06958,42.19614806,,,,,,
PGCC G308.64-21.10,234.88707,-82.03150889,15.389,3.31,0.095669,4.6554,,
PGCC G228.58+2.75,112.62545,-12.58128194,11.9785,2.23,-0.733281,5.38143,0.174582,0.407734
PGCC G197.18-12.98,83.99564389,7.64548194,16.8218,1.8,1.00535,9.36529,0.271644,0.991803
PGCC G7.36+20.82,252.17414889,-11.35974,,,,,0.12,
PGCC G287.78+1.93,163.78926111,-57.48134194,9.22361,1.42,-0.252634,6.48193,,
PGCC G302.37-14.09,190.45343,-76.95178194,9.49964,1.21,0.877359,7.88016,0.17,0.427855
PGCC G72.60-1.37,304.94934111,33.84704611,6.96009,1.29,-1.00373,5.41062,,
PGCC G103.56+11.82,319.18396,66.23604611,7.08407,1.68,-1.288,4.2265,,
PGCC G288.82-12.47,148.05004889,-70.25539389,11.8701,2.5,0.496063,4.74578,,
PGCC G189.10-1.44,90.13329306,20.37142194,,,,,,
PGCC G199.92-4.84,92.50221306,9.27728389,15.0273,2.78,0.311992,5.40679,,
PGCC G148.10-0.43,58.25567611,53.32979194,,,,,0.56,
PGCC G42.14+0.96,286.22457889,8.62518611,11.4056,3.45,0.55578,3.30231,,
PGCC G158.20-33.27,43.98216611,20.93881,9.64767,1.48,1.48744,6.53659,0.158489,0.366111
PGCC G302.99-11.59,193.07556194,-74.465355,14.7387,2.49,0.29724,5.91239,,
PGCC G33.08-1.48,284.24237111,-0.53705306,6.53001,1.45,0.493835,4.49367,,
PGCC G127.67+2.65,24.16892389,65.10115111,9.15109,1.59,-1.25667,5.76786,0.8,1.69068
PGCC G181.65+4.86,92.188835,29.93658306,11.1471,2.34,-1.13983,4.75377,,
PGCC G156.36-22.93,48.90157694,30.42648111,9.0902,1.82,-0.836724,4.98994,0.14,0.274277
PGCC G307.16+6.13,200.48295611,-56.49223694,,,,,0.5,
PGCC G23.99+11.55,268.51080306,-2.532475,,,,,,
PGCC G13.57-0.30,274.03314194,-17.30644806,11.2301,3.5,0.449363,3.20897,,
PGCC G124.81+7.39,18.34512111,70.17949694,,,,,,
PGCC G266.31-7.91,124.95989194,-50.37801,,,,,0.4,
PGCC G210.20-17.20,86.29352611,-5.41242611,11.2169,2.35,-0.416472,4.78258,0.415,0.884183
PGCC G148.25+38.21,136.84776306,66.09223889,,,,,0.35,
PGCC G307.40-6.49,205.29768389,-68.93347194,6.73461,1.02,0.958174,6.5765,,
PGCC G0.43+25.91,244.08984389,-13.34725389,11.7112,2.33,0.068563,5.03236,0.253513,0.566128
PGCC G238.83-1.69,113.74112694,-23.70578194,8.44235,1.62,-0.534434,5.19714,,
PGCC G359.14-6.05,272.01580806,-32.70303,,,,,,
PGCC G299.62-13.53,179.38734389,-76.05766306,8.10971,1.15,0.481073,7.04676,,
PGCC G312.81+3.17,211.84339889,-58.24118,14.788,2.14,1.12906,6.89889,,
PGCC G213.27-1.96,101.26872306,-1.19110111,,,,,,
PGCC G227.83-2.47,107.52175889,-14.37183694,8.53736,1.51,-0.350416,5.66782,0.149968,0.303456
PGCC G32.64-15.17,296.29809611,-7.10263111,12.1615,2.73,0.032958,4.4595,,
PGCC G11.92+0.91,272.08728,-18.17582694,6.67332,1.28,0.490281,5.22546,,
PGCC G109.57-9.55,351.57959,51.09479889,16.5418,2.47,-0.424079,6.68714,0.259418,0.793669
PGCC G194.59-16.09,79.99622306,8.199885,13.0708,3.9,-0.650801,3.35218,0.4,0.770196
PGCC G124.21-0.15,15.64864611,62.69483611,,,,,0.83,
PGCC G273.78+2.67,144.92887889,-49.04095111,,,,,-1.3,
PGCC G16.95+7.81,268.413025,-10.41272,10.4622,1.29,-1.05159,8.14017,,
PGCC G155.89+2.94,71.086525,50.276505,14.2108,2.4,-0.004617,5.9201,,
PGCC G359.05+21.50,246.78804,-17.12324306,,,,,0.12,
PGCC G238.40-5.82,109.52153806,-25.27600694,9.93571,2.37,-0.387337,4.19592,,
PGCC G133.79+9.62,45.239105,69.71523306,8.17128,1.66,-1.24678,4.91604,,
PGCC G50.98+3.22,288.34323111,17.51393111,14.5765,2.17,-0.207036,6.71202,0.230144,0.662187
PGCC G158.51-23.57,50.32285306,28.76219,10.4772,1.31,0.436157,8.00224,0.14,0.372893
PGCC G354.97+20.98,244.59629806,-20.35967111,,,,,,
PGCC G220.16-0.31,105.89331806,-6.57422,12.5716,3.29,-0.631422,3.81581,,
PGCC G140.91-0.93,47.41386806,57.03421389,,,,,,
PGCC G127.34+8.71,26.42387389,71.11722611,10.1368,1.72,-0.047171,5.90097,0.39,0.877413
PGCC G176.91-24.19,63.30971111,16.88930889,15.7395,3.42,-0.916926,4.59961,0.230144,0.569617
PGCC G121.44+8.38,8.27938806,71.19451889,10.663,1.35,-0.633174,7.88817,,
PGCC G191.61+0.64,93.35769694,19.190205,12.1381,2.89,0.579717,4.2049,,
PGCC G21.55+11.91,267.04254194,-4.45433694,6.94533,1.71,-0.12391,4.06973,,
PGCC G109.75+6.80,338.840515,66.13101194,,,,,0.224905,
PGCC G125.07-9.20,16.4156,53.61567306,,,,,,
PGCC G116.94+10.05,353.40695194,72.01009389,6.28808,1.29,-0.647263,4.87232,,
PGCC G22.48+10.88,268.38812306,-4.15770111,15.6027,3.12,-0.091052,5.00858,,
PGCC G128.60+13.85,35.69495389,75.70718389,9.48319,1.86,0.297196,5.10599,,
PGCC G287.99+7.18,167.85365306,-52.76642194,6.42582,1.65,1.49922,3.89529,,
PGCC G22.09+11.48,267.67813111,-4.19996111,10.309,2.24,-0.201914,4.59432,,
PGCC G333.79+5.81,239.63851889,-45.54916806,11.0991,2.31,1.42475,4.81416,-1.21,
PGCC G160.60+3.06,75.70932806,46.705605,,,,,,
PGCC G317.86-12.92,240.30999806,-70.07843806,,,,,,
PGCC G40.17-0.54,286.65991194,6.18844306,12.6055,1.43,-0.173267,8.84077,,
PGCC G31.65+2.61,279.95422389,0.04583389,16.656799,2.62,-0.185599,6.36307,0.26,0.778627
PGCC G346.67+10.65,247.16061389,-33.20675306,13.653,2.76,0.572051,4.93979,,
PGCC G158.12-15.05,56.13586389,35.73322694,10.1348,1.6,-0.880262,6.3289,0.31,0.722206
PGCC G159.48-25.18,50.05126194,26.93997194,,,,,0.14,
PGCC G29.60-0.62,281.89215111,-3.246945,7.37035,1.56,0.603275,4.72028,4.48,7.68657
PGCC G219.46+3.38,108.85784111,-4.25450889,,,,,,
PGCC G162.30-7.90,65.97040611,38.233315,15.472,2.29,0.580835,6.74643,0.14,0.41607
PGCC G69.70+2.97,298.66137694,33.75644694,10.3308,1.9,0.415614,5.4411,0.098628,0.215099
PGCC G99.10-31.54,350.10253889,27.08313389,,,,,,
PGCC G0.58+10.12,257.36142,-22.87911194,9.58887,1.65,-0.019286,5.80718,0.12,0.26048
PGCC G320.56+13.02,218.16912806,-46.35964611,,,,,,
PGCC G344.56+0.17,255.51773111,-41.59419611,12.1995,1.92,1.00545,6.34446,,
PGCC G231.02+2.44,113.55632806,-14.86997806,,,,,,
PGCC G146.85+4.74,62.61921306,58.04393389,8.46216,1.96,-0.531987,4.31641,0.61,1.0724
PGCC G350.33-3.52,263.82556194,-38.99937111,6.98345,1.29,-0.726697,5.40669,-1.97,
PGCC G169.60-14.68,65.96379111,28.36850194,16.335501,1.77,-0.324009,9.24469,0.14,0.500459
PGCC G184.21+2.57,91.30788389,26.593615,8.21045,1.3,0.983212,6.30505,,
PGCC G192.23-26.46,70.002045,4.49866806,12.4797,2.21,0.439037,5.64416,,
PGCC G92.59-35.55,346.71960389,21.08867111,7.58037,1.05,-1.53366,7.21943,0.203236,0.437345
PGCC G227.81-28.62,81.98558,-24.76928889,16.451099,2.15,1.30913,7.64098,,
PGCC G268.20-8.86,125.36285389,-52.45594389,,,,,,
PGCC G129.26+15.02,40.08101694,76.53151694,,,,,0.239883,
PGCC G302.36-17.94,189.480545,-80.79344194,7.85769,1.29,-0.901938,6.08417,0.17,0.34192
PGCC G154.11-16.36,51.33990111,37.02505111,11.2613,1.78,0.138407,6.33494,,
PGCC G113.49+16.77,330.77285806,76.45298,11.874,2.1,-0.139191,5.65809,,
PGCC G115.52+11.19,347.82406611,72.60707111,8.02605,1.24,1.38844,6.4738,,
PGCC G321.40+0.94,228.17703194,-56.77440306,11.3964,1.95,0.979354,5.84203,,
PGCC G106.88+21.88,299.128265,74.49231,,,,,,
PGCC G100.79+5.49,324.65051306,59.78808611,10.4101,1.52,-0.363676,6.87072,0.42,1.03325
PGCC G169.06-4.01,75.16288806,35.68883111,11.0776,1.59,-0.093004,6.96364,0.14,0.357681
PGCC G92.97-2.66,324.00701889,48.50292611,7.03371,1.42,1.33328,4.96588,0.156315,0.268731
PGCC G181.00-16.89,71.78881806,18.53629889,11.1162,2.27,0.405946,4.89782,0.23,0.493666
PGCC G158.14-19.81,52.61448694,31.98019806,9.85519,1.81,-1.20052,5.44671,0.14,0.29837
PGCC G87.14+0.69,314.41668694,46.66736611,,,,,6.12,
PGCC G160.97+2.39,75.27079806,45.99704694,13.9149,3.28,-0.647748,4.23935,4.39,9.80803
PGCC G155.49-25.41,46.55287889,28.8053,6.72145,1.61,-0.697049,4.18723,0.248886,0.38408
PGCC G108.82+0.17,343.840485,59.82025889,6.22031,1.45,-0.644666,4.27813,0.559757,0.83996
PGCC G202.84-10.68,88.73105611,3.94088611,13.2637,2.33,-0.772493,5.6937,0.415,
PGCC G166.26-41.75,44.21744889,10.33835194,12.1866,1.97,-0.934105,6.18795,,
PGCC G52.19+2.33,289.75598111,18.16481611,13.3612,2.32,-1.00956,5.74841,,
PGCC G268.24-9.42,124.62256611,-52.80406194,,,,,,
PGCC G83.57-2.06,314.08834806,42.16903306,17.272699,3.76,-0.265935,4.59033,,
PGCC G124.07+3.35,15.68001806,66.193245,10.3141,1.63,-1.17443,6.32627,-0.94,
PGCC G128.73+8.33,30.19487194,70.412865,18.722099,2.73,0.513185,6.85295,0.41,1.35091
PGCC G125.03+30.46,164.50296,86.19401611,9.9989,2.84,-0.58477,3.52401,,
PGCC G179.22-29.24,60.774185,12.02254306,15.9627,3.15,-0.156529,5.06282,0.353183,0.923582
PGCC G238.89+1.77,117.03478194,-22.03855111,,,,,,
PGCC G161.90-33.00,46.85411111,19.39394389,,,,,,
PGCC G84.70+4.26,308.11932389,46.97491806,,,,,,
PGCC G84.08-41.89,344.31570389,12.21425611,,,,,,
PGCC G86.94-10.19,324.85531611,38.90716611,9.31194,1.49,1.29714,6.25669,,
PGCC G182.75-6.20,82.19535806,23.300955,11.146,1.51,0.014736,7.40081,0.34,0.898266
PGCC G355.89+3.17,260.76647889,-30.66787694,,,,,,
PGCC G118.33+24.21,316.96789611,84.93418889,7.45392,1.47,0.197072,5.06251,,
PGCC G67.16+3.58,296.51153611,31.87644806,6.3967,1.14,0.821452,5.62075,1.09,1.9012
PGCC G117.18+16.33,345.41607694,77.95433806,13.3178,2.12,-0.202651,6.29196,,
PGCC G142.36+6.39,58.06024194,62.233475,,,,,,
PGCC G134.60+5.35,41.975365,65.55228389,8.08938,2.4,-0.623856,3.37004,,
PGCC G307.92-32.64,335.93985,-82.99208111,,,,,,
PGCC G163.50+2.24,77.25916306,43.89755194,,,,,,
PGCC G147.68-52.16,27.885975,7.80201111,16.757,2.71,-0.865375,6.17394,,
PGCC G64.72-3.79,302.24475111,25.95595389,10.6218,1.94,0.6447,5.47559,,
PGCC G156.36-14.22,55.12238306,37.44203889,10.2274,1.1,-0.090135,9.25728,0.14,0.39626
PGCC G226.87-0.82,108.57087694,-12.75914,,,,,,
PGCC G340.62+8.97,243.50608806,-38.64646111,7.42104,1.35,0.459526,5.49916,-1,
PGCC G109.87-5.98,350.05374111,54.56255694,12.9259,2.43,-0.698373,5.31307,0.281838,0.679406
PGCC G142.20+5.14,56.138035,61.359085,8.36668,1.1,-0.143874,7.59938,,
PGCC G6.82+2.85,267.59628306,-21.628325,14.7633,1.93,0.259976,7.65924,,
PGCC G120.37+23.72,338.13601694,85.87847111,12.5871,1.86,0.021846,6.77691,0.38,1.02092
PGCC G150.77+0.64,62.76656,52.37538111,12.0179,1.78,0.812666,6.75503,0.134896,0.353553
PGCC G313.77+3.58,213.34211694,-57.56049306,9.14893,2.02,1.294,4.53552,-1.56,
PGCC G351.55+11.64,249.99801611,-28.962925,13.3456,2,-0.748553,6.65811,,
PGCC G39.99+22.21,265.65628111,15.87739194,,,,,,
PGCC G306.93-0.05,201.58267194,-62.65256111,12.3009,2.33,-0.073704,5.27754,2.3,5.39062
PGCC G140.94-3.74,45.01602611,54.57188389,14.1638,2.37,-0.005358,5.97903,,
PGCC G347.08+11.59,246.66561889,-32.27665694,,,,,,
PGCC G30.62+3.28,278.88900806,-0.55931194,11.4202,2.68,-0.546479,4.26647,0.26,0.527925
PGCC G127.60+4.33,24.72092389,66.77237694,,,,,,
PGCC G155.80+0.40,68.08090194,48.65036,10.8548,1.94,-0.142407,5.59558,0.92,2.08568
PGCC G173.32-9.75,72.921005,28.81318889,10.244,1.74,-0.235776,5.88715,,
PGCC G357.08+4.57,260.20507806,-28.89832694,10.465,2.01,1.09515,5.21904,0.12,0.257972
PGCC G188.83-9.27,82.901505,16.569105,,,,,,
PGCC G113.49+5.62,348.49078389,66.68653889,8.06304,1.48,-1.45691,5.45877,-1.04,
PGCC G3.43-0.21,268.58807389,-26.09990306,,,,,6.4,
PGCC G304.73-5.17,197.64752194,-67.97528806,11.5023,1.46,-0.121899,7.87041,,
PGCC G148.14-0.17,58.59110611,53.50343694,,,,,,
PGCC G125.67+25.93,77.47245,87.27142306,10.6226,1.75,1.01312,6.05423,0.38,0.886454
PGCC G127.11+6.31,24.42825889,68.80616,15.4145,2.63,0.349296,5.86466,0.5,1.38288
PGCC G107.71+3.06,339.06317111,61.870335,8.54589,1.4,-1.52428,6.12513,,
PGCC G127.75+8.59,27.56856306,70.91243,,,,,,
PGCC G211.97+5.23,107.08100889,3.23548306,,,,,,
PGCC G182.70-3.99,84.20504806,24.53746389,9.11306,1.54,0.508906,5.91657,-0.99,
PGCC G189.32-1.01,90.64070111,20.39126611,9.36169,1.81,-0.79131,5.18314,,
PGCC G131.16+7.89,36.44654111,69.240715,12.8789,2.23,-0.275326,5.78046,,
PGCC G67.15-28.48,324.65533389,12.85170611,13.7485,2.63,0.397323,5.22729,,
PGCC G356.74+20.33,246.27880889,-19.53662306,9.79181,1.63,0.107814,5.98956,0.12,0.267324
PGCC G6.56+3.74,266.63720694,-21.39291194,7.7836,1.69,0.672018,4.60339,1.04,1.81088
PGCC G182.55-1.24,86.70114111,26.11348694,12.7626,2.78,-0.28894,4.59131,,
PGCC G111.30+11.93,334.92504889,71.28822306,5.28245,1.27,-0.710483,4.17416,0.264241,0.360935
PGCC G31.01+0.23,281.77584806,-1.59973194,18.6007,5.98,0.643778,3.11248,6.6,14.6079
PGCC G177.04-7.17,77.76941694,27.44154194,9.73537,1.76,0.012157,5.52993,0.23,0.490897
PGCC G211.50-12.39,91.166725,-4.36164806,7.37905,2.04,-0.689574,3.62598,0.415,0.624435
PGCC G210.21+1.56,103.01232889,3.13023611,5.09717,1.82,-0.216632,2.80799,,
PGCC G81.75+9.27,299.59375,47.26838306,9.7893,2.43,1.01973,4.02999,,
PGCC G27.25+14.72,267.19622806,1.75617306,11.8838,1.73,0.497426,6.87464,,
PGCC G141.59+12.50,66.60033389,67.20823694,,,,,,
PGCC G176.04-2.46,81.550865,30.94572306,12.9417,1.5,0.423355,8.6535,,
PGCC G166.69-45.66,42.00807194,7.07506694,13.6312,2.92,-0.542191,4.67471,0.229087,0.531952
PGCC G62.27-10.90,307.22650111,19.99619889,,,,,,
PGCC G273.25+4.76,146.38859611,-47.11199194,12.9446,2.64,-0.569396,4.8989,,
PGCC G179.85+3.66,89.95124111,30.926895,,,,,,
PGCC G212.70+7.61,109.533905,3.663495,7.41138,1.53,-0.39492,4.84389,,
PGCC G182.38-17.26,72.30204,17.26170194,10.6328,1.75,-0.358659,6.09038,0.23,0.538394
PGCC G244.64-7.29,111.27391111,-31.45871389,18.1425,4.69,-0.935229,3.86768,,
PGCC G141.12+12.20,65.20517,67.33532,10.0448,1.64,-0.20073,6.13077,0.5,1.14137
PGCC G21.31+9.96,268.643555,-5.60366194,14.2836,2.18,-0.184629,6.5428,,
PGCC G344.40-3.09,258.95004306,-43.66571806,4.81846,1.27,0.542108,3.79248,-1.86,
PGCC G293.39-4.42,169.3423,-65.53366111,12.4138,1.5,0.116997,8.24996,-1.72,
PGCC G106.11+21.66,298.87631194,73.75283806,9.50561,1.5,-1.27855,6.3446,,
PGCC G161.87+13.05,89.58142111,51.016365,8.85581,2.46,-0.745042,3.60448,,
PGCC G113.32-6.84,356.14810194,54.77964806,8.88624,1.42,-0.313147,6.23824,,
PGCC G206.66-7.77,93.082565,1.99037111,5.47989,2.19,-0.363516,2.50599,0.415,0.447353
PGCC G69.37-3.18,304.56564306,30.16152,11.5371,2.54,0.530627,4.55042,0.128825,0.27152
PGCC G354.63+4.62,258.54681389,-30.86807111,18.1513,2.18,1.3748,8.33289,,
PGCC G74.78-2.47,307.55981389,34.99765389,9.88043,1.41,1.45065,7.01083,1.12,2.71155
PGCC G275.65+0.28,144.650635,-52.06895389,7.09855,1.37,-1.56089,5.18485,-1.26,
PGCC G88.41+11.19,302.25506611,53.88188611,6.69832,1.82,1.25509,3.67453,,
PGCC G198.68-3.50,93.10314194,11.00505694,11.1945,1.77,-0.372116,6.33583,,
PGCC G279.78+2.09,151.821625,-53.238415,,,,,3.51,
PGCC G118.83-4.71,5.14564694,57.918945,8.07526,1.32,1.45989,6.13366,,
PGCC G51.78+3.98,288.01171889,18.57015,15.3882,2.82,0.791406,5.45574,,
PGCC G96.18+16.17,301.19656389,62.90430806,6.46572,1.14,-1.09564,5.6545,,
PGCC G157.12+5.88,75.91832,51.169205,5.07978,1.37,0.464701,3.69725,,
PGCC G140.67+0.65,48.54648611,58.51996611,,,,,,
PGCC G350.49+2.41,257.791595,-35.51333611,8.41408,1.23,1.26223,6.83119,,
PGCC G96.76-29.39,347.01553306,28.17906611,11.7608,1.9,0.973734,6.17397,,
PGCC G175.37-13.17,71.33884389,25.10992389,11.4984,2.01,-0.683186,5.72077,0.23,0.542625
PGCC G331.70+0.58,242.51924111,-50.84414306,14.5737,4.1,0.720711,3.55322,5.31,11.1152
PGCC G142.71+1.42,52.59117889,58.052395,7.74433,2.06,-0.383842,3.75119,,
PGCC G137.38-7.90,36.68642806,52.27737,17.8162,5.07,-0.965266,3.51215,,
PGCC G163.09+10.80,87.37014,48.903015,7.8404,1.38,-0.586633,5.67189,,
PGCC G141.04-2.39,46.299595,55.70622611,8.56448,1.09,0.507284,7.84085,-1.14,
PGCC G134.60+8.00,45.024445,67.907295,11.601,2.21,-1.09672,5.24374,,
PGCC G124.91+7.03,18.55971306,69.81304889,13.8294,1.85,0.561436,7.48209,0.46,1.36113
PGCC G269.31-7.57,128.12904389,-52.62868889,13.7401,2.66,-0.86084,5.16375,,
PGCC G341.33+0.35,252.57569889,-43.99993111,5.99823,1.64,0.570889,3.65357,3.45,4.69803
PGCC G177.21+4.63,89.41005694,33.69342389,,,,,0.266686,
PGCC G256.97-7.04,118.93053389,-42.05358111,15.2986,2.36,0.785582,6.48149,,
PGCC G317.69+3.28,220.24137889,-56.41902194,10.3667,1.87,0.673168,5.53533,,
PGCC G161.29-21.59,54.02520806,28.76029611,6.67191,1.12,-0.154274,5.98108,,
PGCC G147.63-4.11,54.00839194,50.69283306,7.32279,1.51,0.037652,4.84937,,
PGCC G149.91+1.47,62.64746889,53.57514194,9.09925,1.43,-0.274656,6.3423,0.158489,0.350229
PGCC G30.12-18.42,298.20471194,-10.69609111,10.0106,1.38,-0.398983,7.22952,0.213796,0.529067
PGCC G268.45-2.54,133.58084111,-48.86484889,9.09102,1.16,-1.04348,7.83763,,
PGCC G304.98-3.60,197.96928389,-66.39243306,,,,,,
PGCC G58.51+0.41,294.78945889,22.79898111,17.5147,3.02,1.45759,5.79475,,
PGCC G213.19-12.57,91.75083194,-5.91821,16.2162,4.44,-0.602767,3.65434,0.415,0.929297
PGCC G61.69+22.29,273.43350194,34.687195,11.646,1.66,-0.683427,7.02572,,
PGCC G6.48+36.47,238.98118611,-2.73680806,,,,,,
PGCC G288.11+7.46,168.19917306,-52.54602806,,,,,,
PGCC G213.42-18.34,86.62960111,-8.66450194,8.08809,1.45,-0.472599,5.59171,0.415,0.811839
PGCC G109.84+4.27,341.908905,63.94858611,5.90983,2.17,-1.32171,2.72504,0.170608,0.199159
PGCC G158.52+1.92,72.48992889,47.61334194,9.92313,1.76,-0.419662,5.64061,0.8,1.74102
PGCC G141.48+1.45,50.68112889,58.76451889,11.7571,3.14,-0.279564,3.74442,-1.08,
PGCC G137.12+1.39,43.09480694,60.88419306,14.915,4.4,-0.434625,3.38964,,
PGCC G199.09+12.12,107.68550889,17.68838694,8.24004,2.87,-0.529084,2.86641,,
PGCC G191.45-32.27,64.78729194,1.84447694,,,,,,
PGCC G166.20-17.31,61.21785389,28.877655,16.0431,2.33,0.733214,6.87556,0.14,0.427714
PGCC G0.42+21.76,247.41552694,-15.97480694,10.3794,1.53,0.255327,6.77843,0.12,0.292792
PGCC G311.87+2.63,210.40486111,-59.02096611,13.0057,2.97,0.657627,4.37892,-1.85,
PGCC G274.88+6.90,150.18350194,-46.46560694,,,,,,
PGCC G313.37-0.47,215.19242889,-61.513615,,,,,,
PGCC G113.27+5.52,348.07394389,66.50833889,10.0095,1.23,-1.15963,8.12592,-0.78,
PGCC G265.88+4.71,138.82815611,-42.09935389,12.3441,2.17,-1.15361,5.69194,,
PGCC G7.43+15.82,256.43328889,-14.14094111,13.5114,3.04,0.704936,4.44451,,
PGCC G122.55-7.32,12.18638611,55.54615389,9.89989,1.7,-1.04152,5.81674,,
PGCC G298.02-12.06,174.88002,-74.24398806,,,,,0.17,
PGCC G315.46-3.43,221.83682306,-63.447575,11.6634,1.72,0.608586,6.76323,,
PGCC G34.12+12.75,271.99652111,6.81028694,17.7875,2.91,-0.811826,6.10974,,
PGCC G293.63+1.38,173.94451889,-60.11452111,12.4887,2.15,0.955646,5.80692,,
PGCC G314.58-5.40,221.96968111,-65.60690306,12.7956,2.03,0.433796,6.31532,0.74,1.93502
PGCC G125.09-2.87,17.163635,59.92614,,,,,-1,
PGCC G322.06+5.40,225.33436611,-52.57675194,8.56023,1.18,-0.412383,7.27041,,
PGCC G76.21-8.75,314.55676306,32.25385306,11.9534,1.63,0.05674,7.34655,,
PGCC G135.45+11.99,53.10507611,70.84088111,8.54371,1.51,-0.548855,5.66503,,
PGCC G166.05+8.28,86.29107694,45.11761889,13.9919,2.3,-1.14508,6.07604,,
PGCC G214.21-12.42,92.330505,-6.74061194,8.63155,1.81,-0.499551,4.77139,,
PGCC G340.65+6.35,245.93464694,-40.48365806,9.96637,1.91,-0.097802,5.20739,,
PGCC G128.37-47.01,16.70445111,15.69534111,,,,,0.275423,
PGCC G322.05-1.10,231.23118611,-58.15387306,8.60805,1.51,0.735022,5.69405,,
PGCC G259.56+1.34,130.02174389,-39.50231611,,,,,,
PGCC G125.36+0.32,18.23291194,63.09102194,8.7185,1.31,-1.40728,6.63273,-1.34,
PGCC G242.59-6.73,110.75444806,-29.38992111,6.03825,1.62,-1.0987,3.73767,,
PGCC G296.32-18.07,157.53932194,-79.08258806,13.0214,2.65,0.271417,4.90569,,
PGCC G13.27-0.35,273.93322806,-17.59257306,,,,,3.05,
PGCC G104.74+15.28,314.19683806,69.35192889,8.67192,1.81,-1.23124,4.79875,,
PGCC G24.24+4.48,274.87310806,-5.65428194,,,,,0.26,
PGCC G206.54-21.82,80.58519,-4.44833806,14.0534,1.64,0.532346,8.55097,,
PGCC G306.27-1.58,200.56126389,-64.25013,10.226,1.58,1.14581,6.46847,,
PGCC G178.83-8.23,77.95462806,25.37705389,14.855,2.43,0.723639,6.11994,0.170608,0.47319
PGCC G344.72-3.72,259.90954611,-43.77135806,18.458099,3.85,-1.02818,4.78991,,
PGCC G4.11-2.47,271.16223111,-26.63524389,11.1446,1.64,0.363556,6.79674,,
PGCC G175.93-2.50,81.44319889,31.00884389,,,,,0.52,
PGCC G203.66-19.91,81.01086389,-1.17494611,,,,,,
PGCC G237.21+1.96,116.30822806,-20.49579389,8.16056,1.25,-0.061286,6.52329,3.39,7.19482
PGCC G102.82-26.32,351.256195,33.15204194,15.7301,2.34,1.48012,6.70932,,
PGCC G144.37-1.28,52.29651611,54.88242694,11.1133,3.14,-0.449176,3.53854,,
PGCC G169.83-13.69,66.96894806,28.87911,14.3384,3.53,-0.5435,4.06432,0.14,0.310885
PGCC G316.01+3.05,217.57869,-57.289925,9.79602,1.56,1.02552,6.26172,,
PGCC G165.39+9.55,87.40132111,46.31945,11.593,1.73,0.853154,6.68561,0.46,1.17802
PGCC G108.94-54.20,4.65195806,7.78055389,,,,,,
PGCC G268.22-9.80,124.08083306,-52.98706111,9.74897,2.19,-1.01903,4.44354,,
PGCC G89.19-0.35,317.55523694,47.49993889,10.3503,2.29,1.44874,4.51966,,
PGCC G318.86-4.76,229.84040806,-62.96035,17.6838,1.93,-0.02115,9.14596,,
PGCC G104.10+10.13,323.02404806,65.42450694,10.0631,1.76,-1.25007,5.70554,0.32,0.705328
PGCC G113.21+20.02,319.41827389,78.609825,12.7386,2.8,-0.741045,4.54159,,
PGCC G312.53+7.45,209.27232389,-54.189285,8.6151,1.07,0.355716,8.04012,0.5,1.21048
PGCC G102.14+19.49,300.26864611,69.465675,9.12959,1.57,0.529703,5.80156,,
PGCC G167.35-7.95,70.11723306,34.50995611,15.4104,2.17,0.438476,7.10814,0.14,0.426226
PGCC G312.49+2.99,211.36773694,-58.49788306,13.3323,1.68,-0.380974,7.94121,,
PGCC G15.24+8.91,266.58862306,-11.33454806,8.00908,1.12,-0.187102,7.12715,,
PGCC G294.14-17.55,150.776855,-77.44513694,16.438601,3.3,0.158686,4.98414,0.32,0.842567
PGCC G340.43+8.97,243.33625806,-38.78647194,10.1143,1.91,-0.447101,5.28856,,
PGCC G177.17+9.78,94.93124389,36.15730306,17.9284,2.97,-0.215158,6.03687,0.346737,1.04931
PGCC G264.80+1.27,134.36651611,-43.61405889,6.53417,2.41,-1.19092,2.71072,,
PGCC G269.21-12.77,120.58857694,-55.35663611,8.83861,1.58,-1.18339,5.60971,,
PGCC G108.70+15.27,321.85372889,72.23786194,9.87597,1.95,-0.332657,5.05802,,
PGCC G141.88+6.41,57.28679306,62.54397194,16.802999,2.52,0.361377,6.66784,0.48,1.47793
PGCC G200.61-2.30,95.10470611,9.86942694,10.37,1.63,-0.171736,6.36702,,
PGCC G226.96-0.78,108.64666694,-12.81973611,,,,,,
PGCC G211.88-25.49,79.45795389,-10.45863694,9.89604,1.77,-0.097164,5.58311,,
PGCC G187.88-4.70,86.478065,19.7658,12.0451,2.73,-0.656801,4.41962,0.201372,0.427389
PGCC G201.07-19.59,80.10620111,1.11372111,,,,,,
PGCC G71.39-1.90,304.659485,32.55366111,14.846,3.2,0.551827,4.63575,1.10662,2.67048
PGCC G323.75+1.32,231.37059,-55.20084,8.14569,1.39,-0.257795,5.86059,,
PGCC G177.37+4.89,89.78106694,33.68213694,10.448,1.41,0.985684,7.39644,0.229087,0.585808
PGCC G124.68+7.42,17.97725111,70.22474694,11.8195,2.38,-0.325276,4.97535,0.42,0.936889
PGCC G268.42+8.71,144.96185306,-40.98558389,,,,,,
PGCC G7.49-1.31,271.85537694,-23.11846,9.93681,1.8,0.207867,5.52017,,
PGCC G24.32+0.11,278.81048611,-7.60367889,,,,,4.3,
PGCC G304.10+0.39,195.38418611,-62.45979306,10.4116,2.31,-0.083887,4.50746,4.09,8.15034
PGCC G26.60+6.66,274.03881806,-2.56093111,6.46382,1.27,0.818975,5.07997,0.42,0.700085
PGCC G125.18+26.98,99.03975694,87.98859389,14.0233,2,1.36433,7.01531,0.38,1.09638
PGCC G107.47-14.17,350.99411,46.05850194,9.30137,2.27,-0.984282,4.0897,,
PGCC G269.94-15.11,117.48411611,-57.08794806,8.31399,1.85,-1.49629,4.48309,,
PGCC G178.54-18.81,68.66749611,19.20002694,10.4242,1.37,0.181324,7.6172,0.188799,0.489381
PGCC G110.34+13.48,329.60931389,71.98249111,9.637,1.43,-0.767984,6.71841,0.28,0.655374
PGCC G109.22-0.90,345.44964611,59.02504306,8.6175,1.73,-0.155851,4.99413,0.147911,0.282259
PGCC G352.82+5.04,256.89859,-32.08436611,,,,,,
PGCC G151.31+8.33,73.18300611,57.23394,8.28215,1.43,-0.865586,5.79599,0.146555,0.295368
PGCC G62.72-7.46,304.42932111,22.27776,11.5777,2.21,0.887336,5.2394,,
PGCC G189.01-13.26,79.51302306,14.27962194,13.5676,2.39,-0.067406,5.66639,,
PGCC G201.53-0.02,97.59005694,10.12217611,,,,,-1.13,
PGCC G345.96-2.34,259.33807389,-41.96466389,8.20526,1.84,0.85339,4.45999,1.09,1.91808
PGCC G91.49-34.79,345.48895306,21.30749889,,,,,,
PGCC G91.34+5.85,312.43118306,53.18418889,8.46294,1.41,-1.5021,5.99861,,
PGCC G130.47+8.55,35.25579111,70.099205,12.2109,1.51,-0.637016,8.08365,0.144544,0.417738
PGCC G126.23+7.63,22.58664111,70.25103,12.482,2.29,-0.843615,5.44636,0.41,0.983346
PGCC G55.65-3.48,296.87661694,18.38887611,8.76677,2.16,0.938983,4.05022,,
PGCC G158.05-10.20,60.036385,39.47479611,,,,,0.14,
PGCC G316.27+4.91,216.783875,-55.46196389,,,,,-1.13,
PGCC G227.90-1.80,108.17204306,-14.12522389,12.7009,2.35,-0.990322,5.39894,0.159956,0.3853
PGCC G323.31+3.00,229.15615806,-54.02924306,9.26929,1.4,-0.501663,6.62728,,
PGCC G93.11-10.12,330.96179194,42.84407,5.13054,1.27,-1.46928,4.05547,0.210863,0.279788
PGCC G7.85+1.71,269.21093806,-21.31821389,17.2883,2.78,-1.34337,6.22456,,
PGCC G157.80-6.13,63.446075,42.63408694,12.5761,2.13,-0.774813,5.91128,0.62,1.55501
PGCC G169.60-44.26,44.50428806,6.84329611,8.33498,1.91,-0.710973,4.36285,,
PGCC G91.98-1.12,321.30856306,48.95740889,10.7505,1.3,-0.548606,8.27757,0.62,1.70131
PGCC G69.37-1.85,303.28454611,30.89964694,12.7248,2.47,-0.257121,5.14577,0.092045,0.21666
PGCC G140.31+9.47,59.024635,65.89296,11.9318,2.72,-0.151478,4.38066,,
PGCC G168.08+1.13,79.65085611,39.53807389,7.71632,1.6,-0.501181,4.82345,,
PGCC G239.43+2.45,117.96605694,-22.16246611,13.0879,1.57,-0.228068,8.34668,,
PGCC G21.22+18.26,261.33184806,-1.64240889,13.2235,2.14,0.600549,6.19166,,
PGCC G195.63-9.52,86.24760389,10.69966389,6.59337,1.48,0.589138,4.44225,0.4,0.629712
PGCC G345.22+12.04,244.78192111,-33.28458389,12.9227,2.96,0.625764,4.37018,,
PGCC G310.47-29.71,305.91632111,-82.88954889,14.0444,1.73,-0.16723,8.12221,,
PGCC G342.76+6.47,247.69493111,-38.88362111,10.3633,1.56,0.197626,6.63656,-1.18,
PGCC G136.53-1.32,39.74688694,58.68507,11.5455,2.8,0.452067,4.1231,0.61,1.22426
PGCC G22.29+3.08,275.201355,-8.02961389,6.81744,1.53,0.462586,4.44897,-1.23,
PGCC G298.73-4.27,182.16381806,-66.79164111,8.36687,1.34,0.870034,6.23142,1,2.1004
PGCC G98.86-7.25,335.25564611,48.46095694,8.91489,1.4,1.26724,6.3454,,
PGCC G85.74-42.01,345.43524194,12.80485694,,,,,,
PGCC G90.56+2.87,315.32177694,50.67440389,5.57895,1.41,1.42625,3.96445,1.09,1.49115
PGCC G123.18+25.55,20.90653611,88.40738694,,,,,0.38,
PGCC G82.57-1.96,313.12576306,41.4674,,,,,,
PGCC G342.97+6.54,247.82002306,-38.68672194,10.9734,1.78,0.174616,6.15345,-1.23,
PGCC G272.81+5.21,146.32821694,-46.48573306,7.43688,1.28,1.08652,5.82339,,
PGCC G335.65+16.28,232.89212,-36.22372111,,,,,,
PGCC G160.63-19.21,55.204845,30.99589,6.93894,1.32,0.160541,5.26221,0.14,0.246085
PGCC G226.13-8.32,101.33028389,-15.48477389,16.131001,4.48,-0.541312,3.59917,,
PGCC G17.16+3.42,272.42874111,-12.37369306,7.8283,1.53,0.254473,5.11696,,
PGCC G315.49-6.85,225.59645111,-66.47618889,11.4915,2.37,0.586581,4.85247,,
PGCC G310.58+4.97,206.97930889,-57.06299194,,,,,,
PGCC G359.53+18.60,249.45384194,-18.59918806,11.0308,1.29,-0.301244,8.52326,0.12,0.338466
PGCC G179.87+3.58,89.89205194,30.86584111,12.5845,1.6,1.53376,7.8662,,
PGCC G25.60+1.04,278.56765694,-6.04306194,,,,,,
PGCC G100.48+16.58,305.13232389,66.70269806,8.36675,1.76,-0.256523,4.74488,,
PGCC G214.63-3.82,100.22969806,-3.24880806,9.45649,1.75,-0.82432,5.39088,0.88,1.8277
PGCC G146.54+10.62,70.77771,62.32269306,,,,,,
PGCC G274.01+5.60,148.01889,-46.951225,13.8631,1.69,0.475746,8.20568,,
PGCC G241.82+4.45,121.16030111,-23.15519111,6.84663,1.24,0.96535,5.52715,,
PGCC G200.70+11.74,108.02292611,16.10611889,,,,,,
PGCC G162.32+11.59,87.86425806,49.94347389,14.0076,1.66,-1.12926,8.45107,,
PGCC G196.19-0.03,95.02027889,14.83647806,12.2791,2.45,-0.914016,5.01422,,
PGCC G200.39+0.88,97.85997806,11.54882,,,,,,
PGCC G173.16+7.41,89.96417194,38.56864194,6.91624,1.35,-0.211683,5.14044,,
PGCC G232.23+0.15,112.067535,-17.03084889,6.07623,1.52,-0.854847,4.00285,,
PGCC G175.68-13.17,71.53939806,24.87376806,11.7402,2.09,-0.278867,5.6055,0.23,0.542749
PGCC G266.75-5.89,127.93171694,-49.582455,15.3076,2.72,-1.35362,5.62519,,
PGCC G227.66-9.22,101.16591611,-17.24413889,8.76024,2.14,-0.485565,4.0909,0.279254,0.486288
PGCC G313.18+3.51,212.32103,-57.80654111,,,,,-1.19,
PGCC G187.35+3.62,93.99981694,24.35399389,10.2756,2.41,-0.522295,4.26083,0.59,
PGCC G306.91+5.62,200.143265,-57.02436389,10.6427,1.89,1.26024,5.63563,,
PGCC G177.06-38.80,52.363045,6.93430194,,,,,0.356451,
PGCC G44.99+3.99,284.79846194,12.544835,12.406,2.19,-0.062454,5.6557,-2.33,
PGCC G206.83-18.64,83.53305111,-3.21630111,,,,,0.415,
PGCC G273.18+0.27,141.72792111,-50.40053194,10.3477,1.76,-1.26665,5.88539,,
PGCC G171.45-13.48,68.338005,27.83760111,,,,,0.23,
PGCC G201.58-0.09,97.54361,10.04862611,,,,,,
PGCC G348.17-11.73,271.996155,-44.934185,12.236,1.89,-1.27735,6.48377,,
PGCC G98.12-23.79,345.36254889,33.726685,16.325899,2.49,-1.53835,6.5584,,
PGCC G158.13-19.01,53.1814,32.61997611,9.90784,1.96,-0.83229,5.04583,0.14,0.287946
PGCC G312.24+3.69,210.54766806,-57.89604889,8.49433,1.81,0.759184,4.68952,,
PGCC G243.81-0.31,117.80843389,-27.33688694,11.2384,2.76,-0.895448,4.06801,,
PGCC G204.85-13.15,87.50116694,1.03573,11.3388,1.44,0.710282,7.86794,0.415,
PGCC G293.60+2.93,174.73114,-58.62510694,9.54692,1.42,-1.14826,6.7045,,
PGCC G204.50-6.56,93.15274,4.45151111,10.134,1.61,-0.686211,6.29351,,
PGCC G105.29+0.15,337.813995,58.13454389,4.79198,1.18,0.126132,4.06625,,
PGCC G357.54+19.13,247.76107806,-19.72896806,8.81718,1.54,1.0764,5.73092,0.12,0.248133
PGCC G144.05+7.68,62.58157694,62.09731694,12.0189,2.06,-0.040687,5.82957,0.48,1.16874
PGCC G191.52-13.62,80.54229694,12.02926306,9.94583,1.82,-1.47596,5.46088,,
PGCC G0.62-6.79,273.59445194,-31.75807806,,,,,,
PGCC G168.68-5.02,73.90379306,35.36834306,13.5043,3.08,-0.221368,4.38562,0.14,0.313406
PGCC G331.81-4.45,248.51669306,-54.32794611,8.50251,1.27,-0.230761,6.71125,,
PGCC G89.87-6.62,324.530975,43.49902,11.4253,1.91,1.3721,5.99064,-0.76,
PGCC G347.01+14.85,243.84027111,-30.07598694,11.3216,2.04,0.553606,5.54647,,
PGCC G46.54-3.45,292.26239,10.464785,12.7004,2.06,0.207152,6.16607,-1.61,
PGCC G289.18-5.95,158.68592806,-65.10662806,6.68154,2.05,1.18776,3.26655,-1.06,
PGCC G101.06+14.75,309.73913611,66.18299111,10.873,1.89,-0.879771,5.74606,,
PGCC G217.38-4.00,101.31475111,-5.77560306,10.2032,1.39,0.81231,7.33045,,
PGCC G63.58-3.70,301.49115,25.04086306,9.29507,1.7,0.579244,5.47644,-1.87,
PGCC G170.71-22.19,60.74827611,22.43215611,16.123301,3.7,-0.520345,4.35565,0.23,0.560672
PGCC G247.57+57.12,166.160675,6.22146389,11.5948,1.51,-0.805903,7.68528,,
PGCC G179.98+6.17,92.60434694,32.02564611,11.7354,1.98,-0.916892,5.9251,,
PGCC G118.74-6.82,5.43916694,55.80626306,,,,,,
PGCC G310.54+10.92,204.83590694,-51.24017,5.6607,1.19,0.901573,4.74575,0.58,0.874465
PGCC G200.23+1.01,97.90229,11.75309194,10.5345,3,-0.682181,3.51435,,
PGCC G274.19+0.18,142.79504389,-51.155415,17.321199,2.54,0.183654,6.82745,,
PGCC G158.27-0.80,69.24421694,46.01846694,12.3647,1.86,-0.440057,6.65966,,
PGCC G10.38+2.11,270.18392889,-18.92518,9.13431,1.9,-0.209032,4.80582,,
PGCC G325.51+0.42,234.78294389,-54.92291306,5.78041,1.66,0.252795,3.48998,5.05,6.59795
PGCC G219.48-11.73,95.24785611,-11.06754611,12.1813,1.26,1.1195,9.66414,0.39,1.2309
PGCC G196.92+0.73,96.06716889,14.553025,,,,,,
PGCC G319.28+6.78,220.24478111,-52.57995194,12.8866,1.93,0.162016,6.68312,,
PGCC G186.53-31.43,63.04138194,5.73536806,,,,,,
PGCC G120.62-5.96,8.65647611,56.84103806,7.2129,1.79,-0.968735,4.0212,,
PGCC G116.88+9.39,353.87054389,71.36653111,11.0659,1.98,-1.39242,5.58007,,
PGCC G178.19-2.14,83.22802694,29.32669806,8.29957,1.67,-0.329911,4.95674,0.255859,0.477368
PGCC G291.75-30.97,78.72174806,-79.50475306,,,,,,
PGCC G166.91+4.32,82.27282,42.29346806,18.085699,3.53,-0.464157,5.12631,,
PGCC G204.53+2.28,101.05656389,8.51492694,7.73397,1.6,-0.8325,4.83947,0.44,0.783032
PGCC G204.24-11.83,88.37538111,2.18708,7.95047,1.73,-0.167509,4.60877,0.415,
PGCC G27.71+7.86,273.48800694,-1.02777806,,,,,,
PGCC G213.66+3.05,105.91029389,0.74308889,10.3795,2.28,-0.470289,4.54349,0.61,1.21854
PGCC G147.64+10.26,71.65471611,61.25389889,13.3156,2.25,-0.523286,5.90557,,
PGCC G153.09+11.34,79.61113694,57.58625806,10.1304,1.45,-0.333943,7.00643,,
PGCC G248.66+1.21,122.21251694,-30.65724889,9.43607,1.91,1.00011,4.93328,,
PGCC G255.55-7.90,116.992325,-41.27066,9.72214,1.19,1.33918,8.14249,,
PGCC G183.71-4.59,84.235115,23.36385,13.8704,2.24,0.154721,6.18762,,
PGCC G189.14+0.95,92.38508611,21.50250806,,,,,,
PGCC G23.91+9.65,270.15054306,-3.50340889,14.1398,2.52,-1.02322,5.60952,,
PGCC G4.96+2.27,267.11193806,-23.51765806,12.5102,2.74,0.201922,4.56177,,
PGCC G254.09+0.02,124.611855,-35.84613,,,,,,
PGCC G96.99-0.94,327.01055889,52.44241306,6.36864,1.29,-1.31921,4.92558,,
PGCC G88.96-1.37,318.41558806,46.63601694,10.2598,3.09,1.1234,3.32532,,
PGCC G114.07+8.25,347.26791389,69.34408611,18.253401,2.79,0.032926,6.54437,,
PGCC G100.55+14.18,310.17727694,65.44625889,16.046301,2.94,-0.616045,5.45134,,
PGCC G117.22+6.17,357.31536889,68.34670306,,,,,,
PGCC G353.09+11.67,251.07106,-27.78636,7.91405,1.2,-0.424877,6.61572,,
PGCC G62.38-3.88,300.95617694,23.92926806,10.3779,2.47,1.2961,4.19546,-1.56,
PGCC G251.59+1.96,124.84349111,-32.68388389,,,,,,
PGCC G30.02-0.27,281.77383389,-2.71361306,11.4292,2.6,0.032041,4.39683,4.95,10.2073
PGCC G303.85+3.79,194.64375306,-59.06673389,6.19389,1.06,0.219766,5.86196,,
PGCC G181.52-20.38,69.19545694,16.0235,,,,,0.23,
PGCC G348.13-4.13,262.94589194,-41.17189,14.8023,2.2,-0.172104,6.73846,-2.8,
PGCC G6.07+20.50,251.72531111,-12.52888389,8.25858,1.17,-0.877594,7.05644,0.12,0.266473
PGCC G265.98-5.51,127.72911806,-48.74170694,10.7833,2.51,1.40178,4.29822,,
PGCC G1.57+9.74,258.31066889,-22.29439694,12.952,2.5,0.69143,5.17823,0.12,0.285869
PGCC G111.74+20.66,312.77764889,77.90038306,9.95244,1.6,0.124717,6.23735,,
PGCC G168.18-10.10,68.82350889,32.47352611,11.3415,2.15,0.027795,5.27591,,
PGCC G239.18-0.78,114.79708889,-23.56646306,10.739,2.62,-0.789971,4.09767,5.03,9.70611
PGCC G321.95-1.65,231.64032,-58.66768306,11.1951,1.81,-0.42306,6.17679,,
PGCC G159.03-12.16,59.30524389,37.36455889,15.1701,1.97,0.981113,7.70678,0.14,0.440338
PGCC G149.35+2.80,63.50328806,54.92253111,,,,,0.5,
PGCC G167.01-16.70,62.33812694,28.76785111,11.3337,2.07,-0.292041,5.46417,0.14,0.320481
PGCC G112.96+5.64,347.23745694,66.50520306,14.1236,2.6,-0.71225,5.42843,0.44,1.1207
PGCC G145.85-39.03,31.69935611,20.46067,12.3837,3.12,-0.029632,3.97277,0.263027,0.536659
PGCC G188.27-3.78,87.53289,19.90201806,12.8795,2.49,-0.300025,5.1669,0.274157,0.650566
PGCC G133.88+14.76,54.54816111,73.97648611,10.9113,1.49,-0.069922,7.30314,,
PGCC G346.40-2.20,259.52337611,-41.525425,12.6345,1.79,-0.005214,7.0398,,
PGCC G56.43-0.24,294.29696694,20.66246806,,,,,,
PGCC G171.61+1.36,82.41468,36.75293389,,,,,,
PGCC G6.36+24.36,248.69686889,-10.05680806,18.5984,2.53,-0.922415,7.35844,0.52723,1.79415
PGCC G181.87+7.17,94.66077389,30.83346694,9.12672,1.74,-0.430487,5.23556,,
PGCC G77.42+1.97,304.903625,39.71202889,7.62197,1.52,-1.53145,5.01401,2.94,5.28689
PGCC G139.35-4.12,42.25681306,54.955185,14.8837,2.63,-0.184246,5.65659,,
PGCC G164.48-24.17,54.70100389,24.89705306,11.5751,1.49,-0.344596,7.78113,,
PGCC G188.49+1.35,92.42088306,22.26096,8.84648,1.82,1.56388,4.86036,,
PGCC G11.01-9.96,281.99536111,-23.95842694,9.30534,1.57,0.575172,5.90896,,
PGCC G32.06+21.20,263.46133389,8.756115,9.30569,1.4,0.820646,6.63499,0.157761,0.360596
PGCC G256.28-16.44,106.81684111,-45.64073611,11.5801,2.16,-0.997609,5.36026,,
PGCC G57.37+2.43,292.27395611,22.77862,,,,,-1.37,
PGCC G142.71+0.48,51.60540389,57.2785,7.76471,1.47,-0.262446,5.29478,0.76,1.41751
PGCC G27.20-3.47,283.34448194,-6.67547389,10.1111,2.21,0.560277,4.56911,0.74,1.4631
PGCC G341.15+10.20,242.89924611,-37.40965694,10.4865,2.35,-0.108148,4.46147,,
PGCC G268.09+1.87,138.07150306,-45.659035,,,,,1.87,
PGCC G22.26+3.25,275.04046611,-7.97532111,,,,,,
PGCC G269.71+3.10,140.96499611,-45.95798111,,,,,0.54,
PGCC G215.22-0.15,103.77130111,-2.10610306,,,,,,
PGCC G201.28+2.96,100.16263611,11.712715,12.0737,3.24,-0.621772,3.72921,0.52,1.01498
PGCC G89.81-0.80,318.677765,47.64258194,10.365,1.75,1.30895,5.9181,,
PGCC G176.86-19.35,67.14923111,20.08411611,10.2954,1.85,-1.03792,5.56656,0.23,0.506489
PGCC G260.43-5.56,123.12934889,-44.20928194,7.09777,1.4,1.07813,5.06453,,
PGCC G354.80-0.94,264.111755,-33.84684806,10.0883,2.54,0.554573,3.96631,,
PGCC G120.76+26.10,310.27002,87.80390194,9.48415,2.12,0.074552,4.46735,0.38,0.719506
PGCC G261.11+10.49,139.97859194,-34.69268389,11.0823,1.71,-1.40544,6.47585,,
PGCC G177.67-18.18,68.62378694,20.23583,12.8756,2.87,-0.495534,4.48735,0.22182,0.490463
PGCC G171.04+9.15,90.64518,41.23750306,9.93839,1.89,-0.716907,5.25338,,
PGCC G183.90-23.72,67.85881806,12.23887806,17.054399,3.02,0.04447,5.64031,,
PGCC G196.56+0.89,96.04106111,14.94582806,8.53755,1.26,0.77836,6.78363,4.61,10.2053
PGCC G197.05-13.09,83.82878111,7.692325,6.96867,1.87,-0.533625,3.72501,,
PGCC G338.47+15.70,235.95825194,-35.01366,10.8176,2.78,0.510733,3.89778,,
PGCC G281.73+82.55,189.99595611,20.15224306,,,,,,
PGCC G172.82-11.10,71.36949194,28.35257694,7.19875,1.16,-1.17224,6.20111,0.23,0.447011
PGCC G42.74-2.99,290.035645,7.33117694,,,,,,
PGCC G91.89-38.06,347.48889194,18.61960194,7.26815,1.41,-0.165164,5.15926,,
PGCC G114.14-5.87,357.10757389,55.921535,11.61,2.66,-1.04765,4.36771,,
PGCC G160.64-18.33,55.87672806,31.66620389,6.36566,2.07,-0.458203,3.06832,0.14,0.179981
PGCC G176.33+2.93,87.11785889,33.59666111,7.9187,1.51,-1.18279,5.23338,,
PGCC G64.94-26.72,321.98165889,12.489075,11.4925,1.53,0.009663,7.51532,0.448745,1.21313
PGCC G113.27+21.59,312.96093806,79.61235,7.49666,1.13,-0.780404,6.65731,,
PGCC G358.22-2.46,267.78665194,-31.72970194,18.2945,3.34,1.22658,5.47061,,
PGCC G23.33-0.09,278.53262306,-8.58168889,14.6726,1.68,0.432094,8.74623,,
PGCC G211.49-2.36,100.10137889,0.21055694,7.14426,1.41,-0.621394,5.06171,4.44,7.76671
PGCC G129.23+13.84,37.95686,75.46751389,12.8983,2.79,-0.145516,4.62741,0.194984,0.438189
PGCC G181.86+2.39,89.82980306,28.551085,7.71113,1.2,-1.43282,6.44297,,
PGCC G266.68+5.15,140.00923194,-42.36545194,,,,,,
PGCC G16.26+15.14,261.65441889,-7.31379306,11.5682,2.15,-0.627098,5.38672,,
PGCC G154.14-16.04,51.59266306,37.26945111,13.4445,3.18,-0.617447,4.23068,,
PGCC G109.25-9.49,351.072205,51.047215,9.86361,1.34,-0.593472,7.35362,0.163682,0.405505
PGCC G127.27+0.52,22.47924194,63.06740611,8.37763,1.59,-0.508496,5.26412,-1.64,
PGCC G131.73-5.64,28.70791611,56.14383306,,,,,,
PGCC G338.80+1.64,248.86836194,-45.06402611,,,,,,
PGCC G101.43+17.45,304.378815,67.91761806,,,,,,
PGCC G345.01-2.07,258.30197111,-42.58104694,9.4251,1.59,-0.06215,5.91046,,
PGCC G301.39+6.47,190.09234611,-56.37033806,9.93124,2.3,1.11951,4.31603,-1.04,
PGCC G155.62-15.02,53.80015194,37.24671611,7.39439,1.48,-0.275713,4.99885,0.14,0.247594
PGCC G305.30-4.78,199.03788806,-67.53627,11.2803,1.6,-0.335789,7.03609,,
PGCC G146.08+10.42,69.82245611,62.53310806,10.2277,1.85,-0.524709,5.53763,,
PGCC G205.26-6.62,93.45142389,3.75492111,15.3492,2.99,-0.831248,5.13024,0.415,1.07124
PGCC G188.82-1.46,89.96417194,20.59980806,9.43917,1.35,1.45387,6.98601,3.78,8.92895
PGCC G129.01+14.63,38.45957194,76.277275,17.1329,3.26,-0.329908,5.26193,0.181134,0.500282
PGCC G115.36+2.03,355.45001194,63.86899889,12.627,3.06,-0.267546,4.12728,0.57,1.19697
PGCC G24.68+19.87,261.492615,1.99803194,16.079399,2.51,-1.29464,6.40384,,
PGCC G295.51-15.97,159.67511,-76.88335389,12.2082,1.65,0.131511,7.3833,,
PGCC G199.25-10.93,86.79943111,6.90137194,7.86289,1.16,-0.183952,6.76128,,
PGCC G46.11+3.21,286.038635,13.18627,9.10279,1.3,-0.237774,7.0237,,
PGCC G214.94-2.03,101.96265389,-2.71101194,,,,,,
PGCC G67.31-15.82,314.55889889,21.05324389,9.19306,1.49,0.783224,6.16475,,
PGCC G65.24-1.64,300.525665,27.540415,,,,,,
PGCC G39.20-0.17,285.87622111,5.49856194,,,,,,
PGCC G181.21-17.00,71.82366889,18.31532889,,,,,0.23,
PGCC G160.07-10.70,61.48737,37.76597611,18.243,2.54,-0.002017,7.18726,,
PGCC G356.29+3.59,260.62463389,-30.10429,12.3687,1.65,0.680594,7.49711,,
PGCC G208.22+5.76,105.86618806,6.80771889,16.351801,3.22,-0.895546,5.07386,0.426579,1.13026
PGCC G225.27-1.10,107.56273694,-11.47696889,9.32959,1.47,0.255935,6.33739,,
PGCC G42.98-2.78,289.96615611,7.64057,,,,,,
PGCC G164.70-9.07,66.96482111,35.70428806,16.884001,3.69,-0.358779,4.57338,,
PGCC G138.58+3.85,48.27187,62.33376306,8.65557,2.11,-0.420149,4.10491,,
PGCC G225.21+1.72,110.07319611,-10.10992194,6.6979,1.24,-0.170586,5.41254,,
PGCC G312.63-28.69,295.47015389,-81.29338111,,,,,,
PGCC G294.85-2.92,173.76750194,-64.58573194,8.43721,1.16,0.218194,7.25273,-1.66,
PGCC G153.21+0.55,65.48368806,50.61990694,17.101299,2.57,-0.443832,6.66399,1.11,3.44693
PGCC G75.05-6.77,311.874695,32.61245306,17.0732,2.1,1.41575,8.12407,-1.06,
PGCC G317.26-23.86,271.85388194,-76.67462889,13.6843,2.9,0.653616,4.71276,,
PGCC G358.24+2.56,262.86267111,-29.05698806,10.0754,2.35,0.920227,4.29143,,
PGCC G19.93-0.23,277.06308,-11.65529306,8.41399,1.44,0.796556,5.86294,3.8,7.76371
PGCC G289.04-0.05,164.34262111,-59.80588889,8.93618,1.97,1.33082,4.5281,8.82,16.320299
PGCC G260.60-11.64,115.71440889,-47.422165,16.498501,2.33,-0.117154,7.08856,,
PGCC G336.65+19.04,231.82971194,-33.43786194,7.14722,1.6,0.389357,4.47055,,
PGCC G119.97+12.28,1.70393694,74.89340194,15.6218,2.79,-1.14522,5.6052,,
PGCC G358.29-4.87,270.293365,-32.86897694,12.6745,2.89,0.370931,4.39238,,
PGCC G105.05-15.94,348.81082194,43.56764194,16.1029,2.47,-1.3897,6.51986,,
PGCC G290.63+1.16,168.17468306,-59.33671194,,,,,,
PGCC G8.11-0.46,271.37814306,-22.16422806,8.26072,1.66,0.663652,4.97674,5.72,10.6685
PGCC G22.05+1.69,276.33532694,-8.88344694,10.4273,1.39,-1.12568,7.48459,,
PGCC G48.85+0.26,290.0289,14.24651694,,,,,0.152055,
PGCC G335.14-0.38,247.37318389,-49.115925,14.8144,3.81,0.645321,3.88537,2.92,6.44419
PGCC G56.64-6.22,299.88678,17.84115806,16.2124,3.12,0.678803,5.19902,,
PGCC G318.52+8.52,217.99798611,-51.28602194,,,,,,
PGCC G302.36+1.44,191.67016611,-61.430305,10.62,1.95,0.730588,5.45475,,
PGCC G241.98+0.23,117.29215194,-25.48909194,9.22955,2.51,-1.09664,3.67065,4.56,7.72064
PGCC G117.38+20.52,334.130585,81.66989889,,,,,0.38,
PGCC G169.08-12.56,67.37023889,30.17710111,,,,,0.14,
PGCC G103.91-31.87,354.53927611,28.28034194,,,,,,
PGCC G274.70-3.49,139.16027806,-54.13820611,,,,,,
PGCC G160.16-18.60,55.25476806,31.74623889,,,,,0.14,
PGCC G167.52-10.87,67.63561194,32.4468,14.1508,2.86,-0.60027,4.94111,,
PGCC G121.95+4.13,10.34944,66.97799694,,,,,0.8,
PGCC G262.34+5.23,136.18316694,-39.15518194,15.4408,2.7,0.698704,5.71713,0.61,1.66717
PGCC G119.19+1.76,4.18664889,64.37503806,14.5817,3.8,-0.64399,3.83988,,
PGCC G95.09+9.83,310.92654389,58.56396889,8.97747,1.12,1.08178,8.05025,0.34,0.84079
PGCC G216.66-11.29,94.41909806,-8.40190806,9.21397,1.79,0.505146,5.14617,,
PGCC G125.74+16.02,26.63409389,78.58531194,15.656,3.69,-0.643505,4.24727,,
PGCC G91.76-31.05,343.65878306,24.65500611,9.08059,1.81,-1.52071,5.0208,,
PGCC G343.54+22.63,235.08534194,-26.62386694,15.9824,3.33,0.657843,4.79492,,
PGCC G288.66+5.05,167.51403806,-54.98634306,12.4426,2.11,1.06947,5.88903,-1.13,
PGCC G84.72+1.15,311.69036889,45.09657694,9.68783,2.05,1.30091,4.73417,,
PGCC G95.72+0.95,323.369415,53.03099389,12.7773,2.22,0.615046,5.74953,,
PGCC G29.38+9.45,272.83355694,1.17113306,8.31536,1.41,0.599637,5.90856,-0.96,
PGCC G169.02+1.14,80.34825111,38.770645,7.96624,2.03,-0.667669,3.91613,,
PGCC G234.99+1.82,115.00331889,-18.63705611,10.492,2.31,-0.767638,4.54929,,
PGCC G299.78-3.80,184.96713306,-66.48181889,11.6905,1.62,0.88125,7.21953,-1,
PGCC G28.47+3.98,277.28259306,-2.14615806,7.89971,1.49,-1.34013,5.29631,0.26,0.489207
PGCC G30.40+5.03,277.22943111,0.04656,8.63984,2.15,-0.822269,4.02764,0.26,0.446147
PGCC G165.49+1.80,78.38478111,42.03324111,12.0804,2.13,0.677598,5.66033,,
PGCC G192.04-2.59,90.60894806,17.24915111,16.0341,2.74,-0.239302,5.85204,0.59,1.66248
PGCC G118.67-4.18,4.73044806,58.42115389,,,,,,
PGCC G113.33-8.22,356.76013194,53.45008889,16.5597,2.49,1.0065,6.64289,0.43451,1.32566
PGCC G90.34-5.60,324.05386389,44.57152194,13.0043,2.45,0.59853,5.30357,,
PGCC G59.39-0.11,295.75189194,23.307505,,,,,2.62,
PGCC G274.70-1.51,141.50924694,-52.73846806,,,,,,
PGCC G35.35+28.97,257.50305194,14.70081806,,,,,0.392645,
PGCC G187.18-31.96,62.94439694,4.971675,14.6847,2.59,-0.328417,5.67278,,
PGCC G179.84-11.68,75.53259306,22.55808806,8.83139,1.79,-0.550515,4.93817,,
PGCC G88.79-1.45,318.33847,46.45191611,,,,,1.01,
PGCC G205.61-2.90,96.92118806,5.17313,15.9606,3.42,-0.340031,4.67283,,
PGCC G234.46-6.74,106.68244194,-22.19441389,7.22319,1.47,-0.888739,4.90203,,
PGCC G158.76-21.17,52.18900306,30.54595,8.40003,1.57,-0.622441,5.34472,0.14,0.272871
PGCC G134.81+5.28,42.34217806,65.39637,11.4289,1.87,0.166692,6.11792,-0.94,
PGCC G192.56-2.99,90.51296194,16.59378389,12.2019,4.4,-0.649101,2.77072,,
PGCC G119.68+3.52,4.80545111,66.18763694,7.72746,1.54,0.294866,5.02411,-1.23,
PGCC G155.25-24.37,46.99498,29.79896694,10.6145,1.43,0.842407,7.42452,0.14,0.361526
PGCC G48.81+5.82,284.88616889,16.76266111,10.6323,1.36,0.852609,7.81274,0.164437,0.435956
PGCC G140.76+2.29,50.39933389,59.85944389,13.9157,2.49,-0.403815,5.59481,,
PGCC G101.30+0.20,331.64483611,55.98260111,8.2923,1.82,-1.48492,4.54812,-1.44,
PGCC G351.81+2.97,258.18667611,-34.11469306,14.8598,2.54,0.703549,5.85648,,
PGCC G0.17+7.93,259.06790194,-24.45690306,9.97089,2.23,0.822853,4.47508,0.12,0.233171
PGCC G270.28+2.64,141.08987389,-46.68272389,8.99643,1.82,0.90251,4.9456,,
PGCC G143.07+3.26,55.22991194,59.33182889,10.3281,2.01,0.100081,5.14443,0.62,1.31461
PGCC G124.85-0.45,17.00276,62.35681889,6.16797,1.28,-0.884886,4.80845,0.54,0.855449
PGCC G10.47+21.26,253.46746806,-8.71851194,12.3456,3.25,0.362821,3.79607,0.22182,0.441723
PGCC G131.73-9.90,27.019865,52.00192306,9.63061,1.93,-0.467659,4.97723,,
PGCC G107.96+1.03,341.54422,60.210285,8.0201,1.25,-0.505774,6.39155,0.85,1.77027
PGCC G335.28-0.10,247.22209194,-48.82250611,7.90951,2.17,0.446742,3.64525,3.47,5.41994
PGCC G225.90-0.59,108.323135,-11.78988611,13.1262,3.15,-0.351681,4.17144,,
PGCC G211.24-36.12,69.30539694,-14.33835889,,,,,,
PGCC G289.03+1.36,165.477875,-58.52376611,10.3296,1.86,0.626786,5.54222,,
PGCC G249.23+0.42,121.79545611,-31.56728389,11.5081,1.47,-0.04256,7.83765,,
PGCC G32.71-23.88,304.28195194,-10.81930806,10.2908,1.65,0.428416,6.23627,,
PGCC G342.07+1.46,252.05293306,-42.72810694,10.1599,2.01,0.206074,5.04966,,
PGCC G106.92+11.59,325.70169111,68.373665,,,,,,
PGCC G177.26-19.50,67.285835,19.69234111,7.89884,1.94,-0.323389,4.07478,0.23,
PGCC G46.45-1.46,290.4375,11.32616889,11.4179,2.82,0.645739,4.05138,,
PGCC G96.60+10.96,310.90982111,60.43197306,16.306499,2.56,0.711584,6.37903,,
PGCC G279.99-3.33,146.22065694,-57.63689806,8.14449,2.16,1.5081,3.77676,1.52,2.45223
PGCC G121.16-10.03,9.96771,52.80248306,,,,,,
PGCC G28.98+2.13,279.16250611,-2.54158306,,,,,0.26,
PGCC G242.58-0.64,116.794655,-26.43832806,9.76676,1.9,-0.787258,5.15216,4.69,9.67765
PGCC G270.89-1.80,136.91473389,-50.20865194,8.08238,1.09,-1.48832,7.44569,-2.2,
PGCC G346.73-8.91,267.54068,-44.84779,14.8208,1.56,-1.13928,9.53092,,
PGCC G46.68+6.52,283.25598111,15.18218194,6.82402,1.52,0.853346,4.49907,,
PGCC G102.36+2.90,330.233215,58.78841806,11.2534,2.64,1.38993,4.26194,-1.78,
PGCC G303.84-3.55,195.131805,-66.40566306,14.9726,4.45,0.719769,3.36219,,
PGCC G121.25-7.41,9.91994111,55.42001694,14.2577,2.01,1.42756,7.10419,,
PGCC G2.73+8.97,259.69149806,-21.78278389,8.16738,1.23,-1.12617,6.6563,0.12,0.257375
PGCC G300.00-2.77,185.79164111,-65.47615806,14.7649,3.31,0.715182,4.45534,-0.83,
PGCC G113.57+2.29,351.42034889,63.59648111,10.2583,2.37,-0.548292,4.32987,,
PGCC G314.84+8.86,212.29779111,-52.20492611,9.09384,2.29,1.21186,3.96779,0.47,0.821244
PGCC G348.08-10.32,270.17822306,-44.35942111,13.0752,2.22,1.17739,5.89201,,
PGCC G335.59+20.99,229.50787389,-32.43029,12.2653,4.01,0.857922,3.05582,,
PGCC G201.58+4.65,101.84275111,12.20889806,12.2587,1.89,-0.345503,6.49712,1.19674,3.10677
PGCC G181.75-23.99,66.40351111,13.62834,11.7269,3.01,-0.135102,3.89686,,
PGCC G163.19-5.21,69.27298694,39.423275,14.172,2.48,-1.46527,5.70714,0.14,0.366252
PGCC G36.92-5.73,289.77694694,0.92504806,11.674,2.02,0.791853,5.76749,,
PGCC G200.66+0.52,97.66564889,11.14824,9.96047,2.2,-0.478103,4.53454,-1.14,
PGCC G141.58-3.39,46.26740306,54.57283806,17.654499,2.25,0.034979,7.83351,-0.86,
PGCC G177.53+0.40,85.29512806,31.246035,13.6358,2.42,-1.47589,5.64038,0.88,
PGCC G273.31+3.05,144.77916,-48.44086806,12.0228,1.57,0.607039,7.68055,0.42,1.17402
PGCC G232.76-4.74,107.76857806,-19.78508,,,,,,
PGCC G211.08+1.30,103.17202806,2.24501,12.6608,2.47,0.146002,5.13553,,
PGCC G312.03-29.57,301.95059194,-81.62822694,16.6008,2.88,0.026578,5.76805,,
PGCC G214.25+4.09,107.09947194,0.6976,7.6998,1.29,0.063571,5.96538,,
PGCC G151.24+6.29,70.25042,55.97958,11.4156,2.4,-0.563159,4.75146,0.197697,0.423536
PGCC G314.15+2.11,214.93151889,-58.82888389,5.94451,1.2,0.240853,4.96116,0.98,1.54811
PGCC G1.99-21.48,290.54370111,-36.35330194,15.1207,1.65,0.223387,9.14399,,
PGCC G275.52-2.24,141.64097611,-53.82646889,,,,,,
PGCC G114.25-7.26,357.87832611,54.59716389,8.95782,2.03,-1.16754,4.41925,,
PGCC G193.05+0.47,93.93502,17.84200889,9.91244,1.75,1.3134,5.67687,,
PGCC G341.20+0.94,251.83093306,-43.72114611,8.83889,1.3,0.058001,6.78997,,
PGCC G142.47+6.49,58.36943389,62.23614111,,,,,,
PGCC G149.41+4.28,65.40649389,55.94371,9.91326,1.95,-0.998381,5.08918,0.258226,0.53353
PGCC G254.69-1.08,123.89926111,-36.95629111,15.7258,3.05,-1.29179,5.15926,,
PGCC G128.74+0.04,25.44810306,62.34456306,8.25966,1.21,-0.923605,6.84019,0.369828,0.808615
PGCC G192.71-2.39,91.13864889,16.75584611,9.33685,1.58,0.180513,5.9247,0.44,0.951948
PGCC G196.04-0.99,94.075745,14.51871,,,,,,
PGCC G131.76-10.19,26.96230889,51.710945,14.3102,2.03,-0.583313,7.04525,,
PGCC G344.14+8.10,247.36521889,-36.77274306,,,,,,
PGCC G344.11+8.04,247.40158111,-36.833645,14.3299,3.09,0.978318,4.6405,,
PGCC G145.96+0.97,56.90045194,55.75559194,,,,,,
PGCC G163.38+0.97,75.75732389,43.22550611,8.56234,2,-0.523295,4.27221,,
PGCC G121.19-8.81,9.92490389,54.02546694,10.5354,2.16,-1.02546,4.88588,,
PGCC G240.89+7.67,123.549255,-20.65032194,13.6968,2.29,0.500716,5.98782,,
PGCC G319.67+1.02,225.32656889,-57.56489194,8.33825,1.77,-1.34345,4.70515,2.51,4.57324
PGCC G161.15-4.80,67.87055194,41.19776194,,,,,,
PGCC G135.05-4.40,35.07387889,56.36879,15.6543,3.52,-0.356838,4.45332,,
PGCC G272.28-3.03,136.95405611,-52.06414389,9.62717,1.43,-1.32806,6.71087,,
PGCC G26.71+7.74,273.13156111,-1.96080306,17.5443,3.54,1.26242,4.95164,,
PGCC G198.50-1.04,95.22406,12.324375,17.618,4.41,-0.702156,3.99683,5.32,12.986
PGCC G237.53+0.31,114.94227611,-21.59531194,13.404,2.18,1.0207,6.14671,,
PGCC G115.66-3.96,359.01965306,58.13179389,13.1605,2.2,1.19202,5.9737,-0.99,
PGCC G167.29-22.92,57.73468,24.11272389,9.48796,1.64,-0.14967,5.79846,,
PGCC G230.11+1.46,112.21231806,-14.54654111,8.16996,1.4,-0.336521,5.82259,0.166725,0.3345
PGCC G190.09+4.37,96.11051194,22.28940806,,,,,0.59,
PGCC G34.16+12.69,272.06393389,6.81654611,16.9209,2.61,-1.10365,6.48877,,
PGCC G22.01-1.46,279.15216111,-10.38081611,7.44001,1.21,1.33384,6.16248,,
PGCC G112.48+1.55,349.71496611,62.52982694,11.2236,1.55,0.083204,7.23032,-1.35,
PGCC G135.53+54.29,177.48497,61.30978806,6.75496,1.6,-0.024747,4.21548,,
PGCC G111.11-3.42,350.546875,57.39241806,11.7739,1.75,-0.079164,6.73564,0.236592,0.612881
PGCC G18.35+16.59,261.42196694,-4.84543611,9.20133,1.34,-1.42386,6.86024,,
PGCC G1.46+6.94,260.74942,-23.96414,5.12965,1.49,0.661157,3.43321,,
PGCC G188.85+2.54,93.738235,22.51760111,15.796,3.08,-0.562271,5.12479,,
PGCC G188.64-10.18,81.997345,16.25252889,11.6066,2.22,-0.97368,5.23263,,
PGCC G9.59+2.88,269.06820694,-19.22583806,9.23884,1.4,0.334183,6.62018,,
PGCC G300.56+3.29,188.19410694,-59.49862306,7.78271,1.2,1.30311,6.4926,0.85,1.7576
PGCC G303.29+1.23,193.61723306,-61.63508194,8.78089,1.26,1.24502,6.95128,,
PGCC G338.61+21.90,231.54486111,-30.04495389,8.68123,1.71,0.397933,5.0791,,
PGCC G122.77+8.87,12.35831889,71.74118806,12.7294,2.04,-1.0826,6.23718,,
PGCC G66.03-8.57,307.43783611,24.365595,,,,,,
PGCC G6.50+2.99,267.29306,-21.82545694,8.24946,1.43,0.764441,5.78746,,
PGCC G123.87-3.12,14.71441611,59.737785,10.9712,2,-0.096156,5.48772,,
PGCC G244.69-7.35,111.23429111,-31.52539111,,,,,,
PGCC G303.73+3.88,194.40492194,-58.98392889,7.69914,1.62,1.06187,4.75781,0.74,1.30282
PGCC G342.34+9.44,244.62609889,-37.12385611,9.66118,2.54,0.556747,3.81102,-1.05,
PGCC G269.22+6.89,144.11377,-42.86419306,13.3886,2.18,0.730749,6.14645,,
PGCC G236.08+1.06,114.87540389,-19.96383694,8.45725,1.94,0.102844,4.36134,,
PGCC G213.33-2.00,101.26082611,-1.26812,10.6552,1.87,-0.30017,5.70434,5.91,13.4029
PGCC G216.66-17.84,88.43401306,-11.23272,9.7411,1.63,0.819626,5.97974,,
PGCC G123.12+25.19,17.96787611,88.05776194,7.61365,2.32,-0.856368,3.28643,0.38,0.552928
PGCC G32.83-0.21,282.99426306,-0.18683694,,,,,,
PGCC G333.97+19.94,228.71389806,-34.14629,18.7446,3.66,0.679973,5.11985,,
PGCC G102.54-0.35,334.02172889,56.24536889,5.03767,1.08,-0.921533,4.68042,,
PGCC G145.44+4.40,60.19408389,58.72987389,10.8914,1.42,0.747799,7.68043,0.62,1.6495
PGCC G169.16-12.45,67.52851111,30.18867306,10.5624,2.17,0.729613,4.8626,,
PGCC G156.20-8.59,59.62284111,41.88789694,7.48865,1.94,-0.685721,3.86284,0.14,0.219033
PGCC G133.59+0.12,35.36938889,61.10972611,8.09427,1.57,-1.4938,5.15867,,
PGCC G331.19-0.07,242.63658111,-51.67320611,,,,,4.37,
PGCC G273.94-2.80,139.11221306,-53.109715,11.5931,1.85,1.28933,6.27034,,
PGCC G249.15-5.30,115.89422611,-34.45343806,,,,,,
PGCC G173.10-40.09,49.26573194,8.19266806,11.6796,1.74,-0.504164,6.70906,,
PGCC G152.40-3.42,60.404465,48.270535,,,,,0.4,
PGCC G108.81-52.10,4.11249389,9.80773611,,,,,,
PGCC G336.11+24.45,227.70054611,-29.29941194,14.7201,2.15,1.0806,6.83469,,
PGCC G356.59+1.51,262.82885694,-31.01200694,8.25863,1.27,-1.24405,6.50818,,
PGCC G255.83-9.21,115.62681611,-42.14330694,16.9953,2.05,-1.20496,8.27263,,
PGCC G140.86-0.19,48.03688389,57.69507611,11.533,2.69,-0.68452,4.28602,1.62,3.31315
PGCC G185.22-10.79,79.53801694,18.72978389,10.5421,1.84,0.02251,5.71452,,
PGCC G159.51-18.41,54.83575111,32.27900306,7.19382,1.77,-0.941645,4.06712,,
PGCC G8.13-1.75,272.61126694,-22.77563694,12.5867,2.08,0.772286,6.03934,,
PGCC G263.62+64.39,176.85902389,6.518305,14.2005,2.56,1.2951,5.55343,,
PGCC G106.11+10.08,326.74130194,66.71718611,14.2013,2.18,-1.1701,6.50802,0.43,1.2025
PGCC G164.42-5.23,70.299095,38.48707611,,,,,0.14,
PGCC G59.92-17.19,311.28256194,14.53973611,,,,,0.390841,
PGCC G324.47+6.52,227.780975,-50.42133306,12.3472,2.01,-0.902906,6.14741,0.77,1.95141
PGCC G31.04+0.77,281.30892889,-1.33255389,7.74654,1.35,-0.565064,5.74145,4.09,7.93441
PGCC G28.12-7.93,287.77719111,-7.86145806,12.0216,1.5,1.35803,7.99418,-0.45,
PGCC G257.13-6.73,119.395355,-42.033745,9.84897,1.5,0.471036,6.55434,,
PGCC G340.04+7.91,243.926865,-39.81304889,10.8769,1.39,1.08459,7.81274,,
PGCC G233.18-1.75,110.78662889,-18.76622194,10.9825,1.96,-1.33277,5.59234,,
PGCC G339.61+2.28,248.96871889,-44.03216194,6.12095,1.62,0.812248,3.76963,,
PGCC G297.59+1.36,181.76796,-61.04810694,18.4615,2.94,0.489446,6.28554,,
PGCC G18.94-1.25,277.51165806,-13.00720306,,,,,,
PGCC G194.75-7.97,87.17320306,12.22700889,10.4912,1.96,-1.26104,5.35711,0.4,0.872298
PGCC G121.20+24.57,341.10580389,87.00617194,9.74982,1.56,-0.579262,6.24273,0.38,0.862375
PGCC G173.58-13.73,69.63012694,26.10105694,11.0489,2.9,0.529252,3.80801,0.23,0.433973
PGCC G187.26-1.32,89.25225111,22.02331194,11.4096,2.33,-0.522591,4.88744,0.200447,0.435413
PGCC G159.57-33.89,44.62208889,19.79064389,,,,,0.325,
PGCC G72.96-7.88,311.40158111,30.29713389,15.8028,3.03,0.278336,5.21601,,
PGCC G212.70-27.66,77.76068889,-12.03481,10.6853,1.67,-0.245333,6.41618,,
PGCC G48.36+8.94,281.75289889,17.745615,18.6425,2,0.08694,9.30306,,
PGCC G108.55+2.41,341.28204306,61.7052,6.99555,1.27,-1.08802,5.49364,,
PGCC G168.33-14.56,65.10807806,29.35521111,6.83502,1.18,0.936224,5.80882,,
PGCC G29.16-4.86,285.474915,-5.56445806,,,,,,
PGCC G67.73-4.87,305.11615,27.86419694,9.79938,1.13,0.251686,8.64668,-1.38,
PGCC G256.82-5.59,120.48973806,-41.17745194,,,,,,
PGCC G55.09+3.76,289.84646611,21.39442389,14.7929,2.66,-1.42418,5.57098,,
PGCC G104.66-0.19,337.12637306,57.52288389,,,,,,
PGCC G190.52+0.90,93.04647111,20.26306194,,,,,,
PGCC G359.75-20.32,288.317535,-37.96012889,7.17041,1.71,1.0736,4.19332,,
PGCC G317.11-2.60,224.23521389,-61.97040889,9.86579,1.25,-0.457507,7.91426,,
PGCC G158.88-21.39,52.14593111,30.30300889,8.2748,1.64,-0.754628,5.04952,0.14,0.263244
PGCC G109.34+19.18,312.4729,75.208435,7.9438,1.34,1.47406,5.93192,0.223872,0.447031
PGCC G95.68+5.99,317.12423694,56.56303806,6.21512,1.17,0.761169,5.29892,-1,
PGCC G3.61+8.00,261.08007806,-21.602585,10.3032,2.13,-0.198335,4.84128,0.12,0.246532
PGCC G182.60-21.94,68.55483194,14.27085111,9.12907,1.25,-1.46381,7.28514,,
PGCC G221.22-1.69,105.14669,-8.14602694,7.67879,1.21,-1.04785,6.34011,,
PGCC G88.44+6.99,308.07473806,51.59045389,,,,,,
PGCC G247.35-2.96,117.24767306,-31.72736194,12.9008,3.29,-1.18255,3.92591,0.47,0.97298
PGCC G189.63-17.91,75.85797889,11.230635,7.75136,1.4,-0.132749,5.54142,,
PGCC G233.72-1.24,111.53528611,-19.00417306,10.6145,1.7,0.074432,6.2345,,
PGCC G245.41-16.69,101.36932389,-36.0616,18.692101,4.85,-0.644943,3.85196,,
PGCC G123.38+26.31,38.83718889,89.09323111,16.2435,2.11,-0.541674,7.68925,0.38,1.23536
PGCC G189.83+2.85,94.53098306,21.807785,8.14273,1.96,-0.265445,4.15449,,
PGCC G335.30+3.71,243.26550306,-46.10881,14.4995,3.15,0.783014,4.60967,,
PGCC G337.79+3.01,246.48385611,-44.86130889,6.8213,1.15,-0.958441,5.90672,,
PGCC G232.72-5.21,107.31137806,-19.96799694,11.5308,2.57,-0.65122,4.48305,,
PGCC G105.85+4.90,333.60369889,62.44447306,8.28415,1.94,-1.41825,4.27994,-1.04,
PGCC G107.78-1.89,343.76135306,57.51716611,7.30279,1.36,-1.19524,5.37957,,
PGCC G99.50+19.69,296.95410194,67.29563889,12.0133,1.73,0.447776,6.92698,,
PGCC G193.03+0.37,93.82962,17.81376611,,,,,,
PGCC G235.31+1.58,114.94953194,-19.03556306,8.63084,2.06,-0.914211,4.18848,,
PGCC G179.01+7.45,93.41178111,33.47252306,14.8304,2.79,-1.37133,5.31311,0.223872,0.578066
PGCC G179.91-17.14,70.90253389,19.21507111,9.60398,1.31,0.974298,7.30657,0.23,0.560451
PGCC G343.78+10.71,244.73898306,-35.21890306,,,,,,
PGCC G11.08+19.68,255.12046806,-9.11345111,10.7412,1.99,0.438366,5.40147,0.212814,0.47153
PGCC G340.35-3.22,255.674515,-47.00589,8.99596,3.09,0.831838,2.9152,,
PGCC G54.71-1.92,294.954285,18.34236,13.9234,3.13,0.422583,4.44364,-1.16,
PGCC G158.01-12.43,58.12684194,37.815605,17.6133,4.32,-0.84067,4.08061,0.14,
PGCC G69.50+1.89,299.64962806,33.02389111,12.974,1.91,-0.906495,6.78793,0.114288,0.311985
PGCC G166.00+4.64,81.953125,43.22898111,9.81999,1.39,0.344466,7.0876,,
PGCC G258.71-5.41,122.03861194,-42.68540194,9.92844,1.45,-0.918826,6.86985,,
PGCC G344.36-3.91,259.84021,-44.17531194,9.97328,1.73,0.907773,5.77708,,
PGCC G342.95+9.03,245.51367194,-36.98877,11.8163,2.71,0.741311,4.36581,,
PGCC G347.67-8.31,267.45950306,-43.74265306,,,,,,
PGCC G162.84-17.15,58.63271,31.18755111,9.48761,1.59,-0.089664,5.94982,0.14,0.305975
PGCC G207.31-19.01,83.41570306,-3.78736306,10.8745,1.73,-0.52163,6.28077,0.415,0.997669
PGCC G180.36+6.81,93.47730306,31.99102611,11.5716,2.05,0.10212,5.65842,,
PGCC G258.75+1.14,129.17448389,-38.98061389,,,,,,
PGCC G213.10-4.92,98.54920194,-2.38762,10.259,1.9,-0.883287,5.38914,,
PGCC G173.64-13.14,70.17679611,26.43791194,9.62203,2.38,-0.402693,4.03521,0.23,0.416889
PGCC G174.71+5.38,88.68908694,36.22996889,,,,,,
PGCC G34.90-1.71,285.27767889,0.97516111,6.52579,1.93,0.662844,3.38181,1.98,2.70572
PGCC G189.62+4.10,95.61720306,22.57966,9.79217,1.93,-1.39506,5.08159,,
PGCC G150.72-7.08,55.07451194,46.47908,9.60821,1.84,-0.66257,5.22029,0.178649,0.368041
PGCC G148.81-1.29,58.26819194,52.21418806,13.5832,2.69,-0.64466,5.04712,0.166725,0.401561
PGCC G111.27-2.78,350.43347194,58.04610111,,,,,3,
PGCC G294.38-10.76,165.04574611,-71.75822389,15.613,2.55,0.74123,6.11797,,
PGCC G159.42+3.95,75.70120194,48.17959194,12.6976,3.51,-0.348364,3.61282,,
PGCC G101.63+8.22,322.06131,62.355495,15.3519,2.92,-1.43885,5.25979,-0.84,
PGCC G164.96-1.39,74.57283,40.53064306,8.58824,1.41,-0.328502,6.08866,,
PGCC G256.64-2.00,124.31311,-39.08613611,,,,,5.18,
PGCC G34.28-12.31,294.444,-4.40508194,,,,,1.02,
PGCC G46.27+9.21,280.55416889,16.001385,18.5595,2.95,0.030152,6.29323,0.3,0.943124
PGCC G218.79-1.80,103.93045,-6.02850806,10.3321,2.31,-0.960022,4.46702,4.07,8.04313
PGCC G301.70-14.63,187.35914611,-77.44461111,11.2119,1.61,1.02501,6.97506,0.17,
PGCC G358.81-5.51,271.26162694,-32.73034306,,,,,1.44,
PGCC G350.46-14.46,276.79016111,-44.09190806,6.85011,1.32,-0.116933,5.17019,,
PGCC G164.20-3.88,71.42832889,39.53235611,,,,,0.14,
PGCC G288.34-5.86,157.101425,-64.59864806,13.5021,1.74,0.540426,7.74743,,
PGCC G198.20-12.47,84.94035306,7.03559111,16.9366,3.63,-0.446908,4.66477,0.33,0.853237
PGCC G168.73-12.87,66.841125,30.22572306,,,,,0.14,
PGCC G19.04+19.13,259.55297889,-3.010705,13.1905,1.79,1.31129,7.37775,,
PGCC G139.71-3.49,43.31964889,55.36096194,9.50965,1.89,-0.508813,5.02761,0.85,
PGCC G258.69+0.82,128.80635111,-39.123085,8.31423,1.41,-0.763857,5.91274,-1,
PGCC G343.78+10.56,244.87155194,-35.32533306,,,,,,
PGCC G159.61+0.84,72.30053694,46.086395,,,,,,
PGCC G147.12+40.61,143.14305111,65.94117,6.27492,1.81,-0.262029,3.45777,0.35,0.474238
PGCC G298.76-23.33,147.12077306,-84.64395889,9.53094,1.59,-0.143251,5.98411,,
PGCC G335.30-2.63,250.1138,-50.51624306,7.47173,1.35,0.475016,5.52433,,
PGCC G164.34-23.33,55.203175,25.61789111,14.3943,2.48,-1.22608,5.80798,,
PGCC G100.93+16.73,305.37490806,67.15017694,6.84821,1.31,-0.499592,5.20901,,
PGCC G176.48-1.99,82.28691111,30.839815,15.1657,2.66,0.426442,5.69128,,
PGCC G128.71+4.90,27.7862,67.10265389,10.5196,1.82,-0.470817,5.77536,-0.81,
PGCC G153.36+5.99,72.23901389,54.17811194,15.3643,2.05,1.47865,7.50811,0.59,1.84332
PGCC G299.62-14.48,178.49446111,-76.98625889,14.9964,2.22,0.120766,6.76191,,
PGCC G208.66-6.51,95.11953,0.80928194,17.665001,3.09,-0.627465,5.72364,,
PGCC G182.14-5.53,82.44912694,24.17421,9.54018,1.33,-0.78614,7.15371,,
PGCC G212.23-15.17,88.98989889,-6.25057306,,,,,0.415,
PGCC G93.69-30.90,345.15780611,25.60332111,9.31737,1.22,-1.13883,7.61689,0.191426,0.469098
PGCC G88.16-10.03,325.86535611,39.83036389,9.75635,1.67,-1.05794,5.83129,,
PGCC G346.42+0.92,256.22250389,-39.66616389,8.68936,2,1.0238,4.33481,4.19,7.48031
PGCC G1.94+3.64,264.08612111,-25.36425194,7.91699,1.3,-0.317596,6.08504,0.12,0.242281
PGCC G182.33-17.92,71.72799694,16.90834806,,,,,0.23,
PGCC G157.96-10.16,59.98489389,39.56058889,,,,,0.14,
PGCC G132.50-1.48,32.237015,59.94644194,15.1943,4.19,-0.609061,3.62751,0.75,1.61969
PGCC G341.84+0.30,253.07431,-43.63826,10.6827,1.9,0.486966,5.61154,4.36,9.81965
PGCC G171.82-13.55,68.54458611,27.52257889,7.71442,1.45,-0.647848,5.33448,0.23,0.429192
PGCC G230.71+1.55,112.59079694,-15.03245806,,,,,,
PGCC G115.44+10.17,348.84326194,71.62925694,12.1752,2.34,-0.146816,5.19688,,
PGCC G40.36+1.42,284.993835,7.25948806,,,,,,
PGCC G51.89+0.62,291.19314611,17.09550111,9.68851,1.74,0.561626,5.56177,,
PGCC G340.26+9.20,242.974045,-38.73791889,7.7788,1.6,0.613415,4.86434,,
PGCC G127.25-47.83,15.86177111,14.94082,8.1138,2.04,-1.33519,3.97723,,
PGCC G87.08+4.21,310.29238889,48.84257889,6.52327,1.31,1.34973,4.97272,,
PGCC G155.98+2.95,71.19654111,50.21320306,,,,,,
PGCC G91.30+2.90,316.05651889,51.24550611,15.557,2.21,0.395427,7.02906,,
PGCC G336.26+8.29,239.95382694,-42.07222694,11.6744,2.95,0.39257,3.95145,-0.69,
PGCC G108.47+16.88,317.32446306,73.14612611,12.8198,2.33,0.013831,5.50295,,
PGCC G356.48+16.88,248.936005,-21.93766389,10.3803,1.65,0.41796,6.27826,0.12,0.281794
PGCC G173.05-32.72,54.46452,13.50878,12.1057,2.29,-0.417824,5.27664,,
PGCC G347.82+1.71,256.50189194,-38.071915,5.81578,1.33,-1.40458,4.37187,,
PGCC G147.52+4.23,62.89149111,57.21149111,9.78796,1.65,-0.135596,5.93643,0.42,0.93129
PGCC G275.26+0.03,143.89875806,-51.99916806,14.3764,2.67,-0.354051,5.38935,,
PGCC G168.43-45.70,42.93746194,6.27770389,10.7558,2.71,-0.41304,3.96238,,
PGCC G163.24-26.44,52.15563194,23.87028889,,,,,0.14,
PGCC G167.95-3.51,74.80931111,36.87509194,10.0472,2.45,-0.182397,4.09288,0.14,0.261151
PGCC G26.92+4.54,276.06698611,-3.255875,12.8915,2.22,-1.21232,5.80408,0.26,0.654211
PGCC G227.29-8.29,101.875145,-16.51083389,10.5046,1.97,-1.06067,5.33647,,
PGCC G299.90-24.58,145.24482694,-86.27253,,,,,,
PGCC G224.92-1.22,107.29049694,-11.21232111,8.25362,1.24,1.10905,6.68119,2.61,5.63789
PGCC G248.09-1.13,119.540565,-31.42455889,11.6755,1.7,-0.520169,6.85131,,
PGCC G121.85+26.71,305.92465194,88.94763194,17.679001,3.13,-0.121654,5.63986,0.38,1.10376
PGCC G212.01-19.39,85.08247389,-7.92936,,,,,0.415,
PGCC G201.51+1.53,98.97672306,10.85591889,,,,,-0.8,
PGCC G41.05+0.07,286.51849389,7.24781306,5.70749,1.44,0.178554,3.95942,1.12,1.54876
PGCC G171.69-40.30,48.33000194,8.77119889,,,,,,
PGCC G104.06+9.20,324.48233,64.71706389,,,,,,
PGCC G56.20-27.40,317.78585806,5.869025,11.1149,1.78,-0.162816,6.25993,0.179473,0.435476
PGCC G243.32-1.51,116.36797306,-27.525135,,,,,,
PGCC G338.89+12.48,238.903595,-37.21564111,7.70692,1.26,0.696783,6.13371,,
PGCC G113.64+17.06,330.47586111,76.76679194,10.734,2.07,0.813261,5.1731,,
PGCC G243.37+5.73,123.24111194,-23.77356694,15.209,1.94,-1.44185,7.84277,,
PGCC G308.09-1.50,204.64529389,-63.90118806,7.92883,1.2,1.45136,6.58578,,
PGCC G221.08-18.46,89.63746611,-15.30803889,9.31881,1.73,0.043922,5.38843,,
PGCC G144.44-7.05,47.31298111,49.974545,10.039,1.31,0.096275,7.69171,0.4,1.02245
PGCC G215.77-8.68,96.387405,-6.45266194,13.9896,2.67,-0.483948,5.24325,,
PGCC G103.05+16.67,308.38552889,68.83812694,,,,,,
PGCC G215.56-8.89,96.10587306,-6.357135,12.7065,2.09,-0.496774,6.07383,0.34,0.86886
PGCC G114.96+2.04,354.57589694,63.770985,15.7777,2.66,1.14444,5.93786,-1.17,
PGCC G165.04+2.09,78.34649694,42.56528111,13.4391,2.33,-0.54266,5.77005,,
PGCC G347.15-3.12,261.10925306,-41.43179306,14.0395,2.18,0.408306,6.45329,,
PGCC G167.94-1.56,76.74460611,38.06945389,7.23668,1.47,-0.627865,4.92708,,
PGCC G80.21-4.71,313.89492806,37.89331111,11.1669,1.62,1.17296,6.89755,0.57,1.45518
PGCC G120.15-44.42,10.76736,18.40497389,13.0375,1.72,0.332803,7.585,,
PGCC G105.56+14.25,317.85449194,69.30914306,10.2758,1.2,0.729981,8.5556,,
PGCC G156.03-9.95,58.28210806,40.96223806,11.1907,2,-1.02645,5.59981,0.14,
PGCC G10.84+19.60,255.06887806,-9.34440889,12.7005,2.13,0.254816,5.95753,0.188799,0.477716
PGCC G219.34-2.14,103.87615194,-6.67459389,10.144,1.97,0.023394,5.14601,4.11,8.63792
PGCC G20.54+1.83,275.49575806,-10.15309611,,,,,,
PGCC G176.97-10.09,75.091225,25.76208111,8.87729,1.54,1.41518,5.77141,0.23,
PGCC G222.12-0.50,106.62949389,-8.404335,16.996,2.56,-0.293801,6.64075,,
PGCC G206.79-11.21,90.10440111,0.27108694,13.4461,2.95,-0.486054,4.56487,,
PGCC G264.86+1.44,134.586685,-43.5481,,,,,,
PGCC G334.68+11.31,235.782715,-40.740555,10.0502,1.96,-0.034114,5.11952,-1.13,
PGCC G185.89-1.63,88.219345,23.04625694,8.81419,1.4,-1.1957,6.30481,0.194984,0.422818
PGCC G62.66-3.59,300.84979194,24.32329806,14.8762,2.65,1.46276,5.60524,,
PGCC G300.81+1.61,188.46101389,-61.18935389,6.2478,1.39,0.6755,4.49889,,
PGCC G17.88-0.67,276.47564694,-13.67653694,8.15687,2.1,0.591944,3.88086,5.62,9.1979
PGCC G71.35-12.59,314.46475194,26.12027,17.515301,3.78,0.974977,4.63467,0.524808,
PGCC G232.43-10.14,102.43109111,-21.88051,,,,,,
PGCC G132.85-5.56,30.678255,55.92960389,12.0774,2.22,-0.000605,5.42852,,
PGCC G160.88-9.73,63.07563,37.92679194,,,,,,
PGCC G159.95+8.89,82.38395694,50.57957111,7.09214,1.32,-1.34255,5.38357,,
PGCC G161.68-16.92,57.83430111,32.09311306,12.1996,2.13,-0.404035,5.71774,,
PGCC G114.53+2.89,353.077545,64.46707194,8.72313,1.39,-0.740803,6.27137,0.83,1.78576
PGCC G243.56-5.71,112.31694,-29.77138694,16.8211,2.67,0.653614,6.28839,,
PGCC G7.99+3.50,267.637085,-20.28670889,6.54106,1.35,0.745153,4.84234,,
PGCC G334.36+0.95,245.10430889,-48.74752,9.76796,2.5,0.519201,3.89968,,
PGCC G16.43+1.06,274.19943194,-14.14366,12.6694,3.35,-0.278291,3.78641,,
PGCC G144.34+7.75,63.12702889,61.95096194,7.56451,1.83,-0.000525,4.13452,,
PGCC G222.69+1.67,108.83438111,-7.904025,16.7267,3,-0.440606,5.57129,,
PGCC G199.72-11.31,86.69703694,6.31825306,14.563,1.67,-0.987405,8.71711,0.4,1.31099
PGCC G32.74+0.06,282.72183194,-0.14591389,,,,,,
PGCC G198.40+32.26,127.66258194,25.61275111,12.5518,2.74,-0.194897,4.57484,,
PGCC G169.78-0.69,79.00875889,37.09439806,11.2134,1.95,-0.445688,5.73816,,
PGCC G19.07+19.25,259.46185306,-2.91788306,,,,,,
PGCC G205.69-2.95,96.91191111,5.08605111,,,,,,
PGCC G152.51-5.90,58.15308,46.30363806,13.7308,2.33,-0.719055,5.90259,,
PGCC G168.55-19.63,61.17918389,25.66517611,,,,,,
PGCC G77.64-10.59,317.28839111,32.12164306,17.1705,3,0.597743,5.73268,,
PGCC G3.92-1.04,269.66381806,-26.09214194,7.48085,1.59,-0.428012,4.70049,1.55,2.67366
PGCC G280.77-1.29,149.69763194,-56.53817389,,,,,,
PGCC G221.38-3.84,103.27856389,-9.25956694,15.9376,2.4,-0.505553,6.62773,,
PGCC G93.47+8.81,310.62951694,56.67996194,9.9503,2.6,0.645274,3.82293,-0.65,
PGCC G273.06-5.03,135.34545889,-53.97432306,6.96878,1.48,-1.43206,4.70249,,
PGCC G311.39+6.01,207.97622694,-55.86324306,12.1276,2.5,0.290805,4.85186,,
PGCC G357.38+30.60,238.64749111,-12.31187,14.668,3.64,0.24766,4.03241,,
PGCC G119.16+21.86,338.94061306,83.71530889,,,,,0.38,
PGCC G188.62+2.94,94.00418111,22.91102611,9.45238,1.3,0.979263,7.25114,,
PGCC G352.69+18.58,244.98182694,-23.55585889,16.4342,2.32,-0.379692,7.09801,0.12,0.377008
PGCC G33.27+0.11,282.91961694,0.35411306,10.3806,1.74,0.293796,5.97107,,
PGCC G28.35+2.79,278.27932694,-2.79646,14.6727,2.02,-0.468055,7.25508,0.26,0.780328
PGCC G199.27+1.38,97.78682694,12.77549306,,,,,,
PGCC G159.98-9.12,62.79433806,38.98447806,4.79915,1.09,1.41864,4.39248,0.14,0.186978
PGCC G9.67-28.59,301.219055,-31.78836806,15.7468,3.02,0.761044,5.21956,,
PGCC G336.55+4.29,243.97419694,-44.82700306,8.76092,1.95,0.520303,4.49383,1.72,3.13934
PGCC G11.63+0.70,272.12710611,-18.52496306,8.23501,1.7,-1.12464,4.83061,4.23,7.76069
PGCC G120.96+2.99,8.05148194,65.78356194,,,,,,
PGCC G3.13+9.04,259.86792,-21.423145,15.1605,2.85,0.743334,5.31499,0.12,0.313341
PGCC G313.97-33.89,320.98446694,-78.34000389,14.2296,2.77,0.061412,5.1308,,
PGCC G175.63+6.71,90.68106111,36.08324111,13.3852,2.9,-0.71585,4.61493,,
PGCC G134.44+9.75,47.04145111,69.50885806,12.7699,2.9,-0.520899,4.40926,0.37,0.807617
PGCC G215.57+10.20,113.13806194,2.31364806,,,,,,
PGCC G134.15-10.37,30.55241,50.95731,12.9036,2.63,-0.828476,4.91434,,
PGCC G181.63-16.78,72.26158111,18.123085,7.6269,1.11,0.100969,6.86576,0.23,0.484142
PGCC G200.64+11.77,108.03310389,16.16910194,10.714,2.11,-0.560372,5.08773,,
PGCC G111.94-5.13,352.987305,56.03575111,8.81123,1.47,0.685695,5.99621,,
PGCC G103.38+14.79,313.05920389,68.01569389,9.36581,1.89,0.476626,4.96738,,
PGCC G160.12-7.75,64.15274806,39.86407111,14.5156,2.87,0.628982,5.06387,0.14,
PGCC G252.06-3.55,119.55248306,-36.07158306,9.12641,1.5,-0.514749,6.09146,0.45,0.976
PGCC G68.46-29.69,326.35836806,12.90991611,13.3184,2.22,1.1492,5.99654,,
PGCC G124.19+9.91,17.056475,72.74052389,12.3105,1.87,0.048106,6.56726,,
PGCC G279.01+3.29,151.95082111,-51.81095111,10.4615,1.65,-1.55076,6.33339,-1.12,
PGCC G341.87+14.81,239.66548194,-33.55085806,8.94607,2.25,1.46757,3.97989,,
PGCC G39.59-2.48,288.12130694,4.78535194,,,,,,
PGCC G14.32-0.71,274.78591889,-16.83690611,10.1869,2.12,-0.829818,4.81207,,
PGCC G314.88-28.66,293.87841806,-79.33184111,6.26383,1.5,-0.281106,4.18563,,
PGCC G68.11+1.85,298.83544889,31.81479111,7.04488,2.12,0.755193,3.31735,,
PGCC G28.25+5.98,275.397675,-1.42048389,15.9939,2.46,0.940564,6.49129,,
PGCC G339.20+1.19,249.71879611,-45.06928611,6.98566,1.15,-1.2213,6.08074,,
PGCC G355.74+3.28,260.56530806,-30.73584,7.83154,1.54,0.068975,5.07146,,
PGCC G95.34-5.21,329.20324694,48.08045611,10.8168,1.9,0.723525,5.69001,0.319154,0.728338
PGCC G300.27-0.25,186.98150611,-62.99921389,6.73844,1.29,-0.561706,5.23347,,
PGCC G65.82+0.61,298.68725611,29.21784194,7.63238,1.28,0.68848,5.96284,3.39,6.65247
PGCC G36.98-15.58,298.55252111,-3.55241389,18.309,2.64,-0.637625,6.92362,,
PGCC G302.80+7.82,192.624405,-55.05000306,9.36682,1.62,0.236583,5.78633,0.45,0.963689
PGCC G294.19+6.17,177.330795,-55.64744194,,,,,,
PGCC G36.62-0.11,284.63681,3.23345694,10.4334,1.44,-0.236006,7.22308,4.39,11.0858
PGCC G120.81+22.42,350.18026694,84.91684694,9.44124,1.17,0.381906,8.06433,0.38,0.964516
PGCC G104.02+9.27,324.28945889,64.74417889,,,,,,
PGCC G11.90+6.15,267.32135,-15.58339611,18.247801,2.55,-1.55757,7.15147,-0.99,
PGCC G81.96+2.47,307.86517306,43.711945,12.0142,2.54,1.31875,4.72453,2.42,5.30358
PGCC G295.64-13.12,165.44955389,-74.42222611,12.2693,1.66,0.143246,7.40727,,
PGCC G93.28-1.56,323.21838389,49.52772111,13.7003,2.53,-1.21816,5.40782,0.132434,0.331591
PGCC G169.88-8.92,71.17381306,31.97512806,8.19633,1.93,-0.859081,4.24551,0.14,0.240231
PGCC G147.68-7.26,51.29712694,48.09024,,,,,,
PGCC G326.79-1.12,238.20819111,-55.35766194,7.71047,1.27,-1.28443,6.09139,,
PGCC G336.52+18.62,231.99957306,-33.85062,13.1705,1.34,0.473356,9.83689,,
PGCC G78.06+3.77,303.41473389,41.24591389,5.73355,1.15,1.33112,4.98877,,
PGCC G10.28+17.82,256.282745,-10.76512306,8.01237,1.64,-0.251519,4.88309,0.218776,0.398065
PGCC G148.40+10.58,73.15190889,60.87669389,11.0681,1.74,-1.11771,6.36975,,
PGCC G342.19-7.40,262.28878806,-47.91114,10.1113,2.16,0.977853,4.69044,-1.57,
PGCC G219.57-11.11,95.854385,-10.88680389,,,,,0.415,
PGCC G313.39+7.43,210.68417389,-53.984585,7.75357,1.62,0.463769,4.78077,0.61,1.08033
PGCC G211.30-25.44,79.278755,-9.958795,9.24897,1.76,-0.566069,5.25577,,
PGCC G247.99-0.79,119.82093,-31.15530611,5.53817,1.29,-0.957595,4.30292,,
PGCC G223.51-9.81,98.77240806,-13.809295,8.13307,1.24,-0.998326,6.54024,,
PGCC G94.92+7.62,313.97366306,57.055965,15.3743,2.4,-1.56784,6.41787,0.14388,0.41574
PGCC G138.76+9.06,55.44524806,66.5494,,,,,,
PGCC G280.73+13.24,161.96673611,-44.23681306,9.9644,1.03,-0.693836,9.70964,,
PGCC G198.52+13.77,109.02865611,18.88631611,7.01433,1.67,-0.222664,4.19971,,
PGCC G23.53-7.52,285.35546889,-11.75727694,,,,,,
PGCC G104.46+10.03,323.821625,65.59351306,,,,,,
PGCC G117.95-2.90,2.99507111,59.5854,10.6322,1.76,-0.517724,6.0269,,
PGCC G214.35-12.87,91.9823,-7.07065111,10.0068,1.45,-0.053856,6.89704,0.415,1.00289
PGCC G199.09+11.99,107.56334694,17.63323806,,,,,,
PGCC G167.69-1.28,76.84184306,38.43555806,14.7464,2.66,-0.881126,5.53465,0.65,1.70816
PGCC G302.48-14.63,190.81677194,-77.49829889,6.30879,1.72,0.78801,3.67126,0.17,0.237989
PGCC G38.06-12.50,296.307465,-1.20437694,14.2337,1.86,-0.841197,7.66166,,
PGCC G229.54-8.04,103.13216389,-18.399725,8.63209,1.39,0.111385,6.20825,0.56,
PGCC G143.20+10.62,65.86602806,64.77252194,,,,,,
PGCC G302.60-3.00,192.05844111,-65.86985806,16.083401,2.27,0.067244,7.09956,,
PGCC G169.87-9.67,70.49566694,31.49668889,11.7472,1.87,-0.793707,6.29097,0.14,0.350091
PGCC G173.70-15.21,68.459785,25.05267,13.2502,2.63,0.179036,5.04731,0.23,0.547136
PGCC G340.04-2.70,254.78961194,-46.92612111,7.74447,1.48,0.89683,5.23458,,
PGCC G130.75-1.07,29.06040194,60.81002389,8.43723,1.14,-0.86053,7.39771,0.124738,0.286665
PGCC G246.53-3.90,115.817825,-31.49384889,,,,,,
PGCC G214.20+3.25,106.32875111,0.35393611,16.9888,3.33,-0.41455,5.10653,,
PGCC G214.90-12.76,92.322075,-7.50347889,8.69744,1.32,0.463321,6.59711,0.415,0.914424
PGCC G209.15-13.80,88.86881306,-2.96288694,16.070999,2.36,0.545066,6.82372,0.415,1.26418
PGCC G254.78+1.78,126.875725,-35.40314111,17.0291,2.86,-1.39493,5.96258,,
PGCC G315.92-21.92,261.89950611,-77.09593194,,,,,,
PGCC G354.32+8.81,254.46475194,-28.622135,12.7639,2.31,-0.207723,5.52631,,
PGCC G158.79-22.80,51.079205,29.22491611,9.6256,2.16,-0.888555,4.46014,,
PGCC G253.01+61.23,171.07649194,7.11919194,12.8459,2.14,-1.19618,6.01318,,
PGCC G28.53+16.83,265.89135694,3.81638694,8.96635,1.65,0.632736,5.43644,,
PGCC G338.73-1.02,251.67948889,-46.87166611,8.0421,1.37,-0.550729,5.88931,3.92,7.84747
PGCC G162.90-7.61,66.76322889,37.99662,,,,,0.14,
PGCC G89.32-3.13,320.60012806,45.65397611,,,,,0.81,
PGCC G236.34+0.90,114.85778806,-20.26489306,12.3319,2.33,-0.475258,5.29777,,
PGCC G28.94-0.04,281.06921389,-3.57098111,,,,,4.64,
PGCC G166.33-1.17,75.89093,39.58422111,16.9659,2.37,-0.474146,7.17234,,
PGCC G274.36-29.28,91.219185,-64.79048889,11.3262,2.4,0.416753,4.71128,,
PGCC G47.94-6.03,295.23797611,10.44408694,7.95597,1.26,-1.03053,6.33529,0.47,0.970632
PGCC G277.94-3.18,143.58718889,-56.17279389,11.1108,1.5,-0.578139,7.42393,,
PGCC G135.87-6.97,34.88965194,53.66906389,8.4103,1.63,-0.323673,5.16036,,
PGCC G154.29-2.89,63.01145889,47.39160889,,,,,0.56,
PGCC G211.70+2.28,104.32795,2.133015,7.29294,1.53,-0.541038,4.75741,0.62,1.06232
PGCC G116.69-0.32,359.51834111,61.90348111,10.7188,1.68,0.641393,6.38796,1.11,2.6718
PGCC G113.83+1.46,352.56475806,62.88785194,10.3375,1.49,-1.02749,6.94911,0.47,1.15877
PGCC G41.44+1.98,284.98562611,8.467925,7.8235,1.4,-0.242919,5.58496,,
PGCC G94.93-2.50,326.09967,49.920555,6.11385,1.46,1.18653,4.19198,0.149279,0.219833
PGCC G116.64-9.87,2.64187,52.50539,7.51107,1.14,0.203246,6.61382,,
PGCC G212.97-10.74,93.29647111,-4.90592694,16.116501,1.8,-0.559604,8.92885,,
PGCC G95.22+10.68,309.752655,59.17637611,10.4019,2.94,-1.20392,3.53825,0.196789,0.347279
PGCC G353.91+0.25,262.326385,-33.94447306,11.4985,2.5,-0.046165,4.59716,3.67,7.76171
PGCC G197.16-13.25,83.74785611,7.524955,,,,,0.346737,
PGCC G241.43-6.76,110.12554194,-28.38002,16.9576,3.88,-0.444664,4.36679,,
PGCC G16.39+8.43,267.59249889,-10.58962306,15.6664,1.74,-1.29414,9.01904,,
PGCC G314.73-28.44,292.77392611,-79.48680889,12.9971,1.71,-0.341512,7.61449,,
PGCC G212.13+3.99,106.04823306,2.52537694,15.3261,2.57,1.27403,5.97041,,
PGCC G247.37-3.04,117.18135111,-31.78691111,,,,,0.59,
PGCC G78.93-15.77,322.68978889,29.48469889,15.2002,3.3,1.22137,4.60358,,
PGCC G28.04-8.06,287.85885611,-7.99900694,16.8158,2.51,0.836175,6.70601,,
PGCC G101.47+6.00,324.98162806,60.62053306,,,,,0.48,
PGCC G74.14-49.02,343.26965306,2.30626694,,,,,,
PGCC G212.65-28.52,76.94137611,-12.35195194,,,,,,
PGCC G307.27-8.60,206.15267889,-71.01779889,7.86813,1.63,0.410264,4.81694,,
PGCC G30.72+0.15,281.72073389,-1.89782889,8.96243,1.45,0.712178,6.20205,,
PGCC G156.17+1.23,69.39449306,48.93951806,8.15076,1.79,-0.925776,4.55775,,
PGCC G327.16-0.34,237.841385,-54.51576194,17.083599,4.33,-0.355371,3.94769,5.22,12.4698
PGCC G215.25-10.43,94.57853694,-6.77619,7.28521,1.52,-0.649528,4.80831,,
PGCC G306.58+6.16,199.44059806,-56.528965,10.4941,1.68,1.45555,6.23478,,
PGCC G138.84+4.60,49.62045694,62.83780694,11.5949,1.69,-0.382507,6.85262,0.45,1.16681
PGCC G13.36-0.27,273.89697306,-17.477945,9.77562,1.95,0.32474,5.02089,4.82,9.82283
PGCC G248.53+9.08,129.48594694,-26.08159111,13.9522,2.76,-0.689558,5.04733,,
PGCC G349.57+13.10,247.275955,-29.46670306,11.359,3.39,0.542841,3.3479,0.12,0.21526
PGCC G334.71+18.05,230.70820611,-35.31193889,,,,,,
PGCC G152.76+9.42,76.36846194,56.74657806,11.7918,1.61,-0.647001,7.33221,0.44,1.19011
PGCC G93.87+6.26,314.63070694,55.38748194,9.11577,1.9,0.867996,4.79231,-0.69,
PGCC G127.50-5.16,21.32687611,57.41311306,9.27192,1.8,-0.775717,5.1422,,
PGCC G145.83+10.50,69.61263306,62.77194611,8.74031,1.53,0.837148,5.7222,0.49,1.00802
PGCC G221.85+2.14,108.86937694,-6.94463306,18.6693,3.69,0.918741,5.06228,,
PGCC G150.80-11.93,51.19921111,42.49111194,8.05126,1.4,-1.53761,5.74716,0.212814,0.4211
PGCC G23.10+10.55,268.96994,-3.7797,14.2222,2.03,0.829174,6.98968,,
PGCC G165.54+8.83,86.60765111,45.83266111,8.11248,1.62,-0.533897,5.02089,,
PGCC G17.02+10.36,266.20364389,-9.09341,17.3489,2.76,-0.051115,6.27516,-0.82,
PGCC G145.02+11.20,69.62788389,63.83520889,8.01277,2.08,-0.640871,3.84404,,
PGCC G26.52+2.64,277.57449306,-4.48689,10.0261,1.59,0.67709,6.29379,0.26,0.60079
PGCC G343.16-2.96,257.78762806,-44.59813306,12.0985,2.18,-0.499278,5.53961,,
PGCC G144.00+3.31,56.71841,58.80690806,9.09744,1.77,-0.377187,5.13379,,
PGCC G9.94+22.71,251.98036194,-8.31444694,9.95951,2.12,0.480956,4.70343,0.188799,0.375883
PGCC G92.95+9.41,309.209595,56.62420306,8.33035,2.66,-1.54455,3.1333,0.44,
PGCC G133.35+23.46,83.86065694,79.900665,16.928801,2.01,-1.24166,8.43015,,
PGCC G155.98-0.64,67.13765694,47.80892194,11.298,1.41,-0.99574,8.01594,-1.36,
PGCC G105.28+13.32,319.28454611,68.48403194,8.00208,1.97,-0.306148,4.06787,,
PGCC G163.06-18.29,57.93395611,30.19740694,12.4788,1.77,0.452533,7.04751,0.14,
PGCC G67.66-0.62,301.00991806,30.12994611,12.196,2.73,0.524989,4.46949,,
PGCC G335.49+21.13,229.32205194,-32.37052889,11.1229,2.65,0.828879,4.19144,,
PGCC G332.85+0.86,243.53688,-49.85521694,18.5201,3.45,1.39347,5.36056,3.26,9.44869
PGCC G167.43-16.98,62.43521889,28.29428306,8.79943,1.34,0.100804,6.56738,0.14,0.309584
PGCC G237.13+1.38,115.72283889,-20.71388194,7.57626,1.46,-0.510492,5.20412,,
PGCC G88.01+2.69,312.98004194,48.62129611,12.357,2.68,0.423983,4.60678,,
PGCC G77.35+5.08,301.43533306,41.35745611,7.90798,1.97,0.848805,4.01171,-1.06,
PGCC G187.60-2.85,88.02127111,20.95085,,,,,0.92,
PGCC G26.56-3.91,283.44638111,-7.44261111,13.078,2.51,1.56079,5.21526,,
PGCC G102.22+3.24,329.62710611,58.96985611,8.13972,1.69,-0.471303,4.82885,0.88,1.60486
PGCC G136.67-1.59,39.78206306,58.38184694,11.6369,1.64,-0.154424,7.10647,0.48,1.26974
PGCC G331.13+0.99,241.41342194,-50.93165611,,,,,,
PGCC G121.09+30.43,218.55500806,86.32710306,11.779,1.92,-0.193638,6.15021,,
PGCC G178.59+9.65,95.55348194,34.84483306,,,,,0.295121,
PGCC G117.20-3.04,1.58639806,59.32977694,13.0197,1.86,0.261946,7.01618,,
PGCC G344.49-3.21,259.16119389,-43.66393306,9.87966,2.95,0.671389,3.35235,,
PGCC G168.65-0.69,78.17540694,38.011055,9.21567,2.11,-0.27247,4.3674,0.63,1.16263
PGCC G138.53+5.03,49.54140111,63.36523111,10.3625,2.42,-0.389135,4.28626,0.52,1.00809
PGCC G266.49+4.81,139.48851,-42.468575,10.4873,2.44,-1.13213,4.30431,0.61,1.19218
PGCC G103.07-15.06,345.91494806,43.62093389,,,,,,
PGCC G211.64-12.31,91.29905694,-4.45257306,,,,,0.415,
PGCC G128.23+10.94,30.99588194,73.06433889,14.9719,2.08,-0.80467,7.18743,,
PGCC G145.74+11.46,71.09700806,63.46232194,11.0373,1.78,-0.738471,6.19124,,
PGCC G191.06-12.19,81.54736306,13.16863389,6.29765,1.15,-1.09975,5.488,,
PGCC G339.02+14.75,237.19014,-35.40984,8.70541,1.94,0.642349,4.49886,,
PGCC G158.16-19.17,53.08456389,32.47324806,,,,,0.14,
PGCC G128.04+11.23,30.62882389,73.38857306,,,,,,
PGCC G207.95-2.58,98.283485,3.25300306,10.5667,3.36,-0.627607,3.14092,0.74,1.2401
PGCC G337.34-1.58,250.96217306,-48.29311389,11.6943,2.55,0.330685,4.59138,,
PGCC G118.90-1.79,4.58254111,60.81846611,14.555,3.15,-0.545074,4.61453,,
PGCC G155.70-4.46,62.93649694,45.28334389,17.865101,2.88,-0.560276,6.20391,,
PGCC G242.23+68.15,173.21246306,15.139455,12.8198,3.4,-1.22384,3.76785,,
PGCC G144.25+11.27,68.62471806,64.449135,6.64249,1.31,-0.123157,5.05283,,
PGCC G344.97+9.92,246.42984,-34.93096889,,,,,,
PGCC G118.32-3.93,3.98723194,58.62278694,10.6352,1.62,-0.76957,6.57234,,
PGCC G127.77-1.68,22.81811889,60.818115,,,,,0.5,
PGCC G334.20-0.21,246.18640111,-49.66836889,,,,,4.74,
PGCC G192.70+0.32,93.61235806,18.07702611,,,,,,
PGCC G80.93-4.76,314.53692611,38.41215111,8.43208,1.38,-1.55698,6.12762,,
PGCC G5.09+9.95,260.20358306,-19.30857306,11.1637,1.86,-0.058504,5.98893,0.12,0.285422
PGCC G34.21-6.93,289.61050389,-2.02213,14.9295,2.68,0.912079,5.57982,0.46,1.22129
PGCC G5.03+2.28,267.13983194,-23.45427889,,,,,,
PGCC G182.86-3.06,85.16735806,24.89360389,8.8435,2.03,-0.688381,4.35723,0.62,1.11953
PGCC G245.98+2.46,121.75945306,-27.73346111,,,,,,
PGCC G329.04+3.10,236.73922694,-50.65759306,,,,,,
PGCC G179.48+3.79,89.87769306,31.31126,11.3713,1.56,-0.031701,7.30892,,
PGCC G124.46-0.79,16.11333111,62.04019889,15.4171,3.37,-1.25521,4.5692,,
PGCC G78.09-1.55,309.08880611,38.20208389,8.25701,1.48,1.04855,5.56478,,
PGCC G116.24-2.56,359.54064889,59.62121611,,,,,,
PGCC G206.57-21.82,80.60085306,-4.470555,16.3946,2.16,0.363556,7.58991,,
PGCC G127.70+12.69,30.98159194,74.88442194,10.7524,2.15,-0.563409,5.00526,0.47,1.00297
PGCC G179.19-26.08,63.22113,14.10102806,13.2249,3.5,-0.501514,3.77741,,
PGCC G171.68-14.30,67.80052194,27.13073694,4.90995,1.55,0.23737,3.17635,0.23,0.264215
PGCC G133.24+9.16,43.24778,69.55986,9.8826,1.9,-0.910095,5.19235,,
PGCC G1.36+25.92,244.62330611,-12.69205,,,,,,
PGCC G18.95+8.00,269.231445,-8.597675,9.73217,1.67,-0.201883,5.81552,,
PGCC G125.20+20.93,31.81935306,83.46755194,13.3441,2.56,0.00289,5.20283,,
PGCC G193.51+4.65,98.059715,19.38409611,14.1404,1.93,0.712924,7.34055,,
PGCC G223.31-1.82,105.99733,-10.06427889,7.26265,1.15,-0.558578,6.29624,0.5,0.983524
PGCC G139.24+0.51,46.02062194,59.11594389,8.05185,1.82,-0.808102,4.42573,0.71,1.23289
PGCC G179.83-2.36,84.02504694,27.83312,7.72586,1.26,0.163464,6.1492,,
PGCC G139.31-2.14,43.77882,56.74150806,13.9497,2.1,-1.14266,6.62853,-0.77,
PGCC G341.67-2.00,255.44270306,-45.203705,,,,,,
PGCC G339.81-3.48,255.48953194,-47.58583111,10.6302,1.67,-0.673162,6.37896,,
PGCC G306.91-0.55,201.68766806,-63.14875,10.8273,1.63,-0.818288,6.63924,,
PGCC G343.18-3.12,257.98748806,-44.67961111,8.78672,1.8,0.512406,4.8775,-1.29,
PGCC G129.71-47.31,17.615,15.30943611,11.5663,2.29,-1.26839,5.05342,,
PGCC G353.07+1.08,260.93020611,-34.17487306,7.71303,1.87,0.128038,4.12916,1.35,2.21617
PGCC G189.32+4.61,95.95951111,23.08155611,,,,,,
PGCC G304.27-20.37,203.44680806,-83.13144694,11.0224,1.86,0.237647,5.93991,0.17,0.400132
PGCC G120.45+1.12,7.22437889,63.88224,12.9769,2.08,0.985071,6.23902,,
PGCC G73.07-7.63,311.24923694,30.53536,15.5319,2.39,-0.162399,6.51173,,
PGCC G319.99+3.82,223.50154111,-54.94232611,14.9855,3.45,0.58176,4.34097,,
PGCC G102.81+8.42,323.60327111,63.30949,,,,,,
PGCC G168.46-9.33,69.73624389,32.77079389,,,,,0.14,
PGCC G201.84-13.38,85.890015,3.49834806,,,,,0.415,
PGCC G77.40+7.14,299.10299694,42.47781806,7.44088,2.21,0.652726,3.36934,,
PGCC G302.10+7.11,191.38902306,-55.75039694,16.9629,3.11,0.584924,5.45494,0.56,1.56697
PGCC G131.98+4.36,35.20888111,65.65148889,12.0997,1.81,0.423366,6.68324,-1.07,
PGCC G231.73-10.02,102.24031806,-21.20745306,12.9994,1.68,0.72985,7.72767,,
PGCC G6.72+3.94,266.54028306,-21.15815194,10.555,2.39,0.568369,4.41391,,
PGCC G258.16-5.23,121.83895889,-42.122295,,,,,,
PGCC G305.06+9.31,196.38821389,-53.50112194,12.5467,1.81,0.437976,6.94061,,
PGCC G176.02+0.15,84.10329389,32.38891194,,,,,,
PGCC G153.71+1.42,67.01248194,50.87167,8.34116,1.24,0.980293,6.74152,,
PGCC G203.75-18.49,82.288895,-0.56736194,13.2858,1.97,1.1491,6.7323,0.235505,0.647892
PGCC G20.86-1.49,278.63439889,-11.41034889,12.6439,1.99,0.744823,6.36629,,
PGCC G28.72+4.07,277.31445306,-1.88359194,,,,,0.26,
PGCC G228.09-7.87,102.63625306,-17.03782306,16.827101,3.19,1.04489,5.27124,0.222843,0.610502
PGCC G340.33+0.98,251.00543194,-44.35821889,8.86465,1.65,-1.08581,5.3698,4.09,8.20842
PGCC G63.73-4.16,302.00906389,24.92436389,9.49294,1.37,0.018426,6.95132,0.54,1.27601
PGCC G295.53+5.10,179.24028,-56.98854806,,,,,,
PGCC G223.39-5.33,102.84336889,-11.72821611,9.03681,2.71,-0.46613,3.3355,,
PGCC G112.28-4.37,353.14852889,56.85886389,15.0359,2.71,-0.997573,5.54913,,
PGCC G253.10-4.29,119.42690306,-37.34655,,,,,,
PGCC G311.26+2.64,209.25665306,-59.17070389,13.6165,2.57,1.02078,5.29283,,
PGCC G174.64-19.71,65.39780389,21.42784306,12.7949,2.36,-0.54531,5.41567,0.23,0.556928
PGCC G0.13+10.21,257.00906389,-23.18718,18.554899,2.59,1.30652,7.16997,,
PGCC G179.02+7.38,93.33773806,33.43558111,17.6425,3.11,-1.44552,5.67266,0.238781,0.694865
PGCC G86.99+12.49,299.20129389,53.33491111,13.0541,2.22,0.664498,5.88264,,
PGCC G317.57+9.03,216.30343611,-51.16218611,9.0734,1.8,0.426155,5.04752,0.53,1.04334
PGCC G115.73+9.95,349.91012611,71.52973194,7.70798,1.17,0.05054,6.5733,,
PGCC G152.52-5.91,58.15748194,46.28854806,12.2723,2.12,-0.684226,5.77672,,
PGCC G294.35-17.52,151.545105,-77.54689806,,,,,,
PGCC G220.89-16.45,91.460815,-14.31922194,,,,,,
PGCC G50.58+6.70,284.88519306,18.73788806,13.0828,2.26,0.723453,5.79787,0.44,1.11472
PGCC G152.71-0.87,63.36928611,49.94916194,11.3509,1.5,-0.405587,7.55812,,
PGCC G189.10-9.65,82.71149389,16.14769889,,,,,,
PGCC G116.88-4.84,1.583825,57.501415,11.0271,2.43,-1.04188,4.54373,,
PGCC G179.36-16.80,70.84906,19.83387611,,,,,0.295121,
PGCC G221.37-4.12,103.02465111,-9.377515,12.3925,2.06,-0.507379,6.00857,,
PGCC G90.24+13.57,300.220795,56.62087194,10.3316,1.42,1.0717,7.27619,,
PGCC G120.59-5.77,8.57745194,57.02515806,6.01485,1.46,-0.669785,4.10789,,
PGCC G178.14+1.53,86.79834,31.31591611,10.0708,2.92,-0.857989,3.45189,0.193197,0.33135
PGCC G25.68-0.14,279.66287194,-6.51366806,5.8155,1.48,0.526416,3.91667,4.69,6.51106
PGCC G10.61+12.83,260.74957306,-13.19904694,10.4222,2.07,0.2284,5.02966,0.204174,0.430008
PGCC G279.08-4.10,143.99223306,-57.61876694,6.95297,1.2,-0.210973,5.77381,,
PGCC G204.68-5.24,94.403015,4.90837389,14.4674,2.98,-0.536092,4.86201,,
PGCC G174.55+5.53,88.75363194,36.44128806,7.92756,1.83,-0.391174,4.32149,,
PGCC G301.35+1.39,189.558075,-61.44400389,10.5214,1.39,-0.978007,7.59565,,
PGCC G100.75-0.75,331.82012889,54.89339806,,,,,1.35,
PGCC G295.41+0.43,176.93463111,-61.50873611,9.10186,1.39,-0.363304,6.5349,,
PGCC G287.06-2.78,158.18614194,-61.29976306,7.1655,1.5,-0.830124,4.78674,,
PGCC G151.22+8.89,73.89645389,57.65173694,,,,,0.32,
PGCC G127.98+6.03,26.58682111,68.36147306,7.77859,2.08,-0.397982,3.7478,,
PGCC G345.16-4.09,260.67962611,-43.61799194,7.81535,1.33,0.277606,5.85531,0.225,0.44275
PGCC G267.22+80.10,186.76570111,18.95834889,9.74183,1.31,-1.29579,7.40971,,
PGCC G155.98-11.23,57.151085,40.01344306,17.8447,3.41,-1.206,5.22884,0.14,0.39338
PGCC G168.85-10.79,68.73485611,31.51761806,17.5357,2.99,0.330306,5.8723,,
PGCC G197.82+6.07,101.41915889,16.20039694,7.50679,1.35,-0.985922,5.57523,,
PGCC G78.32-6.03,313.65939306,35.60505306,8.8928,1.22,1.37065,7.30436,,
PGCC G60.78-9.89,305.46008306,19.34459889,11.9072,2.59,0.630566,4.59206,,
PGCC G175.12+2.13,85.52910611,34.206455,8.14949,1.62,-0.374538,5.03375,,
PGCC G336.29+20.34,230.59008806,-32.58501111,6.09433,1.13,0.232823,5.40719,,
PGCC G180.29+1.74,88.28457611,29.578915,9.96456,1.82,-1.31275,5.46777,,
PGCC G118.65+3.04,2.47945889,65.56768,,,,,,
PGCC G114.43-2.62,356.12985194,59.14779694,9.39908,1.44,-0.383196,6.50583,-0.75,
PGCC G1.79+26.24,244.61581389,-12.19052806,8.01287,1.26,-1.13376,6.38175,,
PGCC G218.59-13.16,93.54852306,-10.90880611,14.2399,3.39,-0.395957,4.20065,,
PGCC G103.68+11.30,320.30499306,65.96299694,7.70121,1.69,-0.908595,4.5438,,
PGCC G1.84+10.27,258.00668306,-21.77110306,7.53922,1.12,-0.65898,6.7426,,
PGCC G102.29-1.88,335.15191694,54.82617611,9.72007,2.02,-1.21195,4.81353,,
PGCC G23.45-0.52,278.97589111,-8.67064889,7.6527,1.33,-0.14502,5.75092,4.65,8.97337
PGCC G98.15+5.34,321.13970889,57.88501,,,,,,
PGCC G2.24+20.14,249.82334889,-15.63652694,11.0538,1.4,1.44356,7.88834,0.12,0.325954
PGCC G124.90+7.02,18.539165,69.80062111,17.130301,2.37,0.673813,7.21375,0.54,1.74616
PGCC G101.49+18.61,301.70477306,68.52648889,5.97363,1.09,0.918326,5.48372,,
PGCC G149.59-1.54,58.97963694,51.52834306,10.3139,1.56,-0.489146,6.59462,0.76,1.82325
PGCC G24.22-17.77,295.19836389,-15.52079389,13.1449,3.37,0.841795,3.90215,,
PGCC G92.43-0.37,320.99862694,49.80363111,14.3607,3.07,1.43614,4.67462,,
PGCC G300.66-3.34,187.24269111,-66.11691306,11.5198,1.94,-0.250755,5.94052,,
PGCC G49.49-0.97,291.457825,14.23496806,7.27247,1.52,1.44324,4.79212,6.01,
PGCC G296.68-15.12,165.74301111,-76.65602889,9.01183,2.76,0.407713,3.27096,0.17,0.268485
PGCC G119.54-2.01,5.91663194,60.676865,8.94929,1.6,0.395964,5.57676,,
PGCC G164.74+1.98,77.98587,42.74442694,10.9024,1.81,-1.38497,6.01692,0.9,2.1204
PGCC G128.36+8.00,28.89737306,70.19509111,11.2269,2.05,0.74456,5.47912,0.31,0.707252
PGCC G261.29+0.73,130.77796889,-41.24567806,7.03202,1.28,-0.117372,5.48013,-1.04,
PGCC G243.47-3.61,114.37892889,-28.68611694,9.78817,1.73,-0.427136,5.66209,,
PGCC G342.75+22.12,234.82612611,-27.48990111,10.6198,2.12,0.671222,5.01004,,
PGCC G358.49+6.15,259.63543694,-26.84465194,7.24705,1.75,1.06009,4.14366,0.12,0.191285
PGCC G93.53+8.78,310.750885,56.70531111,10.7989,1.54,-0.230096,7.02798,0.292415,0.741022
PGCC G93.13+1.65,319.52334611,51.73093806,11.0189,1.74,-1.42279,6.34183,0.215774,0.524689
PGCC G166.38-13.46,64.50965889,31.48577111,,,,,,
PGCC G125.93+17.30,29.22511306,79.79193889,10.5276,2.63,-0.989217,3.99963,,
PGCC G159.90-17.39,55.94228389,32.834995,8.51447,1.04,1.32434,8.21104,0.14,0.340512
PGCC G168.36+1.23,79.959595,39.35960806,10.7022,1.78,-1.37707,6.01992,,
PGCC G164.56-5.30,70.35035694,38.33315306,15.118,2.99,-0.606775,5.05844,0.33,0.839453
PGCC G265.44-3.33,129.85766611,-47.00684694,9.86311,1.4,1.21673,7.0379,-1.3,
PGCC G132.74-10.20,28.47547694,51.47366694,11.7005,1.51,-1.48643,7.7249,,
PGCC G214.36-15.09,89.97670694,-8.05602,12.2455,2.54,-0.556412,4.81957,,
PGCC G13.50+4.70,269.446655,-14.92921111,10.8643,1.81,1.42822,6.01708,,
PGCC G23.11+11.48,268.15515111,-3.32254194,8.84596,1.46,-1.36173,6.04314,,
PGCC G300.33+4.78,187.971405,-57.98868194,10.6753,1.85,0.733809,5.76582,,
PGCC G339.16+22.03,231.92988611,-29.63307194,14.2382,2.28,0.556446,6.2424,,
PGCC G272.47+2.00,142.77055389,-48.65341611,7.34824,1.37,-1.56515,5.36973,0.94,1.7176
PGCC G57.30-38.95,327.75201389,-0.05605194,,,,,,
PGCC G291.68+3.51,171.609085,-57.49684111,13.5591,2.6,1.17056,5.21512,,
PGCC G192.99-16.49,78.83840194,9.30370611,7.08255,1.62,-0.431286,4.37431,,
PGCC G293.36-0.86,171.99394194,-62.16624806,7.09763,1.2,1.39397,5.91737,3.37,6.35298
PGCC G195.05-12.09,83.70227111,9.89048389,12.6907,2.21,-0.410405,5.74098,,
PGCC G37.55+1.79,283.37091111,4.92724389,,,,,-2.76,
PGCC G354.81+0.80,262.36746194,-32.88639111,6.14252,1.25,0.765404,4.90807,4.62,7.37899
PGCC G313.64+3.56,213.11190806,-57.613445,,,,,,
PGCC G93.02-4.30,325.68096889,47.31821389,10.6668,2.44,-0.820157,4.37528,0.206063,0.409494
PGCC G340.05+7.69,244.14456194,-39.96513,12.1673,1.55,-1.56914,7.82806,-0.74,
PGCC G358.79-0.36,266.02783194,-30.157705,6.70119,1.23,-0.863151,5.42967,4.99,8.75568
PGCC G125.85+16.35,27.54661611,78.89167806,14.7949,2.19,-0.466076,6.75317,,
PGCC G277.99+1.20,148.559265,-52.87397806,10.7803,2.11,-1.07797,5.10784,,
PGCC G73.82-5.39,309.69305389,32.49437694,13.0906,2.71,0.858232,4.82904,-1.17,
PGCC G343.29+13.40,242.03204306,-33.64729694,11.6387,1.87,1.23548,6.22261,,
PGCC G243.43-2.45,115.50959,-28.08051306,9.25931,1.53,-1.24933,6.04042,,
PGCC G281.82+1.34,153.94833389,-55.02178611,8.81471,1.13,-1.22588,7.81953,,
PGCC G126.65-53.44,15.10202,9.36851611,11.0693,1.77,1.57024,6.25431,,
PGCC G169.38-12.89,67.31150111,29.73585306,8.13074,2.38,-0.742224,3.42075,0.14,0.214773
PGCC G130.48-6.50,26.21719,55.58279806,7.99987,1.12,0.342186,7.1651,0.200447,0.441447
PGCC G126.63-0.59,20.76701194,62.05162,12.8927,1.88,-0.079094,6.8628,,
PGCC G37.66-2.26,287.030365,3.17344611,,,,,,
PGCC G305.61+0.53,198.619415,-62.22069889,14.8674,2.78,0.267466,5.35039,,
PGCC G98.37+2.84,324.58303806,56.20529889,,,,,-1.73,
PGCC G194.19-0.76,93.36618,16.24758,,,,,2.8,
PGCC G19.96+20.77,258.56561306,-1.439375,12.4749,1.43,-0.299026,8.72106,,
PGCC G24.70-18.27,295.85961889,-15.30669194,,,,,,
PGCC G151.23+1.08,63.79664611,52.382,13.2944,2.59,-0.765603,5.14001,0.197697,0.475384
PGCC G260.99-30.35,87.6353,-53.29057306,10.1284,1.53,-0.573603,6.61283,,
PGCC G331.26-22.97,279.940765,-64.05742611,11.3119,1.85,0.152946,6.10532,,
PGCC G266.52-6.01,127.57761389,-49.46482806,15.9055,2.41,1.39738,6.61031,,
PGCC G236.31-8.14,106.20714611,-24.46421389,14.6507,2.3,1.54326,6.3802,,
PGCC G142.60+6.56,58.68873194,62.209755,,,,,,
PGCC G143.21+3.05,55.20646694,59.08473194,16.387199,2.54,0.293026,6.4598,-1.08,
PGCC G357.70-4.82,269.900635,-33.36529889,9.31089,1.47,-1.24929,6.35489,,
PGCC G310.51+4.83,206.90730306,-57.20840111,13.8622,2.05,0.87486,6.77754,,
PGCC G126.98-1.60,21.22993306,61.00412806,,,,,0.78,
PGCC G266.64+9.56,144.01322889,-39.17327889,,,,,,
PGCC G66.94-8.30,307.76773111,25.26005694,15.0486,3.52,0.701349,4.28114,,
PGCC G103.41+6.55,327.29776,62.29799306,7.72212,1.12,1.19541,6.87314,,
PGCC G310.98-29.66,304.39444,-82.48536694,,,,,,
PGCC G38.03+1.84,283.54870611,5.37340389,16.299999,3.71,0.844319,4.39563,0.89,2.19139
PGCC G204.62-11.19,89.11814111,2.15881194,9.16552,2.73,-0.763318,3.35408,0.415,0.66933
PGCC G153.50+37.37,132.30207806,62.34749611,9.06632,2.43,-0.310551,3.73027,0.35,0.59208
PGCC G14.24-8.11,281.68612694,-20.28803389,9.32076,1.41,1.00063,6.58768,-1.24,
PGCC G297.22-15.37,167.42773389,-77.095795,,,,,0.17,
PGCC G215.92-17.98,87.997635,-10.65188694,13.1573,2.68,-0.311728,4.90553,0.415,0.969842
PGCC G21.09+4.61,273.27111806,-8.35617194,,,,,,
PGCC G65.85+17.31,280.83944694,36.68893389,16.1982,2.9,0.547506,5.58172,,
PGCC G199.77-1.55,95.37120111,10.96809306,7.47143,1.24,0.037494,6.03456,,
PGCC G98.00-24.28,345.505005,33.24395,,,,,,
PGCC G166.49-13.44,64.61309806,31.42230194,,,,,,
PGCC G112.21-4.29,352.99874889,56.91568806,,,,,,
PGCC G37.77-0.45,285.46929889,4.10086806,,,,,0.95,
PGCC G94.40-34.02,347.36242694,23.13525611,6.8882,1.27,-1.36215,5.42462,0.183654,0.326561
PGCC G171.75-14.18,67.95837389,27.15581694,10.2041,2.73,-0.62552,3.74205,0.23,0.413424
PGCC G24.49-0.52,279.45065306,-7.74600389,12.182,3.5,0.328217,3.47885,4.43,8.38895
PGCC G207.15+55.18,153.97175611,25.18127306,12.0927,1.69,1.21432,7.17274,,
PGCC G261.08-3.24,126.29531111,-43.44640389,8.06158,1.84,-1.39428,4.37998,1.07,1.84951
PGCC G222.00-4.88,102.62285611,-10.28530611,14.1403,2.62,-1.48152,5.39579,,
PGCC G69.67-7.96,309.22406,27.6485,7.99792,2.12,1.02347,3.76693,0.69,
PGCC G195.86-0.28,94.634605,15.009935,,,,,0.85,
PGCC G344.62+10.37,245.73696889,-34.86834,,,,,,
PGCC G91.50+0.11,319.46499611,49.48133111,13.0775,2.35,1.35103,5.57145,-0.74,
PGCC G175.32-32.00,56.37081111,12.64850111,13.0365,2.09,-0.253106,6.22903,,
PGCC G315.59+83.83,194.30621306,21.09823194,17.351999,3.57,0.98675,4.85454,,
PGCC G337.09+24.51,228.49452194,-28.74426806,14.1985,3.16,1.16856,4.4967,,
PGCC G125.16+25.64,66.73558806,87.51090194,9.55266,2.69,-0.340493,3.5521,0.38,0.643894
PGCC G157.20-13.98,56.12399306,37.12558389,12.0313,1.92,-0.572504,6.28075,,
PGCC G195.52+6.99,101.21915389,18.653965,11.5578,2.43,-0.664351,4.75454,,
PGCC G341.84-6.76,261.20874,-47.85682306,7.07841,1.53,-0.031309,4.62022,,
PGCC G132.52-1.69,32.15158806,59.73269694,7.72854,1.42,-1.46444,5.42869,0.89,1.67692
PGCC G317.88+7.72,217.54405194,-52.26748694,9.38348,1.86,0.218379,5.04239,0.56,1.12051
PGCC G210.26-21.49,82.45248389,-7.38413,11.3055,2.89,-0.350386,3.9065,,
PGCC G160.35-9.61,62.69061694,38.37311889,5.58851,1.53,-1.44253,3.64631,0.14,0.183835
PGCC G295.68-17.70,155.97305306,-78.441185,13.9089,2.72,0.664065,5.11748,0.17,0.417206
PGCC G201.93+1.44,99.09710694,10.44105389,7.54949,1.51,-0.949229,4.98473,-1.1,
PGCC G297.52+2.03,181.87193306,-60.37898306,9.37022,1.83,1.57059,5.11499,,
PGCC G121.74-9.57,10.88840889,53.28280611,17.563299,3.43,-0.804759,5.11654,,
PGCC G168.51-16.42,63.71124306,27.939665,13.3446,2.66,-0.316815,5.02049,0.14,0.333335
PGCC G165.46-26.52,53.76271389,22.53614194,8.30318,1.35,-0.02038,6.15286,0.14,0.291082
PGCC G182.54-11.43,77.40039111,20.54328,13.3071,1.85,-0.150684,7.17652,,
PGCC G172.41+7.53,89.641335,39.272915,10.3469,1.81,-1.24364,5.71522,,
PGCC G299.77+3.21,186.63446,-59.50928889,,,,,,
PGCC G152.16+3.14,67.30448194,53.17457611,14.674,2.4,-0.354738,6.117,,
PGCC G237.00-1.92,112.55981389,-22.20975111,,,,,0.8,
PGCC G126.41-6.19,19.14226194,56.51207389,15.7303,3.73,-1.05618,4.22264,,
PGCC G66.34-28.33,324.06326306,12.40689306,,,,,0.459198,
PGCC G335.63-0.16,247.645645,-48.60660194,7.25464,1.61,1.50527,4.51273,3.7,6.15823
PGCC G152.23-2.03,61.59919,49.42020806,,,,,,
PGCC G258.78+3.55,131.62651111,-37.526985,10.3626,1.39,-1.42674,7.46618,-1.14,
PGCC G108.96-52.05,4.18877611,9.87413,,,,,,
PGCC G165.70-22.47,56.87281806,25.43284,9.11847,1.51,0.241486,6.03132,,
PGCC G115.28+5.32,353.00482194,67.00727806,11.2379,1.3,-1.06664,8.66299,-0.73,
PGCC G281.58+14.28,163.65275611,-43.69026611,,,,,,
PGCC G131.10-6.03,27.46828111,55.91181194,7.77206,1.87,-1.21038,4.14566,0.207014,0.341815
PGCC G113.44+15.64,333.45816,75.51917306,,,,,,
PGCC G37.97+1.77,283.57827806,5.29020889,,,,,-1.65,
PGCC G346.48-1.80,259.15435806,-41.23418806,6.30724,1.72,0.045969,3.67321,,
PGCC G166.18+0.01,77.01573889,40.41615694,14.3961,2.16,-0.166244,6.6759,,
PGCC G100.44+16.76,304.68341111,66.75734694,,,,,,
PGCC G227.89+1.97,111.58439611,-12.35602806,8.46559,1.36,-1.54576,6.20353,0.136144,0.286994
PGCC G220.16-18.04,89.67156194,-14.34186389,15.0129,2.34,-1.00033,6.42469,,
PGCC G207.69-16.78,85.56288111,-3.08132389,,,,,0.415,
PGCC G112.73+16.92,328.00601194,76.09993694,8.94781,1.52,0.80127,5.89183,,
PGCC G310.83-1.77,210.80050694,-63.53873111,,,,,2.95,
PGCC G246.66-10.15,109.29875194,-34.52964,7.16106,1.44,-0.89665,4.96113,,
PGCC G66.12-0.82,300.26123,28.72398889,9.96379,2.16,0.959752,4.61101,,
PGCC G222.15-7.54,100.26863111,-11.60617889,11.2113,1.45,-1.08673,7.72057,,
PGCC G173.62-15.22,68.39382889,25.10697,13.8696,2.71,0.266766,5.11461,0.23,0.563499
PGCC G133.07+12.70,48.18137389,72.73146806,9.5583,1.47,-0.241581,6.48106,,
PGCC G234.12-7.90,105.40007806,-22.41073,,,,,,
PGCC G167.60-8.35,69.95237,34.05380611,7.24068,1.4,-0.208319,5.16807,0.14,0.24912
PGCC G215.72+1.30,105.28904694,-1.89177306,6.86583,1.15,-0.345322,5.94597,,
PGCC G178.08+1.04,86.27610806,31.11326389,7.15432,1.37,1.52688,5.23272,,
PGCC G108.67+16.41,318.98342889,72.98197889,14.9444,2.53,-1.1441,5.91112,0.32,0.874884
PGCC G127.34+4.15,23.99674,66.64022111,9.04381,1.44,-0.387922,6.29962,-1.2,
PGCC G203.85+2.78,101.19240611,9.34754194,9.2508,1.3,1.05659,7.11225,0.61,1.4393
PGCC G325.89+5.87,230.18939194,-50.22483111,12.0206,1.52,1.51897,7.92648,-0.63,
PGCC G98.28+2.84,324.46536306,56.14686194,,,,,,
PGCC G335.95+15.73,233.57965111,-36.49280889,9.37911,2.67,0.707205,3.50749,,
PGCC G257.61-2.22,124.77555111,-40.01075694,,,,,-0.96,
PGCC G172.79+7.35,89.67088306,38.85446889,,,,,,
PGCC G288.07+1.33,163.80027806,-58.14391306,10.0041,1.93,1.30112,5.18812,5.84,12.2387
PGCC G167.48-8.89,69.36515806,33.79367111,8.63216,1.91,-0.428668,4.52471,,
PGCC G213.78-20.00,85.25652306,-9.68932889,12.8613,1.5,-0.177783,8.56011,0.415,1.26665
PGCC G20.48-2.41,279.29580694,-12.17406389,9.50328,1.89,0.685469,5.03807,,
PGCC G98.42+6.14,320.43454,58.63694,11.4797,1.84,0.677421,6.23302,,
PGCC G248.13+1.84,122.48927306,-29.87352389,10.488,2.3,-1.35811,4.55303,,
PGCC G179.12-23.75,65.02712194,15.64661,,,,,0.23,
PGCC G187.56-17.40,75.16100306,13.15436,14.3535,2.05,-0.238486,6.99912,0.179473,0.523271
PGCC G159.36-6.79,64.33378611,41.08097111,5.65614,1.23,-0.661291,4.60146,,
PGCC G3.97+22.70,248.72587611,-12.80421694,12.1657,1.73,1.42109,7.02307,0.12,0.322656
PGCC G358.93-5.32,271.13082889,-32.53991694,8.07411,1.82,0.957801,4.431,,
PGCC G170.13+2.05,82.11502806,38.36074806,,,,,,
PGCC G42.46-8.15,294.49060111,4.656395,12.5543,1.48,0.146433,8.4659,0.44,1.31951
PGCC G298.24+4.99,184.11660806,-57.56562,16.894899,1.81,0.452636,9.35622,,
PGCC G358.49-2.02,267.50402806,-31.26781806,8.47737,1.66,-0.354026,5.09959,,
PGCC G299.43+5.88,186.48811306,-56.82344111,11.1123,1.7,0.988319,6.52644,,
PGCC G336.95-1.01,249.93353306,-48.208015,,,,,,
PGCC G170.75-13.29,67.98963194,28.47907806,,,,,0.23,
PGCC G358.07-2.33,267.56195111,-31.79632389,,,,,,
PGCC G115.36-9.72,0.569355,52.423035,17.7309,3.04,1.17322,5.84156,,
PGCC G350.51-6.12,266.82473806,-40.21418389,7.17337,1.88,0.709046,3.82072,,
PGCC G230.89+13.19,123.01519,-9.38673194,,,,,,
PGCC G274.36+5.22,148.06901611,-47.46860111,16.529499,2.83,0.758012,5.84852,,
PGCC G131.66+7.36,37.185585,68.56897,10.7937,1.89,-0.864388,5.71652,,
PGCC G62.45-4.87,301.91290306,23.46904806,11.6183,2.11,0.483103,5.50111,-1.19,
PGCC G114.38+1.28,353.81610111,62.88364,9.0682,1.31,0.724662,6.93219,-1.78,
PGCC G237.81-1.16,113.70841194,-22.55278611,,,,,,
PGCC G297.57-7.61,177.28569,-69.83030694,14.1056,2.2,1.45406,6.39959,,
PGCC G346.33-0.06,257.18161,-40.32327306,5.44225,1.08,0.13752,5.06228,,
PGCC G277.38+2.56,149.14779694,-51.42829889,,,,,,
PGCC G28.46-7.03,287.11908,-7.158395,8.27903,1.72,0.301878,4.82112,-1.33,
PGCC G166.11+8.59,86.72088611,45.22027194,,,,,,
PGCC G256.72-2.01,124.35224889,-39.15730694,9.17137,1.12,0.281346,8.15835,0.52,1.30842
PGCC G171.76-15.75,66.64415694,26.11030194,,,,,0.23,
PGCC G180.17-0.43,86.08937111,28.56508389,11.0901,2.31,-0.524495,4.80316,0.98,2.08058
PGCC G208.63-20.36,82.78562194,-5.51425389,15.3775,4.22,-0.66775,3.64057,,
PGCC G0.67+16.41,251.98764,-19.07876,7.18985,1.65,0.962281,4.35006,,
PGCC G53.44-36.25,323.79257194,-1.03727611,7.47779,1.51,1.44383,4.9648,,
PGCC G345.11-7.29,264.40786694,-45.40770306,13.7128,1.97,0.848366,6.95097,,
PGCC G266.45-3.55,130.50697306,-47.94018611,8.17814,1.57,-1.48486,5.21054,-1.72,
PGCC G130.34+13.46,41.19344306,74.67605611,,,,,0.206063,
PGCC G246.31-3.35,116.24816889,-31.02508889,6.76227,1.24,-0.793289,5.45809,,
PGCC G156.96-1.39,67.33218389,46.57390194,13.6607,1.97,-0.232964,6.94087,-1.02,
PGCC G292.47-17.62,145.22596694,-76.45002,11.815,1.73,0.313196,6.83507,,
PGCC G334.81+18.19,230.70483389,-35.14758306,7.42962,1.8,0.830558,4.13186,,
PGCC G76.76-18.28,323.06546,26.24075889,11.0898,1.83,0.92051,6.06443,,
PGCC G244.23-2.53,115.88170611,-28.81402611,10.2456,1.3,1.09579,7.86207,,
PGCC G65.34+1.91,297.12347389,29.46903194,9.07882,1.3,0.998609,6.96521,,
PGCC G245.31-3.79,115.22708111,-30.38307,10.7462,2.07,-0.509666,5.18673,,
PGCC G207.05+1.67,101.66189611,5.999825,10.5426,1.43,0.300987,7.34814,,
PGCC G49.78-7.80,297.72250389,11.16585111,11.7628,4.04,1.10563,2.91311,0.440555,
PGCC G183.09+8.37,96.54885889,30.29620889,8.74459,1.24,-1.53958,7.03461,,
PGCC G217.18-14.53,91.69306889,-10.25974611,11.1785,1.74,-0.902192,6.41848,0.415,1.02254
PGCC G294.67-19.79,145.24121111,-79.45895389,,,,,,
PGCC G156.71+7.15,77.17759694,52.25565694,15.2071,2.27,-0.572277,6.71374,,
PGCC G187.06+4.14,94.35102806,24.84724389,7.20383,1.64,0.206513,4.40564,0.220801,0.361838
PGCC G131.76-8.57,27.56655111,53.29067611,8.26913,1.27,-0.265634,6.52821,,
PGCC G313.24+3.64,212.36598194,-57.66205611,,,,,-1.41,
PGCC G343.41+10.73,244.40647889,-35.46609889,,,,,-0.99,
PGCC G121.75-4.69,10.62013889,58.16564194,7.58098,1.88,-1.1504,4.0287,,
PGCC G122.79+5.12,12.49294389,67.98896806,12.3813,2.18,-0.045199,5.67664,-1.01,
PGCC G170.52-15.07,66.31920611,27.45359,7.38187,1.97,-0.14803,3.7565,0.23,0.352313
PGCC G18.70+19.31,259.23315389,-3.19303194,,,,,,
PGCC G195.80-9.63,86.229935,10.49803806,6.26115,1.16,1.37373,5.39863,,
PGCC G183.49-4.18,84.49053194,23.76906194,12.984,2.47,-1.23932,5.25084,,
PGCC G11.25+36.45,241.23475611,0.36623806,,,,,0.081283,
PGCC G309.21-2.07,207.41989111,-64.234215,11.7352,3.12,0.895635,3.7628,,
PGCC G98.00-0.13,327.44461111,53.70649,,,,,,
PGCC G25.87-6.37,285.35553,-9.16555806,9.47438,1.14,-0.994616,8.3464,1.5,3.8801
PGCC G271.32-9.78,127,-55.52242694,11.2819,1.69,-1.16573,6.68326,,
PGCC G283.08+1.13,155.60388194,-55.89452389,9.17252,1.63,-0.276436,5.61288,2.13,4.44574
PGCC G120.18-5.40,7.78266194,57.35977194,8.72893,2.07,-1.32405,4.21256,,
PGCC G114.08+16.65,333.01840194,76.70047806,8.42677,1.92,-0.422288,4.38832,,
PGCC G169.88-18.02,63.42946194,25.89055611,13.1616,2.51,-0.544397,5.23763,0.14,0.338125
PGCC G40.62+12.25,275.25668306,12.306415,6.45385,1.23,0.557006,5.23437,,
PGCC G156.29-4.86,63.16571,44.59091889,9.13071,2,-0.62405,4.56065,,
PGCC G19.64-0.73,277.37127694,-12.14211806,,,,,4.36,
PGCC G317.55+0.09,222.54592889,-59.36594806,,,,,5.21,
PGCC G140.46-7.98,41.14664806,50.99616611,7.84665,1.93,-0.432856,4.06038,,
PGCC G242.10+3.84,120.75527194,-23.72006194,12.0216,2.31,1.42954,5.1997,,
PGCC G322.67+0.06,230.99490389,-56.85112,7.1319,1.1,-1.56044,6.48386,4.3,8.50579
PGCC G250.10+73.57,179.255875,16.57160889,,,,,,
PGCC G357.98+45.49,227.94628889,-1.84664389,16.629299,1.83,0.265636,9.09784,,
PGCC G41.69+9.17,278.56265306,11.91919389,17.044201,3.8,0.527376,4.49083,0.3,0.763484
PGCC G336.80+22.97,229.266205,-30.16307611,10.9118,2.37,0.697218,4.60572,,
PGCC G170.24-10.75,69.81691694,30.51569889,,,,,0.23,
PGCC G73.47-2.51,306.67242389,33.90789806,11.1349,1.98,0.72968,5.62975,,
PGCC G140.22+11.24,61.83342389,67.27137,7.4867,1.22,0.118948,6.13432,,
PGCC G103.42+9.05,323.63208,64.18268611,10.9278,1.33,0.684389,8.2316,0.53,1.46222
PGCC G319.09+6.75,219.97796611,-52.68712611,,,,,,
PGCC G282.97+2.72,156.915115,-54.483345,7.4483,1.54,-0.98862,4.84396,,
PGCC G132.52+12.92,47.02665694,73.19011694,9.64489,1.74,0.034188,5.54873,,
PGCC G13.46-1.42,275.01330611,-17.93367806,10.4759,1.38,0.485723,7.56864,,
PGCC G164.68-26.49,53.21406611,23.01186389,12.2451,2.27,0.06953,5.39346,,
PGCC G356.64+0.56,263.79013111,-31.49171111,5.15719,1.62,0.123322,3.18996,4.92,5.80485
PGCC G176.99+4.78,89.43638611,33.95719111,,,,,0.20893,
PGCC G167.71-4.31,73.84321611,36.55794111,15.0749,3.62,-0.855312,4.16467,0.14,0.32268
PGCC G161.90-8.30,65.25595889,38.22921389,14.8239,3.2,-0.431631,4.63154,0.14,0.337442
PGCC G324.07+0.40,232.744125,-55.777565,8.70677,1.47,-0.401547,5.91382,,
PGCC G210.72-3.12,99.07674389,0.54671111,,,,,,
PGCC G56.07-3.16,296.80316194,18.90710611,9.31368,1.38,0.346316,6.72579,,
PGCC G110.44-0.94,347.65972889,59.46723889,11.2256,2.39,-1.04584,4.69854,0.338844,0.715834
PGCC G255.21-1.06,124.28636889,-37.37779194,11.5183,1.56,-0.574723,7.38271,6.63,17.784599
PGCC G106.72+19.57,306.37908889,73.32636306,12.2637,2.36,-1.44891,5.18774,,
PGCC G179.60-14.10,73.28640694,21.30398889,13.9101,1.92,1.49758,7.25765,,
PGCC G206.12-5.06,95.23658,3.72069389,7.07103,1.48,-1.07424,4.76585,0.415,0.700787
PGCC G236.47-1.53,112.65235111,-21.55801806,9.11236,1.45,1.14589,6.28294,,
PGCC G123.55-3.34,14.07436611,59.52897611,9.08954,1.21,0.322076,7.51405,,
PGCC G215.86-12.44,93.03033389,-8.19613111,12.1583,2.98,-0.273992,4.07511,0.415,0.84973
PGCC G87.05-2.51,317.730865,44.45787,17.372299,2.92,-1.45622,5.95892,-0.67,
PGCC G219.23-14.91,92.20404806,-12.222855,11.8289,2.09,-0.243989,5.66912,,
PGCC G247.90+1.96,122.45529194,-29.61148611,9.17395,1.5,-0.808425,6.10518,,
PGCC G119.60-0.51,5.70915694,62.17503694,7.85135,1.2,-0.636187,6.56465,,
PGCC G23.68+0.57,278.09677111,-7.96097389,12.9507,3.68,-0.182283,3.51659,,
PGCC G125.89+3.68,20.25233111,66.38183611,6.04364,1.42,-0.690144,4.26546,0.34,0.502155
PGCC G32.50-16.18,297.15261806,-7.67403611,,,,,,
PGCC G22.45+10.00,269.154175,-4.60276389,8.21598,1.45,1.04802,5.68089,,
PGCC G107.23-13.89,350.53219611,46.242905,17.5075,2.71,1.18149,6.46518,,
PGCC G117.02+19.91,334.70632889,80.974815,8.39841,1.61,0.977327,5.21441,,
PGCC G122.08-4.34,11.23618306,58.524895,16.361601,4.9,-0.934052,3.33994,,
PGCC G313.64-9.24,224.36131306,-69.44483194,14.9577,2.79,-0.373244,5.36136,,
PGCC G163.09-1.73,72.65554806,41.77067611,7.74233,1.73,-0.922208,4.48302,,
PGCC G159.11-11.81,59.66647,37.58174111,13.3362,1.93,1.32456,6.92686,0.14,0.391417
PGCC G131.33+2.08,32.07738889,63.68834694,13.9878,2.23,0.467246,6.27734,0.163682,0.44616
PGCC G276.55+1.03,146.55159,-52.09629389,6.67781,1.21,-1.05656,5.51782,0.92,1.62448
PGCC G144.49-2.60,51.19795194,53.72801611,10.8983,1.53,0.569866,7.10717,-0.88,
PGCC G163.40+2.19,77.12318389,43.95301111,18.238199,3.56,0.436727,5.11764,,
PGCC G359.58+25.66,243.780655,-14.10055,15.2146,2.62,0.440156,5.8053,,
PGCC G148.20+2.05,61.133965,55.14801,7.07049,1.09,1.10247,6.51274,0.56,1.10541
PGCC G307.39+7.43,200.61224389,-55.17217611,13.592,2.26,1.20777,6.01121,,
PGCC G232.96-0.78,111.57929194,-18.11577,7.8055,1.44,-0.078953,5.41261,5.84,11.0419
PGCC G276.98-1.29,144.56480389,-54.12519111,8.56065,1.53,-0.699539,5.60656,,
PGCC G269.68-1.24,136.28996306,-48.93726,7.61134,1.32,0.951994,5.77679,3.45,6.65457
PGCC G92.29-2.51,323.10711694,48.15867194,14.8319,3.12,1.20236,4.75189,-1.05,
PGCC G335.20+11.76,235.94256611,-40.070835,12.2289,1.51,-0.337947,8.11589,,
PGCC G178.40-8.70,77.25894194,25.45340306,15.0115,2.58,-0.516554,5.81749,0.231206,0.628502
PGCC G131.65-5.68,28.55934694,56.12869611,16.1089,2.7,0.419506,5.95535,,
PGCC G230.43+13.86,123.36545611,-8.65665194,,,,,,
PGCC G357.01-5.54,270.24710111,-34.315735,10.4443,2.21,0.534086,4.73501,,
PGCC G218.33-0.13,105.21236389,-4.85798694,13.0087,2.03,-0.704563,6.41498,,
PGCC G209.31-10.18,92.15702806,-1.44928194,,,,,,
PGCC G198.88-1.23,95.24060111,11.90579111,11.5519,1.37,0.163522,8.42933,,
PGCC G125.75+7.21,21.02419694,69.90566306,13.6179,3.46,-0.598836,3.93334,0.48,1.02189
PGCC G104.35+4.30,331.75589,61.09589389,14.6803,2,0.417557,7.33181,,
PGCC G303.75+8.33,194.25273111,-54.52865611,13.4557,3.1,0.811587,4.33366,,
PGCC G168.34-6.24,72.47583,34.86142,8.68386,1.52,-0.318271,5.71052,0.14,0.28678
PGCC G201.38-11.11,87.66404,4.99263,,,,,0.415,
PGCC G211.66-20.30,84.10858194,-8.03304,,,,,0.415,
PGCC G123.44+6.26,14.28266194,69.12664,,,,,,
PGCC G276.42-19.20,115.24958,-64.43595111,10.8678,2.01,-1.03142,5.40528,,
PGCC G103.96+9.56,323.73391694,64.91232306,9.61883,1.57,-0.352055,6.13056,0.37,0.826494
PGCC G43.87-23.26,308.39511111,-1.42978111,12.3501,2.32,0.491366,5.33043,,
PGCC G102.26+8.29,322.93704194,62.83738694,6.87438,1.87,-0.307788,3.67782,,
PGCC G115.19+3.95,353.82232694,65.67536889,13.9211,2.91,-0.646873,4.7904,,
PGCC G148.83+0.86,60.60666694,53.84328806,9.41368,1.93,-0.741995,4.88943,0.78,
PGCC G350.23-5.79,266.26605194,-40.27250694,10.6178,1.49,0.612563,7.13223,-1.94,
PGCC G309.55+5.24,205.03353889,-57.000095,9.22565,1.91,1.38004,4.84124,,
PGCC G265.81-6.05,126.90258806,-48.91214806,4.15543,1.17,-1.51874,3.54674,,
PGCC G92.67+8.79,309.811615,56.02752306,6.78988,1.3,-0.592205,5.22443,0.218776,0.379033
PGCC G139.23-12.18,36.87728889,47.62396194,9.2617,1.75,-1.17788,5.27798,,
PGCC G171.16+5.47,86.52662694,39.31571194,8.4509,2.08,-0.635923,4.05396,,
PGCC G170.23-12.26,68.49337,29.537775,12.8461,3.42,-0.666631,3.75107,0.23,0.464428
PGCC G45.42+6.09,283.07067889,13.86956889,,,,,0.67,
PGCC G102.45+8.41,323.04657,63.05382194,6.00479,1.21,-1.09333,4.95514,0.42,0.666427
PGCC G122.83+2.63,12.60672611,65.50226611,,,,,,
PGCC G207.05-4.27,96.36591306,3.26299389,9.71643,2.51,-0.990382,3.87275,0.415,0.740522
PGCC G74.22-4.76,309.38366694,33.18724806,9.8813,1.73,0.941729,5.69591,0.62,1.35303
PGCC G150.67-4.10,57.73518806,48.85564806,8.15847,1.18,-0.088126,6.89363,2.83,
PGCC G177.62-15.74,70.632515,21.80748694,14.3875,2.62,1.4812,5.49226,0.23,0.594734
PGCC G67.26+1.31,298.85794111,30.80716889,12.9092,2.28,1.06649,5.66653,,
PGCC G226.57-0.44,108.77594,-12.31192,8.45725,1.51,0.423576,5.59046,,
PGCC G132.63+9.94,42.71056694,70.52501694,6.24144,1.52,-0.900825,4.09408,,
PGCC G85.67-6.09,319.95971694,40.99133306,,,,,,
PGCC G263.29-3.99,127.23692306,-45.674095,13.1554,2.49,-1.06821,5.29373,,
PGCC G21.81+11.41,267.60778806,-4.48208,10.7824,1.51,1.3971,7.15603,-0.9,
PGCC G62.06-7.36,303.95208694,21.795925,13.5048,2.81,0.403374,4.80573,0.62,1.45292
PGCC G63.37-1.14,298.94863889,26.21655111,10.2098,1.54,0.319021,6.61071,,
PGCC G283.45-2.33,152.58149694,-58.96771194,,,,,2.82,
PGCC G1.58+26.02,244.67234806,-12.48467389,15.4215,3.56,-0.140525,4.33751,0.231206,0.55006
PGCC G247.94+25.81,143.05191,-15.13520889,15.783,3.37,-1.49348,4.68454,,
PGCC G106.59+15.04,318.04403694,70.57749194,8.3084,1.73,-0.630681,4.80742,,
PGCC G141.84+2.48,52.37679306,59.41685111,12.1702,2.87,-0.858356,4.23959,-1.2,
PGCC G115.61+20.28,326.91665611,80.42487306,11.7187,2.94,-0.460888,3.9863,,
PGCC G183.58-13.98,75.81276694,18.25028611,,,,,,
PGCC G129.03+13.87,37.31607389,75.57533306,12.1446,2.38,-0.303627,5.09828,0.13366,0.305937
PGCC G38.85-2.63,287.90899694,4.05432694,,,,,,
PGCC G304.34+1.31,195.82016,-61.53360694,,,,,,
PGCC G292.50-20.24,136.43914806,-78.23426806,,,,,,
PGCC G169.91-12.61,67.95101194,29.53555306,9.70374,1.65,0.354396,5.89458,0.14,0.308
PGCC G67.76+0.73,299.74447611,30.93718694,6.37618,1.25,-0.517084,5.10798,,
PGCC G267.17-2.10,132.85809306,-47.59506194,8.02097,1.65,0.871269,4.87082,,
PGCC G102.77+8.62,323.23388694,63.42691806,7.25807,1.26,-0.390932,5.76337,,
PGCC G98.00-21.84,344.16622889,35.41099194,,,,,,
PGCC G256.90-0.27,126.32270806,-38.31578389,14.9115,2.3,0.411186,6.48179,,
PGCC G152.80-0.88,63.45932,49.88241194,,,,,,
PGCC G146.99+12.70,74.96290611,63.25273889,12.5506,1.91,-0.313082,6.58768,,
PGCC G314.37+0.15,216.68478389,-60.58758889,8.10835,1.56,-1.06844,5.18384,,
PGCC G213.51-28.89,76.91831194,-13.18572389,,,,,,
PGCC G321.94+2.00,228.03909306,-55.59370389,,,,,,
PGCC G46.24+34.36,255.49783306,25.24659694,10.5551,1.63,0.111306,6.46525,,
PGCC G282.62+10.49,162.49168389,-47.53531611,10.2751,2.02,1.22166,5.07891,,
PGCC G243.48-0.93,117.01849389,-27.36741306,,,,,,
PGCC G345.55-0.77,257.31662,-41.38223611,8.33984,1.96,0.599335,4.24995,,
PGCC G161.52+4.82,78.57630194,47.01125306,,,,,,
PGCC G65.85-8.73,307.46389806,24.13670889,,,,,,
PGCC G337.36+2.74,246.33384694,-45.35609389,7.33195,1.22,0.706811,6.00134,,
PGCC G146.29-0.77,55.50721389,54.18054194,10.8395,2.29,-0.777808,4.73177,,
PGCC G165.45-3.20,73.127655,39.01441611,18.0495,2.87,0.472506,6.29502,0.14,0.434097
PGCC G295.57-5.54,173.56185889,-67.30553389,18.035101,2.97,0.538256,6.07719,,
PGCC G0.31-4.50,271.06936611,-30.93804389,,,,,-1.34,
PGCC G168.22-10.49,68.51629611,32.18944194,15.921,2.25,-0.469707,7.07963,,
PGCC G307.32-19.01,220.19610611,-80.93891111,8.09356,1.07,-0.583407,7.54963,,
PGCC G205.25-7.16,92.97171,3.51270389,12.4803,1.86,0.243387,6.71226,0.415,1.1049
PGCC G95.03-0.37,323.99923694,51.58713889,,,,,0.150661,
PGCC G178.88-23.60,64.99305694,15.90805806,,,,,0.261818,
PGCC G247.95-2.47,118.11167889,-31.99499889,11.1863,1.5,0.08692,7.45119,,
PGCC G22.62+8.43,270.618805,-5.20863806,11.4261,1.14,0.256076,10.0466,-0.64,
PGCC G345.45+1.25,255.11689806,-40.22832111,,,,,-2.9,
PGCC G161.12+6.68,80.50907111,48.40227889,9.49903,1.49,-0.488376,6.37329,,
PGCC G161.45-20.17,55.185745,29.76321194,10.6395,1.54,1.33035,6.89626,,
PGCC G303.92+13.58,194.339325,-49.281235,9.17825,1.71,0.392635,5.36371,,
PGCC G170.30-19.50,62.550865,24.58041389,11.578,1.29,-0.416154,8.99148,0.23,0.682632
PGCC G297.26+0.45,180.74771111,-61.88873306,18.7547,2.69,-0.144803,6.96963,3.71,12.3385
PGCC G29.31+0.17,281.05731194,-3.14500889,,,,,,
PGCC G133.17+8.09,41.74506,68.63233194,11.7877,2.25,-0.482202,5.22767,,
PGCC G4.81-1.42,270.52835111,-25.51136806,12.1088,2.34,0.538496,5.16734,,
PGCC G85.50-4.82,318.57620194,41.750225,,,,,,
PGCC G216.95-7.40,98.06872611,-6.91970806,12.9858,1.94,-0.47765,6.70227,0.35,0.94982
PGCC G281.53-2.78,149.12110889,-58.17960389,7.24634,1.4,-0.318374,5.18121,,
PGCC G17.06+8.24,268.09484889,-10.10745,7.6924,1.61,0.271672,4.77732,,
PGCC G204.04-11.93,88.19726611,2.31236389,6.72558,1.36,-1.16364,4.95018,0.415,
PGCC G357.81-4.71,269.84484889,-33.21406194,7.83941,1.62,0.381126,4.85411,,
PGCC G95.49+4.80,318.46289111,55.61417806,7.67503,1.2,-0.913894,6.3704,0.57,1.15938
PGCC G138.16+6.06,50.10931389,64.42711611,11.447,2.21,-0.398168,5.18419,0.35,0.784297
PGCC G163.66-6.35,68.59089694,38.30978,12.466,2.75,-0.485185,4.53254,,
PGCC G236.32-8.01,106.33589889,-24.41316806,,,,,,
PGCC G176.27-3.45,80.74902306,30.19709389,10.2263,1.79,-0.697865,5.71964,,
PGCC G189.64-3.55,88.47513611,18.84443889,8.72546,1.75,-1.04432,4.99415,,
PGCC G318.49+3.16,221.64054889,-56.19454194,12.9063,2.44,0.132917,5.29483,,
PGCC G155.74+7.61,76.85949694,53.30496611,,,,,,
PGCC G161.99+6.87,81.46827694,47.78403111,13.4701,3.33,-0.498911,4.04419,,
PGCC G214.51-5.78,98.43102306,-4.03388306,7.11007,1.3,-0.472323,5.47181,,
PGCC G194.13-16.41,79.49460611,8.41363111,7.93536,1.63,-0.161149,4.87519,0.4,0.723712
PGCC G302.64+8.25,192.36737111,-54.61954889,11.3129,2.02,-1.53324,5.60907,,
PGCC G9.48-1.95,273.50286889,-21.68190806,8.86006,1.12,0.257002,7.90054,,
PGCC G56.91+3.45,291.05575611,22.85944889,,,,,,
PGCC G156.73+7.11,77.13797806,52.21341306,,,,,,
PGCC G129.29-0.47,26.37732111,61.736485,,,,,0.144544,
PGCC G358.04-5.12,270.4086,-33.20871694,,,,,,
PGCC G145.89-0.48,55.25163306,54.65461,8.82383,1.39,0.338628,6.36312,0.79,1.72194
PGCC G53.98+2.95,290.06155389,20.03432806,16.9589,4.34,-0.326456,3.9089,,
PGCC G111.12+21.68,307.19003306,77.95113389,16.5984,2.53,-0.345634,6.56404,0.184502,0.560205
PGCC G100.59-13.05,341.67529306,44.34417306,9.00367,1.22,1.0495,7.40344,,
PGCC G201.23-33.71,67.83287,-5.90461,,,,,,
PGCC G22.37+3.29,275.05014,-7.8572,17.437799,3.35,0.428867,5.20548,,
PGCC G84.00+0.03,312.27169806,43.83393111,12.2157,2.65,-1.01624,4.6147,,
PGCC G144.17-1.67,51.632175,54.68285,5.46239,1.94,-0.527411,2.81328,,
PGCC G321.74-4.69,234.81906111,-61.27342611,8.79104,2.32,1.01867,3.78954,-1.18,
PGCC G30.81+0.21,281.70694,-1.79860694,,,,,4.7,
PGCC G132.98-2.81,32.35007889,58.53103306,6.82522,1.42,-0.751989,4.81468,0.46,0.767055
PGCC G310.54+5.42,206.71853611,-56.63512389,8.87073,1.53,1.52832,5.80187,0.71,1.48166
PGCC G35.22-2.31,285.96295194,0.98160611,,,,,,
PGCC G28.07+25.45,257.972015,7.34984389,10.7823,1.31,-1.29962,8.21229,,
PGCC G304.74+2.20,196.55166611,-60.61478806,10.2601,2.32,1.07458,4.41791,,
PGCC G92.06-34.59,345.817505,21.71346889,10.7502,1.84,-1.46099,5.85079,0.252348,0.582161
PGCC G335.54+16.41,232.68292194,-36.17802806,13.6796,2.5,1.10811,5.47757,,
PGCC G72.30+2.53,300.774445,35.74408,6.8091,1.36,-0.743723,5.02329,,
PGCC G110.29-5.88,350.67001306,54.79328889,12.9182,1.48,-0.911164,8.74303,0.354813,1.09688
PGCC G15.57+2.02,272.905975,-14.44181889,7.60075,1.64,0.427251,4.6409,1.2,2.07318
PGCC G106.93+21.37,300.94589194,74.33445,11.7042,2.71,0.338913,4.32243,,
PGCC G352.27+18.62,244.652435,-23.82725111,,,,,0.12,
PGCC G359.68-6.53,272.81246889,-32.461575,10.8168,2.47,0.168294,4.38378,,
PGCC G339.36+23.43,231.13342306,-28.40568694,13.5094,3.3,0.971405,4.09845,,
PGCC G124.79+2.94,17.38776611,65.74459806,12.0086,2.26,-0.221344,5.31904,,
PGCC G14.97-3.59,277.772675,-17.60484306,17.0618,3.27,-0.482376,5.21096,,
PGCC G37.58-6.14,290.43911694,1.31100806,6.31537,1.06,0.670296,5.9561,,
PGCC G171.45-37.78,49.92487306,10.75192111,,,,,,
PGCC G93.61+3.47,317.922485,53.33643306,10.2369,1.85,1.24804,5.5272,-1.78,
PGCC G348.46+12.36,247.06787111,-30.76067,12.5297,2.71,0.4862,4.61881,,
PGCC G201.95-11.07,87.96926111,4.519335,,,,,0.415,
PGCC G58.21+0.78,294.27560389,22.71945611,7.36899,1.74,-0.293597,4.22702,1.87,3.03591
PGCC G218.95-4.78,101.32669806,-7.52058889,10.4734,1.93,-0.474213,5.43929,,
PGCC G38.03-6.46,290.93124389,1.55987,6.90571,1.51,0.84286,4.57075,-1.11,
PGCC G29.06+9.10,272.99777194,0.73044306,7.95741,1.39,0.119445,5.71377,,
PGCC G271.63-5.28,133.47354111,-53.04878611,16.738199,2.59,0.463816,6.45019,,
PGCC G93.73-0.16,322.23742694,50.86141611,8.42724,1.55,0.60777,5.44916,0.138676,0.27336
PGCC G12.14-10.03,282.58538806,-22.98689806,14.6668,2.51,-0.102198,5.84466,,
PGCC G338.66+22.64,231.08232111,-29.42482194,17.204201,1.92,-1.00383,8.97655,,
PGCC G194.65-10.03,85.30117,11.27970611,11.9195,1.93,1.20819,6.16574,0.4,0.997492
PGCC G151.41-10.54,52.95509,43.286655,,,,,0.480839,
PGCC G51.92-5.75,296.99047889,14.02947111,,,,,,
PGCC G95.54-11.74,334.89996306,42.91288806,,,,,,
PGCC G135.09+7.84,45.955505,67.53272194,7.90326,1.42,-0.559602,5.5734,,
PGCC G162.66-17.62,58.12243306,30.95247694,12.0423,2.86,-0.86812,4.20344,0.14,0.289743
PGCC G342.90+14.51,240.79330389,-33.10063889,15.0656,2.27,1.1398,6.63201,,
PGCC G61.90-7.22,303.73550389,21.73663694,14.446,3.01,0.849473,4.79156,-1.14,
PGCC G200.21+12.43,108.46347,16.82454889,,,,,,
PGCC G191.69+0.73,93.48261306,19.16113694,,,,,,
PGCC G201.66-13.84,85.40341889,3.42478889,,,,,0.415,
PGCC G340.87-7.37,261.16647306,-48.99086806,10.8421,1.68,0.560276,6.45533,,
PGCC G168.15-36.65,48.68186194,13.33795806,11.5401,2.01,-0.761617,5.73033,,
PGCC G174.02-3.12,79.57643889,32.23362694,,,,,,
PGCC G197.29-3.32,92.583015,12.30200889,10.4772,1.76,0.108029,5.96898,,
PGCC G342.65+15.66,239.649185,-32.4137,6.21763,2.13,0.53607,2.91353,,
PGCC G293.27-4.41,169.08007806,-65.47750111,,,,,-1.74,
PGCC G54.23+3.07,290.07309,20.31266,12.8822,2.46,-0.022073,5.23484,,
PGCC G128.29+3.40,25.95412306,65.72891194,9.44286,2.25,-0.642252,4.20227,0.67,1.22771
PGCC G131.07+13.60,43.80665194,74.47695194,12.8532,3.14,-0.286971,4.09661,0.188799,0.398515
PGCC G277.74-4.01,142.30799889,-56.64889111,13.9114,1.71,-1.07746,8.14757,,
PGCC G107.19+19.28,308.02569611,73.56216389,12.4539,1.97,-0.597045,6.32303,,
PGCC G100.57+19.53,298.43344111,68.14941389,11.8243,1.96,-1.19868,6.0376,,
PGCC G247.81+5.29,125.55319194,-27.69261389,,,,,,
PGCC G230.12-2.81,108.30793806,-16.56277806,12.0115,2.63,-1.15477,4.55893,0.201372,0.433466
PGCC G134.59+1.92,38.73212111,62.42894694,10.9933,1.8,0.585706,6.11672,,
PGCC G78.46+6.30,300.81881694,42.946865,8.18998,1.45,-0.664655,5.63763,,
PGCC G181.68-5.18,82.50061806,24.74893806,15.4113,3.02,-0.015187,5.09731,0.31,0.799245
PGCC G302.48-3.50,191.74163806,-66.36758389,6.77425,2.48,0.878122,2.73336,1.07,1.33933
PGCC G142.10+2.72,53.06776,59.47223694,,,,,-1.18,
PGCC G187.07-2.81,87.76586194,21.43312611,8.75803,1.62,-0.335124,5.40876,0.300608,0.601837
PGCC G167.66-15.38,63.91370806,29.25036,18.681999,2.91,-0.557851,6.43059,0.14,0.446367
PGCC G0.39-3.02,269.61727889,-30.13850389,6.00206,1.58,0.69109,3.7995,,
PGCC G178.82-2.50,83.27921306,28.60431694,12.1993,1.61,0.079128,7.5952,0.161436,0.452027
PGCC G204.16+2.12,100.741615,8.77536389,14.6263,3.59,-0.311488,4.07774,0.51,1.14571
PGCC G143.92-5.36,47.97612806,51.69746389,11.7954,3.14,-0.866121,3.75283,,
PGCC G95.08+10.66,309.62393194,59.05344389,17.148701,2.86,0.535167,5.99083,0.53,1.56265
PGCC G312.78+5.61,210.53772,-55.90355306,17.91,3.47,-1.05057,5.16617,,
PGCC G96.52+11.20,310.41644306,60.51276389,11.1299,2.16,1.27242,5.16067,,
PGCC G162.38+1.62,75.63240806,44.41954806,,,,,-1.19,
PGCC G16.74+8.37,267.81301889,-10.31610806,7.32601,1.27,1.05215,5.75576,,
PGCC G223.40-0.90,106.86399111,-9.71899,6.59344,1.11,-1.45083,5.91878,3.09,5.6151
PGCC G243.22-1.51,116.30516806,-27.43149389,16.5891,3.03,0.108957,5.47505,,
PGCC G342.36+24.13,233.07939111,-26.16570306,,,,,,
PGCC G356.70+11.62,253.56556694,-25.04400389,,,,,,
PGCC G105.40+15.03,315.88858,69.69783,8.42447,1.24,-0.409503,6.79864,,
PGCC G164.62-8.42,67.48311611,36.21110889,6.7374,1.71,-1.29649,3.92946,0.14,0.20954
PGCC G320.12+0.93,226.14563,-57.42706694,,,,,,
PGCC G304.27-24.20,215.61402889,-86.833855,10.3533,2.64,0.585795,3.92344,,
PGCC G17.84+3.01,273.13317889,-11.97777889,11.0699,3.95,0.507149,2.80136,,
PGCC G91.11-2.12,321.42120389,47.62953611,13.7287,1.72,-0.836117,7.96154,,
PGCC G300.85-2.44,187.88880889,-65.23535889,,,,,,
PGCC G258.63+0.26,128.17390389,-39.41242611,7.84735,1.58,-1.18001,4.96076,0.83,1.5064
PGCC G354.38-1.77,264.688965,-34.64084194,16.2554,2.25,-1.0973,7.20947,,
PGCC G15.57+13.31,262.90658611,-8.82733611,11.638,1.64,-1.20939,7.11202,,
PGCC G107.45+19.42,308.07717889,73.84073611,11.3578,1.87,-0.383109,6.0822,,
PGCC G185.16-4.65,85.02081306,22.107695,9.15349,2.54,-0.665166,3.608,,
PGCC G112.52+5.67,346.21087611,66.36145806,8.92854,1.33,1.23272,6.71463,-0.94,
PGCC G93.16+9.92,308.68029806,57.09046611,,,,,0.219786,
PGCC G133.55-1.97,33.91855194,59.15435806,10.0246,1.38,0.851794,7.27118,,
PGCC G103.23-3.65,338.11181611,53.81839,9.27688,2.87,-1.24572,3.23292,,
PGCC G104.46-14.42,347.25805694,44.74742889,,,,,,
PGCC G349.39+4.38,255.05320694,-35.20142389,6.0215,1.2,-0.76589,5.0376,,
PGCC G111.48-2.94,350.90686,57.96153306,11.3303,2.12,0.600102,5.34009,3,6.78802
PGCC G280.31-1.87,148.38955694,-56.71624806,8.98964,1.43,-1.36557,6.30399,,
PGCC G198.01-8.38,88.43729389,9.22807,6.58061,1.22,-0.48511,5.39701,,
PGCC G339.40+0.65,250.48388694,-45.27726,13.7551,2.72,1.32619,5.0505,5.97,14.4744
PGCC G271.23-0.50,138.73996,-49.56785194,,,,,2.59,
PGCC G88.76+2.67,313.72631806,49.18458194,5.28811,1.21,0.419042,4.36489,,
PGCC G92.76-4.20,325.30004889,47.22039,13.1866,2.08,-1.29985,6.34131,0.105196,0.279823
PGCC G146.12+10.15,69.43987306,62.33589889,8.96182,1.82,0.110858,4.91961,,
PGCC G177.92+7.10,92.431305,34.26490806,10.3939,2.01,-0.233227,5.16062,0.37325,0.795181
PGCC G111.63-3.55,351.552185,57.43830889,13.6482,2.12,-1.21711,6.42962,,
PGCC G135.14+8.52,46.966335,68.09468111,11.1371,1.72,-0.17958,6.48666,0.37,0.914797
PGCC G264.13+2.16,134.69245889,-42.52401389,,,,,,
PGCC G151.57-1.16,61.755005,50.51281389,14.1317,2.72,0.356416,5.20478,,
PGCC G216.77-12.84,93.05946389,-9.16899889,6.58357,1.22,-1.5623,5.40246,0.415,0.719948
PGCC G142.85+8.99,62.66089194,63.855915,14.1072,2.23,0.201267,6.33741,0.44,1.2102
PGCC G114.92+1.96,354.53887889,63.68429889,,,,,,
PGCC G188.58-1.61,89.69854694,20.73613,17.077801,3.15,-1.47557,5.42662,,
PGCC G103.57+13.63,315.73986806,67.43878194,16.6141,4.9,0.842661,3.3903,,
PGCC G112.79+16.61,329.016235,75.89500389,,,,,,
PGCC G195.95+0.48,95.36782806,15.29350611,9.70978,1.47,-1.39905,6.59946,,
PGCC G140.41+2.61,50.16101111,60.31898889,6.19671,1.37,-0.464002,4.51151,,
PGCC G321.41+2.00,227.22319,-55.85928306,14.4283,3.17,1.05111,4.54673,,
PGCC G166.53-3.36,73.84696194,38.07475306,,,,,0.14,
PGCC G101.81-1.59,334.17977889,54.811295,17.925301,3.41,-0.262367,5.25918,6.73,19.0079
PGCC G102.83+20.13,299.38842806,70.33486889,14.4988,2.55,1.18742,5.68491,,
PGCC G77.14-4.32,311.10592694,35.76308389,14.3898,2.31,-1.12575,6.23631,,
PGCC G5.93+7.51,262.85357694,-19.93639389,7.79598,1.29,-0.998318,6.03656,0.12,0.239463
PGCC G118.18-0.78,2.78890611,61.72439611,9.10221,1.69,-0.424813,5.37149,0.84,1.70855
PGCC G7.79+1.43,269.44329806,-21.50349194,12.8947,2.13,1.17656,6.05809,,
PGCC G100.25+18.01,301.67773389,67.20391806,16.357599,3.02,0.984156,5.41259,,
PGCC G172.22-14.06,68.38649,26.89369806,7.90968,1.36,-1.05132,5.81928,0.23,0.453909
PGCC G335.21+7.00,240.03955111,-43.72805,8.7533,1.41,0.595584,6.20616,,
PGCC G186.68-21.28,71.41704611,11.613685,,,,,0.172187,
PGCC G129.53+10.65,34.78504194,72.388695,15.245,3.33,-1.29487,4.58302,0.284446,0.691618
PGCC G334.37+3.94,242.04975889,-46.566025,10.1569,1.5,1.47749,6.78572,,
PGCC G34.37-12.85,294.96478306,-4.56276889,7.104,1.7,0.754748,4.17562,0.97,1.53677
PGCC G155.49-23.42,47.82096111,30.47221806,13.7555,3.1,-0.626489,4.43473,,
PGCC G44.43-2.48,290.38476611,9.06055694,,,,,,
PGCC G187.83-13.35,78.784645,15.19114389,14.7131,2,0.189009,7.34109,0.245471,0.742096
PGCC G163.52-0.41,74.40501389,42.26908111,17.536301,2.58,-0.558926,6.80804,,
PGCC G218.34-4.52,101.28659806,-6.86733694,,,,,,
PGCC G181.12+0.52,87.57403611,28.24645389,,,,,,
PGCC G96.48+6.95,316.79306,57.79758111,10.4485,1.58,-0.916327,6.59809,0.37,0.893644
PGCC G94.68-37.21,349.14642306,20.40116306,8.84719,1.59,1.23716,5.56156,0.281838,0.575078
PGCC G126.45+14.76,28.415565,77.20187389,18.7887,3.54,-1.12464,5.30517,,
PGCC G12.65+39.61,239.21704111,3.04411194,12.7339,2.08,0.348884,6.11632,0.159221,0.408745
PGCC G77.06+3.58,302.89334111,40.31081,,,,,,
PGCC G42.08-5.87,292.28656,5.400145,,,,,0.8,
PGCC G134.09+8.70,44.72671111,68.76695306,11.0795,1.16,0.243358,9.57693,-0.58,
PGCC G197.10-3.06,92.72448,12.59953806,2.95834,1.14,-0.794972,2.58441,,
PGCC G246.62-0.62,119.16300194,-29.90302806,,,,,,
PGCC G178.12+7.28,92.73523694,34.17617806,18.686199,2.92,-0.125277,6.40699,0.345144,1.09854
PGCC G309.35-20.00,233.74537694,-80.76114694,16.6954,2.86,1.46915,5.83148,,
PGCC G144.24+10.13,66.67399611,63.68845,12.5925,1.65,-0.313437,7.62093,0.43,1.22534
PGCC G101.08+11.60,315.73181194,64.27215611,13.7076,1.62,-0.945424,8.46968,0.37,1.1597
PGCC G92.38-37.43,347.52401694,19.35825194,10.6397,1.23,-0.454614,8.64725,,
PGCC G54.20+3.07,290.05300889,20.28770806,14.0568,2.83,-0.152808,4.96304,,
PGCC G205.69-21.90,80.14785806,-3.78098306,14.8962,1.78,0.787284,8.38927,,
PGCC G340.18+13.26,239.44689889,-35.80168194,13.5808,1.85,-0.140976,7.33879,,
PGCC G56.81-43.85,331.52533,-3.21993694,9.17574,1.88,0.778005,4.87726,0.265461,0.516578
PGCC G193.43-15.56,79.8619,9.43839806,,,,,,
PGCC G15.31+15.88,260.54437306,-7.72783194,11.7169,1.39,-0.818023,8.45568,,
PGCC G169.84-1.87,77.86036694,36.354065,9.41746,1.66,-0.246018,5.66491,,
PGCC G24.06+6.12,273.33596806,-5.03696889,5.38653,1.67,0.651307,3.23515,-1.23,
PGCC G254.84+1.25,126.38395694,-35.75768694,,,,,,
PGCC G5.65+7.92,262.32421889,-19.95360806,6.09762,1.21,1.13578,5.05114,0.12,0.193723
PGCC G140.33+10.49,60.732605,66.646255,14.268,3.24,-0.645492,4.39899,0.33,0.760498
PGCC G30.80-11.41,292.10507194,-7.04763889,10.1332,1.31,-1.27519,7.70915,,
PGCC G351.06+7.71,253.15914889,-31.83656694,15.8706,3.24,0.105632,4.89258,,
PGCC G277.17-0.35,145.85708611,-53.53920694,8.57546,1.23,0.763341,6.98037,,
PGCC G196.17-2.33,92.92360694,13.76099611,,,,,,
PGCC G68.95-2.95,304.069885,29.94447694,12.0406,2.87,1.48712,4.19111,0.07145,0.147644
PGCC G259.85+5.88,134.72836306,-36.86461611,8.69871,1.2,-0.440447,7.25539,,
PGCC G179.05-25.01,63.978535,14.87908,14.4087,2.14,-0.516997,6.72582,0.187068,0.535687
PGCC G78.75+6.37,300.94461111,43.22843889,,,,,,
PGCC G337.56+16.70,234.36338806,-34.78472889,7.8224,1.46,-1.05089,5.36033,,
PGCC G104.17-0.34,336.50012194,57.13525,13.3102,3.05,-1.14233,4.36381,7.41,16.4275
PGCC G172.50-19.46,64.14334889,23.09665889,11.227,1.87,0.95228,5.99492,,
PGCC G174.11-14.41,69.41748,25.26732389,9.96936,1.26,-0.805001,7.90251,0.23,0.593842
PGCC G4.57-1.91,270.86663806,-25.95817389,8.65646,1.34,0.507596,6.44365,,
PGCC G250.27-0.94,121.08989694,-33.176945,13.2902,2.27,-0.056365,5.84264,5.34,13.688
PGCC G340.16+0.90,250.92654389,-44.540985,6.2361,1.47,1.34911,4.24041,,
PGCC G110.00+0.35,345.84848,60.480835,14.7239,3.51,0.078782,4.19921,0.158489,0.362511
PGCC G346.83-6.36,264.55578611,-43.460655,11.0018,2.18,0.482954,5.03941,,
PGCC G337.19+16.35,234.282135,-35.26865,,,,,,
PGCC G356.99+13.25,252.34477194,-23.82806389,,,,,0.12,
PGCC G353.50-1.10,263.42504889,-35.02680611,8.829,2.21,0.494422,3.98924,,
PGCC G99.95+17.23,303.0784,66.58757806,,,,,,
PGCC G256.89+15.01,140.49777194,-28.59226806,10.7803,1.63,-0.668224,6.60122,,
PGCC G91.30+4.50,314.10314889,52.30252806,8.01334,1.52,-0.690552,5.26743,,
PGCC G112.20-1.84,351.52551306,59.23975,13.7164,2.19,0.40603,6.25062,,
PGCC G101.97+12.13,316.10693389,65.27399389,14.3174,2.36,-0.529185,6.07588,0.44,1.19376
PGCC G117.18+5.22,357.80618306,67.41710694,6.08918,1.01,0.167126,6.01278,-1.33,
PGCC G247.16-2.10,118.00585194,-31.13488806,14.8601,1.79,-0.480537,8.28737,,
PGCC G204.73-8.05,91.94222306,3.54374,11.5751,1.65,0.906379,7.01931,0.415,1.08814
PGCC G174.23+7.20,90.37569389,37.53516806,18.160601,2.45,-0.337642,7.39761,,
PGCC G327.92+9.13,230.06680306,-46.39026611,10.2455,1.73,1.21791,5.93603,0.66,1.49722
PGCC G62.99+3.52,294.20687889,28.21980111,9.32675,1.65,0.933318,5.64019,,
PGCC G63.73-6.60,304.24893194,23.59728389,14.6858,3.67,0.667826,4.00163,0.62,1.38257
PGCC G106.57+0.81,339.31814611,59.34644306,11.9776,1.78,0.135408,6.71527,-1.13,
PGCC G124.75+2.28,17.18475194,65.08582306,8.20056,1.89,-1.4408,4.33789,0.8,1.38796
PGCC G68.31-2.99,303.70404111,29.39747,,,,,,
PGCC G70.48-0.58,302.74877889,32.528915,8.3225,1.98,0.801567,4.19889,2.62,
PGCC G155.37+2.39,69.90445694,50.30722,,,,,,
PGCC G270.00+0.76,138.83291611,-47.80216194,,,,,,
PGCC G148.63-38.05,34.23939111,20.51247611,12.9589,1.54,-0.435104,8.40539,0.228034,0.692293
PGCC G315.08+2.33,216.43414306,-58.29658889,6.26207,1.34,0.742429,4.67396,,
PGCC G160.10-19.90,54.24321,30.77174,5.28506,1.21,-0.099493,4.37871,0.14,0.195908
PGCC G111.84+11.47,337.07214389,71.19284111,,,,,,
PGCC G91.31+10.79,305.50067111,56.07897194,10.2961,2.35,-1.48495,4.38033,,
PGCC G153.49-25.62,44.672375,29.59451111,13.9712,3.26,-0.715325,4.29032,,
PGCC G349.50-1.31,260.87951694,-38.46762806,8.25062,1.62,-0.150139,5.10601,,
PGCC G112.67+16.64,328.55960111,75.85018889,15.1922,3.09,-0.242988,4.91303,,
PGCC G136.06+7.65,47.83819194,66.88076,7.09883,1.31,-1.27664,5.40044,,
PGCC G3.71-24.42,294.60684194,-35.73846806,,,,,,
PGCC G350.01+11.25,249.20906111,-30.36456889,14.3721,2.74,0.6061,5.23618,,
PGCC G148.31+2.73,62.08945111,55.58009306,9.46413,1.77,-0.921575,5.34056,-0.97,
PGCC G223.73+9.84,116.57625611,-4.950655,,,,,,
PGCC G167.43-37.61,47.59291806,12.97473611,,,,,,
PGCC G251.18-4.93,117.52484889,-36.02404806,12.3382,2.05,-0.848381,6.01675,,
PGCC G282.17-5.85,146.26408389,-60.96678194,,,,,,
PGCC G343.38+23.38,234.41824306,-26.15652694,7.45714,1.46,1.02783,5.10307,,
PGCC G349.54+14.73,245.87941,-28.38429111,,,,,,
PGCC G277.32-2.76,143.28321806,-55.44236806,,,,,,
PGCC G123.98+14.01,17.33909806,76.84040111,17.3221,2.99,0.471039,5.79677,0.38,1.10765
PGCC G67.50-3.77,303.93560806,28.282295,17.639799,1.91,0.485946,9.24998,,
PGCC G39.27-2.28,287.791595,4.59021389,14.1555,2.51,0.469273,5.64435,,
PGCC G163.12-26.51,52.02892694,23.88361194,,,,,0.14,
PGCC G176.22+2.42,86.52923611,33.423115,11.3657,2.33,0.05319,4.87839,,
PGCC G88.99-0.37,317.38079806,47.33726889,5.71308,1.03,0.796471,5.53749,,
PGCC G198.46-13.50,84.16690111,6.30888194,,,,,0.4,
PGCC G348.11+0.41,258.05801389,-38.61196889,,,,,-5.02,
PGCC G304.72+9.51,195.80912806,-53.31890889,10.8034,1.65,-0.695064,6.54769,0.45,1.10094
PGCC G127.81+6.29,26.292295,68.65425889,13.6701,1.97,0.482506,6.95008,,
PGCC G169.56-17.96,63.24863111,26.15771889,10.5026,2.5,-1.1849,4.19473,,
PGCC G164.37-16.39,60.49183306,30.75876,11.6112,1.62,-0.322823,7.16976,0.14,0.371574
PGCC G2.65+3.18,264.93643194,-25.01007306,15.5726,2.65,-0.124968,5.88424,0.12,0.334145
PGCC G357.34+17.11,249.30085806,-21.15510889,12.5251,2.75,0.464155,4.55214,0.12,0.263577
PGCC G50.23+4.39,286.89212,17.38031806,13.0618,1.88,-0.047664,6.9306,0.152757,0.422781
PGCC G348.38+17.15,243.01544194,-27.52700194,,,,,,
PGCC G41.15-1.20,287.69674694,6.75681306,9.26711,1.26,1.56921,7.34793,,
PGCC G210.13-3.36,98.58956889,0.952925,9.18573,2.28,-0.365337,4.03298,1,1.7705
PGCC G144.09-3.26,50.02408611,53.38915611,10.741,2.27,-0.848653,4.74214,,
PGCC G63.37-7.81,305.13162194,22.62256806,9.71373,1.94,1.38013,4.99572,,
PGCC G213.20-18.95,85.98349,-8.74168111,8.48247,1.47,-0.363716,5.76394,0.415,0.844103
PGCC G221.56-2.52,104.55043,-8.82979389,11.845,2.59,-1.16436,4.57794,,
PGCC G122.79-3.24,12.57924694,59.62736111,7.17963,1.73,-1.20869,4.14951,0.69,1.09553
PGCC G62.40+2.41,294.977325,27.16871611,,,,,,
PGCC G325.29+2.46,232.45866389,-53.39607194,8.95047,1.72,0.843229,5.19465,,
PGCC G307.74+1.25,202.88403306,-61.24237389,6.83439,1.5,-0.200203,4.56457,2.78,4.5167
PGCC G132.12+10.40,41.964745,71.16509194,6.05992,1.15,-0.208144,5.26586,,
PGCC G310.96+11.05,205.45372,-51.03391306,14.6354,2,-0.90963,7.32584,,
PGCC G274.78+3.68,147.09088111,-48.918705,12.4311,1.95,-0.306246,6.39066,,
PGCC G316.25-12.37,235.687225,-70.66771694,,,,,,
PGCC G45.01+9.73,279.51107806,15.107025,9.46554,1.47,-0.152059,6.4504,0.3,0.68189
PGCC G357.76-0.21,265.247955,-30.95091194,,,,,,
PGCC G273.65+2.97,145.07856806,-48.72957611,,,,,,
PGCC G153.50+8.29,75.52245306,55.491325,,,,,,
PGCC G213.21-18.31,86.56950389,-8.47389389,10.9455,1.91,-1.11605,5.74272,0.415,0.957089
PGCC G324.32+5.59,228.33548,-51.29746611,,,,,-1.1,
PGCC G216.74+2.33,106.66955611,-2.321475,8.71443,1.19,1.32034,7.30834,,
PGCC G177.56-20.74,66.46746111,18.68091611,,,,,0.23,
PGCC G172.64-14.30,68.48680111,26.42431111,9.51919,2.04,-0.653564,4.65749,0.23,0.445482
PGCC G16.30+1.10,274.10351611,-14.23353694,,,,,,
PGCC G260.39+9.46,138.47146611,-34.87416806,9.33298,1.35,0.848649,6.92228,,
PGCC G163.18-26.64,51.97551694,23.74621,8.54561,2.09,-0.000113,4.08853,,
PGCC G194.12+1.47,95.38168306,17.371555,13.4703,3.3,-1.10844,4.07699,,
PGCC G37.91+2.18,283.18823194,5.423325,9.34797,1.7,0.669436,5.48981,1.06,2.20887
PGCC G149.05+8.83,71.22912611,59.27763694,11.7187,1.8,-0.319996,6.50186,0.6,
PGCC G126.39+14.44,27.81567194,76.90290806,11.1522,2.01,1.02769,5.55603,,
PGCC G151.94+4.75,69.050835,54.43451306,10.1159,1.81,0.526306,5.60407,,
PGCC G332.70+0.96,243.25337194,-49.88756889,7.28841,1.74,1.32184,4.18319,4.51,7.24391
PGCC G101.07+11.74,315.47772194,64.35608694,,,,,,
PGCC G108.78+1.40,342.66458111,60.91225806,13.085,2.35,0.966974,5.56856,0.8,1.98644
PGCC G301.14-9.79,186.95188889,-72.57921611,15.2465,2.17,-0.756387,7.01663,,
PGCC G123.30+19.59,15.47248111,82.45455889,12.2648,1.7,-0.523162,7.21502,,
PGCC G18.23+18.06,260.08798194,-4.20731889,6.64843,1.12,0.730537,5.91072,,
PGCC G107.97+18.86,310.73687694,73.95929,,,,,,
PGCC G105.24+20.75,300.59301806,72.64511111,13.4475,2.58,0.442956,5.21359,,
PGCC G106.23+12.75,322.18563806,68.75831611,9.94785,1.56,0.502926,6.39541,,
PGCC G314.10+5.67,212.73599194,-55.46628611,6.20933,1.54,0.575253,4.02294,0.7,1.0177
PGCC G185.82-2.16,87.68615,22.83569889,8.21581,1.37,-1.56166,6.00566,0.36141,0.738469
PGCC G199.79-11.39,86.65395389,6.22219194,18.626499,5.27,-0.679951,3.53743,0.4,0.944489
PGCC G175.76-3.37,80.48947889,30.66811389,8.24309,1.27,-0.181036,6.48969,,
PGCC G207.18-18.92,83.44187194,-3.63845194,,,,,0.415,
PGCC G133.34+3.00,37.07192194,63.89204806,9.60703,1.29,-0.687057,7.45218,,
PGCC G237.00-2.67,111.85009806,-22.56593306,,,,,,
PGCC G243.51-1.45,116.53261611,-27.64971889,12.8887,1.66,1.45982,7.74729,,
PGCC G217.95-17.64,89.14833806,-12.25919306,17.48,2.77,1.00549,6.31704,,
PGCC G263.10+1.32,132.92221111,-42.27846889,,,,,,
PGCC G87.23-41.90,346.32974194,13.49918306,15.4564,1.71,0.835174,9.05154,0.206063,0.708995
PGCC G0.70+20.31,248.76528889,-16.67227389,15.8421,2.55,-0.366157,6.20315,,
PGCC G45.22-6.56,294.39382889,7.82043889,,,,,0.87,
PGCC G7.87+29.98,244.90432694,-5.666555,14.2578,2.9,0.678036,4.91575,,
PGCC G333.43-0.19,245.32424889,-50.20108389,,,,,5.01,
PGCC G356.01+14.42,250.69618194,-23.84874889,10.6138,2.37,-0.817879,4.48674,0.12,0.240885
PGCC G340.44+20.84,233.85832194,-29.8367,,,,,,
PGCC G308.58-1.44,205.71807889,-63.74215694,,,,,-2.49,
PGCC G163.91+10.11,87.05911306,47.85923806,12.7063,2.66,-0.59111,4.78157,,
PGCC G128.62+1.54,25.85242306,63.83346889,12.0526,2.5,-0.990382,4.82095,0.78,1.72953
PGCC G139.65-1.25,45.10538111,57.37474111,10.0863,1.61,-0.367127,6.25826,,
PGCC G104.71-3.10,339.85855111,55.02908306,8.00699,1.86,-0.938318,4.30887,0.92,1.57192
PGCC G133.29+9.08,43.26592306,69.47269389,,,,,,
PGCC G168.82-6.37,72.72962194,34.40799694,11.3622,3.07,-0.139141,3.69958,0.14,0.264035
PGCC G87.80+9.20,304.54577611,52.31703611,,,,,,
PGCC G211.54+4.67,106.39077806,3.36329889,17.995199,3.9,-0.660262,4.61791,,
PGCC G106.31-4.69,343.57269306,54.35222611,17.982599,3.29,-0.48768,5.46293,0.69,1.98937
PGCC G118.12-21.23,6.86885194,41.42197,18.0329,2.99,-1.4027,6.03052,,
PGCC G241.34-7.95,108.86849194,-28.83997306,16.538601,4.21,-0.584074,3.92593,,
PGCC G184.66-3.01,86.244125,23.38653889,10.8428,1.93,-0.564673,5.62219,0.52,1.18101
PGCC G142.46+1.21,51.98460806,58.018925,5.56146,1.24,-0.697497,4.47353,,
PGCC G289.25-26.88,100.885475,-77.81172194,9.39685,2.15,-0.328443,4.36061,,
PGCC G6.00+7.69,262.73153694,-19.78150889,8.38369,1.61,-0.312391,5.20548,0.12,0.230598
PGCC G96.48-3.78,329.213715,49.91167111,13.3009,2.78,-1.38205,4.7827,,
PGCC G100.01-28.68,349.61743194,30.02484111,12.2114,2.04,0.937614,5.97673,,
PGCC G98.83-4.57,332.90802,50.66604611,,,,,,
PGCC G225.23-4.88,104.09559611,-13.16030889,6.38937,1.4,-0.701977,4.56854,,
PGCC G208.09+5.50,105.57293694,6.80039306,13.0954,1.78,-0.949227,7.34471,,
PGCC G337.37+23.51,229.39660611,-29.414135,9.03183,1.47,-0.688091,6.13679,,
PGCC G194.94+1.15,95.49176,16.49554389,15.8895,3.29,-0.335718,4.83256,-1.31,
PGCC G338.29+9.95,240.47914111,-39.50009194,,,,,,
PGCC G181.89-30.76,61.10767,9.27642306,,,,,,
PGCC G157.94+35.43,127.22106194,59.12838389,,,,,0.353183,
PGCC G308.12+1.79,203.49218806,-60.65158111,,,,,2.39,
PGCC G103.96+17.28,308.27157611,69.90009306,9.98294,1.45,-0.716213,6.87295,,
PGCC G339.43-5.66,257.77377306,-49.19402694,15.2369,2.9,1.0941,5.26268,-1.67,
PGCC G144.10-5.75,47.90276,51.26482389,8.68865,1.34,-0.136215,6.46783,,
PGCC G353.25-3.37,265.62667806,-36.446285,8.50279,1.39,0.439202,6.1116,,
PGCC G9.56-3.22,274.74844389,-22.21416111,12.033,1.95,0.895943,6.16569,,
PGCC G196.03-9.92,86.09539806,10.16037611,8.67594,1.33,0.10026,6.52402,,
PGCC G102.18+10.71,318.927765,64.49269889,14.1707,2.63,-0.814203,5.39325,0.43,1.0935
PGCC G175.70+7.25,91.30990611,36.27584806,14.1001,2.15,-0.308283,6.54759,,
PGCC G53.50+9.52,283.53228806,22.57040194,,,,,0.57,
PGCC G164.15-1.02,74.28643,41.39194889,12.3196,2.21,-0.658435,5.56891,0.71,1.71068
PGCC G120.55+18.92,357.39822389,81.50884194,12.0273,1.88,1.53179,6.40217,,
PGCC G298.35-5.06,180.85720806,-67.50718694,12.5289,2.46,0.68986,5.09337,-0.98,
PGCC G95.87+6.17,317.11691306,56.81644806,,,,,-1.08,
PGCC G162.38+6.03,80.747955,46.99526194,7.16249,1.23,-0.792098,5.84351,,
PGCC G175.58-6.84,77.11531806,28.803215,11.0221,1.67,0.782611,6.58583,0.45,1.11526
PGCC G179.82-6.19,80.432945,25.7353,14.7395,2.4,0.442356,6.13886,,
PGCC G321.46-4.75,234.42532306,-61.49272194,7.75989,1.67,0.383974,4.6459,-1.07,
PGCC G6.66+8.95,261.97894306,-18.556925,9.07105,1.42,0.56018,6.3657,,
PGCC G14.54+19.52,257.02838111,-6.45165611,12.8567,1.95,0.442596,6.59159,0.63,1.68705
PGCC G112.81+16.44,329.51983611,75.77704611,7.94526,1.57,1.39977,5.05563,,
PGCC G193.39+0.36,94.00264694,17.49138611,14.8659,3.31,-0.180611,4.48683,,
PGCC G139.35-1.59,44.31253111,57.216675,10.762,1.5,1.32263,7.19319,,
PGCC G58.54-1.88,296.947845,21.67846889,,,,,1.04,
PGCC G157.59-2.09,67.22767611,45.640865,6.74311,1.51,0.130155,4.47447,2.5,
PGCC G125.90-2.57,18.8265,60.15937806,7.24662,1.32,-0.242929,5.49735,,
PGCC G270.35-1.51,136.67990111,-49.61454,,,,,,
PGCC G278.58+2.93,151.049835,-51.85104,11.6094,2.59,1.139,4.48352,0.62,1.30117
PGCC G99.80+0.07,329.652405,54.98309694,10.6464,2.25,-1.18397,4.74023,,
PGCC G153.82+1.70,67.45747389,50.98718306,14.4855,2.31,1.08789,6.26726,,
PGCC G336.74-0.25,248.891495,-47.85701389,11.881,2.04,0.151767,5.82332,5.76,13.9367
PGCC G300.88-2.66,187.92121889,-65.44965389,15.2858,2.24,1.39318,6.81754,,
PGCC G306.54-1.45,201.14314306,-64.09384889,9.54321,1.27,-1.18402,7.50531,,
PGCC G133.41+1.22,35.80949389,62.21509889,6.57102,1.02,-0.321139,6.41143,,
PGCC G314.21-7.12,223.06346111,-67.31201194,,,,,,
PGCC G130.66+0.23,29.553005,62.09107611,13.5263,2.87,-0.158222,4.71553,0.126474,0.293821
PGCC G51.44+6.95,285.05203194,19.60589194,10.0464,1.84,0.347086,5.45362,0.79,1.70099
PGCC G212.08-15.21,88.88983194,-6.12978611,7.15394,1.86,-1.09105,3.85506,0.23,
PGCC G201.49-4.65,93.42643,7.99146694,,,,,,
PGCC G3.34+10.86,258.37612889,-20.223085,,,,,-1,
PGCC G339.43+23.58,231.09217806,-28.24445,,,,,,
PGCC G345.33-7.67,265.03320306,-45.41357806,8.82105,1.94,0.818504,4.53677,,
PGCC G350.71+4.06,256.33618194,-34.35029194,9.48697,1.25,0.593129,7.59875,,
PGCC G355.49+20.49,245.33746306,-20.31815889,10.0624,2.94,0.625524,3.42531,0.12,0.204931
PGCC G278.38-6.81,139.44496194,-59.07568694,10.1317,1.38,1.04812,7.35512,,
PGCC G134.90+1.58,39.04843111,61.98851806,7.86653,1.4,0.796462,5.61927,,
PGCC G104.77-2.82,339.693695,55.304985,,,,,,
PGCC G96.68+10.45,311.82769806,60.18528,,,,,,
PGCC G220.31-1.75,104.674355,-7.36605389,6.99116,1.63,-0.641453,4.28264,,
PGCC G115.79+18.63,333.64575194,79.261955,11.7519,1.65,1.24241,7.10922,,
PGCC G172.82-26.99,58.53091806,17.70449611,,,,,,
PGCC G122.74-9.73,12.54737306,53.14613,13.5926,2.67,-0.414662,5.08211,,
PGCC G220.84-0.33,106.18933111,-7.18888111,9.87465,2.51,-0.453292,3.93613,4.84,8.77744
PGCC G281.78-7.60,143.20227111,-62.01162694,8.34685,1.1,0.563739,7.5897,,
PGCC G157.30+1.33,70.64681194,48.16072806,11.7398,2.43,-0.834714,4.83914,-1.44,
PGCC G28.15+25.32,258.11962889,7.35030194,,,,,,
PGCC G118.54+8.64,359.39428694,71.04841611,12.0367,2.48,0.582864,4.86008,,
PGCC G127.78-0.42,23.255995,62.05632389,10.631,2.16,-0.448819,4.91721,-1.65,
PGCC G66.30-6.11,305.36959806,25.98331611,16.0618,2.27,0.616199,7.06532,0.59,1.82828
PGCC G269.08-3.33,133.26840194,-49.84965111,13.2912,2.34,-0.816838,5.68303,2.3,5.8147
PGCC G98.22+2.71,324.533325,56.00551194,,,,,-1.7,
PGCC G331.87+8.16,235.43182389,-44.932545,11.268,1.73,-0.115123,6.49723,,
PGCC G102.33+7.50,324.20700111,62.30293306,6.67163,1.53,1.23852,4.35229,0.45,0.705365
PGCC G345.06+3.86,252.15837111,-38.892155,14.7781,1.6,0.183666,9.24177,,
PGCC G96.42-10.28,334.76940889,44.60771194,17.638901,4.07,1.41136,4.33455,,
PGCC G108.30+13.99,323.84576389,71.05165889,14.9511,1.94,0.749739,7.7006,0.3,0.936369
PGCC G170.51-9.02,71.55346694,31.43425,7.52195,1.14,1.47823,6.59638,0.23,0.471273
PGCC G115.22+17.49,334.836975,78.015015,,,,,,
PGCC G1.30+0.30,266.880005,-27.67333194,,,,,,
PGCC G334.13-1.54,247.60479694,-50.64999806,7.35644,1.42,0.825852,5.16539,,
PGCC G130.53-5.81,26.55579889,56.25053,9.75708,1.48,-1.57041,6.60122,0.229087,0.53481
PGCC G212.23-15.04,89.10594889,-6.18882194,9.07344,1.52,1.50493,5.97126,,
PGCC G145.82-4.18,51.57570611,51.68013806,9.21174,1.52,-0.957455,6.0657,0.35,0.761038
PGCC G306.58+0.32,200.72656194,-62.32400889,13.1014,2.87,0.675242,4.56612,4.44,9.98947
PGCC G240.84+7.63,123.49030306,-20.63047,,,,,,
PGCC G271.46-4.70,134.02247611,-52.55514111,9.54189,1.65,1.39089,5.76619,0.77,1.66142
PGCC G283.16-2.14,152.34223889,-58.647945,5.95537,1.77,1.56575,3.36628,2.2,2.86536
PGCC G225.39-0.57,108.099785,-11.33333806,7.22933,1.68,0.164666,4.31305,,
PGCC G5.35+10.53,259.84182694,-18.777605,10.2308,1.53,1.52793,6.6704,0.12,0.288362
PGCC G305.64+3.43,198.15679889,-59.33064306,11.5467,2.02,0.763499,5.71562,,
PGCC G161.13-28.47,49.188465,23.41867611,10.47,1.94,-0.786597,5.38857,,
PGCC G73.55-6.27,310.33062694,31.74312,5.81822,1.09,-1.47143,5.33264,0.31,0.50229
PGCC G55.45-4.19,297.41354389,17.85358611,9.559,1.24,1.21672,7.68875,-1.62,
PGCC G150.83+4.64,67.60616306,55.17438889,8.53132,2.71,-0.288266,3.14989,0.132434,0.199702
PGCC G226.53-2.14,107.21500389,-13.06895806,9.14801,1.81,-0.761449,5.06639,5.3,10.4958
PGCC G115.51+11.18,347.79992694,72.59378111,12.93,1.4,-0.691197,9.23035,,
PGCC G321.58-1.89,231.317245,-59.07609889,12.4092,2.85,0.65365,4.351,,
PGCC G227.50-10.91,99.49896194,-17.82256889,11.7588,2.53,-0.491779,4.6546,0.68,1.46338
PGCC G335.52+16.32,232.73719806,-36.26790611,,,,,0.45,
PGCC G126.10+27.69,114.82504306,87.13443,8.08769,1.14,1.20934,7.09072,0.38,0.837082
PGCC G279.26-2.43,146.26025389,-56.48126194,13.8665,2.33,0.126767,5.96228,,
PGCC G356.31+32.47,236.61454806,-11.72308,,,,,,
PGCC G144.83-12.01,44.19677694,45.46391694,9.64701,1.81,1.45882,5.33873,,
PGCC G169.34-9.40,70.33844806,32.06406806,,,,,0.14,
PGCC G17.12-2.65,277.92376694,-15.270225,,,,,,
PGCC G70.84+0.62,301.789215,33.48164389,,,,,0.172187,
PGCC G133.72+6.14,40.85071611,66.64139611,17.657301,3.22,-0.505609,5.48448,0.4,1.14503
PGCC G241.96-0.85,116.24195889,-26.01736306,13.167,3.14,-1.10529,4.19736,,
PGCC G263.14-36.41,77.29924,-55.18927389,9.73525,2.37,0.837472,4.11062,,
PGCC G171.77-41.45,47.58460611,7.88846111,9.45233,1.25,0.175464,7.57793,,
PGCC G157.12-23.49,49.19548389,29.565275,16.760099,2.43,-0.556553,6.91006,0.14,0.438263
PGCC G30.18+9.85,272.845245,2.06069806,13.8653,2.44,-0.384202,5.68357,0.65,1.67848
PGCC G183.49-11.42,77.98369611,19.78623194,,,,,,
PGCC G98.83+1.08,327.21817,55.171055,11.143,2.26,1.35448,4.93345,,
PGCC G242.37-2.53,114.84082806,-27.202385,14.8053,2.05,-1.18876,7.21965,,
PGCC G170.27-25.94,57.60829194,20.05542194,18.720699,3.19,0.107954,5.86048,,
PGCC G155.88+4.17,72.56745111,51.08316806,16.2904,2.02,-0.483266,8.06464,0.46,1.53371
PGCC G152.52+1.48,65.75927,51.762535,7.50536,1.79,-1.21488,4.19174,-1.21,
PGCC G8.20+0.47,270.55715889,-21.62865306,7.90256,1.14,1.24116,6.95598,-2.87,
PGCC G39.44-1.90,287.53491194,4.91584389,,,,,1.26,
PGCC G128.81-8.66,22.719845,53.75706889,9.46312,1.39,1.2632,6.7934,0.279254,0.651309
PGCC G179.51+7.21,93.43488306,32.93252889,12.7329,2.36,0.814281,5.38695,,
PGCC G153.07+8.46,75.309975,55.93266694,11.9566,2.46,1.08677,4.86765,,
PGCC G110.03-6.95,350.875275,53.70548611,6.38363,1.49,-0.627826,4.28974,0.215774,0.328454
PGCC G110.39-6.47,351.17486611,54.27698889,16.974899,2.62,-1.46543,6.46798,0.219786,0.669908
PGCC G37.52+0.07,284.891815,4.11207194,9.06853,1.41,-1.21317,6.42657,3.93,8.72725
PGCC G38.81-0.46,285.95513889,5.02370611,11.3096,2.11,-1.33693,5.34806,5.84,
PGCC G131.15+13.59,44.06700111,74.43635611,,,,,0.185353,
PGCC G91.41-30.71,343.17804,24.79230306,,,,,,
PGCC G353.05-4.18,266.35034194,-37.04108,11.5385,1.97,1.48288,5.86365,,
PGCC G245.58-16.83,101.28379806,-36.26942111,15.1489,4.73,-0.718837,3.20606,,
PGCC G175.56-10.43,73.85837611,26.66632806,13.6842,1.83,-1.18002,7.46297,0.23,0.676115
PGCC G56.48+7.52,286.89566,24.34308806,15.6336,2.41,-0.106236,6.49427,0.48,1.4069
PGCC G2.93+9.14,259.65542611,-21.52649111,8.33289,1.27,0.059891,6.57553,0.16,0.344517
PGCC G104.00+12.54,318.57092306,67.03675111,15.2319,2.64,1.5705,5.75884,,
PGCC G163.86+3.54,79.025185,44.37151306,11.15,1.91,0.171331,5.84727,,
PGCC G354.82+0.96,262.22006194,-32.794655,6.79164,1.44,1.28396,4.70094,,
PGCC G102.96+5.21,328.35125694,60.97891194,,,,,,
PGCC G182.23+4.79,92.43383806,29.39666694,5.02009,1.74,-0.614663,2.889,,
PGCC G336.93+7.70,241.15808111,-42.07581306,14.785,2.54,1.41793,5.82238,,
PGCC G50.28-1.66,292.48028611,14.60082889,10.7967,1.4,1.10209,7.71082,0.100462,0.26664
PGCC G322.94+6.20,225.94853194,-51.45807306,12.4491,2.1,1.13746,5.93121,,
PGCC G190.56-1.86,90.50733889,18.88814194,6.99515,1.67,-0.13984,4.19588,,
PGCC G146.11+10.92,70.70278194,62.838005,10.8956,1.4,-0.31244,7.80743,,
PGCC G305.68+1.88,198.51632694,-60.86669194,,,,,,
PGCC G134.61-3.43,34.90270194,57.42790194,10.3987,1.86,-0.742277,5.59425,,
PGCC G243.41-3.56,114.39287611,-28.61533694,,,,,,
PGCC G93.02-32.44,345.430695,23.98007806,14.2003,2.21,1.55298,6.42083,0.195884,0.544091
PGCC G40.96-0.02,286.554535,7.12877194,,,,,2.2,
PGCC G164.58+0.84,76.60781889,42.19443111,12.1769,2.4,-1.52677,5.07983,,
PGCC G282.61-3.12,150.36018389,-59.11090111,10.9893,1.53,-1.386,7.18179,2.84,7.33917
PGCC G344.00-2.52,257.98550389,-43.65684111,,,,,1,
PGCC G246.25-6.70,112.77047694,-32.59608111,10.3024,1.46,-0.605786,7.06617,,
PGCC G306.22-0.25,200.10389694,-62.93671,10.3259,1.87,0.432406,5.50748,,
PGCC G115.61+11.36,347.87149,72.80059806,9.17534,2.5,-0.350634,3.67467,,
PGCC G203.67-20.22,80.73974611,-1.33190306,11.1461,1.62,0.375296,6.89182,0.346737,0.884009
PGCC G123.31+12.98,14.370265,75.84590111,10.1326,2.56,0.054442,3.95747,,
PGCC G315.69-3.03,221.90884389,-62.99107389,18.2672,3.96,0.566807,4.61566,-1.16,
PGCC G141.04+6.32,55.72815306,62.99077194,,,,,,
PGCC G312.02-0.99,212.82713306,-62.44349306,9.70268,1.56,0.538112,6.20033,,
PGCC G118.56-2.29,4.02228806,60.28439306,6.11371,1.41,-0.894266,4.3404,,
PGCC G85.91-2.15,316.28717,43.87062806,,,,,,
PGCC G86.92+3.28,311.24905389,48.14503889,9.98447,2.33,1.34394,4.27949,,
PGCC G123.53+3.04,14.32261306,65.90649389,,,,,-0.88,
PGCC G127.99-5.47,22.14832694,57.03310806,6.69311,1.46,-0.214592,4.56892,,
PGCC G238.30-3.25,111.96558389,-23.98838806,7.98946,1.15,-0.316584,6.94155,,
PGCC G345.76+9.31,247.61340306,-34.77252194,10.931,1.69,0.235756,6.48433,,
PGCC G340.25+5.53,246.34709194,-41.34806806,10.7707,1.39,-0.755883,7.77103,,
PGCC G17.56+9.73,267.02322389,-8.94732111,16.931,2.53,0.497838,6.69226,,
PGCC G348.16+0.75,257.74505611,-38.378155,,,,,1.68,
PGCC G163.01-19.60,56.89793389,29.25259806,9.86081,2.46,-0.561543,4.00137,,
PGCC G132.52+13.64,48.34878194,73.81070694,13.3604,2.35,0.035679,5.68235,0.22,0.5576
PGCC G356.06+17.08,248.49194306,-22.11831111,10.7428,1.81,0.370986,5.92517,0.12,0.278495
PGCC G281.23+7.62,158.58453389,-49.38853111,12.3645,1.65,-0.859847,7.51539,,
PGCC G8.83-0.06,271.39059389,-21.33850889,9.87999,2.06,0.584047,4.79095,6.14,12.2881
PGCC G170.73+1.70,82.157295,37.670055,,,,,,
PGCC G150.66+0.36,62.31257194,52.24588,17.611601,2.54,-0.123224,6.9231,0.8,2.56961
PGCC G130.80+11.72,40.00762194,72.91037,,,,,0.224905,
PGCC G314.89-27.91,289.83606,-79.37034611,,,,,,
PGCC G334.46+0.04,246.19090306,-49.31401111,9.22171,1.74,0.830126,5.28891,4.68,9.50739
PGCC G14.33-44.57,320.51687611,-31.480795,,,,,,
PGCC G335.23+18.80,230.67208889,-34.41408194,10.09,2.39,0.479344,4.22474,,
PGCC G110.81-2.40,349.36480694,58.24272889,17.097601,5.25,-0.529827,3.25463,4.01,
PGCC G170.58+3.22,83.66910611,38.62748306,17.398199,3.3,-0.847774,5.26776,4.21,11.724
PGCC G7.49-27.98,299.91238389,-33.48059111,13.2974,2.46,0.684034,5.40399,,
PGCC G126.61+10.90,25.59058806,73.40933194,,,,,,
PGCC G264.03-3.56,128.35752889,-46.02069111,14.24,2.27,-0.343477,6.26268,-2.56,
PGCC G83.39-6.43,318.225555,39.11713,,,,,,
PGCC G259.58+1.42,130.10630806,-39.46715194,12.5215,1.75,1.53775,7.15253,,
PGCC G249.20+6.79,127.84298694,-27.95787,8.36518,1.18,-0.682134,7.07138,,
PGCC G71.18+14.03,287.22320611,40.16902889,8.66121,2.42,-0.003076,3.57564,0.639735,1.0356
PGCC G4.88+4.40,265.0849,-22.473095,11.35,1.58,0.873289,7.16482,0.12,0.314781
PGCC G180.71-12.86,75.04029806,21.17003111,10.3924,1.28,-0.251127,8.12881,,
PGCC G118.40-11.21,5.725165,51.41543194,10.2002,1.86,0.924243,5.49341,,
PGCC G200.18-13.00,85.43266306,5.09688694,12.1765,2.8,-0.581182,4.35008,,
PGCC G130.72-1.99,28.54735806,59.92698694,9.40317,1.47,0.249746,6.37527,0.75,
PGCC G20.72+7.07,270.90872194,-7.51061694,13.7301,2.44,0.078529,5.62574,-1.17,
PGCC G24.56+15.00,265.72851611,-0.411185,8.83471,1.2,1.55053,7.33451,,
PGCC G211.09-19.47,84.62365694,-7.18301389,,,,,0.415,
PGCC G217.84-0.17,104.95072889,-4.44110306,,,,,,
PGCC G209.56-0.75,100.65526611,2.657095,7.44503,1.36,-1.27359,5.4618,4.76,8.82947
PGCC G185.69-32.27,61.94139889,5.79918306,6.2146,1.82,-0.301882,3.40701,,
PGCC G281.51+14.50,163.704865,-43.472275,,,,,,
PGCC G171.21-12.27,69.19778389,28.80485694,,,,,0.23,
PGCC G118.26+14.00,353.55117806,76.16233806,,,,,,
PGCC G27.39+4.46,276.35562111,-2.88042194,12.193,2.94,-0.039687,4.14867,0.26,0.537909
PGCC G272.28+5.08,145.60960389,-46.24202694,6.67127,2.32,-1.5668,2.8694,,
PGCC G39.38-1.98,287.57562306,4.82193111,10.534,2.92,0.843759,3.60859,,
PGCC G253.53+0.22,124.43079389,-35.26435889,6.47987,1.25,0.184717,5.18224,,
PGCC G7.53-10.53,280.95031694,-27.29892194,15.5861,3.4,0.542586,4.57961,,
PGCC G219.59-10.46,96.46053306,-10.61552,7.40311,1.17,0.105076,6.3324,0.415,0.826544
PGCC G121.24+23.30,350.71517889,85.88197306,9.92226,1.2,1.25894,8.27045,0.38,1.00134
PGCC G144.01-7.23,46.59365111,50.03617111,12.63,1.67,-0.832373,7.54235,,
PGCC G169.00-10.29,69.29321306,31.74491306,10.6307,2.07,-0.452118,5.132,0.14,0.300801
PGCC G25.81+0.82,278.86517306,-5.96343889,7.51532,1.27,1.53687,5.92094,2.78,5.39437
PGCC G128.48+6.07,27.92568389,68.29330389,11.1062,2.22,-1.05262,5.01067,,
PGCC G268.99+5.47,142.55889889,-43.74678389,,,,,0.65,
PGCC G351.87+6.34,255.01193194,-32.05420306,,,,,0.91,
PGCC G33.41-6.87,289.19998194,-2.70555611,13.9847,2.73,0.063565,5.11541,,
PGCC G216.24-11.94,93.64591194,-8.31668194,10.6621,1.73,-0.432207,6.17465,,
PGCC G125.89+14.53,25.78777694,77.1073,9.47036,1.85,0.026238,5.13075,,
PGCC G97.80+8.82,315.75976611,60.01057806,7.16882,1.52,1.41241,4.71137,1.1,1.85959
PGCC G253.32-2.14,121.85175306,-36.39002611,9.38407,1.25,-0.404927,7.51551,,
PGCC G235.75-3.66,110.26818806,-21.936005,10.7655,1.66,-0.776263,6.49895,-1.98,
PGCC G297.52+1.36,181.63114889,-61.04375806,13.3426,1.56,-0.095605,8.55959,,
PGCC G140.75+0.90,48.92321389,58.69335889,8.17205,1.04,0.185702,7.85419,1.21,2.81987
PGCC G37.90-7.00,291.35562111,1.20094306,10.2346,1.94,-0.004107,5.28412,-1.42,
PGCC G336.82+16.79,233.60684194,-35.1413,9.5609,2.57,0.575201,3.7169,,
PGCC G93.89-8.95,330.84237694,44.23891389,,,,,0.226986,
PGCC G96.26+12.83,307.38925194,61.24507111,,,,,,
PGCC G306.02-1.38,199.92523194,-64.08013889,10.3677,1.1,1.32448,9.39013,,
PGCC G305.85+8.70,197.78289806,-54.05958611,10.5995,1.99,0.562776,5.32627,0.73,1.59553
PGCC G96.36+5.34,318.82479889,56.60850111,10.6519,2.11,1.1884,5.05335,-1.19,
PGCC G198.61+30.95,126.34252194,25.044065,,,,,,
PGCC G273.76+3.10,145.33435111,-48.70355194,,,,,0.63,
PGCC G129.19-4.84,24.50722694,57.46428694,10.5876,1.93,0.689785,5.4986,0.230144,0.5108
PGCC G45.12+61.11,225.66658,29.34281,6.27626,1.29,-0.093489,4.88306,,
PGCC G310.41+7.33,205.79586806,-54.78814694,7.55076,1.19,0.465394,6.3344,0.44,0.885172
PGCC G342.54-0.99,255.07202111,-43.90707,9.38385,1.57,-0.080212,5.99142,5.76,12.5633
PGCC G338.30+9.32,241.03105194,-39.96475611,11.4369,2.55,0.551307,4.48831,,
PGCC G22.90+20.47,260.17550694,0.813265,16.989901,3.16,0.408226,5.37673,,
PGCC G331.11-1.49,244.11737111,-52.75663,9.98541,1.88,0.562466,5.31772,,
PGCC G357.26+7.52,257.59207194,-27.05714194,8.16042,1.64,-0.064785,4.97507,,
PGCC G168.86-5.00,74.05194889,35.23285694,,,,,0.14,
PGCC G332.17+0.11,243.57237194,-50.87365,7.2105,1.74,0.554746,4.13396,4.84,7.68666
PGCC G148.62+9.73,72.07898694,60.17364889,10.0492,1.65,-0.144004,6.07921,0.5,1.13681
PGCC G168.62-5.36,73.52755694,35.19891389,,,,,0.14,
PGCC G204.17-20.20,80.97495306,-1.73390194,,,,,0.368129,
PGCC G44.23+4.24,284.22659306,11.979715,8.5717,1.18,1.18229,7.24026,,
PGCC G296.58-14.45,166.54499806,-76.00542389,15.7502,3,-0.121263,5.24393,,
PGCC G146.70+3.49,60.84576,57.21607611,8.40452,1.86,-1.10316,4.51254,,
PGCC G156.09-9.40,58.81769611,41.34411194,8.71836,2.03,-0.985874,4.29477,0.14,0.249196
PGCC G185.96-3.74,86.29636389,21.90170889,11.0457,1.76,0.598379,6.2721,0.58,
PGCC G213.68-19.53,85.64631694,-9.40567806,8.47842,1.61,0.860097,5.25129,0.415,0.805499
PGCC G17.07+0.44,275.08190889,-13.86904194,10.6685,2.73,1.22014,3.90955,2.89,5.42926
PGCC G197.76-9.27,87.532875,8.99779806,5.9212,1.31,-0.237149,4.50406,,
PGCC G11.64-9.94,282.27194194,-23.39636806,11.1941,1.59,-0.273611,7.03007,,
PGCC G197.18-3.12,92.71466111,12.49869194,,,,,,
PGCC G156.34-26.36,46.681465,27.59790194,,,,,,
PGCC G93.95-34.17,347.07669111,22.82942611,11.1296,1.68,-1.31809,6.62747,0.247742,0.618928
PGCC G322.68-16.30,256.29882806,-68.74662,9.64663,1.51,1.06678,6.38434,,
PGCC G348.17+6.22,252.36744694,-35.00201806,12.7263,1.66,-1.0321,7.677,,
PGCC G280.23+8.16,157.71293611,-48.41273889,12.7289,2.32,-1.50417,5.47522,,
PGCC G114.15+13.17,340.64483611,73.80413806,,,,,,
PGCC G92.95-32.00,345.14440889,24.34094806,15.0665,2.52,-1.14677,5.98056,0.234423,0.647298
PGCC G237.20-3.87,110.79783611,-23.31311194,5.53665,1.22,-1.29372,4.5456,,
PGCC G142.74-6.87,45.14496611,50.96428694,11.0328,2.51,-1.03165,4.39875,,
PGCC G0.66-6.94,273.77481111,-31.78945889,,,,,,
PGCC G208.83+2.26,103.00018306,4.68074111,,,,,,
PGCC G145.29-7.24,48.27877,49.38033306,10.1896,2.08,-0.896835,4.88814,,
PGCC G64.56+0.13,298.41680889,27.88469111,,,,,,
PGCC G49.50+6.13,284.92025806,17.52273889,,,,,0.159221,
PGCC G96.62-10.80,335.40197806,44.28723889,12.3469,2,-1.49941,6.17949,,
PGCC G181.01-29.46,61.62801694,10.68681,,,,,,
PGCC G92.68+4.95,315.02087389,53.63579889,14.3021,3.56,1.1925,4.0212,-1.14,
PGCC G334.93+18.76,230.42149389,-34.61261694,,,,,,
PGCC G119.44-6.08,6.54574694,56.61568111,11.1002,1.88,-1.43456,5.89918,,
PGCC G102.64+16.42,308.35952806,68.37637306,10.7055,1.91,-0.256636,5.60717,,
PGCC G90.06+7.10,309.48895306,52.950615,10.0372,2.2,0.914037,4.57183,,
PGCC G4.50-0.80,269.76116889,-25.46805,7.47669,1.45,-0.344058,5.15099,,
PGCC G285.49+0.69,158.93876611,-57.51061194,10.7581,1.99,0.532768,5.39938,,
PGCC G92.50-3.08,323.91180389,47.88628806,,,,,,
PGCC G267.67+6.98,142.67981,-41.75096111,13.0533,1.59,-0.500478,8.18869,0.62,1.8646
PGCC G207.45+0.33,100.64547,5.03016111,13.5514,2.18,1.29193,6.20381,,
PGCC G155.07-0.00,66.88803889,48.90273694,11.743,1.76,-0.383763,6.67322,3.89,10.0169
PGCC G315.51-0.95,219.71121194,-61.16986806,8.75095,1.47,1.33302,5.93624,,
PGCC G9.14-1.44,272.84674111,-21.73671306,9.89688,2.3,-0.543861,4.31154,,
PGCC G221.95+2.28,109.03205111,-6.96263611,,,,,,
PGCC G172.46+2.49,84.1828,36.64884889,10.4916,1.67,-0.425174,6.28604,,
PGCC G357.20+13.10,252.61019889,-23.75569889,10.6647,1.27,-0.85858,8.40353,0.12,0.330457
PGCC G26.62+8.33,272.56994611,-1.76661611,10.203,1.88,-0.246788,5.42636,,
PGCC G114.40-2.71,356.10540806,59.04720306,14.4623,2.42,1.00546,5.98477,-1.03,
PGCC G178.07-2.51,82.79872111,29.22937389,15.9699,5,-0.626219,3.19309,0.45,
PGCC G7.93-0.57,271.38757306,-22.37442194,7.82409,1.5,0.521296,5.20154,4.01,7.44138
PGCC G153.76+11.42,80.404045,57.08021889,10.5358,1.08,-0.682284,9.78162,,
PGCC G216.64-7.51,97.82674389,-6.70177611,13.7935,2.06,-0.622914,6.68121,0.32,0.893597
PGCC G205.78+2.78,102.07917,7.635355,15.0032,2.14,1.15872,7.005,,
PGCC G171.88-38.06,49.98071694,10.31831306,10.8745,1.75,-0.392899,6.19848,,
PGCC G28.27-1.82,282.35437,-4.97900306,8.31512,1.52,-1.46096,5.48234,,
PGCC G224.89+0.78,109.08087889,-10.26205194,,,,,,
PGCC G3.48+8.94,260.16058306,-21.19188111,7.67209,1.58,-0.29678,4.85898,,
PGCC G182.77-5.85,82.53371389,23.47803306,,,,,,
PGCC G26.20+3.25,276.87908889,-4.49551806,8.65897,1.6,-0.026195,5.398,0.26,0.51707
PGCC G174.40+4.76,87.83484611,36.18660694,11.5003,1.97,-0.438896,5.83416,0.69,1.64407
PGCC G141.20+6.26,55.91907889,62.85277194,,,,,,
PGCC G237.12-0.95,113.53900889,-21.84630389,14.7276,2.8,-1.48905,5.25721,,
PGCC G357.41+11.52,254.12426806,-24.55743611,11.7757,1.86,0.238626,6.34805,,
PGCC G237.46+0.22,114.82215889,-21.57115889,,,,,1.16,
PGCC G68.50+2.14,298.77957194,32.298325,11.0766,1.56,-0.333568,7.08024,,
PGCC G290.79+5.20,171.09179694,-55.60853611,11.5229,1.68,-0.57807,6.84614,,
PGCC G134.85-4.14,34.88550611,56.67698306,9.08663,1.81,-0.45271,5.01598,,
PGCC G216.56-18.18,88.07169306,-11.29308806,14.1931,2.54,-1.35156,5.58917,,
PGCC G354.54-2.58,265.62750194,-34.94027694,5.94884,1.38,0.465847,4.3059,-3.57,
PGCC G178.04+3.73,88.97605111,32.524185,,,,,0.288403,
PGCC G249.03+1.52,122.75112889,-30.80232194,9.69166,1.59,1.45824,6.0995,,
PGCC G132.56+10.24,42.93669889,70.82553889,,,,,,
PGCC G304.43-19.97,204.01609806,-82.71417194,12.0348,1.69,0.721422,7.13641,,
PGCC G358.53-1.03,266.53970306,-30.730045,8.74536,1.92,0.8024,4.54915,,
PGCC G173.27+4.20,86.52364306,36.86607,17.6378,2.75,-0.068554,6.40455,0.66,2.0405
PGCC G134.86+7.94,45.55541194,67.72516611,11.9644,1.98,-0.160266,6.0333,0.38,0.939148
PGCC G174.77-3.65,79.56131694,31.31399889,9.15894,1.44,-0.653609,6.36493,,
PGCC G52.99+0.42,291.91983,17.97443389,7.41303,1.27,0.162168,5.8538,,
PGCC G57.89-7.45,301.67312611,18.25479306,11.4503,1.25,1.06297,9.17677,0.48,1.43127
PGCC G153.65+4.97,71.232605,53.29127889,,,,,,
PGCC G148.51-4.35,54.89280306,49.98074,12.9602,2.92,-0.870011,4.43344,0.4,0.881987
PGCC G167.72-3.23,74.90554,37.22441111,12.4303,1.55,0.135866,8.03876,0.14,0.407091
PGCC G47.11-3.12,292.23812889,11.12038611,,,,,-1.66,
PGCC G45.56-7.55,295.43283111,7.63603806,7.81579,1.42,1.23892,5.50471,0.57,1.08757
PGCC G6.84+17.35,254.80743389,-13.74360306,10.2895,1.86,-0.050742,5.52579,0.26,0.570287
PGCC G347.34+12.37,246.19848611,-31.55484806,9.86586,1.69,0.122608,5.839,,
PGCC G269.62-9.33,126.00342611,-53.88530306,18.527901,2.64,-0.025206,7.0207,,
PGCC G128.32-0.65,24.29748889,61.73939111,,,,,,
PGCC G332.52+7.25,236.95082111,-45.24813111,8.83981,1.58,0.801722,5.58602,,
PGCC G309.64+0.53,207.08172611,-61.60333306,11.8013,4.03,0.685667,2.92664,,
PGCC G142.73+6.56,58.90203889,62.12598,,,,,,
PGCC G251.57+13.78,135.63421611,-25.53825194,8.8023,1.54,1.26614,5.71301,,
PGCC G159.29-12.31,59.42142889,37.088005,10.8344,1.48,0.477176,7.29995,0.14,0.362174
PGCC G151.17-0.50,61.98291,51.26215694,,,,,0.148594,
PGCC G297.05+2.31,181.02908306,-60.02495611,10.6678,1.63,-1.50324,6.55246,0.92,2.23745
PGCC G314.21+2.52,214.75779694,-58.41733194,10.9435,1.94,0.689289,5.62729,,
PGCC G5.56+10.92,259.61798111,-18.38491611,,,,,0.12,
PGCC G143.67+6.92,60.89424889,61.78668194,8.17713,1.46,1.54922,5.60073,0.42,0.826797
PGCC G22.99-9.12,286.58480806,-12.94722611,14.4389,2.76,0.449424,5.23117,,
PGCC G306.80+1.19,200.97625694,-61.43367,,,,,,
PGCC G219.32-4.63,101.627205,-7.78891194,6.94599,1.61,-0.054828,4.30717,,
PGCC G57.38-0.71,295.23648111,21.26018,9.72336,2.08,0.51632,4.67495,,
PGCC G110.10+20.07,311.15161111,76.297745,10.7793,1.81,-0.36073,5.93993,0.376704,0.876825
PGCC G309.21-4.63,208.87625111,-66.71629306,14.7,2.58,-1.02558,5.69015,-0.95,
PGCC G302.47-18.59,189.93223611,-81.450615,8.70825,1.59,0.497947,5.48737,,
PGCC G308.23-46.76,2.24569389,-69.93240389,10.5481,1.36,0.340153,7.73578,,
PGCC G93.43+1.51,320.026855,51.84363611,,,,,0.201372,
PGCC G193.33+0.38,93.98535194,17.55750306,11.607,1.84,-0.079635,6.29675,,
PGCC G160.75-7.57,64.89196,39.55633194,6.27398,1.62,-0.769811,3.8841,0.14,0.201035
PGCC G154.06+2.18,68.27182,51.13822611,13.3068,2.28,1.31927,5.83159,,
PGCC G255.89-10.68,113.89971889,-42.88172111,12.6089,2.42,-0.930299,5.21159,,
PGCC G155.10+6.03,74.11067194,52.85503389,9.06684,2.09,0.033916,4.34066,,
PGCC G128.36+20.00,48.92670806,81.309525,13.1664,1.62,-0.013105,8.10355,0.38,1.14178
PGCC G95.66-0.90,325.32644694,51.60751694,13.0507,1.73,-0.067119,7.55081,,
PGCC G287.13+8.54,167.42343111,-51.18326194,14.947,3.52,-1.09705,4.24405,,
PGCC G202.52-11.32,88.02750389,3.90906389,10.3428,2.05,-0.803113,5.03363,0.415,0.871034
PGCC G344.28+9.07,246.60479694,-36.00733611,12.4697,1.84,0.078649,6.76067,,
PGCC G160.02+1.48,73.39058694,46.182785,11.1358,1.98,-0.153253,5.62256,,
PGCC G118.52+10.17,358.25140389,72.54138889,11.2399,1.65,0.363586,6.81112,,
PGCC G213.82+0.37,103.59462694,-0.61668694,,,,,,
PGCC G243.90+1.87,119.94998194,-26.28059,13.8009,3.12,-1.01252,4.42904,,
PGCC G264.46-24.56,98.28630806,-55.41685111,,,,,,
PGCC G158.65-20.98,52.22958,30.75700806,6.16273,1.35,-0.584385,4.56361,0.14,0.215971
PGCC G232.03-2.48,109.53705611,-18.099915,,,,,,
PGCC G176.81-9.95,75.10618611,25.97534,8.33268,1.96,-0.253982,4.24765,0.23,0.398035
PGCC G133.88+9.14,44.8102,69.24957306,,,,,,
PGCC G26.94-23.87,302.05127,-15.63345194,,,,,,
PGCC G88.08+6.17,308.80056806,50.81899611,8.02819,2.43,1.38815,3.30401,,
PGCC G287.70+3.48,164.85647611,-56.04058111,13.8154,3.67,0.813299,3.76714,,
PGCC G315.60-24.50,272.68075611,-78.30474111,9.44881,1.74,0.177366,5.42495,,
PGCC G120.68-1.45,8.166465,61.33564806,8.45222,1.55,-1.37861,5.44288,,
PGCC G176.68-39.27,51.81701306,6.82073306,10.3456,1.47,0.477976,7.02269,0.314775,0.780472
PGCC G138.48+5.04,49.473125,63.39887611,14.6286,3.45,-0.292074,4.23583,0.44,1.00751
PGCC G152.27+3.12,67.39349389,53.080715,,,,,,
PGCC G300.70-1.57,187.69072,-64.348495,9.23524,2.1,1.02983,4.38964,-2.43,
PGCC G15.73+19.81,257.37185694,-5.34384111,11.9765,2.06,0.548226,5.80424,,
PGCC G8.22+0.17,270.84964,-21.76242611,,,,,4.31,
PGCC G210.82-22.12,82.11058806,-8.12691111,9.73184,1.54,-0.375169,6.32166,,
PGCC G184.43-0.30,88.66745806,24.97430194,7.52794,1.8,-0.617809,4.17271,,
PGCC G94.48+1.71,321.00976611,52.72464806,8.29087,1.38,0.211416,6.01539,0.150661,0.309499
PGCC G319.79+4.37,222.749435,-54.53688389,8.0637,1.86,0.916911,4.32724,-1.81,
PGCC G99.08+9.87,315.81658889,61.64910889,9.19254,1.34,-1.47826,6.87711,,
PGCC G133.48+7.98,42.35633111,68.40683694,10.2124,2.9,-0.359538,3.51985,0.27,0.470887
PGCC G178.53-4.67,81.04131306,27.65122806,,,,,0.145211,
PGCC G178.12+3.72,89.00172389,32.45372806,15.2158,2.96,-0.349973,5.13994,0.272898,0.702028
PGCC G357.48-0.34,265.20877111,-31.25416806,5.05988,1.34,-0.288733,3.77532,3.3,4.19553
PGCC G162.17+0.43,74.14045,43.84346806,10.0392,1.75,-0.679185,5.72803,,
PGCC G307.73+4.37,201.958435,-58.16346389,11.3738,1.79,0.010994,6.3669,-1.32,
PGCC G252.51-2.85,120.57714806,-36.084545,8.58109,1.56,-1.2769,5.49496,0.8,1.59798
PGCC G19.95+10.86,267.19635,-6.33760889,,,,,0.61,
PGCC G12.58+15.75,259.259735,-10.029855,12.0343,1.62,-0.271824,7.42468,,
PGCC G337.78-1.62,251.44838,-47.98806806,6.94815,1.46,0.42497,4.74874,,
PGCC G23.53+6.99,272.31567389,-5.09178,,,,,,
PGCC G329.37+6.74,233.78575111,-47.551445,11.1372,1.81,0.974787,6.16513,,
PGCC G209.90-19.91,83.73004889,-6.37712306,,,,,0.415,
PGCC G140.77+9.28,59.54927111,65.45481889,6.91767,1.23,-0.473805,5.63704,,
PGCC G311.00+0.98,209.58873,-60.83878694,13.3305,2.75,0.163572,4.83945,,
PGCC G261.80-2.05,128.20678694,-43.33593806,,,,,,
PGCC G146.24-3.28,52.96565194,52.17358,8.7752,2.33,-0.32706,3.76651,,
PGCC G85.69-4.31,318.26486194,42.24068111,,,,,,
PGCC G288.33+1.04,163.99304194,-58.51422111,7.09747,1.36,0.760073,5.21627,,
PGCC G125.95+13.18,24.88529611,75.7658,9.14542,1.24,0.805138,7.36692,,
PGCC G190.26+4.26,96.095375,22.09082806,16.2267,3.29,-0.605572,4.92957,,
PGCC G355.31+20.36,245.32110611,-20.536215,9.4462,2.54,-0.408661,3.71291,0.12,0.206725
PGCC G108.97+16.44,319.56640611,73.21896389,9.43137,1.45,0.419317,6.52614,,
PGCC G25.71+9.23,271.348175,-2.13682611,,,,,-0.79,
PGCC G29.37+14.85,268.02819806,3.63578611,14.8232,2.72,0.211668,5.4469,,
PGCC G342.60+24.65,232.909225,-25.61982194,16.170401,2.24,-0.073825,7.22096,,
PGCC G231.40-5.86,106.06257611,-19.09238194,11.3266,1.86,-0.182392,6.07571,,
PGCC G176.10+3.28,87.34014889,33.96883806,7.51553,1.32,0.409562,5.68707,0.56,1.06497
PGCC G199.90-10.76,87.26168111,6.43721194,13.8393,2.66,-0.622274,5.21148,0.4,0.988153
PGCC G0.66+22.21,247.19503806,-15.52359889,,,,,0.12,
PGCC G172.80-20.46,63.55410806,22.21158806,14.4426,2.36,-0.868085,6.12074,0.23,0.629042
PGCC G80.92+6.80,302.03634611,45.28616,17.374001,2.96,-0.165979,5.86948,,
PGCC G318.21+7.03,218.47773694,-52.77849194,9.98301,1.18,1.39048,8.47715,,
PGCC G280.02+7.43,156.86705,-48.93544806,,,,,,
PGCC G154.65-1.03,65.32985694,48.47769889,18.0466,3.13,-0.025771,5.77357,,
PGCC G345.70+1.16,255.410995,-40.08534611,8.75203,1.58,0.23409,5.55674,2.97,6.02487
PGCC G103.77-30.84,354.02227806,29.21051389,12.5967,1.96,-1.56703,6.41691,,
PGCC G93.77+5.94,314.95660389,55.10063194,14.5645,2.19,0.800559,6.63931,0.140605,0.402195
PGCC G1.65+17.19,251.92765806,-17.85790306,8.72398,1.47,0.98324,5.92684,,
PGCC G6.88-0.22,270.50314306,-23.12159,,,,,5.21,
PGCC G85.25+2.67,310.45053111,46.45641694,,,,,,
PGCC G253.87-7.66,116.20115694,-39.69873,11.2973,1.47,-0.389294,7.68986,,
PGCC G97.87+12.13,310.50033611,62.12805194,11.4619,2.38,-1.22285,4.80787,,
PGCC G124.71+14.01,20.42955,76.77458194,17.385401,2.68,0.562246,6.49493,,
PGCC G1.70+17.43,251.754745,-17.68273694,11.4698,1.65,1.43588,6.94524,0.12,0.311552
PGCC G140.50+0.83,48.44621694,58.76365694,13.348,1.79,1.28008,7.46386,0.74,2.14856
PGCC G101.03+11.83,315.25241111,64.385345,11.144,3.41,-1.05511,3.26782,,
PGCC G199.53-12.02,85.97692111,6.12511611,,,,,0.4,
PGCC G356.50+13.41,251.876205,-24.10285389,12.2589,1.67,-0.679753,7.34504,0.12,0.331231
PGCC G159.01-22.19,51.69690306,29.58819806,12.3397,2.11,-1.19025,5.85463,0.14,0.346144
PGCC G94.41-2.16,325.14523306,49.83770806,15.6565,2.05,-1.01933,7.6472,0.205116,0.652869
PGCC G74.45-1.32,306.18627889,35.40073806,8.23104,1.48,0.311193,5.57817,,
PGCC G354.07+1.31,261.37454194,-33.22332,8.22303,1.43,0.900277,5.73915,,
PGCC G260.49+1.92,131.34924306,-39.87559889,9.16291,1.51,0.179798,6.08182,-1.33,
PGCC G304.05-19.54,200.79408306,-82.34485611,8.8662,1.43,0.595682,6.21394,,
PGCC G19.40-0.19,276.76651,-12.10478194,,,,,,
PGCC G145.97-4.60,51.3979,51.24307611,7.4343,1.61,-0.642413,4.60908,,
PGCC G97.59-0.55,327.36575306,53.12529389,11.8177,1.84,-0.109833,6.40861,0.8,2.02519
PGCC G104.15+20.99,298.52526889,71.81089806,18.074699,3.34,-0.303307,5.40991,,
PGCC G216.90+1.91,106.36808806,-2.65892389,8.14952,1.37,1.5039,5.93213,,
PGCC G128.80-5.11,23.72171194,57.26602611,11.5295,2.14,1.2351,5.39017,0.203236,0.466053
PGCC G349.14-5.21,264.87374889,-40.89843,,,,,1.09,
PGCC G187.71+6.94,97.43377694,25.56497806,13.2598,2.96,-0.577387,4.48526,0.432514,0.970263
PGCC G173.12-16.96,66.60664389,24.33217194,,,,,0.23,
PGCC G3.76+20.98,250.01812694,-13.99296,,,,,0.12,
PGCC G168.96-9.36,70.09494,32.37866194,12.4238,3.01,-0.368497,4.12585,0.14,0.291567
PGCC G269.32+9.50,146.53996306,-40.97199611,8.46867,1.22,-1.14724,6.96895,,
PGCC G16.40+8.38,267.638275,-10.60453806,16.1604,1.69,-1.44376,9.53978,,
PGCC G11.22-9.89,282.02481111,-23.73940111,8.17177,1.4,0.248566,5.83968,,
PGCC G182.54-21.39,68.97924806,14.65332111,10.9175,1.4,-0.422999,7.78167,,
PGCC G299.86-8.61,183.37136806,-71.256935,,,,,,
PGCC G301.66+0.23,190.091675,-62.610275,6.79298,1.52,0.413279,4.45988,3.51,5.61986
PGCC G54.95+11.39,282.34680194,24.65681806,13.5186,2.66,0.16109,5.07605,,
PGCC G356.87+16.26,249.707245,-22.03857389,12.4053,1.84,-1.48449,6.75982,0.12,0.319653
PGCC G152.35-7.27,56.74778694,45.33945806,10.0182,1.62,-0.814132,6.18341,,
PGCC G106.06-3.20,342.00894194,55.57966611,9.41393,2.6,-0.81124,3.62006,,
PGCC G239.52+2.50,118.06064611,-22.21734806,,,,,,
PGCC G122.45-5.83,11.98004806,57.04054611,10.0241,1.66,1.46396,6.04197,,
PGCC G96.29+0.03,325.10415611,52.725605,13.6735,2.39,0.514076,5.71069,,
PGCC G26.00+1.56,278.29406694,-5.44422889,5.51472,1.46,0.76298,3.77206,1.4,1.8574
PGCC G326.59+5.67,231.27134694,-50.00519194,6.34655,2.03,0.272825,3.13053,-1.32,
PGCC G94.13-2.93,325.59527611,49.07536694,,,,,0.42,
PGCC G46.28-0.83,289.78561389,11.47102806,6.32796,1.46,-0.232516,4.33693,,
PGCC G38.95+0.97,284.74478111,5.80045806,8.77022,1.78,0.832752,4.91747,,
PGCC G302.61-3.65,192.05809,-66.52141611,13.6577,2.41,-0.424465,5.66632,,
PGCC G23.95+11.31,268.695435,-2.68213306,11.3711,1.97,-0.775997,5.78523,,
PGCC G345.43-0.71,257.15698194,-41.43403194,,,,,4.45,
PGCC G106.84+6.29,333.66925,64.14383694,6.36497,1.21,-0.736823,5.25688,,
PGCC G181.50-2.18,85.19999694,26.51471306,13.6063,1.89,0.256666,7.19102,,
PGCC G348.25+8.86,249.99430806,-33.23250611,17.518499,2.74,-1.31034,6.39487,,
PGCC G148.24+5.94,66.08125306,57.93038194,11.6859,2.12,-0.622801,5.5006,-0.85,
PGCC G167.42-1.11,76.81067694,38.74851194,8.99665,1.62,0.165607,5.56503,,
PGCC G244.40-4.51,113.988945,-29.93586306,14.0942,3.31,-0.702875,4.2617,,
PGCC G114.30+6.04,350.04599,67.365425,,,,,,
PGCC G185.18+1.10,90.41799194,25.02874194,11.6303,2.01,0.446865,5.78868,,
PGCC G134.45-4.98,33.69836,56.01740611,8.65493,1.5,-0.75794,5.78805,,
PGCC G134.60+3.80,40.42313806,64.14482111,9.27937,1.52,-0.344338,6.1179,0.5,1.09587
PGCC G303.21+8.59,193.33049,-54.28454194,10.4089,1.81,0.715364,5.74756,0.37,0.83248
PGCC G66.95-28.55,324.58929389,12.679,,,,,,
PGCC G202.15-13.21,86.18018306,3.32035194,14.1664,2.71,-0.96808,5.22374,0.415,1.03847
PGCC G208.11+5.25,105.35742194,6.67690806,11.7889,2.01,1.20096,5.85195,,
PGCC G305.40+8.88,196.998825,-53.91642806,,,,,,
PGCC G285.18-4.20,153.28997806,-61.48753,11.8849,1.69,0.686889,7.05073,,
PGCC G18.74-0.22,276.48571806,-12.70537889,,,,,5.14,
PGCC G75.31-6.21,311.54385389,33.16342889,15.0084,3.59,0.798919,4.17731,,
PGCC G95.02-9.58,332.618835,44.395115,15.0484,2.43,-0.985521,6.18066,0.200447,0.562327
PGCC G268.93+5.60,142.62286389,-43.61830889,13.8636,2.45,-1.07981,5.66103,0.81,2.08736
PGCC G73.15-8.18,311.80609111,30.25843611,9.61777,1.93,0.702263,4.97467,,
PGCC G65.36-1.29,300.262085,27.82751806,9.58255,1.52,0.431126,6.30667,,
PGCC G305.99+6.45,198.34278889,-56.29322806,,,,,-1.01,
PGCC G89.22+6.49,309.466095,51.91773194,11.7111,2.11,-0.229523,5.55016,,
PGCC G302.89+2.85,192.77766389,-60.02108389,8.03434,1.44,1.36333,5.56076,,
PGCC G121.05+8.11,7.15066611,70.90222194,10.4295,1.92,-1.23907,5.43271,,
PGCC G124.99+12.08,20.58296806,74.83008611,8.85901,1.81,1.05813,4.89585,,
PGCC G96.26+8.01,315.01568611,58.322765,11.8246,1.63,0.137246,7.25891,0.27,0.727647
PGCC G75.43-0.20,305.73391694,36.84498194,14.9668,3.26,1.18018,4.59035,4.86,11.7179
PGCC G160.86+0.34,72.88641389,44.80626694,8.33453,1.47,-0.428535,5.68195,3.66,7.32651
PGCC G327.14+12.50,226.63143889,-43.93552389,13.9002,1.47,0.339093,9.46787,,
PGCC G96.93+9.37,313.81713889,59.70906806,6.73573,1.05,-0.467541,6.44509,-0.67,
PGCC G173.07-10.73,71.87373389,28.397625,15.558,2.59,0.431797,6.01793,,
PGCC G163.19-5.26,69.23329889,39.38506694,15.9289,2.63,-1.27752,6.05517,0.14,0.399955
PGCC G136.43+7.02,47.83402306,66.15302306,8.35401,1.44,-1.04881,5.81557,-0.59,
PGCC G121.32+24.88,339.72335806,87.32080806,8.0091,1.83,-0.452904,4.37413,0.38,0.654256
PGCC G159.19-33.08,44.82964694,20.63435389,13.9041,3.33,-0.489131,4.17278,0.32961,0.730317
PGCC G119.71+24.49,324.49002111,86.076065,17.5858,2.59,-0.047614,6.79951,,
PGCC G274.79-0.28,143.00158694,-51.90527306,7.44703,1.95,1.55087,3.81259,,
PGCC G18.35+0.02,276.07678194,-12.93916,16.7481,3.02,0.579175,5.55014,,
PGCC G178.07-3.85,81.51609806,28.48562611,7.83737,1.55,0.026309,5.07083,0.281838,0.516834
PGCC G175.96+0.00,83.91648889,32.36154194,6.78616,1.91,-0.097574,3.55708,,
PGCC G355.49+23.41,243.015305,-18.385115,15.5653,2.56,-1.18435,6.09125,0.12,0.339891
PGCC G104.41+2.85,333.55670194,59.94799389,,,,,0.92,
PGCC G317.29-22.45,266.22522,-76.16535889,,,,,,
PGCC G2.00-1.16,268.69946306,-27.81731389,9.63639,1.42,0.466846,6.79202,,
PGCC G205.25-19.71,81.89090694,-2.39186611,,,,,0.636796,
PGCC G17.50-1.29,276.86358611,-14.30004889,6.50452,1.32,0.472516,4.92109,,
PGCC G24.06+0.05,278.74978611,-7.86468694,8.87346,1.44,0.058876,6.17824,5.19,11.1782
PGCC G290.55+1.34,168.16864,-59.13739389,9.74329,2.51,-0.536123,3.87816,,
PGCC G266.91+1.79,136.85752889,-44.84582111,11.653,2.06,-1.03345,5.64392,2.47,5.82685
PGCC G0.04+6.49,260.29702806,-25.38487194,11.2994,2.35,0.628849,4.8156,0.12,0.25749
PGCC G70.27-5.43,307.29046611,29.61602,8.53316,1.37,0.933399,6.21227,0.48,1.0166
PGCC G120.63+7.43,6.11486,70.176285,,,,,,
PGCC G239.65-2.06,113.82470694,-24.60310194,8.1819,1.27,-0.854202,6.46241,5.34,11.2952
PGCC G193.04-15.33,79.86065694,9.86970694,10.0082,1.47,-0.891574,6.78649,,
PGCC G253.32-4.14,119.73126194,-37.45639389,,,,,0.72,
PGCC G356.59+13.32,252.018295,-24.08380111,,,,,0.12,
PGCC G89.11+1.53,315.38928194,48.70263306,10.4212,1.98,0.893745,5.25606,-0.68,
PGCC G242.47-1.01,116.375725,-26.53128111,,,,,,
PGCC G28.22-6.60,286.62521389,-7.183835,10.1574,2.61,0.331105,3.89275,,
PGCC G187.75-37.54,58.73153694,1.28561194,12.5637,1.76,0.323626,7.12045,0.244343,0.672263
PGCC G169.55+2.22,81.88042389,38.94233306,18.1821,3.01,0.455825,6.04772,,
PGCC G317.55-26.96,285.46356194,-76.987495,7.92086,1.97,0.802336,4.01401,,
PGCC G173.00+4.00,86.129005,36.99103194,11.425,2.11,-1.28325,5.41729,0.77,1.76213
PGCC G50.20-9.59,299.51715111,10.634365,11.0789,1.78,0.480916,6.22271,0.341979,0.82597
PGCC G349.14+7.23,252.162155,-33.61727111,9.89192,1.25,-0.797654,7.93078,,
PGCC G140.33+7.03,55.43631389,63.98388306,15.6176,2.58,0.528529,6.04234,,
PGCC G10.44-0.37,272.51373306,-20.08856,,,,,4.55,
PGCC G101.89-1.33,334.04544111,55.068005,8.20653,1.47,1.09729,5.59312,0.92,1.8131
PGCC G182.15+4.68,92.27352111,29.41476611,6.98599,1.18,0.262743,5.93507,,
PGCC G226.82-2.93,106.62464111,-13.685795,10.4894,1.72,-0.151268,6.11235,,
PGCC G359.18+21.64,246.75296,-16.94301389,8.29604,2.12,-0.807294,3.9069,0.12,0.198728
PGCC G72.92-51.01,344.03463694,0.31107306,11.3743,2.02,1.39228,5.64045,,
PGCC G43.33+2.97,284.96307389,10.60587194,12.5375,2.04,0.915337,6.15923,,
PGCC G95.80-0.24,324.78765889,52.19689194,,,,,,
PGCC G104.88-14.58,347.87799111,44.75678306,8.94816,1.66,-1.04684,5.38258,,
PGCC G297.50+0.07,181.10430889,-62.30697611,9.38698,1.58,0.593952,5.93034,9.02,19.576599
PGCC G350.97-4.00,264.78772,-38.71247889,12.3466,2.19,0.597226,5.62545,,
PGCC G208.37-20.30,82.71920806,-5.266985,,,,,0.415,
PGCC G188.56-13.33,79.20482611,14.60915389,10.849,2.13,0.068706,5.10049,0.445,0.962912
PGCC G13.27-9.12,282.21661389,-21.59074194,9.81571,1.24,-1.29059,7.92448,-1.39,
PGCC G358.01-4.77,270.02072111,-33.07066306,8.02729,1.18,0.601609,6.80576,,
PGCC G339.54+14.17,238.13282806,-35.52369694,,,,,,
PGCC G257.04-5.14,121.15055111,-41.12711694,,,,,,
PGCC G259.12+6.09,134.347565,-36.17432,14.7309,2.64,-0.702265,5.57446,,
PGCC G88.41+7.10,307.90957611,51.62473306,11.1225,2.08,-1.33733,5.35967,,
PGCC G316.23-5.73,225.853195,-65.13941194,11.9869,2.08,0.481146,5.76502,,
PGCC G201.42-4.67,93.37636611,8.03949306,13.9291,2.29,0.231076,6.08015,,
PGCC G191.00-0.25,92.22525,19.29274694,8.48369,1.94,-0.69519,4.38103,-1.49,
PGCC G242.42-8.95,108.39447806,-30.24741,9.00163,1.21,-0.516084,7.42109,,
PGCC G37.84-5.47,289.97265611,1.8543,13.171,2.51,0.30808,5.25204,,
PGCC G4.61+0.18,268.87750194,-24.88668389,6.32958,1.19,0.631994,5.33633,3.54,5.98465
PGCC G270.67-12.39,122.45523111,-56.39340611,11.893,2.69,-0.98209,4.41901,,
PGCC G16.53-0.43,275.60458389,-14.76055389,9.70052,1.53,-0.611094,6.32134,,
PGCC G9.68+2.22,269.71801806,-19.47310306,14.4626,2.72,0.435216,5.32254,,
PGCC G108.35+3.86,339.431915,62.87953889,7.14388,1.22,-1.41727,5.87726,-1.52,
PGCC G121.46+3.83,9.16357389,66.65593,,,,,0.62,
PGCC G214.98-12.92,92.21068611,-7.64147389,,,,,0.415,
PGCC G9.24-0.19,271.71960389,-21.05017694,9.57935,3.23,0.695057,2.96429,5.51,8.54096
PGCC G343.19+13.63,241.75705,-33.544235,,,,,,
PGCC G29.45+3.99,277.71438611,-1.272665,10.2747,1.93,-0.840322,5.33184,0.26,0.559788
PGCC G318.73-0.74,225.36688194,-59.55932194,10.2535,1.38,0.76133,7.43911,,
PGCC G129.42+7.53,31.47584,69.46015889,12.4219,2.33,-0.932657,5.32435,0.54,
PGCC G87.53+2.73,312.46643111,48.27265194,10.6054,1.86,-0.486615,5.71003,,
PGCC G258.05+7.05,134.398575,-34.74223306,11.4895,1.71,-1.16036,6.70838,,
PGCC G318.38+6.05,219.382965,-53.610725,10.1146,1.41,-0.041098,7.16694,,
PGCC G8.78-5.51,276.55853306,-23.96356389,8.08156,1.15,0.835453,7.01188,,
PGCC G213.43-18.12,86.82589694,-8.57796306,7.61748,1.36,-0.597313,5.59298,0.415,0.787956
PGCC G61.36-3.95,300.42929111,23.03227611,7.73878,1.45,0.73491,5.34601,0.44,0.823248
PGCC G175.42-23.04,63.25631306,18.67615694,10.7788,1.5,-0.04567,7.20209,,
PGCC G116.08+17.50,338.12731889,78.48378,,,,,,
PGCC G336.69-0.07,248.63549806,-47.77804611,,,,,8.57,
PGCC G133.60-4.45,32.54740889,56.78192889,7.57786,1.34,-1.4782,5.64996,0.75,1.42753
PGCC G99.03+0.17,328.49353,54.58317611,6.99898,1.09,-1.49536,6.43898,,
PGCC G82.48+4.51,305.95794694,45.31588694,8.49619,1.48,1.30147,5.74011,,
PGCC G324.31+5.06,228.77275111,-51.746445,9.06277,1.71,0.989394,5.30395,0.85,1.71426
PGCC G137.71+4.98,47.92421,63.75759111,9.38348,1.55,0.006315,6.0642,-0.98,
PGCC G57.56-6.59,300.71756,18.42220111,12.6601,2.3,1.49783,5.51105,-0.83,
PGCC G165.89-1.28,75.43505889,39.86299889,5.38054,1.54,-0.32428,3.4944,,
PGCC G157.99-25.40,48.68335,27.54940194,9.65479,1.45,1.14237,6.67461,0.14,0.326918
PGCC G359.52+17.96,249.984055,-18.99917806,11.7999,2.24,0.855834,5.27161,0.12,0.275308
PGCC G134.38+10.78,48.45455889,70.42000611,14.9364,2.79,-0.419565,5.35349,0.45,1.17053
PGCC G1.60-0.30,267.63671889,-27.71701389,,,,,,
PGCC G195.95-0.35,94.60971111,14.89710389,,,,,,
PGCC G169.50+4.24,84.03237194,40.08220694,9.82554,2.57,-0.753514,3.82683,,
PGCC G165.56-5.94,70.55917389,37.16505111,9.40797,1.47,-1.1482,6.40608,0.14,0.316154
PGCC G107.86+44.39,223.972015,68.91938,7.74294,1.5,1.43463,5.16911,,
PGCC G88.21+4.68,310.78814694,50.02287694,11.0444,1.64,-0.836605,6.72709,,
PGCC G133.23-1.29,33.736595,59.90575806,9.59232,2.69,-0.394577,3.56483,0.74,1.25875
PGCC G354.86+23.70,242.37597694,-18.61562,,,,,,
PGCC G247.87-4.26,116.22894306,-32.82935,13.3848,2.07,1.5393,6.45129,,
PGCC G336.74+7.87,240.81004306,-42.07157889,16.287701,2.37,1.02914,6.86705,,
PGCC G83.90+5.61,305.82028194,47.0998,6.26216,1.19,-0.673239,5.28289,,
PGCC G135.47+10.88,51.247265,69.91999806,12.5537,2.18,-0.122517,5.76551,0.43,1.06415
PGCC G156.63-14.22,55.38700111,37.27981889,9.23256,1.18,-0.929427,7.85377,0.14,0.346781
PGCC G302.73-22.14,190.68858306,-85.00721,15.0851,1.99,0.002466,7.58848,,
PGCC G105.94+6.91,331.18020611,64.13598611,8.24876,1.14,0.490636,7.25205,,
PGCC G24.02+7.31,272.261475,-4.513975,8.07824,1.17,-0.788174,6.87586,,
PGCC G114.18+8.26,347.51532,69.39212,18.7286,2.71,0.14856,6.91222,-0.69,
PGCC G160.73+3.01,75.77436111,46.56869111,18.094299,3.84,-0.442942,4.71727,,
PGCC G330.58+4.14,237.59030194,-48.88212194,,,,,,
PGCC G38.89-0.99,286.46673611,4.84874611,,,,,5.76,
PGCC G307.47+5.12,201.29145806,-57.45884306,15.2446,2.75,-1.34907,5.5467,,
PGCC G40.98-4.99,290.98904389,4.84416889,7.62091,1.63,1.36009,4.66517,-1.72,
PGCC G288.99+9.98,170.954895,-50.501305,13.2937,1.78,-0.809187,7.45389,,
PGCC G153.62+8.98,76.628235,55.80824694,14.7184,2.56,-1.55449,5.74225,,
PGCC G81.53-1.59,311.87185694,40.89788806,8.49617,1.79,-0.858632,4.74829,,
PGCC G193.28+0.53,94.10430889,17.67001306,6.2118,1.7,-0.336239,3.65183,,
PGCC G333.71+6.00,239.37930306,-45.46249,10.9205,1.41,-1.05222,7.74786,,
PGCC G110.97+15.74,326.13778694,74.09723694,8.40097,1.16,1.49126,7.21189,,
PGCC G344.23+24.35,234.38189694,-24.91321,11.33,3.82,0.863666,2.96828,,
PGCC G22.87-0.43,278.62274194,-9.14441611,7.0445,1.15,0.671253,6.11167,5,9.54337
PGCC G38.59+2.76,282.97418194,6.29322194,7.44358,1.02,-0.319727,7.32279,,
PGCC G39.00-0.45,286.03488194,5.19459806,,,,,5.73,
PGCC G237.50-26.98,86.69934111,-32.45250306,11.0919,1.64,-0.013237,6.75136,,
PGCC G193.66+1.51,95.19334389,17.79354306,10.8085,2.3,-1.00776,4.70352,,
PGCC G154.29-2.59,63.314625,47.6091,,,,,,
PGCC G320.85+6.31,222.89114389,-52.330975,7.77709,1.32,0.120731,5.89594,,
PGCC G167.39-17.06,62.34312389,28.26741194,,,,,0.14,
PGCC G157.32-10.31,59.244015,39.86425389,10.3273,1.78,-0.239963,5.81562,0.14,0.315607
PGCC G77.34+9.49,296.26870694,43.590725,8.7306,3.05,0.891817,2.85995,,
PGCC G266.88+9.25,143.97143611,-39.562435,7.16588,1.3,1.49816,5.50831,,
PGCC G68.60-1.54,302.49835194,30.43137389,6.64263,1.83,0.816919,3.62377,,
PGCC G272.35-27.83,94.23063694,-62.93021389,,,,,,
PGCC G73.23-0.70,304.70578,34.752975,14.3566,2.36,-0.608063,6.0943,0.8,2.17674
PGCC G102.42+2.56,330.72631806,58.548485,8.99437,1.45,1.42059,6.19563,1.02,2.21491
PGCC G252.34+60.40,170.25891111,6.74233611,10.7686,1.61,1.5039,6.69383,,
PGCC G295.49-5.59,173.322495,-67.32087694,,,,,,
PGCC G166.77-12.61,65.54129806,31.80068194,9.88814,1.48,-0.782372,6.67842,,
PGCC G298.39-0.58,182.77970889,-63.09375389,,,,,,
PGCC G85.19-6.39,319.7995,40.43790389,,,,,,
PGCC G310.24-1.55,209.41783111,-63.48168889,15.1239,3.3,0.83427,4.5864,3.59,8.69741
PGCC G259.15+5.11,133.433365,-36.82427611,14.9052,3.21,-1.04873,4.6451,,
PGCC G304.45+7.65,195.49757389,-55.19171111,9.57583,1.69,0.370766,5.66519,,
PGCC G254.59-3.00,121.79859194,-37.92411806,11.6292,2.14,-0.980599,5.44359,-1.71,
PGCC G35.46-3.00,286.687805,0.88040889,,,,,,
PGCC G142.50+35.64,134.75299111,71.30432889,10.6868,1.91,1.45428,5.6035,0.35,0.787858
PGCC G175.87+0.21,84.065155,32.54517694,11.9273,1.99,-0.268149,5.98529,0.84,2.06452
PGCC G352.53-0.94,262.60757389,-35.74515194,7.69136,1.31,0.596205,5.8633,3.19,
PGCC G28.37-7.43,287.43441806,-7.423455,8.28389,1.45,-0.052823,5.72462,-1.52,
PGCC G343.79-0.71,255.82452389,-42.74231306,8.81713,1.18,-1.18014,7.45349,3.92,9.24393
PGCC G146.05+13.48,75.169685,64.450615,10.4019,1.61,0.789306,6.47712,,
PGCC G128.01+7.14,27.33284611,69.43493694,17.8895,2.74,-0.609129,6.53441,0.58,1.82414
PGCC G208.44+2.68,103.201225,5.21470389,7.05486,1.57,-0.770453,4.48512,0.64,1.04722
PGCC G221.88+2.18,108.91793806,-6.94757889,,,,,,
PGCC G172.49-6.30,75.48341389,31.58861,5.22038,1.22,0.78447,4.26177,,
PGCC G258.55-14.41,110.76857,-46.8484,12.7123,1.28,0.244696,9.89792,,
PGCC G183.05-13.83,75.62606,18.75419389,9.35852,1.38,-0.600927,6.78194,,
PGCC G358.64-4.81,270.43328889,-32.54541,13.5908,2.22,-0.893976,6.13162,,
PGCC G301.67-5.61,189.44656389,-68.45156111,12.4992,2.07,-0.177744,6.02601,,
PGCC G37.20-5.74,289.91030889,1.16402194,12.0419,1.46,0.148316,8.25907,-1.54,
PGCC G169.32+4.28,83.95273611,40.25263194,,,,,,
PGCC G48.46+5.86,284.68441806,16.46862611,11.1236,2.25,0.768602,4.93582,0.56,1.20703
PGCC G1.94+6.07,261.83276389,-24.04743194,14.3572,2.08,1.31597,6.90263,0.145,0.419892
PGCC G186.63+0.24,90.38705389,23.34903,11.9516,1.64,-0.540084,7.27572,,
PGCC G237.37-12.14,102.68662306,-27.11648806,14.8449,3.08,-0.902348,4.82619,,
PGCC G253.17-4.50,119.24797806,-37.50927389,,,,,,
PGCC G158.84-21.78,51.83075306,30.01116,,,,,0.14,
PGCC G49.58+6.08,285.00387611,17.56137306,18.7152,2.75,-0.707933,6.79354,0.163682,0.536876
PGCC G331.67+6.68,236.50402806,-46.22714194,7.30255,1.23,1.05392,5.95363,,
PGCC G168.98-4.48,74.650055,35.46070111,13.7876,2.66,-0.61575,5.17411,0.32,0.786212
PGCC G62.39+0.32,296.99331694,26.11467889,9.36454,1.44,-0.31581,6.49307,8.86,20.096901
PGCC G94.58-3.62,326.79324306,48.84162111,9.80422,1.38,-1.3609,7.12417,0.62,1.50727
PGCC G178.35-8.65,77.27616111,25.51813889,,,,,0.228034,
PGCC G106.32+14.60,318.52175889,70.09561889,10.9697,2.03,-0.571394,5.40234,,
PGCC G74.94-10.75,315.39685111,30.005125,8.94687,2.17,1.44127,4.11407,,
PGCC G310.37+2.25,207.749405,-59.75708389,10.2633,1.84,-0.524347,5.56536,,
PGCC G210.32-21.52,82.44805889,-7.44545611,,,,,,
PGCC G194.28-0.95,93.23961611,16.080975,,,,,,
PGCC G48.10+8.83,281.73645,17.46081694,18.696699,2.71,0.344556,6.91074,,
PGCC G310.69+10.18,205.30999806,-51.93869389,,,,,,
PGCC G197.44-4.29,91.79209889,11.70985889,8.68529,2.34,-0.542583,3.71526,,
PGCC G309.08+7.73,203.43496694,-54.639755,13.6782,2.77,0.303439,4.93176,0.62,1.48127
PGCC G122.89-2.31,12.76613694,60.558765,9.48462,1.39,0.683117,6.84757,,
PGCC G215.69+8.92,112.04662306,1.628155,17.2736,3.02,1.1682,5.7215,,
PGCC G254.79+1.85,126.950455,-35.37551111,,,,,,
PGCC G211.86+7.27,108.85922194,4.25844806,,,,,,
PGCC G239.63-6.52,109.444595,-26.68795194,,,,,,
PGCC G312.84-0.71,214.30723611,-61.91833111,10.5253,1.93,0.693549,5.45463,,
PGCC G277.97-2.38,144.592545,-55.59893,5.72065,1.19,-1.48972,4.8014,,
PGCC G125.78-2.13,18.66798194,60.617985,16.2514,3.31,1.52795,4.91721,0.57,1.4822
PGCC G321.28+1.36,227.60444611,-56.47541806,,,,,2.17,
PGCC G202.92+1.25,99.38642889,9.47540694,12.0997,1.89,-0.735765,6.40074,0.295121,0.755492
PGCC G178.95-2.48,83.36923194,28.50911306,,,,,0.159956,
PGCC G164.95-18.02,59.67627306,29.19354111,14.5309,1.52,-1.08228,9.58318,0.14,0.48057
PGCC G188.83+4.39,95.49992389,23.40392889,,,,,,
PGCC G213.90-9.88,94.48165111,-5.33782194,13.7218,1.99,-0.182286,6.88134,,
PGCC G151.41+1.28,64.24614,52.39887194,15.0291,2.81,-0.104541,5.34049,1.47911,3.85465
PGCC G27.06-3.00,282.85626194,-6.58717111,11.2893,1.65,0.994633,6.82969,,
PGCC G167.30-4.16,73.66350611,36.97311,,,,,0.14,
PGCC G269.86-9.33,126.24852,-54.08326,16.5728,2.5,0.138987,6.63628,,
PGCC G5.25+8.94,261.19091806,-19.72638111,10.1845,1.24,-0.429297,8.23865,0.12,0.319747
PGCC G118.03-2.01,2.87790389,60.48278,8.33369,2.81,-0.723005,2.96659,,
PGCC G189.75-14.43,78.90222194,13.04340306,4.09596,1.6,-0.57261,2.5564,,
PGCC G215.47-11.68,93.55097194,-7.52303694,10.4023,1.93,-0.076918,5.39997,0.415,0.904765
PGCC G177.65-0.56,84.42636111,30.63668306,,,,,,
PGCC G84.41+2.52,309.872375,45.70116,14.475,2.58,1.18967,5.60287,2.15,5.63222
PGCC G169.84+0.68,80.46074694,37.82889889,6.51949,1.32,-0.986397,4.94344,,
PGCC G175.49-17.09,68.11047389,22.52847111,17.643299,2.5,0.199786,7.0567,0.23,0.746527
PGCC G164.65-8.12,67.77338389,36.38945389,11.3168,1.68,-0.371876,6.7264,0.14,0.35531
PGCC G154.66+0.03,66.49214194,49.22088611,15.0825,2.31,-0.142874,6.52684,0.37,1.06787
PGCC G240.07+0.17,116.17530111,-23.86981,,,,,,
PGCC G174.20+1.07,83.85273,34.415955,12.3099,2.42,-0.49656,5.09492,,
PGCC G26.57-3.84,283.38925194,-7.41234194,11.289,2.27,-1.46725,4.973,,
PGCC G124.20+2.85,15.94689806,65.68972,11.3712,1.96,-1.34873,5.79583,-1.52,
PGCC G0.81+25.65,244.51738,-13.245625,,,,,,
PGCC G153.31-7.61,57.49085194,44.48099111,14.8458,1.71,-0.987071,8.68454,0.51,1.68451
PGCC G167.23-0.95,76.83017694,39.00243806,16.0637,3.63,0.416048,4.42853,4.61,11.3104
PGCC G122.72+2.61,12.342095,65.48293306,,,,,,
PGCC G152.99+4.74,70.21260111,53.64749889,7.47504,2.46,-0.614291,3.04233,,
PGCC G124.27+3.45,16.17208306,66.28501889,12.3759,2.4,-0.936681,5.15061,-1.09,
PGCC G293.93-0.75,173.22924806,-62.23725889,,,,,,
PGCC G95.65-0.31,324.68292194,52.04427694,9.96106,1.47,-1.28901,6.7931,,
PGCC G158.71-8.39,62.25627889,40.37876111,,,,,0.14,
PGCC G12.16+19.94,255.45953389,-8.11375,9.01293,1.37,-0.689844,6.59744,,
PGCC G230.54-5.17,106.30190306,-18.01102611,,,,,0.92,
PGCC G343.43-0.90,255.7285,-43.1437,11.0657,2.15,0.174266,5.14326,5.24,11.4992
PGCC G323.96+6.76,226.90341194,-50.46462611,16.2735,2.57,-0.66002,6.32604,0.44,1.29863
PGCC G211.31-55.01,50.74844389,-21.04529806,9.36007,1.56,1.48574,5.98472,,
PGCC G294.92-17.11,154.74345389,-77.53820806,14.9609,2.81,0.292744,5.3314,,
PGCC G198.86+12.67,108.11567694,18.125095,10.8263,2.36,-0.439344,4.58292,,
PGCC G63.62-7.74,305.21563694,22.87628611,6.8456,1.04,-0.322987,6.55871,0.7,1.36439
PGCC G1.03-23.07,292.10455306,-37.68940694,,,,,,
PGCC G164.37-17.66,59.48844889,29.83435806,16.117201,2.35,-0.382446,6.87055,0.14,0.428545
PGCC G81.47-2.56,312.81362889,40.23697694,15.048,4.13,0.880577,3.64299,,
PGCC G286.26+0.42,159.94873,-58.12907389,11.69,2.28,0.629946,5.12481,2.82,6.34924
PGCC G206.44-12.24,89.03141,0.09944611,11.4077,1.76,-0.300066,6.46356,0.33,0.82428
PGCC G73.23-12.71,315.88314806,27.46582806,,,,,,
PGCC G47.52+37.40,252.55584694,27.06965111,7.81923,1.54,1.13815,5.06124,0.33266,0.608748
PGCC G21.22-3.74,280.85150111,-12.12619611,8.69991,1.6,0.479726,5.45259,,
PGCC G222.06-0.47,106.62968389,-8.32767889,,,,,,
PGCC G309.48-19.67,233.09388694,-80.42286694,,,,,,
PGCC G188.01+1.31,92.13253,22.66651694,9.25698,2.89,-0.555289,3.20813,0.171396,0.271699
PGCC G340.05-1.10,252.98915111,-45.91700389,11.8626,1.98,0.587255,5.98799,,
PGCC G29.68-5.35,286.15255694,-5.319115,9.78987,2.39,0.623739,4.10265,,
PGCC G40.05+3.60,282.887695,7.97571111,8.7064,1.39,-0.441511,6.28068,,
PGCC G43.90-0.06,287.96060194,9.72427694,,,,,-2.16,
PGCC G146.94+17.16,83.65769194,65.69561,12.1381,3.17,-0.289066,3.82782,0.2,0.396559
PGCC G126.06+10.58,23.53900694,73.19123111,,,,,,
PGCC G0.36+3.97,262.82971194,-26.509235,6.99019,1.44,1.03953,4.84384,0.12,0.203118
PGCC G15.26+16.56,259.92889389,-7.41430611,7.64669,1.2,0.790205,6.36319,,
PGCC G200.39+4.16,100.85086111,13.05225806,,,,,,
PGCC G271.44-2.77,136.36193806,-51.26993611,11.1021,1.49,-0.031876,7.46818,,
PGCC G272.38+4.72,145.379745,-46.58149306,9.07622,1.49,-0.331988,6.09007,,
PGCC G203.75-17.19,83.435745,0.04951111,,,,,0.415,
PGCC G15.43+16.89,259.73504611,-7.10004389,12.367,1.96,0.602033,6.31922,,
PGCC G336.33-2.40,250.90707389,-49.58928306,16.538099,2.54,0.560553,6.5236,,
PGCC G69.95-2.47,304.25949111,31.04167889,8.30441,1.67,0.647054,4.97208,0.109144,0.204009
PGCC G143.10+10.70,65.84189611,64.89997111,17.8883,4.2,-0.584462,4.25754,,
PGCC G144.09+5.34,59.39039194,60.32103,11.8808,2.08,-0.003765,5.70761,0.62,1.48514
PGCC G330.61-3.06,245.38368194,-54.23052611,9.09673,1.7,0.365126,5.36573,,
PGCC G340.57+22.73,232.62602194,-28.28260611,11.2088,2.13,0.690681,5.25695,,
PGCC G256.46-5.62,120.20558194,-40.89905889,,,,,0.63,
PGCC G157.37+1.18,70.535255,48.00655389,,,,,,
PGCC G98.48+6.22,320.39807111,58.74064611,,,,,,
PGCC G158.74-5.26,65.18710306,42.60429,10.0319,1.38,-1.34788,7.27628,0.14,0.347937
PGCC G303.15-14.01,193.78765889,-76.88458306,9.30532,1.6,-0.235508,5.80302,0.17,0.363386
PGCC G150.49-1.79,59.81773389,50.74795889,,,,,0.218776,
PGCC G214.49-12.87,92.04441111,-7.18482,9.94785,2.14,0.064401,4.64656,0.415,0.820739
PGCC G198.87+12.22,107.68628694,17.92472306,,,,,,
PGCC G151.17-10.26,52.91679389,43.65647889,,,,,0.190546,
PGCC G211.44-0.45,101.782005,1.12090194,,,,,,
PGCC G92.23-35.70,346.52102694,20.81717306,11.5495,1.65,-1.46817,6.99003,,
PGCC G70.64-2.30,304.55249,31.70771806,10.5111,1.69,1.3432,6.22527,0.127644,0.300352
PGCC G314.89+9.18,212.21315,-51.88707694,,,,,,
PGCC G149.72+11.78,76.68985694,60.55215111,,,,,0.17378,
PGCC G152.76+9.75,76.85356889,56.94628889,8.95477,1.13,-0.359664,7.909,,
PGCC G100.84+19.38,299.09249889,68.313805,16.5529,2.67,0.937328,6.20565,,
PGCC G157.62-10.23,59.59680194,39.73349389,10.4345,1.39,0.257306,7.52797,0.14,0.360936
PGCC G167.36-7.50,70.54512,34.79785194,8.78771,1.2,0.809296,7.30178,0.14,0.326217
PGCC G198.95-0.47,95.95957889,12.19810306,9.9154,1.59,-0.502899,6.24158,4.38,10.0231
PGCC G358.92-5.17,270.9711,-32.47670694,8.74162,2.03,-0.425671,4.30663,,
PGCC G263.87-3.51,128.27922111,-45.86119806,,,,,0.67,
PGCC G111.44-2.97,350.86257889,57.92915,,,,,3,
PGCC G185.71-31.06,62.91888389,6.51373194,,,,,0.203236,
PGCC G331.56+9.35,234.08494611,-44.16178111,7.45199,1.34,1.40823,5.56971,,
PGCC G66.38-6.05,305.36544806,26.08531389,,,,,,
PGCC G254.53-0.52,124.36325806,-36.50814111,7.63534,1.22,1.33468,6.27175,,
PGCC G3.34+9.92,259.21234111,-20.75725889,,,,,1.38,
PGCC G2.02+6.65,261.35553,-23.66291806,11.0429,1.62,1.48725,6.81044,0.12,0.302717
PGCC G260.03-10.83,116.39202111,-46.55194111,12.8619,1.82,-0.065204,7.05919,,
PGCC G20.37+11.08,267.21243306,-5.87442611,8.46538,1.51,0.036484,5.61492,0.71,1.4239
PGCC G1.54+9.39,258.59820611,-22.52011306,16.4877,2.59,-1.19082,6.37459,0.12,0.357862
PGCC G342.63+13.09,241.73492389,-34.31549806,13.8322,3.61,0.961304,3.83654,,
PGCC G154.44+10.56,79.77311694,56.04882,13.3166,1.98,-1.38203,6.71747,,
PGCC G176.84+4.50,89.05077389,33.950935,,,,,0.217771,
PGCC G226.56+1.57,110.58172611,-11.37039611,,,,,,
PGCC G192.92-39.19,59.68644306,-2.98277194,,,,,,
PGCC G82.35+0.24,310.63186611,42.67222194,8.79741,1.54,0.930406,5.71113,1.93,3.97945
PGCC G276.11+5.01,149.92440806,-48.71700306,9.62574,1.34,0.460506,7.19208,-1.07,
PGCC G146.23+9.03,67.81111889,61.50399389,,,,,,
PGCC G209.50-10.56,91.89930694,-1.78699389,9.15609,1.06,-0.250709,8.64659,,
PGCC G132.34-6.40,29.41371694,55.26062806,15.8184,3.1,-0.64314,5.11057,0.74,1.93542
PGCC G89.54+11.28,303.12426806,54.87139111,10.8156,1.42,-0.774972,7.596,,
PGCC G5.03-5.63,274.76309194,-27.33365806,17.433001,2.8,1.20565,6.21939,,
PGCC G159.68-17.89,55.37031194,32.58215,12.5083,2.43,-1.00275,5.15672,0.14,0.32707
PGCC G242.07-2.44,114.76129194,-26.89262194,9.67944,1.77,-0.952403,5.47644,,
PGCC G189.23+1.51,92.95565806,21.689405,6.70963,1.47,-1.24548,4.57136,,
PGCC G267.90-5.52,129.44854694,-50.28324889,10.9575,1.59,-1.11532,6.91065,,
PGCC G162.18+5.04,79.39398194,46.60513306,10.384,1.85,-0.686639,5.62273,,
PGCC G210.19-20.28,83.51043694,-6.78513611,,,,,0.415,
PGCC G272.99+4.55,145.89218111,-47.10832194,15.221,2.32,0.464597,6.55189,,
PGCC G338.24-27.08,291.02838111,-58.678715,11.4785,1.53,-0.364073,7.49384,,
PGCC G65.00+2.20,296.64813194,29.31549111,10.4987,2.11,1.13901,4.98602,,
PGCC G37.76+1.86,283.40747111,5.14245,8.5231,1.23,-0.215523,6.93854,,
PGCC G37.46-1.43,286.20544389,3.37351806,6.46852,1.54,0.58693,4.20979,,
PGCC G314.43-29.66,299.59549,-79.58055111,14.8912,2.08,0.561486,7.15645,,
PGCC G254.16-5.32,119.00591306,-38.77723694,6.1852,1.19,-1.26377,5.20194,-0.91,
PGCC G222.59-10.56,97.67381306,-13.32234194,14.6856,2.07,-0.420435,7.08353,,
PGCC G255.71-24.73,95.08599111,-47.70942306,11.0885,2.3,-0.07982,4.82749,,
PGCC G106.41-10.43,347.54016111,49.16880806,,,,,,
PGCC G224.34-3.71,104.754105,-11.84233111,,,,,,
PGCC G121.69+23.85,353.68835389,86.530785,8.22004,1.57,-0.614457,5.24318,0.38,0.725679
PGCC G34.37-14.03,296.02719111,-5.10523694,,,,,,
PGCC G278.44+3.00,150.93228111,-51.70928611,,,,,0.62,
PGCC G180.90-27.08,63.43124806,12.28187806,12.369,1.35,-1.07321,9.18157,0.23,0.712986
PGCC G118.94-1.27,4.51802889,61.34639389,7.0375,1.21,-1.01236,5.83209,,
PGCC G110.80+17.98,319.61593611,75.55050694,13.1549,2,1.26751,6.56651,0.233346,0.630869
PGCC G161.74-8.73,64.73183389,38.04776806,,,,,0.14,
PGCC G17.51+1.58,274.25640889,-12.94190389,8.78641,1.51,-1.28859,5.80857,,
PGCC G287.09-68.68,21.29106694,-47.39898306,7.77112,1.77,0.891451,4.39847,,
PGCC G260.49+9.77,138.82681306,-34.74151611,9.64104,1.83,-1.13905,5.26607,,
PGCC G227.07-16.55,93.88718389,-19.76659194,,,,,,
PGCC G166.76-0.40,77.02728306,39.70493694,8.70738,1.17,0.778545,7.41352,,
PGCC G234.82-5.45,108.10107389,-21.941395,10.6612,1.62,-0.298596,6.57499,0.74,1.80222
PGCC G145.21+0.96,55.82973889,56.20685611,7.67486,1.54,-0.317268,4.97927,,
PGCC G153.98+11.16,80.214005,56.754135,10.1365,1.37,0.047901,7.40866,,
PGCC G135.93+4.95,44.34121306,64.59031694,9.73057,1.17,1.26006,8.32476,,
PGCC G174.95-41.74,49.11811111,6.03922611,,,,,0.296483,
PGCC G320.17+4.87,222.95408611,-53.92362194,11.9541,2.22,0.525216,5.38122,0.69,1.60981
PGCC G134.56+2.26,38.95532611,62.74826,,,,,,
PGCC G61.15+10.05,286.61877389,29.59828,,,,,,
PGCC G183.41-12.38,77.08988194,19.30770889,11.8416,1.71,0.012154,6.93774,,
PGCC G127.13-0.75,21.77899389,61.82896,7.73263,1.7,-0.540304,4.55879,0.64,1.10534
PGCC G153.66+14.26,84.88144694,58.61889611,15.1644,1.63,-0.552987,9.31874,,
PGCC G298.32-0.67,182.60304306,-63.17548389,,,,,,
PGCC G226.52-2.31,107.04561611,-13.136315,,,,,,
PGCC G32.54-15.29,296.36450194,-7.24310194,,,,,,
PGCC G85.63+0.75,312.94506806,45.54467389,,,,,,
PGCC G110.54+2.24,345.25665306,62.42738,9.86415,1.84,0.534156,5.35125,0.717794,1.517
PGCC G100.31+16.38,305.34234611,66.45613111,16.6355,2.93,-0.661564,5.68458,0.4,1.1315
PGCC G179.99+16.25,103.64405806,36.31419389,8.45504,1.8,-0.635364,4.70592,,
PGCC G247.90-0.43,120.12027,-30.89096806,,,,,,
PGCC G101.58-2.34,334.55697611,54.05807889,11.2043,1.52,0.160084,7.38358,,
PGCC G325.07+6.91,228.26509111,-49.77820611,10.5016,1.32,-1.21204,7.95395,0.88,2.33953
PGCC G333.45-0.50,245.68766806,-50.410355,7.02438,1.59,0.773407,4.42218,5.5,8.91685
PGCC G247.48-0.52,119.77297194,-30.58523389,,,,,,
PGCC G84.24-36.94,341.47937,16.33206389,12.0051,1.88,-1.45594,6.38824,,
PGCC G215.22-17.27,88.35637694,-9.74884889,,,,,0.415,
PGCC G254.78-5.75,118.92869611,-39.53012111,9.10023,1.39,0.653333,6.5459,,
PGCC G31.45+3.15,279.37994389,0.12271889,8.65728,1.71,1.55224,5.06876,0.26,0.501005
PGCC G146.03+7.18,64.78518694,60.364235,12.0819,1.98,-0.293931,6.11642,0.48,1.20028
PGCC G347.79+3.77,254.42535389,-36.83383611,15.7024,2.91,-0.237378,5.39901,,
PGCC G314.76+1.08,216.73039194,-59.57954806,,,,,2.41,
PGCC G113.39-1.69,353.65316806,59.75252194,7.28702,1.07,-0.808377,6.81354,,
PGCC G44.38+8.21,280.64657611,13.88280806,13.021,1.87,-0.555906,6.97323,0.3,0.831547
PGCC G66.53+0.19,299.52468889,29.606865,11.8012,2.56,0.66779,4.60591,,
PGCC G111.65+0.02,349.21499611,60.804005,6.38711,1.41,1.35736,4.54492,,
PGCC G314.03+3.56,213.809555,-57.48975389,,,,,-1.7,
PGCC G219.63-11.38,95.63488806,-11.05408889,8.52289,2.78,-0.441934,3.06055,0.415,0.616549
PGCC G215.78-13.04,92.45528389,-8.39309694,8.72715,1.75,1.09813,4.98625,0.415,0.796339
PGCC G358.90+5.51,260.49093611,-26.87103306,,,,,0.12,
PGCC G300.23+7.04,188.09451306,-55.73624389,11.0122,1.69,-0.223439,6.50548,-1.14,
PGCC G214.00-17.75,87.40396889,-8.90941389,12.8481,2.85,-0.472175,4.51341,0.415,0.919276
PGCC G310.18+9.10,204.82778889,-53.09974694,10.1219,1.47,0.734374,6.86628,,
PGCC G27.97+10.47,271.29696694,0.40940389,,,,,0.6,
PGCC G170.95+1.59,82.19246694,37.42575806,,,,,,
PGCC G143.66-1.32,51.23154806,55.24767306,7.50489,1.57,0.193194,4.76524,3.67,6.38421
PGCC G14.56-0.79,274.97158806,-16.66026306,7.99801,1.65,0.523604,4.84514,1.44,
PGCC G88.71+8.68,306.07159389,52.78101694,12.9799,1.66,1.06781,7.81408,,
PGCC G340.51+20.78,233.95694,-29.84479,,,,,,
PGCC G297.54+6.58,183.28363,-55.89325306,10.4757,1.38,-0.502366,7.56923,0.56,1.45055
PGCC G346.20-1.81,258.947815,-41.46124306,,,,,1.47,
PGCC G102.24+3.73,329.06121806,59.37199,,,,,,
PGCC G128.55-6.49,22.85510611,55.94437389,9.56873,2.11,-1.11296,4.54546,0.64,1.22779
PGCC G264.11+5.19,137.68489111,-40.49299194,10.8399,2.1,1.0156,5.15407,0.53,1.15236
PGCC G4.08+0.03,268.72921806,-25.42351194,7.64385,1.11,0.625023,6.85549,3.47,7.30687
PGCC G179.99-3.37,83.16639694,27.15119,12.6141,2.68,-0.020206,4.70529,0.54,1.21016
PGCC G34.84-6.87,289.83569306,-1.44151889,11.909,1.92,0.894039,6.21566,,
PGCC G338.43+16.16,235.56718389,-34.68066,6.79225,1.28,0.287536,5.29664,0.8,1.3958
PGCC G292.27-5.31,166.00929306,-65.92849694,18.3641,2.81,1.01161,6.53511,-1.43,
PGCC G99.15+2.60,325.91247611,56.53777306,9.05568,1.52,-1.23855,5.95506,-1.67,
PGCC G246.81-20.03,98.01572389,-38.48098,8.1928,1.09,0.857638,7.54787,,
PGCC G210.89-14.22,89.25864389,-4.66078194,14.3272,2.84,-0.024824,5.04695,,
PGCC G306.12+6.45,198.57818611,-56.281765,,,,,,
PGCC G242.69-2.60,114.94281,-27.51369111,15.9322,1.87,-1.05527,8.53863,,
PGCC G113.00+9.12,343.47982806,69.697075,9.0894,1.78,-0.908256,5.09776,,
PGCC G134.61-4.86,34.05051389,56.07963611,13.9662,4.11,-0.93011,3.39436,,
PGCC G161.10-5.76,66.90439611,40.57122806,11.4294,1.97,-0.444241,5.80946,,
PGCC G194.27-3.27,91.12475611,14.96827306,12.0499,2.45,-0.694711,4.92076,0.63,1.41116
PGCC G26.83+8.20,272.78372194,-1.64146111,,,,,,
PGCC G259.26-0.04,128.34292611,-40.09745806,7.76525,1.27,-1.04329,6.12831,0.81,1.6254
PGCC G137.87+8.13,52.285625,66.31156889,5.45799,1.04,-0.190749,5.23054,,
PGCC G153.53+36.21,129.84504694,62.56050889,6.48334,2.07,-0.528494,3.13906,0.35,0.459297
PGCC G341.90+0.33,253.10218806,-43.574585,11.8921,2.12,0.270034,5.61626,3.67,8.72459
PGCC G96.29-10.77,335.00024389,44.13128694,6.59974,1.44,-1.25242,4.59077,,
PGCC G185.83-21.61,70.67563611,12.06335694,13.6123,1.88,-0.071005,7.22294,0.237684,0.685568
PGCC G57.52-6.92,300.99490389,18.22245,15.3706,1.88,1.35556,8.19473,-1.13,
PGCC G125.59+14.74,24.67714889,77.36441806,7.70424,1.45,-0.554998,5.29601,,
PGCC G3.71-1.02,269.52883889,-26.26400806,10.3029,1.67,0.141282,6.1805,,
PGCC G291.90-24.18,116.90868389,-79.63156111,9.40059,1.42,-0.350513,6.61598,,
PGCC G152.82+5.00,70.36311306,53.94232194,7.4577,1.3,-0.463438,5.75447,0.62,1.18147
PGCC G270.39+3.74,142.30563389,-45.96925,10.3184,2.75,1.3827,3.75307,,
PGCC G306.36+19.04,197.351425,-43.71534694,,,,,,
PGCC G175.84-17.16,68.28221111,22.23130611,9.96962,1.39,-0.180774,7.18012,,
PGCC G113.24-6.31,355.77603111,55.265285,11.9733,1.51,-0.318194,7.9512,,
PGCC G171.51+26.64,113.786575,46.94850889,16.5177,3.43,0.388844,4.81386,0.313329,0.812735
PGCC G345.89+3.26,253.43495194,-38.63510889,10.7541,1.55,0.996713,6.95729,,
PGCC G11.95-8.70,281.19610611,-22.57794389,5.76815,1.1,0.613703,5.24844,,
PGCC G152.52+0.74,64.91982306,51.23693111,17.745001,2.98,1.24047,5.96244,,
PGCC G34.77-0.56,284.197235,1.37702111,5.56205,1.06,1.49819,5.24929,2.9,4.55819
PGCC G299.74+5.34,186.94981389,-57.38725694,10.3605,2.73,1.18306,3.79739,,
PGCC G134.14+10.24,47.02359,70.07846806,14.2309,2.09,-1.25493,6.80139,0.29,0.829929
PGCC G95.09+7.45,314.41928111,57.07681306,11.4376,2.27,-0.261676,5.03027,0.153462,0.338603
PGCC G196.55+31.96,126.832855,27.02378806,11.6413,2.08,0.153087,5.59406,,
PGCC G26.84-3.94,283.60495,-7.21384194,14.5096,1.58,1.12752,9.20424,,
PGCC G99.21-31.48,350.16906694,27.18091194,,,,,,
PGCC G179.33+2.15,88.136345,30.61929694,10.4628,1.27,-0.418158,8.23593,0.283139,0.764553
PGCC G316.93-2.07,223.38763389,-61.58089389,11.5599,1.77,0.288986,6.52393,,
PGCC G158.70-12.05,59.091755,37.66102194,9.87214,1.45,-0.292776,6.79037,0.14,0.333432
PGCC G256.39+8.41,134.37982194,-32.60547306,13.1731,1.78,1.45705,7.397,,
PGCC G2.96+23.43,247.55340611,-13.09983111,9.05866,1.36,-1.03783,6.63913,0.12,0.270705
PGCC G209.84-18.78,84.71471389,-5.81613389,,,,,0.415,
PGCC G152.14-25.06,43.79847306,30.70528194,,,,,,
PGCC G21.32+6.03,272.11740111,-7.48149389,9.33834,1.48,-1.53748,6.32933,,
PGCC G350.57+17.04,244.72531111,-26.084585,11.8551,1.43,0.942174,8.30307,,
PGCC G300.11+1.10,186.90795889,-61.63670306,11.7757,1.85,0.555216,6.36664,8.23,20.7288
PGCC G212.70+0.79,103.45480306,0.56892694,8.99728,1.88,-0.47555,4.79539,,
PGCC G267.27+4.39,139.82869,-43.32488306,,,,,,
PGCC G39.80+1.31,284.83096306,6.70813611,5.93847,1.38,0.837515,4.28967,2.3,3.37679
PGCC G15.96+17.04,259.85885611,-6.59183111,10.1563,1.96,1.39837,5.16941,,
PGCC G33.99+0.15,283.20996111,1.011225,,,,,,
PGCC G129.35-10.07,23.22585889,52.28458806,12.5506,1.64,0.371806,7.6378,0.169044,0.481441
PGCC G46.20-32.73,317.67019694,-4.28579806,7.95825,1.27,1.14931,6.27429,,
PGCC G115.08-3.70,357.83801306,58.25119,9.72317,1.57,-0.289893,6.20142,,
PGCC G196.06+2.87,97.62598389,16.308455,,,,,,
PGCC G221.69-4.16,103.13197306,-9.68611611,18.200199,3.38,-0.026581,5.38061,,
PGCC G297.36+5.65,182.70335389,-56.78557194,8.63451,1.54,0.6025,5.59312,,
PGCC G101.47+17.36,304.629425,67.91297111,16.745199,3.63,-0.974049,4.61284,,
PGCC G248.55-5.98,114.82358611,-34.26307306,16.5221,4.02,-0.798195,4.1137,,
PGCC G11.64-2.23,274.86404389,-19.91917389,6.60047,1.39,0.769737,4.73452,,
PGCC G107.27-3.02,343.80789194,56.277985,8.02534,1.58,-1.27108,5.09438,,
PGCC G67.51-17.49,316.08029194,20.16813694,14.746,2.97,1.16437,4.95958,,
PGCC G281.23-27.57,96.54565389,-70.74666611,12.7379,2.41,0.31743,5.29046,,
PGCC G348.42-0.93,259.69027694,-39.14400889,,,,,3.41,
PGCC G274.84+5.49,148.86964389,-47.558025,10.2034,1.4,1.03433,7.30216,0.57,1.4312
PGCC G146.10-4.59,51.57537111,51.17799,,,,,,
PGCC G187.17-0.93,89.57543194,22.29911389,13.2297,2.57,-1.00348,5.1461,0.212814,0.510789
PGCC G29.75+8.09,274.21710194,0.872115,12.783,3.09,0.467777,4.13605,,
PGCC G217.53-15.97,90.51850889,-11.18658694,,,,,,
PGCC G90.13-11.75,329.234375,39.75515694,11.949,1.25,-1.22069,9.56901,,
PGCC G254.04+62.23,172.118805,7.51454306,,,,,,
PGCC G174.31-7.44,75.70102694,29.456905,9.58104,1.81,-0.988222,5.28548,,
PGCC G216.22-2.32,102.29405194,-3.98391611,11.1435,1.93,-0.545037,5.77543,,
PGCC G104.63-3.27,339.87335194,54.84922,,,,,,
PGCC G92.58-0.90,321.74359111,49.53095611,12.9973,1.62,0.817733,8.04508,0.75,2.2309
PGCC G91.96-37.45,347.22637889,19.17811806,,,,,0.197697,
PGCC G12.19-44.31,319.95892306,-32.95860306,11.7129,1.85,0.855169,6.31797,,
PGCC G212.45-24.48,80.61264,-10.49074389,7.72109,1.48,-0.574106,5.20967,,
PGCC G297.16+7.91,182.97567694,-54.51341611,,,,,,
PGCC G294.39-0.28,174.46234111,-61.92494611,,,,,,
PGCC G254.63-29.50,87.85582,-47.71889111,10.9874,1.69,0.21543,6.48755,,
PGCC G337.30-6.68,257.11709611,-51.50572194,6.05238,1.34,0.57297,4.53028,,
PGCC G218.19-17.29,89.56743611,-12.31955806,,,,,,
PGCC G117.25-2.25,1.41468111,60.111565,16.767,2.6,0.159659,6.45195,,
PGCC G68.03-1.21,301.81381194,30.12753694,,,,,,
PGCC G301.52-24.53,166.48764,-87.107315,10.1197,1.24,-0.013881,8.16926,,
PGCC G137.77+4.46,47.44992389,63.27582889,,,,,,
PGCC G337.79-0.34,250.01197806,-47.13784389,,,,,2.8,
PGCC G199.03+4.83,100.828545,14.56429806,14.7697,3.37,-0.562748,4.37732,,
PGCC G246.68+0.32,120.11665306,-29.46454389,7.55024,1.38,-1.14246,5.48114,5.07,9.48747
PGCC G50.98+6.82,284.95236194,19.14175194,,,,,0.5,
PGCC G159.23-3.98,66.898155,43.15053194,9.35544,1.72,-1.07232,5.42812,0.14,
PGCC G21.67-1.40,278.93179306,-10.65076111,6.3618,1.4,1.37246,4.53999,1.42,2.21989
PGCC G4.77+18.07,253.02705389,-14.94245306,6.42521,1.49,0.302734,4.30919,0.12,0.183675
PGCC G289.98+79.35,190.38064611,16.72984889,10.3335,2.07,1.00194,4.9945,,
PGCC G91.51-4.50,324.22927889,46.16062194,14.5199,2.66,0.932446,5.44866,0.67,1.73352
PGCC G113.60+17.25,329.807465,76.8871,,,,,,
PGCC G111.68+15.26,329.20059194,74.18237306,12.9285,2.08,-1.41646,6.21765,,
PGCC G336.04+4.02,243.72113,-45.373535,6.24449,1.41,0.4542,4.44014,,
PGCC G184.88-3.32,86.08248111,23.04919111,10.2887,1.62,-0.739184,6.33219,,
PGCC G105.19+11.45,322.68081694,67.11589806,6.20698,1.05,-0.377454,5.91784,,
PGCC G257.55-6.88,119.510475,-42.47077194,8.59458,1.68,-0.912526,5.1085,,
PGCC G121.07+5.68,7.816115,68.48216194,8.89931,1.3,-0.268319,6.84708,0.5,1.13534
PGCC G12.47-0.79,273.92965694,-18.506245,5.96646,1.43,0.21866,4.17701,5.36,7.78363
PGCC G293.34-16.37,151.34599306,-76.04470111,9.68522,1.69,0.850082,5.72319,,
PGCC G352.27-4.60,266.298065,-37.92486611,12.4553,1.98,0.636459,6.29071,,
PGCC G172.33+5.34,87.14894889,38.25006111,7.35188,1.18,0.693367,6.20673,,
PGCC G176.36+5.16,89.45857194,34.688755,11.3765,1.63,-0.721668,6.98422,0.83,2.15213
PGCC G103.12+16.92,307.87207,69.02988389,9.82826,1.62,0.758359,6.07195,,
PGCC G29.33-3.34,284.19271889,-4.72211611,8.12576,1.48,0.552286,5.48361,,
PGCC G277.16+1.66,147.97067306,-51.99304611,,,,,,
PGCC G153.32-6.20,58.76578111,45.56254194,10.4155,1.93,-0.868774,5.39482,,
PGCC G246.89-2.72,117.22052,-31.21560306,9.84182,1.66,-0.119263,5.92604,,
PGCC G258.52-1.55,126.17273694,-40.37905111,9.57124,1.44,1.29946,6.64766,,
PGCC G93.23-1.35,322.94158889,49.64953611,13.0286,2.38,-1.43092,5.46401,1.27,
PGCC G339.38+24.73,230.27156111,-27.35572611,8.07382,1.11,1.21496,7.27607,,
PGCC G37.66-0.23,285.22268694,4.10238611,7.16501,1.42,-0.969728,5.05708,,
PGCC G1.05+3.82,263.38186611,-26.01513889,7.87753,1.15,-1.15991,6.83183,0.12,0.256077
PGCC G351.48-10.30,272.26580806,-41.38864889,7.32246,1.12,0.445146,6.55631,,
PGCC G146.23+0.41,56.65104694,55.15262194,11.2648,1.87,-0.425804,6.0239,-1.39,
PGCC G105.34+10.56,324.500305,66.56916806,6.55069,1.05,-0.919091,6.21718,0.9,1.67074
PGCC G297.27-1.38,179.99977111,-63.68495611,,,,,2.2,
PGCC G297.36-15.33,168.020325,-77.110085,,,,,0.17,
PGCC G345.62+8.93,247.84486389,-35.13658889,8.39521,1.74,-0.241618,4.81649,0.44,0.81388
PGCC G152.53-3.42,60.55331,48.18375389,,,,,-1.02,
PGCC G161.79-11.86,62.040775,35.76976389,8.08459,1.07,0.145686,7.52543,,
PGCC G215.90+0.30,104.48493194,-2.50570389,9.10014,1.89,-1.1831,4.82704,,
PGCC G124.23+24.60,38.02598611,87.21736111,,,,,0.38,
PGCC G2.54+21.09,249.21727,-14.83119194,15.2999,2.91,0.108708,5.25025,0.12,0.312855
PGCC G106.75+19.22,307.48031611,73.17432389,13.4975,2.43,-0.788975,5.56454,,
PGCC G208.65-5.66,95.87081889,1.21020389,,,,,,
PGCC G82.69+6.49,303.76818806,46.59420806,12.0238,2.14,0.998337,5.62411,,
PGCC G37.87-0.07,285.18020611,4.36112,9.78371,1.84,0.050311,5.30428,6.09,
PGCC G296.57-15.02,165.51081806,-76.51770806,,,,,0.17,
PGCC G0.09-6.71,273.22763111,-32.18592806,,,,,,
PGCC G264.65-5.84,126.16615306,-47.84628694,9.06357,1.56,-1.17451,5.79519,-1.17,
PGCC G323.10+0.12,231.58621194,-56.56262194,9.49527,2.91,0.632559,3.26229,6.9,11.171
PGCC G16.53+7.04,268.89059389,-11.16344889,11.8709,1.97,0.412156,6.01593,-1.17,
PGCC G314.78+8.58,212.32933,-52.48700306,9.74705,1.62,1.56801,6.02554,0.46,1.02546
PGCC G87.08+4.03,310.50830111,48.73084306,,,,,1.8,
PGCC G187.79-1.40,89.46794889,21.52362611,17.095501,2.97,-0.584258,5.75929,0.72,
PGCC G180.38-15.68,72.42700194,19.74151194,9.73459,2.12,-0.519072,4.58854,0.23,0.447147
PGCC G116.14+18.91,334.20358306,79.68050389,8.34915,1.24,0.358708,6.75115,,
PGCC G345.88-2.22,259.14309694,-41.959965,6.58242,1.99,0.386305,3.30567,,
PGCC G325.15+3.42,231.36904889,-52.68128611,,,,,1.19,
PGCC G153.35+9.96,77.78115111,56.59081306,8.47325,1.36,0.286501,6.22296,,
PGCC G55.49-2.24,295.65274,18.86139889,8.1737,1.57,0.450596,5.21387,,
PGCC G205.08-8.34,91.85251611,3.10252194,8.30791,1.46,-0.293632,5.70784,0.415,0.831298
PGCC G98.93-2.87,331.44931,52.10911194,8.95545,1.59,-0.643089,5.61474,0.81,1.67078
PGCC G240.84+1.60,117.95513194,-23.80729306,,,,,,
PGCC G164.34-5.32,70.14501194,38.48344389,8.78352,1.96,-0.411627,4.48979,0.33,0.602821
PGCC G350.82+11.09,249.94401611,-29.86701,7.33827,1.14,1.53746,6.4332,,
PGCC G274.81+0.72,144.10130306,-51.18255611,15.2068,2.7,-1.13114,5.63709,,
PGCC G184.26-0.12,88.74176,25.21300306,11.531,2.05,-0.326221,5.62886,0.87,2.03887
PGCC G271.12-0.41,138.72988889,-49.41884194,15.9598,2.69,-1.05627,5.931,,
PGCC G338.22+20.70,232.05282611,-31.218365,11.1236,1.82,-0.493913,6.11498,,
PGCC G124.76+14.07,20.67161806,76.834045,,,,,,
PGCC G263.61-25.86,95.78147111,-54.92538111,,,,,,
PGCC G209.94-12.25,90.59778611,-2.94157389,17.3442,2.84,1.36468,6.11141,,
PGCC G179.53+4.19,90.31012694,31.46648194,6.9384,1.22,-0.92771,5.70084,0.61,1.11598
PGCC G297.58-15.64,168.36715694,-77.47757694,,,,,0.17,
PGCC G180.80-1.54,85.39360806,27.449755,13.3498,2.45,0.358695,5.45491,0.94,2.33338
PGCC G103.12+16.61,308.61685194,68.85915389,,,,,,
PGCC G340.23+10.20,242.06814611,-38.02370806,6.58839,1.15,0.230747,5.71452,0.47,0.838888
PGCC G11.33-3.47,275.87387111,-20.76678806,8.71427,1.31,-1.0048,6.65706,,
PGCC G71.76+0.91,302.088165,34.419285,,,,,4.69,
PGCC G282.92+4.79,158.62417611,-52.67727306,11.1545,2.24,1.02989,4.97629,,
PGCC G303.24+2.01,193.50193806,-60.85546889,,,,,,
PGCC G126.49+14.71,28.49170111,77.14688111,11.338,2,-0.995287,5.6596,,
PGCC G183.39-2.33,86.15900389,24.82770194,9.09814,1.62,0.86014,5.61124,4.47,9.29052
PGCC G95.39-10.11,333.468475,44.171955,11.4896,1.92,-1.38313,5.99621,0.41,0.989923
PGCC G64.92-6.00,304.41906694,24.90980694,13.1189,2.43,-0.018325,5.38855,0.57,1.39407
PGCC G297.15+2.49,181.29031389,-59.86573,4.36966,1.29,1.15993,3.38355,0.69,0.771766
PGCC G337.38-0.26,249.52995306,-47.38600194,6.67562,1.15,0.120379,5.82079,4.01,7.27122
PGCC G322.69-0.62,231.71746806,-57.39899111,,,,,1.27,
PGCC G347.17+6.23,251.57968111,-35.758255,13.8907,2.45,-1.36533,5.66493,,
PGCC G345.63+5.65,250.88758889,-37.301075,16.7719,2.56,0.42333,6.55243,-1.22,
PGCC G136.18-2.16,38.501545,58.04939694,8.17504,1.11,-1.08784,7.35052,0.47,1.05981
PGCC G39.66-0.22,286.13882389,5.88292194,,,,,,
PGCC G217.83-2.75,102.64344806,-5.61187389,16.662399,3.22,-0.436966,5.16915,,
PGCC G165.20+4.29,80.93900306,43.697285,7.91475,1.35,-0.702267,5.8523,,
PGCC G208.87-23.79,79.80383306,-7.25287111,,,,,,
PGCC G297.71-11.30,174.613815,-73.42800111,,,,,,
PGCC G335.15+17.00,231.88197306,-35.92992806,12.7741,1.6,0.356457,8.00727,,
PGCC G121.60+0.67,9.87473306,63.51016611,8.02405,1.49,-1.13957,5.39898,1,1.91461
PGCC G155.17+3.89,71.50116,51.44139889,6.80015,2.18,-0.582392,3.12322,,
PGCC G215.88-14.82,90.86949889,-9.26099389,,,,,0.415,
PGCC G110.63-0.45,347.64779694,59.99369,,,,,6.07,
PGCC G297.36+2.99,181.86747694,-59.40939694,,,,,,
PGCC G190.13-2.54,89.66272,18.92929806,,,,,,
PGCC G109.53-4.11,348.31802389,56.19011306,,,,,2.88,
PGCC G21.46+1.77,275.98840306,-9.369705,9.52965,1.58,-1.50612,6.0403,,
PGCC G344.90-0.27,256.25817889,-41.59701194,10.0419,1.82,-1.50315,5.51435,3.22,6.97006
PGCC G134.15-13.33,29.32483694,48.10072694,11.2532,2.03,-0.238387,5.55093,,
PGCC G341.50+5.70,247.31713889,-40.32191806,16.9249,3.01,1.48048,5.62856,,
PGCC G159.45-10.37,61.21355111,38.42567389,13.1553,1.57,0.591979,8.39829,0.27,0.825539
PGCC G165.27-1.63,74.57273889,40.139145,7.70751,1.52,0.040966,5.06091,,
PGCC G355.74+6.45,257.57724,-28.90837889,,,,,,
PGCC G191.60-1.15,91.69982889,18.330965,8.77723,1.67,-0.66013,5.24252,0.98,1.93376
PGCC G270.80+5.95,144.85766611,-44.61162611,9.03244,1.77,1.42695,5.11682,,
PGCC G270.07-4.44,132.90129111,-51.31730306,,,,,,
PGCC G29.56-6.29,286.94201694,-5.84772,8.65423,2.05,0.730671,4.22904,0.44,0.774309
PGCC G6.50+6.10,264.45047,-20.20909889,9.9361,1.77,0.117981,5.61873,0.12,0.260817
PGCC G45.20-3.92,292.03588889,9.05970389,,,,,-0.98,
PGCC G143.40-1.60,50.59070611,55.158695,10.5414,1.96,-0.46537,5.38761,-0.78,
PGCC G120.93+7.53,6.97125111,70.31156194,12.3304,1.87,0.074788,6.59156,0.44,1.15388
PGCC G282.00+13.77,163.83856194,-44.33532306,9.61338,1.7,-1.49105,5.64905,,
PGCC G4.87+0.23,268.97311389,-24.63351611,11.3373,2.26,0.701035,5.02031,,
PGCC G10.60-3.89,275.91113306,-21.60774389,7.56611,1.49,0.848636,5.09478,0.96,1.73379
PGCC G295.06+0.56,176.28624,-61.29030194,8.64974,1.49,-0.948948,5.82165,7.76,16.0182
PGCC G210.50-2.90,99.17465194,0.83960194,9.53061,2.19,-0.51824,4.34773,,
PGCC G342.33+22.88,233.94387806,-27.15445111,11.0231,2.45,0.91554,4.5042,,
PGCC G354.18+2.87,259.91586306,-32.24663889,,,,,1.5,
PGCC G100.00+9.18,318.18298306,61.86949194,16.4688,2.71,-0.438316,6.06913,0.33,0.9597
PGCC G126.22-6.87,18.68880111,55.85095611,10.6343,2.26,-1.04296,4.69976,,
PGCC G113.41-5.82,355.83944694,55.78883389,8.0264,1.59,-0.829074,5.06164,,
PGCC G139.90-3.65,43.48228806,55.13588,10.6817,1.77,-0.506042,6.02578,0.85,1.98369
PGCC G242.98-2.96,114.74793194,-27.94188306,9.38404,1.54,-0.903574,6.11129,1.21,2.66547
PGCC G158.39-4.62,65.47521194,43.30093389,18.5065,3.67,-0.413711,5.03953,0.14,0.393289
PGCC G210.54-3.45,98.70198111,0.55384611,13.5318,2.77,-0.39039,4.88217,0.63,1.48954
PGCC G118.22+10.20,357.25430306,72.502525,11.6649,2.04,-0.416573,5.70439,,
PGCC G280.03-3.02,146.65605194,-57.42856194,12.0831,2.67,1.44973,4.51755,,
PGCC G56.14+0.22,293.71304306,20.64023611,,,,,,
PGCC G239.61+1.94,117.58798194,-22.57832306,,,,,,
PGCC G345.31-0.00,256.305725,-41.10655611,6.62886,1.1,0.363615,6.04671,2.47,4.54886
PGCC G150.38-2.59,58.87089194,50.21215111,8.34673,1.26,-1.33327,6.63337,0.14388,0.311424
PGCC G124.08+16.26,18.68838889,79.08244306,8.70943,1.23,0.244084,7.09966,,
PGCC G176.36-1.00,83.17415611,31.48420694,15.5203,4.21,-0.827353,3.68858,0.69,1.51864
PGCC G297.73-16.31,167.788605,-78.15411389,7.68882,1.42,0.934955,5.43179,0.17,0.319578
PGCC G105.44+3.75,334.25897194,61.25915111,8.45979,1.83,-1.18444,4.61855,0.56,1.01823
PGCC G165.73+4.42,81.49051694,43.33185194,8.02055,1.65,-0.264922,4.85456,,
PGCC G62.14-4.01,300.93109111,23.66233389,9.90602,1.84,0.92849,5.39327,-1.78,
PGCC G317.45+3.10,219.97059611,-56.68208306,6.15735,1.45,-0.848082,4.23235,-1.96,
PGCC G214.54-25.59,80.38828306,-12.68017194,,,,,,
PGCC G194.41+0.15,94.31642889,16.491875,16.7866,3.37,-1.19077,4.97526,,
PGCC G279.84+1.02,150.84512306,-54.13593306,12.2889,1.97,-1.28295,6.23152,,
PGCC G136.83+12.64,57.51589194,70.525375,18.761,3.92,-1.23353,4.78643,,
PGCC G255.92+12.60,137.73046889,-29.52034,,,,,,
PGCC G328.93+8.35,231.90635694,-46.48820889,12.2751,2.96,0.564167,4.14578,,
PGCC G198.36-8.88,88.16439806,8.67565806,8.43077,2.12,-0.569721,3.97745,0.45,0.758009
PGCC G191.28+2.11,94.567085,20.17448389,9.61949,1.23,-0.014086,7.79483,,
PGCC G341.69-7.29,261.74551389,-48.26202,10.4735,1.4,-0.432323,7.50754,,
PGCC G322.35+6.78,224.67411806,-51.2295,11.5299,1.81,-0.796721,6.37741,0.44,1.09752
PGCC G118.69+7.50,0.51360806,69.96566806,13.6829,2.63,0.295801,5.20243,0.42,1.03079
PGCC G175.92-17.74,67.85604111,21.79530889,12.9444,2.71,-1.03073,4.77774,,
PGCC G228.13+1.93,111.668655,-12.57850389,12.1104,2.13,-0.627175,5.67382,0.209894,0.506109
PGCC G155.01-0.32,66.46843,48.72704306,16.429399,3.82,-0.55917,4.29972,-1.22,
PGCC G126.42-0.23,20.41877889,62.43560389,6.00773,1.35,1.52098,4.4533,,
PGCC G120.11-3.50,7.34851111,59.24832194,11.1291,1.51,-0.872483,7.37691,,
PGCC G102.24+8.42,322.69470194,62.92184806,,,,,,
PGCC G155.50+10.99,81.41189611,55.40671194,7.8321,1.2,1.25263,6.53335,,
PGCC G243.76-1.14,116.97075694,-27.71533,8.38095,1.45,-0.336586,5.7943,3.51,7.1151
PGCC G334.56-8.23,256.53039611,-54.61831694,11.8543,1.71,1.41152,6.94597,,
PGCC G277.67-13.86,127.16454306,-62.95718,,,,,,
PGCC G199.88-11.49,86.60967306,6.08841694,16.3864,5.31,0.663264,3.08494,0.4,0.827279
PGCC G164.23+6.14,82.34395611,45.52781694,14.7391,2.57,-0.448435,5.72909,,
PGCC G74.34-2.40,307.17022694,34.68583694,11.0557,2.05,1.00645,5.39934,0.84,1.88786
PGCC G145.94-1.92,53.86565,53.464905,14.1812,2.56,-0.543823,5.5377,-0.98,
PGCC G124.08+24.58,35.20747806,87.25338694,,,,,0.38,
PGCC G210.36-37.16,68.02882389,-14.10268889,12.0409,2.46,-0.870193,4.88868,,
PGCC G162.90-17.37,58.51393889,30.99096306,7.90982,1.46,-0.743801,5.39936,0.14,0.266139
PGCC G153.39-6.32,58.74016611,45.42516306,,,,,,
PGCC G50.98-11.73,301.78549194,10.21433694,8.00208,1.18,0.415269,6.76487,0.162181,0.347103
PGCC G305.36+6.15,197.25994889,-56.64073611,14.8959,2.17,-0.539803,6.86877,0.52,1.53004
PGCC G46.32+0.50,288.59707611,12.12518611,,,,,,
PGCC G16.27-1.13,276.11734,-15.31180806,11.2092,2.43,0.134027,4.60917,,
PGCC G7.00+6.25,264.59057611,-19.71155389,9.46178,1.97,-1.07563,4.81031,0.12,
PGCC G328.40+5.74,233.49917611,-48.92867694,,,,,-1.55,
PGCC G93.08+5.01,315.38833611,53.97359806,9.41748,1.74,-1.14294,5.42168,0.226986,0.471803
PGCC G298.71+1.68,184.15333611,-60.90426611,6.3187,1.56,0.992402,4.0448,,
PGCC G346.63-4.22,261.94635,-42.474815,11.5888,1.61,0.062263,7.20212,,
PGCC G260.31-8.98,118.91964,-45.88850389,13.4074,1.86,1.34682,7.21222,,
PGCC G215.55-17.95,87.86581389,-10.32490111,7.60855,1.15,1.44882,6.63344,0.415,0.85762
PGCC G295.70-17.42,156.84117111,-78.217285,16.334499,4.37,0.699182,3.74,0.17,0.386513
PGCC G158.57-0.90,69.44214611,45.73064,9.46439,1.43,1.06595,6.63661,0.61,1.40629
PGCC G66.84-2.96,302.75387611,28.18444611,17.872499,3.36,-0.184623,5.32675,,
PGCC G74.01-48.95,343.15899694,2.30484194,,,,,,
PGCC G353.43+7.37,255.15664694,-30.19651,,,,,,
PGCC G353.08-1.15,263.196075,-35.39884611,12.8123,2.11,0.841078,6.07696,,
PGCC G10.41+17.65,256.49987806,-10.752865,6.83958,1.74,0.527016,3.92904,0.229087,0.345449
PGCC G107.88-1.36,343.49185194,58.04236611,15.433,2.35,0.090856,6.57161,,
PGCC G328.85+8.15,231.97450306,-46.69939806,9.28689,2.05,-0.009395,4.52746,0.53,0.999689
PGCC G316.34-12.48,236.10614,-70.70401806,,,,,,
PGCC G304.89-19.30,206.21928389,-81.969315,12.0555,1.26,0.475873,9.56934,0.17,0.53114
PGCC G345.73-5.02,262.18786611,-43.66705306,11.4852,1.84,0.122293,6.25342,,
PGCC G244.98+16.98,134.07923889,-18.57207111,14.0103,2.17,1.37923,6.46607,,
PGCC G273.95+2.74,145.20571889,-49.10086389,,,,,-1.21,
PGCC G51.18-0.56,291.92242389,15.91336194,10.1948,2.84,0.709713,3.59494,0.179473,0.316053
PGCC G124.67-10.35,15.66482611,52.48751806,8.70734,1.51,-0.907042,5.76871,,
PGCC G298.41-12.39,175.93145806,-74.66860194,13.3095,2.28,-0.102073,5.83749,0.17,
PGCC G152.41+36.33,130.474045,63.42037611,11.4248,1.95,-0.081998,5.85874,0.32961,0.78443
PGCC G180.17-21.74,67.27642806,16.16791306,11.1737,2.59,0.101412,4.32008,,
PGCC G90.57-0.88,319.547455,48.13377389,,,,,,
PGCC G144.74-0.70,53.41445194,55.15118389,12.9301,1.45,0.222136,8.89061,,
PGCC G30.82+5.05,277.40164194,0.42766389,6.65445,1.61,0.753375,4.12451,0.26,0.396225
PGCC G337.07+2.30,246.49707,-45.87009806,16.1595,2.6,-0.025494,6.21676,,
PGCC G340.07+23.03,231.99801611,-28.32644306,,,,,,
PGCC G2.75+4.48,263.77813694,-24.23583806,,,,,0.12,
PGCC G182.81-10.96,77.97482306,20.59338,14.0071,2.55,-0.773882,5.48349,0.37,0.943259
PGCC G355.07-4.78,268.27258306,-35.615875,11.9167,1.76,-1.10378,6.78654,,
PGCC G333.74+4.81,240.52375806,-46.34378389,11.3086,2.5,0.642847,4.52196,,
PGCC G85.11+2.66,310.32806389,46.336845,10.6342,1.81,0.174334,5.88181,,
PGCC G274.05+0.42,142.88626111,-50.88714611,9.05615,1.63,-0.202891,5.55216,,
PGCC G182.24-12.76,76.06465111,20.016155,8.05063,1.33,-0.609763,6.07489,0.23,0.467885
PGCC G117.63+10.17,355.44354194,72.31965611,12.5819,1.84,-0.445157,6.84633,,
PGCC G191.85-26.62,69.68190806,4.69736389,11.9766,1.25,0.964553,9.60193,,
PGCC G197.79-8.21,88.47612,9.49842611,10.5747,1.38,0.68293,7.64765,0.4,1.04637
PGCC G106.44+16.15,315.18585194,71.17967194,10.9449,1.66,0.664062,6.60162,,
PGCC G354.72-2.70,265.86636389,-34.85090611,7.58477,1.4,1.1465,5.40775,,
PGCC G40.26-1.55,287.59927389,5.80134694,7.38734,1.24,-0.375526,5.97194,,
PGCC G4.17+22.69,248.85127306,-12.65894889,9.46573,1.56,-0.487334,6.08516,0.12,0.264924
PGCC G106.23+19.31,306.35083,72.798325,11.423,2.07,-0.480689,5.52466,,
PGCC G290.25-29.68,87.00528694,-78.56269111,9.78867,1.89,0.675783,5.1845,,
PGCC G158.16+1.34,71.48967694,47.51724194,8.93383,1.86,0.084528,4.80364,,
PGCC G53.12-3.14,295.25280806,16.35765611,7.90747,1.42,1.55977,5.56294,,
PGCC G267.38+0.21,135.62078889,-46.250755,10.5088,1.29,0.169993,8.17271,,
PGCC G73.66-6.29,310.42346194,31.82418389,14.2061,1.78,-0.285179,7.97893,,
PGCC G357.93+2.58,262.64135694,-29.30781611,7.68631,1.9,0.627233,4.0443,,
PGCC G125.24+25.76,69.878105,87.51750194,,,,,0.38,
PGCC G225.72-0.28,108.51703611,-11.48720194,10.7857,1.58,0.63921,6.81803,,
PGCC G188.60+3.17,94.212975,23.03471611,7.6035,1.66,-0.349124,4.5942,,
PGCC G150.96+4.22,67.23063694,54.78867,10.6289,2.49,0.876068,4.27145,0.161436,0.316416
PGCC G245.15-0.15,118.74577306,-28.40258194,,,,,,
PGCC G65.94-8.61,307.41696194,24.27277806,,,,,,
PGCC G198.54+14.69,109.92228694,19.240555,,,,,,
PGCC G221.86-19.19,89.25483694,-16.27992611,,,,,,
PGCC G350.71+9.58,251.20463611,-30.92321611,7.60848,1.29,0.655703,5.90543,0.12,0.233982
PGCC G347.44+14.94,244.10891694,-29.71071806,12.3228,1.74,0.523176,7.07131,,
PGCC G301.06-2.25,188.41557306,-65.057945,12.2883,1.84,-1.49322,6.68037,-0.97,
PGCC G107.68-30.70,357.66522194,30.36253194,11.1214,2.31,-1.2889,4.81722,,
PGCC G110.81-3.36,349.99444611,57.34393306,,,,,0.181134,
PGCC G211.99-15.50,88.58927889,-6.18818,,,,,,
PGCC G177.26+4.38,89.17857389,33.51985889,6.36138,1.74,-0.069456,3.66208,0.266686,0.374426
PGCC G219.82-4.37,102.09428389,-8.11703889,11.6469,2.11,-0.47204,5.52006,,
PGCC G354.05+2.95,259.75421111,-32.31201194,,,,,-2.66,
PGCC G336.77+7.93,240.785965,-42.00411611,,,,,,
PGCC G343.05+24.39,233.447495,-25.56820306,14.9257,2.79,0.777739,5.3474,,
PGCC G162.86+3.98,78.70735889,45.43474611,,,,,,
PGCC G99.02+7.12,319.88168306,59.74467806,9.74326,2.03,-1.51947,4.78993,0.56,1.11284
PGCC G0.33+5.69,261.20916694,-25.58954806,15.1571,3.02,0.803337,5.01067,0.12,
PGCC G147.24-3.72,53.87466389,51.24017306,8.0617,1.62,-1.04135,4.96449,,
PGCC G297.61-11.92,173.64288306,-73.98854111,14.1045,3.12,0.59802,4.52744,0.17,0.395167
PGCC G26.38-3.20,282.72979694,-7.28266,12.7721,1.94,-1.00745,6.57589,,
PGCC G170.11-38.11,48.90076111,11.22369806,8.99721,1.09,-0.635478,8.27184,,
PGCC G357.63+6.23,259.01532,-27.50601389,6.40034,1.05,-0.363736,6.10537,0.12,0.218205
PGCC G344.72-3.90,260.11834694,-43.86965611,16.720301,2.31,1.08916,7.22778,,
PGCC G355.91+19.03,246.79245,-20.974205,11.7068,1.54,0.032043,7.59294,0.12,0.329104
PGCC G344.13-2.51,258.08279389,-43.54871389,15.7787,2.94,0.188186,5.35793,,
PGCC G307.19-22.40,233.01928694,-83.89102889,9.6973,1.25,0.681556,7.784,,
PGCC G220.04-3.54,102.93594389,-7.938705,11.3475,1.49,1.55159,7.63778,,
PGCC G147.28+5.06,63.63286194,57.98393611,13.0562,2.25,-0.361316,5.81007,0.47,1.19076
PGCC G153.86+4.76,71.18346389,53.00269694,10.9261,1.88,-0.517917,5.81851,-0.86,
PGCC G276.11+2.07,147.07748389,-51.00751889,,,,,0.63,
PGCC G113.82+10.27,344.136475,71.07535611,15.9422,1.96,0.030554,8.14242,,
PGCC G49.97-5.29,295.58450306,12.56785694,,,,,0.275423,
PGCC G33.13-10.47,292.28793306,-4.58426889,14.8784,2.31,0.019256,6.44913,0.45,1.28224
PGCC G203.46-0.01,98.49680306,8.4133,12.8448,1.82,-0.933355,7.07287,0.168267,0.466538
PGCC G99.00+15.12,306.35342389,64.72341889,10.1268,1.28,0.984865,7.9031,,
PGCC G32.34-14.77,295.80798306,-7.18396889,,,,,0.392645,
PGCC G91.14-2.26,321.600525,47.55575889,,,,,,
PGCC G163.73-6.94,68.10137889,37.85822306,11.8489,1.52,0.931055,7.78919,0.14,0.391238
PGCC G300.96-11.54,185.69007889,-74.303185,8.86608,1.74,0.419152,5.10467,,
PGCC G347.76+12.35,246.53199806,-31.26993,16.662701,2.89,-0.345384,5.76956,,
PGCC G133.26+0.97,35.33244306,62.02741194,10.8687,2.22,-0.019689,4.8892,,
PGCC G122.98+1.40,12.96559,64.27159111,7.17683,1.47,0.621254,4.87959,,
PGCC G217.51-17.54,89.05165889,-11.837475,,,,,0.415,
PGCC G117.28+6.80,357.03604111,68.97149694,8.96572,1.32,-1.44912,6.80675,,
PGCC G23.39-7.19,284.98742694,-11.73209694,11.9035,2.01,-1.04324,5.93648,,
PGCC G313.59+1.78,214.10064694,-59.32311194,9.69304,1.53,-0.848128,6.35433,,
PGCC G359.52-19.15,286.83126806,-37.77611889,9.74526,1.71,1.2888,5.7058,0.43,0.932718
PGCC G69.42-0.86,302.34753389,31.48351111,8.14113,1.36,-1.56875,6.00162,1.66,
PGCC G159.81-20.01,53.92351194,30.861725,14.5819,2.08,0.457276,7.01249,0.14,0.411812
PGCC G192.26-0.97,92.204445,17.84717806,11.3943,2.18,-0.023175,5.22123,,
PGCC G247.56-10.47,109.42780306,-35.46437806,14.6746,2.12,-1.35031,6.92949,,
PGCC G229.54+1.31,111.79688306,-14.11549889,16.02,2.74,0.285683,5.84689,0.138676,0.390412
PGCC G222.82+1.25,108.52185111,-8.210715,10.0106,1.58,-1.2637,6.35165,,
PGCC G209.75-13.89,89.05490889,-3.52887889,13.5403,2.42,-0.388987,5.59222,0.415,1.05047
PGCC G278.28+2.97,150.68971306,-51.64209,15.826,3.09,1.28912,5.1241,,
PGCC G350.82+10.89,250.11656194,-29.99156389,7.78719,1.67,0.917484,4.65979,,
PGCC G174.66-11.15,72.61090889,26.91509611,,,,,0.23,
PGCC G205.73+2.33,101.65204611,7.46863889,8.11511,1.18,0.41051,6.85128,0.75,1.62675
PGCC G344.03+15.17,241.19097889,-31.87072389,,,,,,
PGCC G215.44-2.95,101.37644194,-3.57630889,,,,,,
PGCC G201.24-1.00,96.56796306,9.92944306,11.6907,1.64,-0.199508,7.11968,,
PGCC G184.62+1.89,90.87190194,25.90533611,8.55461,1.25,-0.775917,6.86007,,
PGCC G196.11-15.17,81.55230694,7.42919611,,,,,0.4,
PGCC G322.80+0.80,230.45961,-56.16214,18.797001,4.52,0.682845,4.15652,,
PGCC G255.35-0.75,124.70143111,-37.31938889,4.39408,1.29,-1.03722,3.39859,4.9,5.50815
PGCC G189.69+1.83,93.49759694,21.44403611,10.6413,1.39,-0.441026,7.65745,,
PGCC G346.22+2.33,254.62731889,-38.95438806,14.8117,3.88,0.873796,3.8191,,
PGCC G114.81+3.94,352.94970694,65.544075,10.7427,1.88,0.686563,5.71802,-1.21,
PGCC G46.09-7.60,295.72879,8.07422389,6.91941,1.88,1.38674,3.68386,,
PGCC G129.41+4.20,29.09144611,66.25148806,8.95999,1.23,-0.294639,7.26824,1.36773,3.21067
PGCC G136.67-1.10,40.16362389,58.82718694,,,,,,
PGCC G90.99-5.35,324.49182111,45.18333111,14.9364,2.84,1.26749,5.26085,0.54,1.39242
PGCC G38.82-0.54,286.03820806,4.98899389,16.0212,3.52,-1.52138,4.54967,5.65,
PGCC G200.63-10.28,88.04087806,6.03936194,,,,,,
PGCC G268.56+3.64,140.349655,-44.75974694,14.7431,1.87,-0.760652,7.8905,,
PGCC G96.75+0.00,325.69738806,53.00072111,,,,,,
PGCC G159.54-21.32,52.76044111,29.98423,7.41796,2.1,-1.1922,3.52601,0.14,0.208276
PGCC G72.02-13.47,315.68798806,26.06941806,18.123899,2.67,1.16962,6.79592,,
PGCC G144.14-1.07,52.17342,55.18652,5.87446,1.12,-1.48451,5.24992,,
PGCC G130.64+5.13,32.68137389,66.80550389,13.8624,3.23,-0.834846,4.29164,0.51,
PGCC G249.31-0.94,120.48654194,-32.36562306,10.2798,2.13,-0.799164,4.82857,,
PGCC G222.91-15.37,93.31170694,-15.63717111,8.91997,2.32,-0.341563,3.85243,,
PGCC G357.03+4.29,260.43844611,-29.10007306,12.6173,2.73,0.389646,4.61613,0.12,0.266398
PGCC G263.18+1.47,133.14572111,-42.25032806,12.9283,2.94,-1.19729,4.39011,0.63,1.38062
PGCC G274.80+0.75,144.12445111,-51.149975,16.6663,2.99,-1.33184,5.57716,,
PGCC G191.73-83.41,19.61309111,-24.58590306,6.93001,1.18,-0.197672,5.86833,,
PGCC G126.77+8.14,24.399725,70.66764806,11.1244,2.08,-0.804572,5.33993,,
PGCC G1.56+3.95,263.57083111,-25.51830889,12.7168,2.25,1.20912,5.65906,0.12,0.296121
PGCC G173.08+3.62,85.77897611,36.72528111,,,,,,
PGCC G49.26-0.09,290.55435194,14.44830694,,,,,5.14,
PGCC G148.99-5.88,54.08425111,48.47291889,13.3615,3.46,-0.944665,3.8587,0.196789,0.411031
PGCC G188.15+3.54,94.33486194,23.61445389,10.0647,2.11,0.642315,4.75957,0.142561,0.287019
PGCC G114.25+6.69,349.31189,67.95948806,13.1038,2.08,-1.26156,6.29422,,
PGCC G205.66-19.95,81.86496,-2.84864194,14.1148,2.65,-0.608006,5.32336,0.414954,1.0463
PGCC G85.05+3.45,309.371155,46.76832611,9.64691,2.18,-1.30469,4.42406,,
PGCC G335.92+20.19,230.352325,-32.90609694,10.0593,2.05,0.634959,4.90889,,
PGCC G234.29-0.92,112.11108389,-19.35203,10.8163,1.68,-0.378127,6.44039,6.32,15.344
PGCC G305.30+4.31,197.37806694,-58.481705,6.63739,1.52,0.653331,4.35594,1.1,1.72052
PGCC G131.39-2.80,29.42041611,58.97519306,5.79637,1.49,-0.432466,3.89158,0.234423,0.323868
PGCC G261.07-0.96,128.80596889,-42.09203306,13.9505,2.41,-1.19494,5.78022,,
PGCC G108.41-0.84,343.97647111,58.73702611,,,,,,
PGCC G6.53+20.24,252.20161389,-12.335395,15.1048,1.6,0.782789,9.43793,0.12,0.416778
PGCC G145.49-6.94,48.78629306,49.53469111,11.9244,2.22,0.006331,5.3619,,
PGCC G121.90+0.02,10.60467611,62.87240194,,,,,0.77,
PGCC G302.50+1.53,191.95503194,-61.33913,,,,,,
PGCC G142.77+8.97,62.49833694,63.90387694,13.5581,3.24,0.016957,4.18096,0.47,1.02935
PGCC G215.18-1.47,102.578865,-2.671325,13.2424,2,-0.306713,6.63095,,
PGCC G320.57-0.02,227.76219194,-58.03244,7.57924,1.25,-0.479887,6.0799,,
PGCC G228.78-3.90,106.65941611,-15.868865,10.4725,1.81,-1.12651,5.77334,0.141906,0.320972
PGCC G110.06+12.57,330.721405,71.09578694,5.44859,1.81,-0.894802,3.00318,0.153462,0.180576
PGCC G143.72+4.07,57.22005806,59.575085,,,,,-0.75,
PGCC G289.27+1.83,166.24595611,-58.19059389,9.78719,1.9,0.135316,5.16036,1.47,3.03888
PGCC G27.12+7.81,273.26007111,-1.56071389,6.8964,1.88,0.592534,3.66814,,
PGCC G177.98-2.44,82.803795,29.33851611,,,,,0.177011,
PGCC G18.78-0.02,276.31982389,-12.57413694,9.93131,1.63,-0.671504,6.08323,,
PGCC G1.26-5.18,272.29303,-30.43417889,9.04992,1.54,0.541186,5.86066,,
PGCC G159.17-2.26,68.58500694,44.37233389,,,,,,
PGCC G94.09-48.94,354.11303694,9.68444694,15.2681,3.01,1.43952,5.0642,0.157761,0.403529
PGCC G83.61+3.21,308.39953611,45.47160306,,,,,,
PGCC G182.41-11.71,77.079155,20.48688111,15.1241,3.47,-0.691631,4.35319,,
PGCC G288.01+2.30,164.46707194,-57.24185194,8.98952,1.48,0.267486,6.09378,,
PGCC G340.73+14.90,238.60463,-34.21736111,,,,,,
PGCC G334.84+11.72,235.61444111,-40.32540889,,,,,,
PGCC G0.73+3.86,263.154205,-26.26339,10.5107,1.69,-0.136055,6.23523,0.12,0.282586
PGCC G223.63-4.97,103.28472889,-11.77753111,12.4341,2.94,-0.558428,4.22572,0.5,1.05428
PGCC G9.87+22.94,251.747375,-8.24537694,11.11,1.15,0.106763,9.6366,0.118032,0.355261
PGCC G185.67-10.00,80.48724389,18.80218111,12.8759,3.15,-0.590292,4.09283,0.30903,0.65257
PGCC G215.15-11.75,93.34158306,-7.26847111,14.6451,2.12,-0.641783,6.89389,0.415,1.21298
PGCC G190.24+2.29,94.21222694,21.18037806,15.1305,2.7,-0.595865,5.60186,,
PGCC G27.12+0.12,280.09634389,-5.12080806,10.5514,1.75,1.2178,6.04406,,
PGCC G246.83+7.68,127.13137111,-25.527105,7.23344,1.38,-0.220733,5.25486,,
PGCC G142.20+13.71,69.97229806,67.56021111,9.32788,2.31,-0.137415,4.04639,,
PGCC G55.51+5.71,288.18450889,22.66914611,10.9294,1.92,0.785604,5.68474,-1.34,
PGCC G320.80+5.32,223.55323806,-53.23523694,8.80618,1.19,0.792248,7.38144,,
PGCC G206.98-11.05,90.32479889,0.17859389,,,,,,
PGCC G143.78+8.90,63.99242389,63.15983194,11.7738,1.68,0.081226,7.02814,0.26,0.687986
PGCC G135.79+6.49,45.82378806,66.01760889,9.60508,1.78,-0.704267,5.39421,0.52,1.08879
PGCC G179.71-22.22,66.60929889,16.20048889,14.2619,2.31,-0.152504,6.175,,
PGCC G340.62+1.25,250.97847,-43.96192889,,,,,1.4,
PGCC G290.63-2.42,165.28088389,-62.62553,7.11789,1.42,1.04725,5.02684,,
PGCC G168.88-4.69,74.37434389,35.41326111,,,,,0.14,
PGCC G216.15-2.30,102.27799194,-3.91355694,11.3646,2.25,-0.426461,5.05908,,
PGCC G101.61+12.10,315.61639389,64.99384306,15.7186,1.99,1.04358,7.88145,,
PGCC G310.85-5.31,213.33847,-66.91447389,10.106,1.46,0.803169,6.90681,,
PGCC G113.34+16.58,330.80609111,76.20610806,11.6231,1.71,0.194506,6.78208,,
PGCC G198.55-0.33,95.88812306,12.61949306,9.48011,1.39,0.889063,6.82156,1.09,2.54978
PGCC G119.97+22.12,343.96002194,84.30951694,13.3809,2.19,1.03944,6.10974,0.38,0.99946
PGCC G140.84+11.94,64.24063889,67.35543111,10.9198,1.51,1.28234,7.2134,,
PGCC G359.49-20.66,288.63327,-38.29825611,,,,,,
PGCC G107.45+18.92,309.58703611,73.57720889,8.61893,1.12,-1.00014,7.69496,,
PGCC G293.68+0.14,173.28727694,-61.32226889,14.3898,2.75,-0.869116,5.22565,,
PGCC G95.05-37.13,349.38607806,20.60132806,12.7684,2.14,-0.184202,5.96592,0.348337,0.884371
PGCC G65.90-1.97,301.23349,27.92762889,11.0643,1.76,0.226586,6.3003,,
PGCC G220.92-4.16,102.78449194,-9.002275,10.7658,1.91,0.927342,5.63857,0.52,1.17852
PGCC G25.42+6.28,273.83145111,-3.76947611,,,,,,
PGCC G85.30+4.53,308.31057694,47.61868694,6.10861,1.25,-1.30686,4.87084,,
PGCC G6.36-3.84,273.69845611,-25.32409306,18.459,2.54,0.073903,7.25739,,
PGCC G91.56+25.30,279.40271,61.86863306,8.97338,1.6,-1.47936,5.62315,,
PGCC G171.27-7.33,73.65180194,31.91162694,15.236,3.55,-0.271092,4.29714,,
PGCC G245.62+1.39,120.51155889,-27.995035,13.5472,3.3,-0.887346,4.10333,,
PGCC G152.65+0.99,65.34970111,51.32213194,13.5731,3.96,-0.695478,3.42353,3.41,6.76173
PGCC G273.51-0.20,141.60417194,-50.96790306,10.2121,1.37,-0.876713,7.45239,0.85,2.157
PGCC G308.35+1.58,204.02110306,-60.82346694,17.6556,2.93,-1.33076,6.01809,,
PGCC G121.67+26.31,318.43182389,88.60928306,12.4322,2.33,-0.37867,5.327,0.38,0.899552
PGCC G101.58-14.67,343.88665806,43.34642,14.6971,2.68,-1.42933,5.47806,,
PGCC G48.47+8.89,281.841125,17.82268,,,,,,
PGCC G301.51-1.92,189.53549194,-64.75271611,9.5015,1.96,0.631324,4.8402,,
PGCC G255.59-10.62,113.799805,-42.59340306,11.3375,2.33,-1.10189,4.86039,,
PGCC G2.38+20.65,249.48565694,-15.21830694,11.0559,1.93,0.414636,5.72006,0.12,0.277591
PGCC G10.35-29.27,302.18066389,-31.40473194,,,,,,
PGCC G339.68+16.20,236.66174306,-33.88881306,6.44983,1.16,0.461367,5.57545,,
PGCC G306.49+4.53,199.58519,-58.15314111,13.5574,2.05,-0.309828,6.60644,-1.03,
PGCC G305.30+9.82,196.72863806,-52.98029306,11.6206,2.33,0.768058,4.99149,0.49,1.08556
PGCC G249.43+6.90,128.09852611,-28.08667,,,,,,
PGCC G123.57-67.56,13.10234694,-4.687445,9.93446,1.33,0.275086,7.44811,,
PGCC G306.60+1.54,200.468475,-61.11925889,9.03897,1.79,1.27161,5.04176,3.3,6.48024
PGCC G106.78-9.14,347.28204306,50.49613194,11.3447,1.31,-1.24136,8.63721,,
PGCC G244.61+0.64,119.19272611,-27.53398694,13.0166,1.56,-1.55225,8.36729,,
PGCC G347.22+8.71,249.32324194,-34.09871694,14.2502,2.2,0.556926,6.48614,,
PGCC G109.98-0.42,346.43212889,59.76502611,15.1835,2.97,1.3056,5.10902,0.189671,0.48594
PGCC G287.31-0.47,160.92279111,-59.40772611,,,,,,
PGCC G34.76-0.81,284.42083694,1.25954611,7.2211,1.55,-0.131825,4.64898,1.72,2.89892
PGCC G341.56-2.16,255.526245,-45.39576306,9.77398,1.59,0.100465,6.12802,,
PGCC G266.96-12.71,118.84824389,-53.40995389,9.39067,1.71,-0.19909,5.50497,,
PGCC G174.75-19.67,65.50431806,21.38217389,,,,,0.23,
PGCC G135.10+4.96,42.63784389,64.97650889,8.15436,1.32,-0.880887,6.18593,-0.74,
PGCC G145.96+13.73,75.522995,64.67333194,8.58805,1.28,0.183566,6.71113,,
PGCC G1.88+5.21,262.59661889,-24.56677806,9.18037,2.22,1.07292,4.13384,0.12,0.215038
PGCC G110.85+2.16,345.94552611,62.48355111,,,,,0.74131,
PGCC G105.75+11.23,324.11071806,67.33666194,,,,,,
PGCC G312.36+3.04,211.10313389,-58.48761694,,,,,,
PGCC G122.32+4.07,11.30651,66.93373111,,,,,,
PGCC G341.66-7.79,262.35351611,-48.5602,13.7337,2.58,0.881234,5.31328,-1.62,
PGCC G183.68-4.01,84.75650806,23.70030194,17.253799,1.42,0.005106,12.1847,,
PGCC G128.95-0.91,25.49247,61.36957611,10.6219,1.41,-1.13844,7.52042,0.348337,0.905624
PGCC G340.26-4.45,257.04007,-47.81194306,11.5402,1.85,0.520859,6.23027,,
PGCC G102.98+15.37,311.19378694,68.051285,9.00966,1.5,-1.04589,5.99863,,
PGCC G207.22-19.12,83.285645,-3.76632889,,,,,0.415,
PGCC G168.10-12.24,66.90045194,31.09933694,13.4522,1.71,1.14643,7.87398,0.14,0.419131
PGCC G320.08+3.88,223.57656889,-54.84697694,,,,,-1.79,
PGCC G70.71-3.99,306.22174111,30.81134806,16.2274,3.03,0.504588,5.35102,0.135519,0.367342
PGCC G124.20+3.85,16.056105,66.69303889,13.7424,2.95,-1.07792,4.66205,-1.27,
PGCC G110.33+22.11,303.79324306,77.505325,10.2444,1.75,-0.277594,5.85216,0.296483,0.667773
PGCC G145.26+9.73,67.54323611,62.68718,13.9613,1.84,0.757924,7.58759,0.36,1.07782
PGCC G46.15-8.48,296.54446389,7.704185,13.9269,2.03,1.09504,6.87222,,
PGCC G277.50-3.91,142.11976611,-56.40354194,9.05584,1.65,0.296816,5.48791,,
PGCC G134.74+5.25,42.155575,65.39842194,,,,,,
PGCC G121.20-4.91,9.61137111,57.91686611,,,,,,
PGCC G348.83-3.86,263.14907806,-40.43597389,10.4316,2.26,0.687678,4.60842,,
PGCC G173.69-1.60,80.83246611,33.36489111,,,,,,
PGCC G336.29+14.44,234.89196806,-37.31347694,,,,,,
PGCC G173.35-10.93,71.89811694,28.05472806,12.3221,2.48,0.417766,4.97403,,
PGCC G328.95+2.72,236.99731389,-51.00469194,,,,,,
PGCC G189.51-14.97,78.30568694,12.94181611,10.8466,2.86,-0.244075,3.79187,,
PGCC G101.08-1.06,332.61004611,54.82874306,9.30337,1.55,1.28504,5.99198,,
PGCC G184.02-16.02,74.32098389,16.71887,,,,,,
PGCC G176.78+3.25,87.72028389,33.37409194,12.499,1.87,0.675709,6.6967,0.272898,0.726266
PGCC G211.41+2.65,104.52339194,2.555915,14.2129,2.19,-0.887974,6.49467,,
PGCC G175.10-25.04,61.49876806,17.55515889,,,,,,
PGCC G104.89+18.35,306.9422,71.21730806,16.1119,2.39,-1.39087,6.7312,,
PGCC G227.81-3.98,106.13065306,-15.04704194,,,,,0.156315,
PGCC G204.49-0.57,98.48080389,7.24891694,12.032,1.79,-0.125974,6.72629,,
PGCC G100.24+5.04,324.43606611,59.08919889,11.9661,1.46,0.172376,8.21048,,
PGCC G138.16+7.88,52.52630194,65.93892694,9.79771,1.6,-0.940135,6.12974,0.29,0.653745
PGCC G132.07-8.82,27.97091889,52.97800389,18.069599,3.08,-1.15463,5.86196,,
PGCC G21.08+7.53,270.67807,-6.98126806,11.6389,2.12,0.719472,5.48046,,
PGCC G179.17+7.86,93.93788111,33.52825194,5.54952,1.21,-0.783054,4.60499,,
PGCC G162.12+14.58,91.93916306,51.48483694,17.3873,3.18,-0.206709,5.46727,,
PGCC G320.74-6.30,235.166,-63.15854611,8.56749,1.12,0.706564,7.66133,0.56,1.31976
PGCC G54.98+6.90,286.78231806,22.73381194,11.8326,2.03,1.45141,5.83594,0.27,0.652658
PGCC G344.87-8.19,265.32565306,-46.07124694,8.69979,2.71,0.596907,3.20462,,
PGCC G59.02-0.24,295.66909806,22.91837889,9.15316,1.56,0.371786,5.88149,,
PGCC G359.71+17.27,250.67625389,-19.28132389,,,,,0.12,
PGCC G296.98+1.21,180.48220806,-61.086105,,,,,,
PGCC G266.00-3.26,130.42923,-47.40970611,14.2033,2.41,-0.760404,5.8825,,
PGCC G169.63-5.33,74.31436889,34.42908889,10.7589,1.79,-0.516929,5.99673,,
PGCC G42.05+9.14,278.75158694,12.21828,15.8272,2.99,0.095833,5.29744,0.3,0.799069
PGCC G124.50+2.56,16.61508194,65.38212611,,,,,,
PGCC G179.38-2.74,83.3908,27.99809111,,,,,0.62,
PGCC G5.73+0.19,269.49478111,-23.91088111,14.5383,4.62,0.685279,3.14583,,
PGCC G335.62+2.82,244.496475,-46.52796889,13.173,1.89,-1.04969,6.97405,,
PGCC G26.07+9.55,271.23577889,-1.67268,17.466999,3.03,-0.823807,5.76765,,
PGCC G192.12-9.04,84.86698194,13.92515,17.1989,2.78,-0.546075,6.18012,0.37,1.10963
PGCC G4.79+0.21,268.95730611,-24.716785,,,,,,
PGCC G346.27-1.01,258.13555889,-40.94189806,14.7265,1.73,-1.38581,8.50155,,
PGCC G242.26-3.79,113.53462194,-27.718885,13.3539,2.19,-0.130226,6.10929,,
PGCC G45.64-7.11,295.07717889,7.92247194,,,,,,
PGCC G259.94+12.05,140.373505,-32.78116194,11.3045,1.73,-1.10495,6.52788,,
PGCC G178.65+1.22,86.79914111,30.72036694,10.4976,1.91,1.23932,5.50664,0.187932,0.415639
PGCC G50.93+2.25,289.21075389,17.01548,8.34027,1.42,1.43821,5.87831,0.149968,0.305451
PGCC G172.69-21.10,62.973675,21.85194611,6.47082,1.36,-0.333904,4.76185,0.23,0.371383
PGCC G275.37+8.15,151.82760611,-45.757835,9.13678,2.01,1.54102,4.53524,,
PGCC G211.67-3.34,99.30641889,-0.40046306,11.4332,1.95,0.354233,5.85977,1,2.38095
PGCC G139.22+11.16,59.80122,67.88012694,12.5788,2.05,0.071006,6.14979,,
PGCC G315.63+3.28,216.77127111,-57.21670889,14.4415,3.1,0.440403,4.65925,,
PGCC G101.86+15.73,308.79068,67.37332194,,,,,,
PGCC G138.04+2.65,46.02332694,61.56876,15.0452,2.27,0.329579,6.63708,,
PGCC G92.79+36.84,254.37318389,62.79278611,,,,,,
PGCC G144.88+17.64,82.32956694,67.64012889,8.0393,1.39,-0.043231,5.79068,0.2,0.396945
PGCC G101.94+15.88,308.57321194,67.51548806,13.7418,2.55,0.783189,5.3979,,
PGCC G185.28+0.43,89.82971194,24.60489806,13.5604,2.65,-1.20698,5.11903,,
PGCC G260.26+2.95,132.21192889,-39.04858389,5.21065,1.34,-1.04979,3.88965,,
PGCC G96.00+0.20,324.54785194,52.65668889,6.05414,1.19,0.587296,5.10714,,
PGCC G309.42+8.12,203.87837194,-54.19711694,10.2999,2.19,0.382097,4.70651,0.38,0.76962
PGCC G215.95-14.71,90.99755889,-9.26977111,6.43458,1.59,-0.12291,4.04313,,
PGCC G237.56-0.57,114.12466389,-22.04749694,12.0492,1.38,1.20034,8.70677,5.15,15.3441
PGCC G92.00+21.10,288.15908806,61.20900306,,,,,,
PGCC G277.45+2.06,148.73548889,-51.85744111,11.859,2.56,-1.32102,4.63991,-1.64,
PGCC G254.66+0.54,125.5429,-36.02062194,,,,,,
PGCC G345.79+3.90,252.72093194,-38.30407306,9.31368,1.76,0.390864,5.29631,,
PGCC G30.52+2.20,279.80004889,-1.1409,,,,,0.26,
PGCC G158.39+4.03,74.84250611,49.04584111,7.18012,1.44,-0.550287,4.99934,,
PGCC G261.63+4.03,134.40959194,-39.40832111,14.1145,3.65,-1.17944,3.86335,-1.02,
PGCC G129.58+6.24,30.901295,68.1726,13.4967,2.67,-0.256544,5.06235,0.61,
PGCC G12.84+6.63,267.37945611,-14.54455,9.68599,1.58,-0.404541,6.12793,-1.28,
PGCC G217.31-14.00,92.235405,-10.14895389,,,,,0.415,
PGCC G145.46+13.95,75.26779889,65.19773111,9.91538,1.47,0.072911,6.7425,,
PGCC G325.61+4.38,231.11257889,-51.62695306,11.298,1.72,-1.28671,6.57269,,
PGCC G183.02-5.49,83.01313806,23.46122,10.2482,1.72,1.56669,5.95751,0.57,1.29556
PGCC G127.27-1.47,21.85146111,61.095135,,,,,,
PGCC G310.62-0.58,209.66873194,-62.44603,12.1988,1.64,-0.679016,7.44821,,
PGCC G102.31+14.03,312.96768194,66.72979694,,,,,,
PGCC G48.96-1.11,291.32528694,13.69855694,7.95614,1.61,-1.16018,4.95258,0.11324,0.206773
PGCC G281.39-11.56,136.25831611,-64.47451,12.7284,3.2,-1.52764,3.97225,,
PGCC G22.14+3.21,275.01312306,-8.09502611,16.2631,3.88,0.288116,4.19301,,
PGCC G19.84-5.31,281.65228306,-14.06535889,16.927799,2.83,-0.514473,5.97835,,
PGCC G95.87+5.79,317.61978111,56.56552889,9.30332,1.13,-0.406793,8.2105,-1.07,
PGCC G6.81+15.97,255.96649194,-14.55359194,,,,,,
PGCC G155.60+9.40,79.19387111,54.44573611,9.07901,1.9,-0.568707,4.78467,,
PGCC G338.11+22.57,230.66859389,-29.78159694,,,,,,
PGCC G233.23-4.22,108.49657389,-19.96503389,8.41345,1.76,-0.31599,4.7873,,
PGCC G337.91+13.14,237.46101389,-37.33341194,5.75675,1.68,0.521906,3.43241,,
PGCC G0.27+10.73,256.63574194,-22.77409389,12.8402,2.2,0.322196,5.84407,0.12,0.302379
PGCC G208.43+4.47,104.80417611,6.03962889,11.1327,1.75,-0.493875,6.35567,0.289734,0.708935
PGCC G178.91-22.58,65.82999389,16.53844111,11.9191,2.83,-0.780722,4.21193,0.23,
PGCC G169.21+2.90,82.36682889,39.59275806,14.5252,2.17,-0.527083,6.69153,,
PGCC G344.93-2.18,258.35549889,-42.71311194,,,,,,
PGCC G334.28-0.35,246.42796306,-49.71631194,11.3436,2.01,0.838434,5.65041,4.51,10.5031
PGCC G105.87+13.51,319.98660306,69.03899389,6.721,1.2,0.429348,5.61213,,
PGCC G263.43+1.94,133.844635,-42.13555889,,,,,-1.56,
PGCC G111.09-0.95,348.87344389,59.69705611,,,,,0.150661,
PGCC G88.21+2.01,313.96228,48.33618194,9.66332,1.84,-1.39704,5.26355,,
PGCC G338.25+21.20,231.72438,-30.80735389,,,,,,
PGCC G152.47-18.29,48.37187611,36.30415,14.4552,2.16,-0.216607,6.69717,,
PGCC G148.27+3.62,63.12794889,56.25696611,6.78699,1.07,-0.177594,6.35969,0.57,1.08933
PGCC G345.35-5.17,262.06314111,-44.06209194,8.81565,1.35,0.669897,6.54905,,
PGCC G38.77-2.69,287.92913806,3.95777806,16.781401,3.17,0.932115,5.30195,,
PGCC G126.32+7.35,22.70393611,69.96368389,8.04605,1.26,1.42778,6.39924,,
PGCC G295.95+3.62,179.425995,-58.52074806,,,,,,
PGCC G10.20+3.56,268.75866694,-18.35842111,,,,,-2.07,
PGCC G89.19+11.55,302.40487694,54.72307194,15.7801,2.53,1.31943,6.22647,,
PGCC G114.21+1.67,353.222015,63.20706611,8.52486,1.08,0.207556,7.90018,,
PGCC G156.43+2.58,71.21791806,49.63242,12.1703,3.52,-0.356072,3.45647,0.9,1.69799
PGCC G52.78+2.21,290.15551806,18.63786306,12.0803,2.12,0.120943,5.69055,,
PGCC G316.11-22.01,262.58825694,-76.97332806,8.99385,1.61,-0.220525,5.59514,,
PGCC G93.24-0.06,321.58175694,50.59164806,8.45297,1.61,1.07465,5.25465,0.125893,0.244065
PGCC G64.30-0.74,299.10833694,27.218615,6.46344,1.16,0.534956,5.58235,2.62,4.57792
PGCC G266.32-9.20,123.27262889,-51.08543,15.2012,3.38,0.049293,4.50206,0.45,1.08289
PGCC G333.77+5.96,239.4729,-45.45660806,,,,,,
PGCC G184.65+0.12,89.186615,24.99756111,10.6765,1.49,0.683426,7.18393,0.75,1.91066
PGCC G58.23-1.73,296.64273111,21.48778694,,,,,,
PGCC G174.31-21.04,64.10927611,20.781025,8.20357,1.09,0.010336,7.52136,,
PGCC G93.12+5.22,315.16143806,54.14680889,13.7734,3.05,1.25654,4.51917,0.104713,0.240313
PGCC G161.41+3.03,76.38419306,46.04097694,10.6919,1.61,-1.27221,6.63233,,
PGCC G94.65+6.24,315.55954,55.96534,7.60836,1.47,0.846654,5.18379,0.201372,0.367871
PGCC G353.38-0.61,262.8461,-34.85841806,5.08479,1.36,0.112212,3.74113,4.84,6.14058
PGCC G60.71-0.26,296.6138,24.37459,,,,,,
PGCC G222.86-15.14,93.50444806,-15.497435,18.0347,2.62,0.875324,6.89636,,
PGCC G197.13-15.60,81.69083389,6.36313611,13.9696,2.1,0.401028,6.66397,0.4,1.12266
PGCC G91.57+5.28,313.41201806,53.00392889,9.54803,1.17,0.65149,8.17572,-1.54,
PGCC G56.66+6.66,287.83129889,24.115765,7.57659,1.54,0.535307,4.92306,,
PGCC G21.91+6.85,271.67324806,-6.57384194,12.6503,1.77,0.772016,7.13042,,
PGCC G346.00+23.97,235.998215,-24.13148694,,,,,,
PGCC G36.78-15.50,298.399445,-3.68516889,,,,,,
PGCC G163.92+10.55,87.63838194,48.06263389,12.595,1.77,-1.49075,7.10499,,
PGCC G225.90-0.41,108.48340611,-11.71221806,,,,,,
PGCC G78.74+4.00,303.65640306,41.93927806,14.133,1.83,0.673587,7.71131,,
PGCC G47.37+1.00,288.64718611,13.29210806,10.2002,1.17,-0.286793,8.69364,,
PGCC G310.96-5.76,213.97049,-67.30400111,9.16679,1.68,0.760577,5.47158,,
PGCC G211.58+6.60,108.13262889,4.20432194,8.48244,1.52,-0.941581,5.57051,,
PGCC G26.26-0.07,279.87167389,-5.97172306,,,,,,
PGCC G149.17+12.22,76.78858889,61.25175889,10.1348,1.61,-0.590777,6.28167,0.285759,0.663241
PGCC G177.68+4.93,89.99951889,33.42795194,10.2068,1.31,-0.307414,7.77582,0.296483,0.768325
PGCC G18.30-0.76,276.75949111,-13.35108806,8.29301,1.61,-0.544786,5.14117,,
PGCC G157.66-21.84,50.76998889,30.61709806,6.59889,1.6,-0.879143,4.11478,0.14,0.212209
PGCC G146.93-3.35,53.81456,51.72414389,11.8577,1.93,-0.584092,6.13526,0.4,0.992438
PGCC G33.22-5.29,287.69735694,-2.15241,10.9823,1.81,1.1151,6.0594,,
PGCC G33.97-6.75,289.34265111,-2.15380111,11.4314,2.12,-0.064692,5.38505,,
PGCC G224.68+1.15,109.31562,-9.904045,16.7715,4.01,-0.708136,4.18631,3.76,9.16466
PGCC G356.66+16.95,248.99632306,-21.75947,14.5085,3.74,0.447092,3.88194,0.12,0.261966
PGCC G292.33-4.42,166.99696389,-65.139885,6.39585,1.55,1.357,4.114,,
PGCC G159.39-21.88,52.22910694,29.62072,12.7561,1.8,-0.572111,7.08772,0.14,0.387228
PGCC G228.21+1.88,111.66390194,-12.67185111,,,,,0.172187,
PGCC G295.88-17.57,157.10725389,-78.43653889,7.19789,1.41,0.810314,5.09856,0.17,0.299572
PGCC G316.34-5.72,226.05181889,-65.07286111,,,,,0.46,
PGCC G338.32+0.58,249.54051194,-46.132515,9.05495,2.26,0.816252,4.01286,5.18,9.08294
PGCC G102.25+2.85,330.12533611,58.680405,18.462,2.99,0.496486,6.17796,,
PGCC G102.68+3.68,329.81311,59.596195,8.63505,1.94,0.478065,4.44733,,
PGCC G109.05+13.98,325.52713,71.54068806,,,,,,
PGCC G140.10-3.47,43.94511806,55.19818889,6.79359,1.17,1.56335,5.79061,,
PGCC G302.58-17.13,190.93391389,-79.99741389,8.68297,1.48,0.617835,5.8675,0.17,0.352969
PGCC G250.48+0.20,122.37319194,-32.73327306,10.6314,2.22,1.1326,4.79271,,
PGCC G275.03+3.15,146.86586,-49.49131389,11.3376,2.86,-1.33886,3.96426,,
PGCC G294.51-2.86,173.04965194,-64.43222806,9.21733,1.87,-0.071569,4.92844,-0.88,
PGCC G267.82-9.36,124.3377,-52.41877,11.0545,2.05,-1.06819,5.38188,0.69,1.54815
PGCC G206.64-18.46,83.60934389,-2.97102,8.6751,2.05,-0.559013,4.23754,,
PGCC G44.56+0.47,287.79470806,10.555035,10.4187,1.58,0.200134,6.60747,,
PGCC G26.64+16.21,265.61022889,1.92665389,14.454,2.44,1.32566,5.91385,,
PGCC G358.70+19.79,247.964005,-18.46201694,,,,,0.12,
PGCC G191.75+3.76,96.35623194,20.53954306,13.9863,1.55,-0.208831,9.04205,,
PGCC G95.07+2.36,320.96887194,53.60187111,9.4826,1.33,-1.43643,7.14047,0.83,1.9867
PGCC G16.38+4.31,271.25036611,-12.62739806,12.868,1.78,-1.07036,7.21593,,
PGCC G261.50+3.41,133.68534889,-39.71917,9.07173,1.66,-1.05237,5.46502,,
PGCC G241.93-7.32,109.81091306,-29.07911694,9.17259,1.51,-0.574297,6.08485,,
PGCC G6.82+24.18,249.091415,-9.81863389,12.1815,1.83,1.21333,6.65471,0.503501,1.31869
PGCC G153.63+8.73,76.27886194,55.65067694,7.62039,1.83,-0.572473,4.17527,,
PGCC G61.62-4.64,301.22097806,22.88992111,17.149799,3.41,0.565446,5.02848,-0.97,
PGCC G253.89-0.48,123.959885,-35.96410806,,,,,,
PGCC G105.58-1.45,339.77722194,56.89062889,,,,,0.45,
PGCC G162.95-4.56,69.70118694,40.0312,12.1693,2.04,1.49108,5.97788,,
PGCC G127.05+2.48,22.642025,65.03591194,9.7294,1.63,-1.30802,5.96888,5.22,11.5714
PGCC G90.22-6.06,324.35668889,44.151085,11.8076,1.84,1.10768,6.41649,,
PGCC G201.31-9.73,88.85018194,5.717975,,,,,0.415,
PGCC G150.29+2.48,64.29657,54.03965,,,,,0.15417,
PGCC G21.58+9.16,269.47589111,-5.76261306,,,,,-1.05,
PGCC G266.52-5.97,127.62223806,-49.44279889,13.1092,2.3,1.26777,5.68808,0.54,1.35641
PGCC G23.96+1.34,277.54754611,-7.35833694,7.60937,1.37,1.12526,5.55697,,
PGCC G109.29-4.39,348.10592694,55.84001889,10.0228,2.34,-0.31169,4.284,0.172187,0.328205
PGCC G156.47-15.13,54.52623389,36.66093389,,,,,0.14,
PGCC G92.81-10.11,330.63986194,42.67788306,,,,,0.202302,
PGCC G345.25-2.88,259.382965,-42.85618194,7.68908,1.12,-1.3311,6.86388,,
PGCC G306.78+6.40,199.756775,-56.26468694,12.9717,3.29,1.06562,3.9456,-1.11,
PGCC G269.49-11.89,122.172905,-55.15233194,14.9628,2.24,0.100666,6.68307,,
PGCC G350.29+4.82,255.29058806,-34.22543306,9.3068,1.37,-0.663438,6.78196,,
PGCC G168.60-16.05,64.08287806,28.14189111,7.29525,1.5,-0.967163,4.87963,0.14,0.242979
PGCC G320.04+5.05,222.62597694,-53.82124694,9.59653,1.89,0.528128,5.08305,,
PGCC G52.32-14.95,305.27502389,9.65957889,14.4556,1.22,-0.783503,11.8146,,
PGCC G105.11+1.09,336.59863306,58.84972806,9.93119,1.41,-1.13599,7.05038,,
PGCC G207.90-1.77,98.98355111,3.66058611,,,,,,
PGCC G25.27-2.93,281.97720306,-8.15376389,,,,,,
PGCC G129.97+10.28,35.67637611,71.89747611,11.8724,2.79,-0.650824,4.25606,0.200447,0.414476
PGCC G278.24+0.88,148.543045,-53.27540194,11.5636,1.4,-0.101198,8.26291,,
PGCC G352.64+12.69,249.86753806,-27.474155,14.4424,2.67,0.837226,5.41856,,
PGCC G251.37+2.06,124.79386889,-32.44622806,14.4132,1.89,0.374394,7.64507,,
PGCC G243.97+1.75,119.87846389,-26.40696694,16.8374,2.87,-0.968438,5.87089,,
PGCC G121.26-4.99,9.72544111,57.84079,16.6306,5.35,-0.801221,3.1067,,
PGCC G256.18-11.95,112.52671806,-43.70639389,,,,,,
PGCC G50.38+0.45,290.60739111,15.69155111,,,,,,
PGCC G93.32-0.90,322.56448389,50.04181694,,,,,0.120226,
PGCC G112.08+21.02,312.20230111,78.37233,,,,,,
PGCC G216.37-12.52,93.17532306,-8.67813306,,,,,0.415,
PGCC G64.13+1.17,297.15942389,28.05088194,11.1167,1.94,-0.326597,5.73313,,
PGCC G171.38-3.26,77.59148389,34.29576889,11.5404,2.12,-0.177793,5.44789,0.77,1.776
PGCC G134.35-1.13,35.94319889,59.677635,9.49376,1.35,-1.38958,7.04779,0.7,1.6656
PGCC G352.16+18.76,244.46443194,-23.81098,,,,,0.12,
PGCC G208.29-32.39,71.74657389,-10.57090389,12.5575,1.86,-0.756389,6.75237,,
PGCC G262.76+4.76,136.08189389,-39.78361111,7.68459,1.42,-1.23711,5.41553,,
PGCC G86.46+5.20,308.52307111,48.941315,11.8657,2.77,1.01624,4.28226,,
PGCC G111.95-40.03,3.80498306,22.06524806,,,,,,
PGCC G231.89-1.91,110.00251,-17.70767611,16.3144,3.82,-0.275588,4.26915,5.35,12.9878
PGCC G326.43+6.76,230.14483611,-49.182125,10.8459,1.83,1.00601,5.93438,-1.06,
PGCC G162.27+14.55,91.99947389,51.338745,,,,,,
PGCC G20.46+20.90,258.67977889,-0.96962389,,,,,,
PGCC G233.88-6.08,107.03835306,-21.39421694,9.0789,2.13,-0.534817,4.26845,,
PGCC G191.01-26.77,69.13624611,5.23984,9.69993,1.08,0.131766,9.01206,,
PGCC G145.92-5.04,50.94696389,50.90154611,,,,,0.45,
PGCC G28.83+4.39,277.07672111,-1.63684306,12.6072,2.07,-1.10611,6.08955,,
PGCC G0.41-17.87,285.69363389,-36.53281806,5.88727,1.3,0.76674,4.53613,,
PGCC G270.45+3.09,141.71635389,-46.47467806,8.4236,1.17,-0.030224,7.21137,,
PGCC G208.46-0.26,100.58201611,3.86417694,,,,,,
PGCC G30.52-0.11,281.85882611,-2.197505,,,,,,
PGCC G224.71-1.01,107.38374306,-10.93608611,,,,,,
PGCC G93.24+29.49,270.65338111,63.82048,12.7579,3.16,1.281,4.03347,0.20797,0.433967
PGCC G229.79-0.38,110.38009611,-15.13598306,7.04629,1.1,-0.979677,6.41299,0.214783,0.419988
PGCC G195.29-15.88,80.535095,7.74341889,7.90406,1.6,0.849191,4.94285,0.4,0.727278
PGCC G155.76-2.95,64.50784306,46.33442694,,,,,,
PGCC G356.76+32.82,236.610825,-11.20357694,14.7972,2.71,0.713077,5.46718,,
PGCC G128.47-4.05,23.42883111,58.36886194,15.8096,2.53,-0.705244,6.25398,,
PGCC G322.75+2.48,228.80542,-54.76151306,8.18714,1.75,1.04145,4.66766,-2.07,
PGCC G155.59-8.71,58.908455,42.18520694,7.59038,1.23,0.189543,6.17648,,
PGCC G263.52+11.07,142.52398694,-35.95933194,,,,,,
PGCC G119.32+7.65,2.229315,70.221855,8.37883,1.24,0.790424,6.74349,0.38,0.830892
PGCC G333.00-0.15,244.79409806,-50.48328,,,,,4.12,
PGCC G180.05+5.91,92.37254306,31.83492111,11.9054,2.16,-0.005348,5.51,,
PGCC G253.27-3.49,120.39991,-37.06505611,13.3768,2.27,1.31255,5.88915,,
PGCC G206.40-19.84,82.28231,-3.41351389,11.0611,2.12,-0.493079,5.22936,0.415,0.91812
PGCC G199.87-4.86,92.46355389,9.31098806,16.1605,2.78,0.327756,5.81945,,
PGCC G310.16+8.20,205.07875111,-53.98101806,9.95975,1.91,0.684604,5.21909,0.58,1.2164
PGCC G341.99+13.39,240.92724611,-34.518845,8.12393,1.38,0.982314,5.9044,,
PGCC G116.22+19.23,333.49301111,79.98327611,18.6054,3.39,-0.132237,5.49517,,
PGCC G180.60+5.53,92.28589611,31.172585,14.98,4.12,-0.519892,3.63653,,
PGCC G195.40-16.68,79.89373806,7.22984194,,,,,0.4,
PGCC G199.90-36.07,65.22747806,-6.10032694,12.7185,1.63,-0.922633,7.78595,,
PGCC G130.32+12.06,39.00077111,73.41632806,,,,,0.207014,
PGCC G356.07+1.40,262.60543806,-31.50850111,10.2565,2.94,0.114873,3.48559,,
PGCC G153.05+5.02,70.64653806,53.78139889,7.68965,1.61,-0.354945,4.78173,0.39,0.687919
PGCC G207.44-16.67,85.55294806,-2.82095194,10.6553,2.48,0.374812,4.30506,0.415,0.817614
PGCC G33.10+2.65,280.57385306,1.36075306,18.1668,4.14,-0.548606,4.38545,,
PGCC G323.51+1.06,231.26840194,-55.54505194,12.3838,2.65,-0.086233,4.66578,,
PGCC G0.34+8.16,258.966095,-24.18730889,12.7438,2.35,0.963959,5.42561,0.12,0.290257
PGCC G216.61-3.12,101.75536306,-4.68830194,,,,,,
PGCC G15.52+6.92,268.487305,-12.09127194,9.35464,1.26,-0.653024,7.44936,-1.49,
PGCC G335.81+6.20,241.39798,-43.93342194,7.81234,1.57,0.525063,4.96994,,
PGCC G94.03-3.29,325.83966111,48.73426389,12.161,1.54,-1.56511,7.90606,0.128233,0.365757
PGCC G125.86+12.39,23.974525,75.00580611,,,,,,
PGCC G165.38-13.46,63.71008694,32.17764306,11.1086,2.83,-0.448495,3.92088,,
PGCC G48.00+6.62,283.765045,16.40113306,11.3891,1.01,-1.33353,11.3266,-1.17,
PGCC G145.91+12.18,72.60050194,63.78465306,13.6825,1.56,0.364726,8.76583,,
PGCC G140.12+11.69,62.45805,67.67166111,13.2989,2.48,-0.701151,5.36477,,
PGCC G242.46-1.65,115.743805,-26.84814306,10.681,1.68,0.659754,6.34657,,
PGCC G61.76-5.07,301.69155889,22.77645889,18.500799,3.59,0.740904,5.14758,1.05,2.98066
PGCC G191.25-2.84,89.972885,17.80647111,14.354,1.79,-0.597547,8.02412,,
PGCC G155.80+6.48,75.41210194,52.58617,16.4573,3.81,-0.13579,4.32452,0.46,1.12884
PGCC G349.13+6.31,253.015045,-34.20774111,11.1342,1.68,1.3868,6.63022,-2.05,
PGCC G54.77+3.23,290.18481389,20.86666306,14.9004,3.26,0.737512,4.5673,,
PGCC G21.22+0.18,277.29608194,-10.32156,16.159201,3.24,0.578226,4.98254,,
PGCC G118.95-2.97,4.96831611,59.66075889,7.81267,1.47,-0.563551,5.3023,,
PGCC G102.91+9.91,321.41992194,64.44727306,9.14439,1.33,0.374886,6.86658,,
PGCC G151.23+4.84,68.32800306,55.01946611,5.89664,1.62,-0.193422,3.64537,0.191426,0.258167
PGCC G176.46-10.85,74.08284,25.70059806,6.74993,1.14,-0.138466,5.90304,,
PGCC G117.01+0.86,359.67095889,63.127895,9.49917,1.31,0.196783,7.27081,,
PGCC G288.80+1.05,164.82273889,-58.70893889,12.2172,1.63,-0.989765,7.47295,,
PGCC G206.25+1.17,100.85131806,6.48101694,8.35606,1.47,-0.783327,5.68949,,
PGCC G214.70-13.89,91.214035,-7.82183194,8.1216,1.12,-0.385004,7.25339,0.415,0.926545
PGCC G164.25-7.78,67.75116,36.91048,,,,,0.14,
PGCC G34.58-11.38,293.74816889,-3.71964611,12.7752,1.77,1.44874,7.2078,,
PGCC G205.37+2.80,101.90918694,8.00914806,16.497801,3.24,-0.332891,5.08575,,
PGCC G49.42-0.04,290.57827806,14.61032389,,,,,5.27,
PGCC G300.00-16.91,177.397675,-79.42993889,13.674,2.85,0.876704,4.80067,0.17,0.400659
PGCC G117.21+0.89,0.08032306,63.19229889,9.32546,1.41,0.782029,6.61144,,
PGCC G4.56+22.48,249.24238611,-12.49760194,16.1033,3.14,0.625624,5.13588,0.12,0.317449
PGCC G159.45-4.06,67.03736111,42.93453194,9.86652,1.88,-1.00892,5.24788,0.14,0.293041
PGCC G318.31-4.92,228.99685694,-63.38836306,7.55833,1.17,-0.585614,6.45632,,
PGCC G334.70-1.32,247.96336389,-50.08158111,12.6474,2.54,0.79085,4.98188,,
PGCC G213.39-6.29,97.46100611,-3.27291,9.90974,1.88,-0.415598,5.28108,,
PGCC G18.92+15.49,262.65570111,-4.930745,13.4115,3.37,0.381828,3.97888,,
PGCC G299.04+6.55,185.90649389,-56.10988611,8.63766,1.62,0.992976,5.32987,0.61,1.20396
PGCC G155.13+5.48,73.43994111,52.487255,12.0909,2.61,0.023294,4.64073,,
PGCC G19.01+6.40,270.67608611,-9.32278306,12.4182,1.98,-0.506306,6.28265,,
PGCC G353.11+0.83,261.20999111,-34.28283306,8.42024,1.67,-1.11387,5.0505,,
PGCC G116.13+20.55,328.04882806,80.94612111,4.83416,1.64,-0.184271,2.9496,,
PGCC G207.87-5.79,95.39085389,1.84335306,7.59872,1.54,-1.11539,4.92962,,
PGCC G325.04+7.86,227.472015,-48.98210889,11.0576,1.63,-0.207166,6.77026,,
PGCC G125.97+3.17,20.29415111,65.86852306,,,,,-1.07,
PGCC G177.80-18.13,68.75914,20.17390306,17.5846,2.82,0.89491,6.23582,0.194089,0.59121
PGCC G9.46+19.64,254.29982,-10.40156194,13.4092,1.84,0.385476,7.27461,0.12,
PGCC G29.43-21.00,300.313385,-12.37110111,9.75053,1.74,0.110984,5.61836,,
PGCC G329.79+8.61,232.69166611,-45.788185,,,,,,
PGCC G146.10-2.48,53.53201694,52.91311611,10.2065,2.47,-0.654843,4.13663,-0.97,
PGCC G212.48-22.58,82.36995694,-9.70994194,17.317499,2.95,-1.4406,5.86983,,
PGCC G30.85+0.39,281.56094389,-1.67443,,,,,6.33,
PGCC G32.94-0.11,282.961395,-0.04650389,,,,,,
PGCC G32.07+2.33,280.39132694,0.29417306,11.5901,1.92,0.604316,6.03308,0.26,0.632432
PGCC G93.14+5.29,315.09668,54.20323889,13.9043,3.49,1.34163,3.98623,0.47,1.01784
PGCC G147.06+40.33,142.55195611,66.10581194,,,,,0.35,
PGCC G87.20-2.00,317.34487889,44.92055111,10.25,1.41,0.839705,7.2603,,
PGCC G8.36-1.31,272.32067889,-22.35785306,8.88335,1.37,-1.54009,6.48962,,
PGCC G283.39+2.49,157.334045,-54.90189389,13.5254,2.57,1.19032,5.25876,1.24,3.04205
PGCC G2.79+20.02,250.249695,-15.29629694,12.0087,2.13,0.521876,5.64263,0.12,0.287341
PGCC G154.87+5.63,73.36608111,52.78733389,12.7622,2.58,0.400687,4.9467,,
PGCC G302.72-3.02,192.334015,-65.89372306,,,,,,
PGCC G93.41+4.94,315.84094194,54.17937111,8.83823,1.77,0.159242,4.99152,0.108643,0.209907
PGCC G305.15-6.53,199.092545,-69.29738611,18.7957,3.06,0.422602,6.15237,,
PGCC G348.04+2.27,256.10485806,-37.55912,17.3207,3.05,-1.53643,5.68371,,
PGCC G141.38+3.68,52.995255,60.66745389,9.66376,1.22,-0.269886,7.9437,,
PGCC G156.27+0.22,68.37215389,48.18285389,7.61997,1.49,0.269203,5.11818,,
PGCC G359.98+4.00,262.57156389,-26.812105,9.32619,1.35,1.14113,6.91671,0.12,0.280356
PGCC G115.86+3.95,355.39083889,65.85887889,11.919,1.64,-0.131568,7.27896,-1.56,
PGCC G192.49+3.93,96.88527694,19.96004694,13.9484,2.53,-0.70539,5.5061,,
PGCC G56.33-0.54,294.52191194,20.43538694,10.6207,2.46,0.809244,4.32604,-1.81,
PGCC G26.55+8.94,271.99935889,-1.54080389,11.4349,1.88,1.44391,6.09832,-0.76,
PGCC G148.12-7.52,51.61628694,47.62777694,,,,,,
PGCC G221.75+0.59,107.43572194,-7.56650194,9.61082,1.19,0.927115,8.10007,0.76,1.95059
PGCC G168.95-3.73,75.34946389,35.94868111,,,,,0.14,
PGCC G113.71+17.63,329.07321194,77.24301889,10.253,1.38,-0.045284,7.43129,,
PGCC G323.73+2.09,230.59646611,-54.56589111,10.6519,1.43,-1.07467,7.43155,,
PGCC G146.19+7.42,65.35698694,60.42552611,16.9268,2.9,-1.17961,5.84241,0.44,1.27281
PGCC G32.52+0.24,282.46084611,-0.26185194,7.96464,1.35,1.25226,5.89164,,
PGCC G269.85+4.89,142.876495,-44.76128806,11.9253,2.17,-1.23836,5.50704,0.45,1.0608
PGCC G11.37-2.67,275.142395,-20.36281194,16.200199,3.01,1.34638,5.3897,,
PGCC G23.10+3.30,275.39035,-7.21010306,12.7248,2.27,-0.907359,5.61232,,
PGCC G158.32-4.97,65.06787111,43.10731889,11.8103,2.38,-0.916092,4.95523,0.56,1.24617
PGCC G113.86+10.28,344.22592194,71.105865,12.0129,2.05,0.636173,5.86713,,
PGCC G310.12-7.79,213.58819611,-69.49685694,11.728,1.64,0.043126,7.13594,,
PGCC G97.37+5.64,319.72073389,57.54590194,14.22,2.11,0.034321,6.74011,-1.42,
PGCC G131.67-6.58,28.21768,55.24471306,16.5989,2,-0.361922,8.30694,,
PGCC G268.42+6.67,143.12065111,-42.48373806,,,,,-0.68,
PGCC G130.75+4.24,32.286545,65.92649111,13.1166,2.57,-0.283244,5.10225,-0.64,
PGCC G96.00-2.89,327.763855,50.30003,11.1251,2.35,1.27323,4.72423,,
PGCC G133.21+1.14,35.34926611,62.20777111,5.92473,1.25,-0.20952,4.72952,0.96,1.47822
PGCC G2.44+4.33,263.73580889,-24.57492806,,,,,0.12,
PGCC G253.72+1.53,125.87470194,-34.68011889,,,,,,
PGCC G7.41+4.09,266.78268389,-20.49001306,9.85719,2.75,-0.147335,3.58664,,
PGCC G62.87+1.43,296.18948389,27.08616806,18.360901,2.75,-0.204653,6.68768,,
PGCC G73.88-6.63,310.904205,31.78192111,18.143,3.88,0.875016,4.67138,0.4,1.07118
PGCC G95.35+0.90,322.98458889,52.73894111,16.066,1.9,-1.55651,8.46418,0.82,
PGCC G239.07-2.32,113.26158111,-24.22090111,8.05096,1.47,-0.648763,5.48906,4.77,9.22397
PGCC G26.85+1.82,278.45443694,-4.57457,12.9036,2.65,-0.421399,4.86654,,
PGCC G197.00-3.42,92.35590389,12.51170694,10.2024,2.58,-0.573323,3.9496,0.8,1.47722
PGCC G113.88+14.48,337.36505111,74.79657694,,,,,,
PGCC G151.72-0.90,62.20728306,50.60277611,,,,,,
PGCC G196.36-8.37,87.62529,10.648865,8.52046,1.54,-0.402775,5.53089,,
PGCC G134.92+9.48,47.79703889,69.03514111,13.5685,3.09,-0.413477,4.39711,0.43,0.96615
PGCC G109.27+19.89,309.99285889,75.549385,17.6425,1.91,0.442866,9.21379,0.218776,0.811386
PGCC G15.61-0.48,275.20175194,-15.59480389,14.0048,1.91,0.339609,7.3183,,
PGCC G87.58-10.26,325.51083389,39.28071194,,,,,,
PGCC G138.25+7.27,51.86848111,65.39405111,,,,,,
PGCC G93.78+8.22,311.83209194,56.55690389,,,,,0.150661,
PGCC G45.81+5.30,283.97726389,13.86934,,,,,-1.5,
PGCC G342.87-63.16,348.36438,-45.642765,4.4395,1.1,-0.083705,4.044,,
PGCC G270.69+8.98,147.47280889,-42.25377306,13.3943,1.77,-0.532391,7.58411,,
PGCC G133.20+13.47,49.98118611,73.30558806,8.63637,1.81,0.152255,4.78462,,
PGCC G355.61+20.96,245.03091389,-19.92640694,,,,,0.12,
PGCC G149.78+1.87,62.95092806,53.94676194,12.3595,2.03,-0.394679,6.0975,0.151356,0.382211
PGCC G72.77-4.20,307.82180806,32.36396,9.8735,1.23,1.20653,8.00767,-1.74,
PGCC G35.20-5.44,288.729675,-0.46568611,,,,,,
PGCC G149.63-6.03,54.72427694,47.96856306,13.1483,2.28,-0.380846,5.77797,0.217771,0.552141
PGCC G145.66-3.20,52.25618389,52.57741194,13.8726,1.81,0.573083,7.66563,,
PGCC G223.29-18.35,90.62820389,-17.18344306,13.3895,3.1,-0.446886,4.32036,,
PGCC G108.23+14.29,323.03591889,71.22221389,12.6072,2.2,-0.29161,5.73557,,
PGCC G356.83+20.07,246.54332,-19.63343,13.4022,2.33,-0.399196,5.75893,0.12,0.306667
PGCC G145.70+4.37,60.53511806,58.53752111,,,,,,
PGCC G126.56+6.01,22.77986306,68.60572111,11.3937,2.57,-0.287411,4.43076,0.39,0.806052
PGCC G113.58+8.20,346.06768806,69.09937306,12.3771,1.86,-0.896315,6.65327,,
PGCC G23.84-7.91,285.85189806,-11.65515611,13.9094,2.62,0.478016,5.3031,,
PGCC G119.51+8.76,2.22529194,71.35128806,,,,,,
PGCC G122.44+33.06,196.87271111,84.05078111,8.28561,1.07,0.071973,7.71517,,
PGCC G151.49+6.30,70.5569,55.79706611,13.5056,2.7,-0.667437,5.00949,,
PGCC G68.00-2.86,303.383545,29.20788806,11.0836,1.36,0.967334,8.1541,,
PGCC G267.51-4.38,130.48864694,-49.28756,9.65467,1.81,-1.36771,5.34632,-1.36,
PGCC G124.99-0.87,17.24273111,61.931965,6.56559,1.82,-1.03836,3.61482,0.61,0.864443
PGCC G320.81-3.23,231.51821889,-60.61248389,10.1023,2.01,0.251196,5.02968,-1.54,
PGCC G111.83+1.67,348.3013,62.40995389,10.0335,1.36,1.44691,7.37757,-1.42,
PGCC G181.37+6.45,93.65974389,30.93749611,18.267,2.69,0.226358,6.78407,,
PGCC G179.21+3.78,89.70406306,31.54151,8.7667,1.2,-0.454073,7.32685,0.281838,0.657057
PGCC G45.94-9.06,296.95587194,7.24167111,,,,,,
PGCC G126.36-0.43,20.23546806,62.24077611,16.6917,4.18,-0.765242,3.99422,1.44,3.42024
PGCC G124.43-0.71,16.06689806,62.12565194,,,,,0.76,
PGCC G134.65+11.93,51.04153111,71.24136389,13.4907,2.74,-0.372697,4.91601,,
PGCC G26.31+22.96,259.47003194,4.78207194,14.3466,2.84,0.496287,5.05078,,
PGCC G222.74-15.23,93.37811306,-15.43101306,10.326,2.6,-0.168353,3.97681,,
PGCC G319.73+7.11,220.67517111,-52.09240694,6.20656,1.34,0.589237,4.6212,0.62,0.965876
PGCC G133.47+12.10,48.24718889,72.00601194,12.6363,1.68,-1.54522,7.50047,,
PGCC G74.13-5.14,309.67651389,32.89358111,11.7637,1.94,0.574885,6.06394,-0.88,
PGCC G190.74-16.74,77.44744111,10.98689194,7.3814,1.26,-0.155454,5.85098,,
PGCC G233.84+1.13,113.78028111,-17.97345694,13.3181,2.47,-0.480462,5.38566,0.88,2.16795
PGCC G154.75+4.77,72.15174111,52.333775,13.6964,3.02,0.289691,4.53482,0.33,0.756527
PGCC G211.66+2.89,104.854675,2.45017,14.8271,2.04,1.5663,7.25264,0.67,2.02106
PGCC G143.68-1.91,50.69650306,54.75185,12.7077,2.32,-0.452456,5.47245,0.47,1.14012
PGCC G174.29-41.59,48.86687111,6.48595889,5.98578,1.78,-0.203441,3.3691,0.275423,0.359786
PGCC G176.79-2.08,82.40262611,30.53420306,9.89009,1.79,-0.8031,5.52128,2.97,
PGCC G51.10+6.91,284.92965694,19.28559889,11.4334,1.54,0.482796,7.4448,0.154882,0.415664
PGCC G273.68+5.65,147.69564806,-46.70595889,7.07846,1.37,0.355253,5.17179,0.57,1.00321
PGCC G81.47+3.12,306.75210611,43.69368389,,,,,-2.14,
PGCC G303.89+1.07,194.87976111,-61.787945,12.2598,2.01,-0.298808,6.11458,,
PGCC G114.46+12.35,342.93945306,73.22425111,8.83421,1.13,0.132896,7.83215,,
PGCC G344.29+0.16,255.30587806,-41.81831,8.48334,1.77,0.272222,4.78714,5.86,10.8629
PGCC G265.11-6.14,126.18317389,-48.39508806,8.18771,2.1,-1.2884,3.90539,,
PGCC G56.81+10.99,283.59799194,26.14119694,14.5307,2.53,0.384022,5.74789,,
PGCC G203.53-3.99,94.975685,6.50119806,,,,,0.222843,
PGCC G359.51+4.48,261.83078,-26.94644889,11.2594,1.95,1.56681,5.77176,0.12,0.281398
PGCC G87.90+4.07,311.23275806,49.39522889,8.96292,1.94,1.02347,4.61063,,
PGCC G56.69+1.74,292.57366889,21.85769694,8.68172,1.46,-1.49204,5.94416,-1.24,
PGCC G241.20-3.59,113.16396306,-26.69217694,14.1449,2.38,-0.401223,5.95511,,
PGCC G348.68-1.61,260.596985,-39.31926,10.4515,1.87,1.10003,5.57622,,
PGCC G34.98-2.11,285.67108194,0.85910806,8.4647,1.04,-0.87811,8.1129,,
PGCC G260.51+0.35,129.74937389,-40.85394306,,,,,,
PGCC G303.67-3.35,194.69386306,-66.21137194,17.9387,3.35,-0.842947,5.36105,,
PGCC G158.89-20.66,52.66287611,30.88095111,6.10098,1.14,-1.48188,5.32964,0.14,0.232222
PGCC G352.33+18.75,244.58885194,-23.69572806,5.33845,1.23,0.016372,4.33488,0.12,0.16792
PGCC G26.17+0.13,279.64486694,-5.95570389,16.849001,2.73,0.390446,6.17923,5.07,15.0484
PGCC G66.53-2.87,302.48474111,27.97057694,8.19617,1.94,1.01897,4.22455,,
PGCC G27.72-2.08,282.33453389,-5.58878194,15.3605,3.68,0.593252,4.16848,,
PGCC G62.08+11.79,285.24542194,31.166525,18.0809,2.35,-0.381187,7.69263,,
PGCC G294.41-0.16,174.57153306,-61.81987806,13.5147,2.3,1.34944,5.88355,,
PGCC G106.70+16.23,315.44955389,71.42914611,9.82168,2.09,-0.114011,4.70188,,
PGCC G296.70-5.42,176.45462,-67.49080694,,,,,,
PGCC G316.53+9.08,214.73869306,-51.461395,11.4862,2.3,0.586257,4.98907,,
PGCC G329.14+1.57,238.39642306,-51.78581194,6.90745,1.52,1.48582,4.5555,3.45,5.62953
PGCC G280.55-55.89,35.97074111,-57.03918111,6.47538,1.35,1.18034,4.80864,,
PGCC G147.19-3.44,54.06536111,51.49826806,10.6701,1.28,0.664519,8.32191,-0.97,
PGCC G327.67-0.57,238.77384889,-54.3773,10.5898,1.94,1.08857,5.44822,,
PGCC G10.17+3.10,269.17324806,-18.61146,,,,,,
PGCC G117.42+9.29,355.536865,71.41883889,8.22911,1.27,-0.846141,6.50198,0.43,0.914944
PGCC G335.89+2.76,244.83189389,-46.37983694,13.0156,2,0.267564,6.4946,,
PGCC G133.21+9.35,43.40991611,69.74076806,6.42363,1.72,-0.284072,3.73901,,
PGCC G164.26-17.34,59.65119611,30.14250806,13.8333,1.5,0.113117,9.25223,0.14,0.460725
PGCC G110.45+8.43,338.25021389,67.88268306,10.7312,1.41,0.062983,7.62225,0.4,1.05233
PGCC G319.27-5.17,231.10441611,-63.08371,8.57242,2.48,0.614599,3.45525,,
PGCC G227.68-7.27,103.006165,-16.40917389,,,,,0.184502,
PGCC G154.22+6.47,73.79409,53.811195,15.2116,2.6,1.05523,5.85507,,
PGCC G244.59-23.00,93.615875,-37.45755389,13.7943,1.85,-1.35096,7.44903,,
PGCC G122.50+2.45,11.83063611,65.32293694,13.2541,2.53,0.285436,5.24605,,
PGCC G106.53+9.30,328.78149389,66.37925694,11.0858,2.25,-0.632341,4.92325,,
PGCC G131.65+1.75,32.54683306,63.28142889,9.40207,1.29,1.01194,7.29654,,
PGCC G44.32-2.57,290.41607694,8.91980611,,,,,-1.46,
PGCC G214.90-19.78,85.91828194,-10.547165,10.8308,1.64,-0.140714,6.61593,0.415,1.02188
PGCC G150.66-2.05,59.75467694,50.44155111,9.14199,1.97,-0.619478,4.63535,0.150661,0.285292
PGCC G246.41-3.88,115.76198611,-31.37519111,13.3705,1.43,-0.220951,9.34835,1.07,3.47978
PGCC G105.75+12.34,322.05899,68.13435389,18.628799,2.72,-1.15662,6.85963,,
PGCC G147.25+8.66,68.65453306,60.51305389,16.368,4.16,-0.656026,3.93569,0.39,0.91054
PGCC G123.11+22.85,15.05716694,85.71650694,8.8461,1.87,-0.491274,4.73128,,
PGCC G258.96+5.02,133.19627389,-36.73710611,9.92854,1.44,-0.847957,6.87098,,
PGCC G0.88+20.20,248.95968611,-16.604765,,,,,,
PGCC G121.24-1.21,9.29750389,61.61414694,12.8155,1.99,-0.69255,6.44831,,
PGCC G105.86+9.47,327.265015,66.09066,7.94779,1.23,-1.20826,6.47965,0.43,0.897624
PGCC G328.45-30.50,297.51647889,-67.44048306,,,,,,
PGCC G56.21+0.19,293.77963306,20.68146111,10.3595,1.8,-0.147885,5.75341,,
PGCC G268.97-7.44,127.97467806,-52.27884306,9.85548,1.32,-1.45168,7.48672,,
PGCC G249.26-5.51,115.74150806,-34.65001306,,,,,,
PGCC G175.02+3.77,87.17275194,35.14061,18.199301,4.24,-0.255628,4.28786,0.69,1.77306
PGCC G142.91+0.73,52.17181,57.36818306,,,,,-1.25,
PGCC G346.62+7.40,250.04589806,-35.41603889,18.342501,2.03,0.871213,9.02579,,
PGCC G242.87-0.11,117.46936,-26.421255,10.1419,1.33,-1.27278,7.62716,5.15,13.1758
PGCC G111.67+4.42,345.56445306,64.87645694,12.5726,1.48,-1.41119,8.50606,-1.19,
PGCC G281.78-2.37,149.96426389,-58.01116611,,,,,,
PGCC G305.60-0.68,198.83406111,-63.42561306,6.84416,1.61,1.386,4.25103,1.64,2.57322
PGCC G108.11-9.23,349.25128194,50.898155,,,,,,
PGCC G139.43+11.87,61.479015,68.26062806,15.497,2.6,-0.292616,5.96818,,
PGCC G133.74-9.90,30.11986194,51.51647889,8.25879,1.99,-0.774709,4.1533,,
PGCC G35.65-5.38,288.87887611,-0.04389306,9.56347,2.4,0.638052,3.99035,,
PGCC G103.22+18.83,303.29904194,70.08268694,7.58726,1.59,-1.07045,4.76054,,
PGCC G300.53+3.76,188.19450389,-59.02800806,13.888,3.32,1.49827,4.18342,,
PGCC G122.15+4.12,10.86957306,66.98393194,8.99697,1.74,0.722753,5.16069,0.7,1.38748
PGCC G130.77+5.82,33.55794111,67.41852611,10.6299,1.7,-0.406583,6.26945,0.119124,0.282882
PGCC G352.43-3.39,265.10678111,-37.15952306,11.784,1.98,-0.273393,5.96627,,
PGCC G15.65+6.58,268.85577389,-12.13962111,18.0481,3.47,-0.630652,5.19611,,
PGCC G235.81+1.11,114.77973194,-19.70236194,8.63841,2.22,-0.70431,3.89357,5.57,9.39665
PGCC G21.87+9.10,269.66998306,-5.53514806,6.77888,2,-0.557586,3.38792,,
PGCC G1.32+26.00,244.54031389,-12.67316694,11.1614,1.47,0.393776,7.61727,,
PGCC G204.44-9.50,90.51949306,3.11782389,6.2521,1.99,-0.730285,3.13692,0.415,
PGCC G169.71-9.42,70.60666694,31.77592306,14.1166,3.15,0.136362,4.4776,0.14,0.323775
PGCC G114.63+12.98,342.44711306,73.85655194,13.9996,2.02,-0.408543,6.94467,,
PGCC G54.71+0.95,292.300385,19.739775,,,,,6.15,
PGCC G35.34-5.50,288.84863306,-0.36634611,10.7565,2.3,0.555316,4.68531,,
PGCC G215.87-8.37,96.711685,-6.40325306,13.0923,2.49,-0.669708,5.26057,0.49,1.1829
PGCC G306.44-0.28,200.58657806,-62.93786194,11.899,2.27,-0.134194,5.25025,,
PGCC G257.17-2.89,123.72777611,-40.02235389,,,,,,
PGCC G101.37-2.96,334.84491,53.41869,15.038,2.36,-1.27791,6.36728,,
PGCC G25.24+6.93,273.17498806,-3.62588111,12.3079,2.35,0.030685,5.23716,,
PGCC G2.50-0.68,268.51965306,-27.14131694,8.26467,1.47,0.005676,5.62259,3.8,7.53514
PGCC G118.29-3.88,3.92401194,58.67086389,13.0329,2.82,-1.02904,4.62499,,
PGCC G176.81+2.71,87.18602,33.06489611,12.5077,2.36,1.37422,5.29232,0.283139,0.670099
PGCC G152.66+36.56,130.88053889,63.17544611,11.0857,1.46,-1.41755,7.58669,0.35,0.933691
PGCC G160.66+9.87,84.26320611,50.50230806,10.985,1.69,0.149157,6.48388,,
PGCC G346.36-4.44,261.99090611,-42.81579194,12.9214,1.88,-1.09732,6.8718,-1.49,
PGCC G27.76-2.97,283.15090889,-5.95251806,8.23217,2.09,0.700656,3.93557,,
PGCC G90.33+6.91,309.99704,53.05022,9.05547,1.36,-0.396669,6.64502,,
PGCC G63.68-6.20,303.85824611,23.77580806,7.05468,1.46,1.31057,4.82894,0.47,0.797974
PGCC G58.11+0.16,294.80233806,22.32671,8.85496,2.07,0.561668,4.2715,,
PGCC G3.86+4.63,264.29016111,-23.22177306,10.4537,1.97,-0.454457,5.30343,0.12,0.259909
PGCC G32.03+6.01,277.10311889,1.938865,12.345,2,0.217272,6.16884,,
PGCC G279.57-1.52,147.74169889,-55.98121611,16.9142,3.08,0.558786,5.48631,,
PGCC G232.78-3.18,109.25009194,-19.09229306,11.2079,2.68,-0.530733,4.18709,,
PGCC G289.31+2.76,167.01422111,-57.350555,10.7239,1.95,0.660601,5.49848,-2.12,
PGCC G308.85+9.84,202.48451194,-52.59122806,11.5356,1.84,0.140633,6.26823,-0.65,
PGCC G103.99+12.39,318.852325,66.93241111,7.92441,1.38,1.41373,5.72716,,
PGCC G253.78+0.33,124.71074694,-35.41378806,9.02449,1.3,-0.224394,6.91549,,
PGCC G170.10-5.09,74.90181,34.20951806,10.3324,2.03,0.258124,5.08345,0.23,0.484879
PGCC G160.64-2.99,69.20511611,42.79325889,7.13176,1.18,0.290056,6.02479,,
PGCC G204.96+24.11,121.55426,17.39327194,,,,,,
PGCC G253.92-0.65,123.80259694,-36.07581694,,,,,,
PGCC G133.59-1.88,34.04378889,59.222225,,,,,,
PGCC G176.86-13.32,72.19213111,23.88188194,,,,,0.16293,
PGCC G164.35+9.74,86.89465306,47.30185694,6.1751,1.43,-0.57649,4.33291,,
PGCC G297.69-11.40,174.44906611,-73.51326806,,,,,0.17,
PGCC G318.72+5.19,220.50631694,-54.26066611,15.6092,2.09,-0.419546,7.46069,-1.45,
PGCC G30.11+1.93,279.85220306,-1.62494889,17.265499,3.56,-0.401966,4.85508,0.26,0.692449
PGCC G126.69-1.10,20.77193806,61.53987889,,,,,0.79,
PGCC G25.10-1.36,280.49197389,-7.59066806,14.0487,2.99,0.573391,4.70397,,
PGCC G120.12-0.16,6.74643389,62.57999,8.09963,1.16,-1.19001,6.95663,5.77,12.599
PGCC G349.50+13.77,246.65550194,-29.06580389,,,,,,
PGCC G30.59-0.23,281.99462889,-2.18516611,8.04483,1.76,0.778612,4.56859,4.76,8.39427
PGCC G149.10+11.47,75.45301111,60.871815,7.84009,2.37,-0.149164,3.31087,0.195884,0.290307
PGCC G131.13-5.55,27.71808389,56.37628889,10.4355,1.04,-1.40522,9.9899,0.240991,0.715756
PGCC G184.37+4.41,93.20515389,27.33822611,,,,,,
PGCC G180.27+3.93,90.47088611,30.68762611,14.221,2.32,0.038885,6.12285,,
PGCC G91.36+4.87,313.70303306,52.58179889,8.91926,1.58,-1.03537,5.65993,-1.29,
PGCC G192.52-13.01,81.59799194,11.52025389,14.0657,4.05,0.055068,3.47149,,
PGCC G180.24+5.23,91.77921306,31.34807389,,,,,,
PGCC G312.98+37.63,201.59547389,-24.56052,11.854,2.39,-1.26705,4.95312,,
PGCC G350.95+3.92,256.64688111,-34.24374389,6.7998,1.33,1.19115,5.09929,,
PGCC G261.87-1.59,128.77473389,-43.11076,,,,,,
PGCC G169.13+5.26,84.92151611,40.93249111,8.72202,1.24,-1.17167,7.00796,,
PGCC G33.28-8.39,290.49475111,-3.50631611,8.81725,1.68,0.330947,5.2531,0.6,1.18782
PGCC G106.61+17.67,311.59017889,72.22445694,12.0366,2.08,-1.02541,5.79183,,
PGCC G252.95+1.18,124.990295,-34.25,,,,,,
PGCC G193.89+0.80,94.65244306,17.26344694,,,,,,
PGCC G338.87-3.04,254.11621111,-48.048805,8.52028,1.9,-0.20663,4.49268,0.62,1.11583
PGCC G309.80-19.95,235.57800306,-80.45704694,13.8429,3.4,0.269759,4.06893,,
PGCC G278.77+1.11,149.489365,-53.42496111,8.98826,1.4,-1.44103,6.40988,,
PGCC G7.12+4.31,266.417725,-20.61851694,,,,,0.12,
PGCC G269.30+5.40,142.80772389,-44.01355,11.8663,1.83,-0.378003,6.47138,0.65,1.6569
PGCC G338.96+2.68,247.95216389,-44.23858611,14.7951,2.41,0.604744,6.14259,,
PGCC G86.56-4.92,319.66424611,42.446125,12.6204,1.45,0.851267,8.68031,-0.98,
PGCC G323.61+1.06,231.41975389,-55.49696,6.96108,1.88,0.745434,3.69883,1.78,2.62734
PGCC G314.03-29.72,300.33258111,-79.90380889,,,,,,
PGCC G244.36+9.75,127.45539889,-22.34341194,,,,,,
PGCC G107.69-2.05,343.73053,57.33025389,,,,,,
PGCC G101.99+0.21,332.62921111,56.39601889,10.5548,1.59,-0.500727,6.65835,,
PGCC G95.87-10.66,334.43798806,43.98756,8.60664,1.76,1.39558,4.87747,,
PGCC G140.66+5.53,54.04128611,62.58733,6.38145,1.25,0.754593,5.09419,-0.88,
PGCC G17.87+9.66,267.24279806,-8.71026,13.0835,2.13,0.571131,6.13644,-1.11,
PGCC G162.57-5.44,68.51835611,39.72134,15.3382,2.34,0.240734,6.55789,0.37,1.07944
PGCC G205.91-7.90,92.62451889,2.59015889,,,,,0.415,
PGCC G15.69+2.85,272.21185306,-13.93598889,9.40096,1.26,-0.604992,7.48555,,
PGCC G282.79-4.16,149.39218111,-60.04799694,,,,,,
PGCC G54.38-0.48,293.4552,18.75901806,7.34427,1.69,0.941053,4.34296,,
PGCC G117.83+0.07,1.75682194,62.50254111,8.44101,1.01,0.269429,8.36414,,
PGCC G26.08+15.92,265.614685,1.31371806,10.4196,1.23,0.280726,8.46129,,
PGCC G6.75-2.31,272.42416389,-24.25696806,,,,,,
PGCC G168.79-9.23,70.07415,32.58612389,,,,,0.14,
PGCC G338.58-4.74,255.87661694,-49.329285,,,,,,
PGCC G53.44+9.61,283.40957611,22.55249,,,,,,
PGCC G166.87-0.06,77.47441111,39.82460806,10.5075,1.92,-1.17308,5.4708,,
PGCC G93.60+55.86,221.021835,54.37714806,6.06923,1.59,1.43829,3.82552,,
PGCC G1.47+6.77,260.91461194,-24.05369,6.22099,1.07,0.412258,5.83343,,
PGCC G73.79+1.25,303.09860194,36.30641889,9.63296,1.59,-1.43254,6.05372,5.07,11.2623
PGCC G288.07-5.88,156.56060806,-64.47340389,12.2651,2.08,1.00572,5.88609,-1.18,
PGCC G53.66+0.54,292.14788806,18.61734611,,,,,,
PGCC G185.82-1.14,88.64362306,23.357725,17.2948,5.05,-1.04321,3.42536,0.230144,0.515273
PGCC G192.83+0.61,93.95269806,18.10358611,6.80313,1.06,1.28074,6.41545,0.92,1.768
PGCC G234.31-4.41,108.84395611,-21.01269306,14.3004,4.36,-0.666683,3.27818,,
PGCC G220.32-16.30,91.37148306,-13.75634694,,,,,,
PGCC G273.14+4.83,146.32637,-46.994225,5.03062,1.18,-0.056486,4.25484,-0.99,
PGCC G1.71+11.50,256.84017889,-21.17251389,11.4037,2.54,0.848146,4.48317,,
PGCC G53.37+14.70,278.32720889,24.60223194,12.6264,1.56,-0.018153,8.10926,,
PGCC G125.83-9.10,17.69302611,53.66636306,11.323,1.93,-0.618018,5.86118,,
PGCC G341.12+6.73,246.00997889,-39.88245,,,,,0.14,
PGCC G29.11+3.47,278.02737389,-1.80779,,,,,0.26,
PGCC G33.97-14.22,296.02459694,-5.52748694,14.8445,1.74,-0.144857,8.54129,0.79,2.58761
PGCC G57.65-5.97,300.20474194,18.82856806,14.5185,2.1,1.26355,6.89941,0.5,1.45567
PGCC G269.58+9.53,146.82321194,-41.12134611,10.099,1.18,1.29776,8.52775,,
PGCC G108.81+15.27,322.09426889,72.30792194,,,,,0.36,
PGCC G119.24+7.92,1.85141806,70.47125194,12.5766,1.43,0.324626,8.79633,-0.75,
PGCC G124.83+13.79,20.81183389,76.54075611,18.2416,3.79,-0.265077,4.81734,,
PGCC G348.40+3.27,255.39119,-36.66871306,,,,,,
PGCC G38.12-2.26,287.249695,3.58026889,13.7673,2.57,0.485026,5.35842,,
PGCC G112.13-2.57,351.84021,58.52198,,,,,,
PGCC G180.98-24.68,65.39071694,13.74716111,17.623899,4.76,-0.552534,3.70496,,
PGCC G335.74-25.85,287.91461194,-60.69380611,14.9784,2.93,0.29648,5.1093,,
PGCC G123.50+5.16,14.37146889,68.02308694,12.7877,2.2,-0.656553,5.80838,,
PGCC G113.07+29.34,266.29892,81.041115,6.06927,1.43,-1.01469,4.24053,,
PGCC G285.27+6.99,163.69610611,-51.83364111,,,,,,
PGCC G12.52-0.95,274.11142,-18.53365694,,,,,,
PGCC G170.66+4.49,85.10759694,39.237045,14.5356,2.27,-0.612335,6.3959,,
PGCC G25.66-0.32,279.81491111,-6.61007,,,,,4.85,
PGCC G49.56+3.96,286.97372389,16.59108194,10.5269,1.48,-1.01612,7.09747,0.133045,0.334524
PGCC G268.47-0.56,135.84446694,-47.57852611,7.92794,1.69,0.645135,4.69255,,
PGCC G4.77-0.19,269.31823694,-24.93258889,,,,,3.52,
PGCC G57.35-0.32,294.85156194,21.43004611,,,,,,
PGCC G70.05+1.20,300.68649306,33.12754111,10.859,2.99,0.726099,3.63341,0.115345,0.210754
PGCC G280.76+1.96,153.03987111,-53.90827194,10.4302,1.36,-0.138724,7.68159,,
PGCC G27.17+3.58,277.03250111,-3.47781306,10.1957,2.1,-0.98497,4.84431,0.26,0.531526
PGCC G54.39+4.21,289.069305,20.99109111,16.655701,2.29,0.030176,7.26063,-1.4,
PGCC G63.65+47.67,241.98725889,40.03167306,5.90712,1.73,-1.38122,3.4086,,
PGCC G287.84-4.44,157.80349694,-63.12965,7.55513,1.14,0.728758,6.65139,-1.44,
PGCC G11.50+16.83,257.772675,-10.331705,11.9445,1.65,-0.526113,7.25887,0.62,1.67933
PGCC G107.14-0.06,341.09646611,58.85911611,11.1567,2.26,-0.595199,4.9267,,
PGCC G211.75-3.28,99.39781194,-0.44670694,,,,,0.94,
PGCC G35.35+0.14,283.836945,2.21767,9.03662,1.4,-0.938983,6.43378,3.42,7.58559
PGCC G206.87+1.93,101.81382806,6.27807806,12.7459,1.95,0.267506,6.5369,3.61,9.58528
PGCC G3.15-4.83,272.97500611,-28.61450389,13.113,3.21,0.515046,4.08395,,
PGCC G0.60+18.20,250.44973806,-18.04687889,8.46376,1.44,1.33352,5.88762,0.12,0.246411
PGCC G252.93+0.81,124.61385306,-34.43817111,13.8061,1.6,-0.025287,8.62128,,
PGCC G106.67+1.21,339.094635,59.74484306,13.5737,3.02,-0.611318,4.49743,0.64,1.45458
PGCC G43.18-0.34,287.87197889,8.95201806,,,,,2.64,
PGCC G205.74-1.26,98.439735,5.81382,9.32374,1.2,-1.41311,7.74992,,
PGCC G218.10-13.13,93.36348694,-10.46355889,5.4281,1.58,0.020353,3.44616,0.415,0.522115
PGCC G79.53+3.48,304.82537806,42.309395,8.30626,1.87,0.599282,4.44587,2.77,4.89652
PGCC G267.14+4.72,140.019455,-42.99612389,16.097401,2.84,-0.824109,5.66359,0.53,1.47207
PGCC G187.18-33.78,61.48434111,3.88891389,,,,,,
PGCC G77.21+3.26,303.35379,40.26144,8.9665,1.81,1.29542,4.94518,0.59,1.14283
PGCC G142.58-7.78,44.25061,50.23689694,,,,,,
PGCC G145.29+2.60,57.79725611,57.44693,18.752501,5.86,-0.503741,3.20256,,
PGCC G149.13+9.20,71.87902806,59.45206111,6.30505,1.15,-1.28038,5.49743,0.183654,0.314522
PGCC G106.02+13.91,319.43219,69.42019694,15.384,2.21,0.479266,6.97557,,
PGCC G336.75-0.13,248.76322889,-47.76731111,,,,,6.68,
PGCC G96.38-1.51,326.83621194,51.61742806,12.3766,2.64,-1.53961,4.6835,,
PGCC G339.30-2.75,254.18367,-47.53294389,11.7492,1.61,-1.2046,7.29243,,
PGCC G105.48+20.83,300.67794806,72.8778,7.66546,1.23,1.42638,6.23229,,
PGCC G208.85-20.18,83.03220389,-5.61696194,,,,,0.138676,
PGCC G127.88-7.80,21.37440694,54.74259889,,,,,,
PGCC G253.25-2.75,121.16915889,-36.65926694,12.114,1.52,1.16518,7.98149,,
PGCC G173.21-5.19,77.03462194,31.677935,9.64388,1.56,-0.856498,6.18887,,
PGCC G103.64+22.91,292.18164111,72.04254889,,,,,,
PGCC G294.06-17.39,150.95173611,-77.27040111,,,,,,
PGCC G95.78-49.30,355.27880889,9.830675,14.3723,3.46,-1.56443,4.15386,,
PGCC G192.45-7.26,86.61804194,14.55662611,14.0496,2.27,-1.15354,6.18543,0.54,1.46433
PGCC G22.76+7.22,271.74740611,-5.65958611,12.8663,2.23,-1.44985,5.76281,,
PGCC G320.90+7.63,222.01524389,-51.12477889,8.69963,1.06,0.758535,8.19407,0.51,1.25256
PGCC G104.20+9.49,324.25820889,65.02842694,17.1824,4.44,-0.648876,3.86747,0.47,1.1145
PGCC G291.20-2.24,166.58154306,-62.69227194,,,,,,
PGCC G21.93+20.81,259.434265,0.18824306,10.6635,1.46,-0.140548,7.30537,,
PGCC G230.62+2.73,113.619995,-14.38286194,9.76347,1.77,-0.869098,5.51054,,
PGCC G132.69+9.08,41.75659194,69.732185,11.2209,2.4,1.15241,4.67859,,
PGCC G184.46-4.07,85.15027611,23.00766611,,,,,,
PGCC G189.91-37.24,59.9688,0.06506194,16.431101,2.5,0.132795,6.57812,,
PGCC G336.12+15.71,233.75221306,-36.40662806,,,,,,
PGCC G266.33+4.78,139.31593306,-42.37696806,,,,,,
PGCC G183.63-12.77,76.88871806,18.90286611,10.1275,1.54,0.302123,6.58258,0.37,0.878777
PGCC G15.64+6.60,268.838745,-12.14214194,14.0662,2.34,-0.461778,6.00686,,
PGCC G254.40-1.60,123.15786,-37.0065,8.84954,1.88,-0.560144,4.71918,6.06,11.3918
PGCC G25.84+9.28,271.36737111,-2.00256806,13.8971,2.84,0.566026,4.89479,-1.13,
PGCC G39.53-0.22,286.07559194,5.77088694,10.3292,1.39,-0.579233,7.43601,,
PGCC G57.35-7.49,301.40725694,17.78313111,16.2638,2.78,1.24008,5.85373,,
PGCC G16.73+1.30,274.12924194,-13.76454694,10.0195,1.65,1.21418,6.05579,-1.77,
PGCC G65.83-1.27,300.52236889,28.23940806,11.1273,1.7,-0.043464,6.56014,-1.6,
PGCC G35.46-13.27,295.82394389,-3.80593306,,,,,,
PGCC G119.33+0.02,4.99005889,62.67063889,11.4714,1.98,0.202231,5.7966,,
PGCC G94.80-9.15,332.02166694,44.61672194,12.2816,2.31,1.36546,5.32056,0.53,
PGCC G341.55-1.19,254.43673694,-44.80563694,11.6077,1.93,0.309346,5.99906,,
PGCC G1.04+5.45,261.86227389,-25.13104111,13.2621,2.09,0.881407,6.3348,0.12,0.319949
PGCC G266.04+2.76,137.04184,-43.55044194,10.0366,2.02,1.26287,4.97897,,
PGCC G310.64-0.23,209.51969889,-62.098625,6.58498,1.25,0.091187,5.28762,,
PGCC G319.41+1.71,224.30014,-57.08335889,8.57976,2.35,0.745368,3.65277,,
PGCC G117.68-7.44,3.74091111,55.05952111,9.30614,1.28,-0.844593,7.27574,,
PGCC G271.34-4.48,134.17059306,-52.31162306,7.4401,1.28,-1.00194,5.79259,,
PGCC G101.80+5.87,325.66055306,60.73794889,,,,,,
PGCC G212.32-0.90,101.78459194,0.13452389,,,,,,
PGCC G220.07-0.57,105.621445,-6.614425,10.1967,1.75,-0.679565,5.82896,,
PGCC G65.53-7.29,305.96591194,24.68900694,11.8166,2.83,1.07505,4.17151,0.44,0.898614
PGCC G28.20-8.58,288.39822389,-8.08071,9.52765,1.12,0.114462,8.52742,,
PGCC G217.04+0.56,105.236755,-3.39594111,8.64917,1.35,0.702765,6.39839,,
PGCC G46.97-4.89,293.75329611,10.14940694,14.267,2.05,0.569181,6.96932,,
PGCC G128.71+1.21,25.88414194,63.49812694,13.3635,2.14,0.759735,6.23749,0.20893,0.554872
PGCC G157.62+2.94,72.81180611,48.96154,8.38602,1.79,-0.644264,4.68216,0.69,1.2577
PGCC G350.69+6.08,254.39888,-33.14119694,7.58937,1.07,0.734259,7.06955,,
PGCC G260.85+5.12,134.82226611,-38.10698306,9.62931,1.35,0.493616,7.13413,,
PGCC G94.66-2.09,325.36135889,50.06147,9.82471,2.17,1.21867,4.52577,0.238781,0.463162
PGCC G87.26-10.29,325.23123194,39.04209111,14.8389,1.43,0.282377,10.367,,
PGCC G354.70+0.67,262.43170194,-33.04676806,,,,,5.31,
PGCC G42.18-0.91,287.91958611,7.79951,9.6918,2.38,0.502795,4.06935,,
PGCC G209.71-16.08,87.07476,-4.48557306,,,,,,
PGCC G11.06-0.93,273.355865,-19.80899389,10.2429,1.66,0.237387,6.17956,4.61,10.6688
PGCC G359.78-2.67,268.91470306,-30.49065806,,,,,2.17,
PGCC G187.27-2.69,87.99687194,21.32013306,,,,,0.146555,
PGCC G68.69-14.27,314.12387111,23.05620611,,,,,0.20797,
PGCC G348.36-3.78,262.72070306,-40.79107306,8.45149,1.85,0.672229,4.57223,-1.09,
PGCC G29.18+0.24,280.93054194,-3.22816,,,,,5.61,
PGCC G183.48-17.64,72.63298806,16.19273,11.7381,1.64,0.375106,7.16308,,
PGCC G276.82-2.21,143.299835,-54.69833389,15.4624,2.75,1.13053,5.62364,1.15,3.11941
PGCC G262.46+4.97,136.03041111,-39.42294306,,,,,,
PGCC G358.62+19.87,247.844055,-18.47614111,,,,,0.12,
PGCC G343.85+0.48,254.60556,-41.96455806,8.8031,1.35,1.18099,6.53707,5.24,11.5629
PGCC G72.47+3.53,299.83715806,36.412495,7.91442,1.96,1.00668,4.02926,,
PGCC G241.57-6.82,110.13300306,-28.533005,,,,,,
PGCC G351.87+4.13,257.107635,-33.38705111,,,,,,
PGCC G245.87+2.64,121.85976389,-27.540325,14.6902,3.48,-1.14493,4.21536,,
PGCC G61.89+2.20,294.89843806,26.61793306,18.785299,2.79,-0.786607,6.72105,,
PGCC G228.76-4.78,105.82987194,-16.25158111,,,,,0.233346,
PGCC G168.40-13.73,65.85721611,29.87703694,,,,,,
PGCC G243.14-0.19,117.55023194,-26.69907611,8.91209,1.43,0.270063,6.23352,,
PGCC G299.17-10.01,180.45379611,-72.51611306,11.7411,1.7,1.29896,6.92195,,
PGCC G101.29-3.19,334.947845,53.18824806,,,,,,
PGCC G357.45+12.76,253.07336389,-23.77209306,12.3867,1.33,0.338436,9.30583,,
PGCC G338.42-2.29,252.81366,-47.92628111,9.14235,1.23,0.534613,7.41796,,
PGCC G294.37-3.17,172.51481611,-64.68374611,12.4796,1.74,0.792003,7.18914,,
PGCC G45.48-4.25,292.46618694,9.14958694,7.84385,1.31,0.905601,5.9854,,
PGCC G236.43-2.56,111.65981306,-22.01624111,9.23517,1.2,-0.983479,7.66467,1.24,3.03471
PGCC G117.00+17.17,342.80249,78.62999,9.36524,1.66,-0.252406,5.6287,,
PGCC G115.09+4.90,352.88812306,66.54586,8.20533,1.52,-1.13494,5.3948,,
PGCC G251.62+1.09,124.00861389,-33.20065694,11.6401,1.02,0.840044,11.4463,,
PGCC G105.89+18.77,307.35299694,72.24287389,13.0293,2.16,1.08086,6.03464,,
PGCC G29.70+9.28,273.13171389,1.37338306,9.16105,2.41,-0.125288,3.80714,,
PGCC G148.28+0.12,59.07541306,53.63316306,11.7484,1.88,-0.696513,6.2577,,
PGCC G195.74-9.17,86.60498806,10.78005111,10.1656,2.63,-0.398754,3.86958,,
PGCC G104.60+9.76,324.50293,65.49295,10.1208,1.73,-0.988021,5.85084,,
PGCC G150.62+4.18,66.76422111,55.00417694,15.2554,4.46,1.10034,3.41911,0.143219,0.300882
PGCC G121.20+21.96,355.53732306,84.60131806,,,,,0.38,
PGCC G169.48-13.33,67.01225306,29.36687306,12.3262,1.94,-0.968749,6.34277,0.14,0.360088
PGCC G188.10-28.83,65.96189111,6.17832111,13.3943,2.93,-0.420744,4.56448,0.409261,
PGCC G2.93+21.43,249.17089806,-14.34303194,11.781,2.08,1.13174,5.65941,,
PGCC G52.51-5.55,297.10955806,14.64401806,,,,,,
PGCC G89.01-1.45,318.55871611,46.61092806,,,,,3.11,
PGCC G347.79-4.27,262.8591,-41.53146,15.0477,3.29,0.321961,4.56875,,
PGCC G208.51-0.27,100.60598,3.80900611,13.4898,1.53,-0.159947,8.82702,,
PGCC G204.99+30.38,127.71388194,19.67513111,13.9907,3.38,-0.863299,4.13797,0.260615,0.576818
PGCC G330.38+4.10,237.39599611,-49.04340694,5.53293,1.65,0.513035,3.36142,,
PGCC G135.29-1.08,37.71668611,59.38602111,9.88506,1.73,-0.814857,5.70627,-1.11,
PGCC G335.64+19.68,230.45033306,-33.47694,5.98712,1.85,0.635626,3.23515,,
PGCC G315.29+2.37,216.78372194,-58.18768306,6.51777,1.48,0.845262,4.40301,2.41,3.7555
PGCC G336.96+11.63,237.78236389,-39.09194889,17.8549,3.3,1.03773,5.40662,0.72,2.05779
PGCC G30.26+5.08,277.12011694,-0.05781889,,,,,0.26,
PGCC G25.59+4.17,275.78457611,-4.60619694,6.97104,1.36,0.885359,5.10775,0.26,0.451298
PGCC G91.19+8.79,308.29693611,54.84930806,5.25469,1.12,-0.709621,4.67641,,
PGCC G212.06+7.03,108.72962194,3.97279389,,,,,,
PGCC G126.88+6.03,23.65042889,68.57116694,8.65794,1.58,0.810748,5.47569,0.53,1.06152
PGCC G213.51-12.83,91.656265,-6.31274194,,,,,0.415,
PGCC G162.33+12.77,89.50898694,50.48698806,,,,,,
PGCC G108.71+0.90,343.01065111,60.43008,9.10644,1.75,-0.860727,5.21853,0.51,1.02269
PGCC G137.59+4.46,47.1068,63.36390306,10.5181,1.2,0.509773,8.77567,-1.1,
PGCC G337.94+20.60,231.87416111,-31.45939611,,,,,,
PGCC G91.98-37.64,347.33923306,19.02295306,10.1885,1.9,-1.54438,5.37147,0.270396,0.581873
PGCC G306.46+4.54,199.54223611,-58.14729306,14.4662,1.92,-0.188246,7.53483,-1.27,
PGCC G33.61-10.94,292.91738889,-4.36681194,11.6802,1.28,0.222056,9.10905,,
PGCC G131.73+4.70,34.923355,66.05534389,11.4035,2.1,-0.316073,5.43271,-0.94,
PGCC G355.45+17.40,247.82919306,-22.35913806,12.2929,2.21,0.016291,5.55014,0.12,0.288329
PGCC G193.09-1.01,92.58815806,17.09443111,13.6724,1.91,-0.368367,7.16125,0.67,1.92849
PGCC G148.91+10.67,73.91489389,60.53696806,9.54267,1.7,-0.639752,5.61335,0.24322,0.517812
PGCC G262.98-2.46,128.71971111,-44.51875306,14.8677,2.99,-1.48139,4.96604,,
PGCC G288.40-2.98,160.44651806,-62.13284306,8.06325,1.36,0.260357,5.92,-2.17,
PGCC G63.77+2.94,295.20816,28.61875,11.7986,2.34,0.634445,5.04343,,
PGCC G50.41-35.40,321.751495,-2.65385889,6.87624,1.83,0.747117,3.75518,,
PGCC G205.91+0.15,99.776405,6.318135,,,,,,
PGCC G105.76+12.66,321.45581111,68.37011,10.4246,1.74,1.46827,5.99746,,
PGCC G214.32+2.31,105.54621889,-0.17884389,13.6801,2.24,-0.307988,6.09494,,
PGCC G337.10+24.56,228.47735611,-28.69543611,,,,,,
PGCC G194.08+3.10,96.88343,18.16964306,14.3919,1.99,-0.280376,7.22945,,
PGCC G139.66+6.03,52.89004889,63.57352389,14.7444,2.09,-0.336503,7.05298,0.44,1.30521
PGCC G103.02-3.46,337.64209,53.88011889,13.3575,2.14,-0.893868,6.23721,,
PGCC G104.90+7.43,328.589935,63.90845111,,,,,,
PGCC G298.32-12.37,175.64502,-74.62046111,,,,,0.17,
PGCC G171.01+1.54,82.19433611,37.34634389,18.6458,3.28,-0.469346,5.67948,,
PGCC G108.44+0.22,343.12042194,59.69716611,13.584,2.94,-0.990338,4.61615,,
PGCC G214.22-11.15,93.47624194,-6.18671194,8.11749,2.04,0.577763,3.97124,0.415,0.685407
PGCC G309.67-19.98,235.09783889,-80.55582389,15.6276,3.27,0.221155,4.77769,,
PGCC G355.20-0.66,264.09378111,-33.35561,11.9424,2.82,0.217203,4.2316,0.47,0.971902
PGCC G114.45+12.73,342.30715889,73.55905194,9.36928,1.38,0.068983,6.80372,,
PGCC G337.77+0.19,249.42343111,-46.79724111,8.42787,1.58,1.13714,5.31758,,
PGCC G203.00-3.06,95.56189694,7.408765,13.2784,2.44,-0.367726,5.43393,0.270396,0.668123
PGCC G199.27-0.19,96.36618,12.04752389,,,,,,
PGCC G251.96-1.64,121.47434194,-34.98027389,7.58594,2.25,-0.563059,3.37845,5.86,8.62954
PGCC G166.63-1.11,76.19647194,39.38443,15.6416,2.76,-0.374039,5.65864,,
PGCC G208.49-3.24,97.943375,2.46766389,9.47541,1.63,0.344066,5.79959,0.74,1.59572
PGCC G149.68+1.18,62.02443694,53.50918611,,,,,0.187068,
PGCC G313.32+3.58,212.53479,-57.69981806,16.9398,2.97,-0.450192,5.71285,-1.75,
PGCC G175.60-32.00,56.53707111,12.47514889,17.879,4.44,0.309796,4.03041,,
PGCC G3.01+0.97,267.22695889,-25.85511389,13.1744,2.91,0.179779,4.52995,,
PGCC G65.98-2.30,301.600525,27.81900194,9.01227,1.78,1.54701,5.06679,,
PGCC G339.63-85.57,9.78471611,-30.64513,12.3814,2.46,-0.512351,5.02583,,
PGCC G108.51-36.37,0.06766,25.06159,8.92229,1.54,-1.13606,5.80159,,
PGCC G82.05-27.93,334.14874306,22.39518194,8.47067,2.09,-1.3171,4.06249,,
PGCC G86.56+8.49,304.41943389,50.89658389,8.80437,1.5,1.35884,5.88172,,
PGCC G269.39+6.69,144.10817,-43.12658306,9.66358,1.46,0.263067,6.6015,,
PGCC G19.37+17.76,260.89361611,-3.42049389,13.201,1.43,0.995163,9.25952,,
PGCC G156.27-22.00,49.43744694,31.23346111,,,,,,
PGCC G359.25-5.71,271.71710194,-32.44481694,10.5197,1.47,1.56217,7.15669,,
PGCC G336.35+0.20,247.99713111,-47.83451806,12.6971,2.07,0.231026,6.12391,5.52,14.159
PGCC G77.02+0.51,306.15835611,38.56042111,9.69751,1.67,1.06084,5.79649,,
PGCC G192.06+3.70,96.45076,20.22892194,,,,,,
PGCC G334.15+0.42,245.44931,-49.26983611,11.9338,2.5,0.512906,4.77769,6.79,14.914
PGCC G147.58+11.32,73.33596806,61.96449694,11.2948,1.82,-0.116336,6.1931,,
PGCC G41.97-8.33,294.41412389,4.143155,,,,,0.75,
PGCC G73.63-0.67,304.95098889,35.09326194,9.31328,1.58,0.959709,5.90092,,
PGCC G207.29-12.31,89.352905,-0.67212111,11.0137,1.21,-1.39012,9.13118,,
PGCC G204.01-0.63,98.20324694,7.63891694,9.08642,1.45,-0.979382,6.26804,0.18197,0.399474
PGCC G335.85+3.70,243.84274306,-45.72881306,9.09673,1.39,-1.06903,6.5302,,
PGCC G307.63+6.31,201.28720111,-56.25741611,8.76348,1.14,1.22797,7.69592,,
PGCC G219.20-24.69,82.98622889,-16.18346,,,,,,
PGCC G11.27-10.01,282.16873194,-23.75044111,,,,,,
PGCC G42.82+39.47,249.257385,24.06834389,14.1037,2.5,0.387831,5.64475,,
PGCC G118.42+9.80,358.20544389,72.16071306,18.310301,2.8,0.546336,6.54348,,
PGCC G283.45+6.19,160.50073194,-51.720585,13.6602,3.07,-1.5282,4.44745,,
PGCC G176.92-2.59,81.99205806,30.14579194,11.8272,2.68,-0.603274,4.40672,0.5,1.05002
PGCC G233.90-3.58,109.42360694,-20.26771389,12.2012,1.97,-0.568818,6.20419,,
PGCC G86.93-10.39,325.01220694,38.75732389,9.7878,1.1,0.043806,8.93815,,
PGCC G317.11+9.62,215.31295806,-50.76432389,11.2339,1.72,1.03696,6.54266,,
PGCC G248.79+4.42,125.36926306,-28.98423611,11.6624,1.8,0.257686,6.46405,,
PGCC G211.02-5.89,96.75351,-0.99109111,,,,,,
PGCC G322.55+2.94,228.10804694,-54.47327806,7.51051,1.19,1.10175,6.29259,,
PGCC G107.37+5.35,335.85043306,63.65115694,6.9008,1.37,-0.678132,5.03603,0.9,1.54334
PGCC G65.14+0.21,298.681915,28.42362611,13.9618,1.8,-1.45821,7.76854,,
PGCC G114.06+5.30,350.11227389,66.58826389,9.79353,1.52,-0.497086,6.45879,-0.76,
PGCC G254.12+19.98,142.51306194,-23.26656,8.71089,1.27,0.429286,6.84578,,
PGCC G30.18+4.97,277.17935194,-0.17472889,8.09255,1.31,-0.570442,6.19885,0.4,0.82411
PGCC G0.72+23.36,246.30232194,-14.75838889,10.8088,1.86,1.48208,5.81886,0.48,1.10733
PGCC G304.08-1.41,195.49870306,-64.26284806,10.2812,1.93,1.01224,5.31521,,
PGCC G298.89-25.41,127.23635111,-85.98700694,13.2825,2.68,-0.475801,4.95812,,
PGCC G64.87-5.81,304.20980806,24.97685111,8.31933,2.21,0.62095,3.76129,,
PGCC G149.69+0.08,60.82037,52.68564194,5.99024,1.33,0.382517,4.50403,0.85,
PGCC G117.49-0.52,1.26266611,61.85767389,12.5956,2.56,-1.18507,4.91681,,
PGCC G117.09-2.28,1.105055,60.06154306,,,,,,
PGCC G9.34+20.87,253.20010389,-9.81269194,12.6874,1.66,-0.924362,7.62979,0.12,0.34344
PGCC G170.84+1.64,82.17455306,37.54832111,,,,,0.58,
PGCC G112.93+21.18,313.82998694,79.10694889,13.0962,1.15,1.26968,11.4048,,
PGCC G84.70+2.68,309.95156889,46.02346389,13.0256,2.45,1.07915,5.31483,2.26,5.46989
PGCC G69.31+10.49,290.32904111,37.01749,8.2504,1.5,0.659598,5.50854,0.226986,0.445125
PGCC G310.48+5.79,206.47665389,-56.27798111,14.8636,2.86,0.811933,5.2049,0.57,1.45838
PGCC G265.47+0.47,134.11988806,-44.64712889,,,,,,
PGCC G12.19+25.85,250.49331694,-4.86134806,12.328,1.3,-0.529886,9.48018,,
PGCC G319.75+0.76,225.68772889,-57.75539389,,,,,1.62,
PGCC G154.34+2.00,68.355835,50.80851389,,,,,,
PGCC G307.40+3.60,201.52822889,-58.9688,,,,,0.94,
PGCC G339.02+15.75,236.41001889,-34.64165111,,,,,,
PGCC G213.10-13.72,90.67826806,-6.35364306,15.1248,2.06,0.076326,7.33461,,
PGCC G99.09-1.80,330.60958889,53.06004,8.76968,1.42,-1.50793,6.16172,,
PGCC G170.95-5.25,75.37003306,33.44517889,,,,,,
PGCC G67.26+1.07,299.09939611,30.68655194,10.2821,1.55,-1.05954,6.627,10.48,25.164499
PGCC G163.78+2.17,77.41733611,43.63398,18.305401,3.1,-0.354586,5.89857,,
PGCC G99.98-1.00,331.01910389,54.236195,7.84519,1.55,-1.53964,5.07722,0.87,1.59721
PGCC G132.21-0.97,31.97689611,60.51714694,,,,,,
PGCC G331.45+6.73,236.22123694,-46.319065,8.56528,1.33,-1.03048,6.4401,,
PGCC G130.09+5.25,31.44357306,67.08250389,12.9603,2.28,-0.651563,5.68977,-1,
PGCC G274.48+3.60,146.66160611,-48.78980611,8.79088,1.73,0.723261,5.08657,0.39,0.758613
PGCC G310.65-0.01,209.418365,-61.89027389,9.27914,2.3,0.440153,4.03791,4.8,8.54673
PGCC G111.36+15.97,326.61007694,74.51088694,,,,,,
PGCC G267.82-2.28,133.26905806,-48.21559889,6.57316,1.04,-1.02715,6.34622,,
PGCC G329.93+1.46,239.47547889,-51.36145389,8.8118,2.07,1.18897,4.26036,,
PGCC G97.57+2.07,324.43048111,55.09928111,7.65228,1.43,1.04164,5.34397,,
PGCC G348.23+7.08,251.618225,-34.40496389,10.6731,1.55,-0.672995,6.89845,,
PGCC G215.42-13.04,92.29733306,-8.07695889,,,,,0.415,
PGCC G342.51+7.73,246.316025,-38.20190806,,,,,-1.47,
PGCC G234.36-5.77,107.56994611,-21.67671194,17.173401,2.95,-0.738806,5.81468,,
PGCC G194.49-9.72,85.49592611,11.56473,10.9369,1.83,-0.431964,5.96656,,
PGCC G26.59-4.29,283.79937694,-7.59282806,12.5171,2.36,0.425806,5.29631,,
PGCC G220.78-4.95,102.00418111,-9.23139306,,,,,,
PGCC G292.99-2.10,170.33416694,-63.22092389,6.15876,1.22,0.804055,5.02935,2.45,3.96639
PGCC G348.86+11.23,248.35392806,-31.22061194,11.8801,1.43,0.966573,8.33155,,
PGCC G20.95+1.85,275.67150889,-9.78647194,9.25651,1.61,-0.305909,5.74913,,
PGCC G69.04+2.87,298.36505111,33.13208,9.82584,1.47,1.40375,6.67919,0.111173,0.261983
PGCC G113.84+1.43,352.59945694,62.86499806,12.8813,1.81,-1.02919,7.11693,0.72,2.00533
PGCC G73.41+2.76,301.26272611,36.80162389,,,,,,
PGCC G176.08+3.86,87.92355306,34.28039889,12.5118,1.71,1.44383,7.33219,,
PGCC G321.93-3.68,233.89569111,-60.345455,11.098,1.4,0.096026,7.94246,0.76,2.07558
PGCC G86.69+2.35,312.11541694,47.38397194,14.8748,2.18,-0.290231,6.81495,,
PGCC G271.36-0.49,138.897385,-49.651455,7.30634,1.08,-1.20799,6.74295,3.42,6.98277
PGCC G277.93+2.45,149.74554389,-51.84506611,12.7847,1.53,-0.386891,8.37444,-1.83,
PGCC G105.90+13.06,320.94088694,68.745605,10.0381,1.62,-0.759501,6.20705,,
PGCC G51.24+3.62,288.08914194,17.93320806,9.73391,1.42,0.74413,6.83286,0.144544,0.342904
PGCC G168.74-10.82,68.62389389,31.58480611,18.264999,3.42,0.123129,5.34714,,
PGCC G219.62+3.31,108.86788889,-4.43055806,6.19733,1.34,-0.747762,4.64212,,
PGCC G154.74-4.71,61.69973389,45.75254111,16.3001,4.08,-0.87959,3.99643,0.56,1.31476
PGCC G142.52+1.53,52.41367,58.24754694,9.38924,2.15,-1.24687,4.36865,,
PGCC G41.48-0.88,287.566895,7.20172194,,,,,1.13,
PGCC G45.17+4.00,284.87310806,12.712815,13.9457,2.99,0.210088,4.65763,-1.43,
PGCC G92.45-2.98,323.74990806,47.919235,14.3751,1.8,-0.774296,7.98662,-1.11,
PGCC G12.42+0.92,272.33023111,-17.72661611,8.74386,1.53,0.574165,5.72404,-2.2,
PGCC G217.00-10.60,95.19909694,-8.39256694,,,,,,
PGCC G253.49+0.60,124.77889306,-35.021015,13.3946,2.32,-0.500412,5.76883,,
PGCC G273.21-5.25,135.22477694,-54.22871,,,,,,
PGCC G254.32-2.66,121.98152194,-37.51735306,8.12172,1.45,0.474416,5.60327,,
PGCC G132.54+11.28,44.38721806,71.75638611,16.322599,2.38,-0.440437,6.86322,0.53,1.63178
PGCC G245.83-11.62,107.25773611,-34.42717,,,,,,
PGCC G168.55-4.36,74.43775194,35.87558694,15.1629,2.68,-0.486169,5.66496,0.14,0.377437
PGCC G214.77-1.11,102.708,-2.14484889,14.5856,3.82,-0.064844,3.81847,4.51,9.79062
PGCC G142.60-0.84,50.12624389,56.23423,12.1546,2.74,-0.74176,4.44258,-1.32,
PGCC G211.45-11.98,91.51136,-4.13832611,9.86648,1.44,0.742939,6.85335,0.415,0.992676
PGCC G181.38-19.83,69.57428694,16.462055,,,,,,
PGCC G193.23+0.95,94.46298194,17.914465,,,,,,
PGCC G115.81-0.53,357.80487111,61.50331889,7.64436,2.43,-0.576762,3.14456,0.84,1.198
PGCC G230.48+3.02,113.80209389,-14.119815,8.96316,1.65,-0.32376,5.44417,,
PGCC G319.00+6.82,219.79588306,-52.65410611,,,,,0.61,
PGCC G334.72+0.06,246.452805,-49.110695,11.2027,2.16,0.608443,5.1931,4.07,9.03016
PGCC G326.38+0.44,235.96144111,-54.38367806,6.98399,1.18,-1.55338,5.93556,2.28,
PGCC G60.29+1.30,294.891815,24.78889806,11.0253,1.79,0.808806,6.14793,,
PGCC G15.68+15.65,260.92791694,-7.53209694,8.68666,1.85,0.378502,4.68987,,
PGCC G275.91-9.63,132.18048111,-59.087765,,,,,,
PGCC G204.79-11.51,88.91162889,1.867975,,,,,0.415,
PGCC G282.30-5.28,147.20944194,-60.61412389,6.38659,1.38,0.58087,4.63624,1.29,2.0419
PGCC G216.08-11.13,94.31276694,-7.81419806,,,,,,
PGCC G232.74+3.28,115.18466194,-15.95879,15.2498,2.94,-0.634002,5.18951,,
PGCC G316.58+0.29,220.64442389,-59.60045611,9.59348,1.55,-0.191264,6.20872,4.93,11.0678
PGCC G115.96+5.96,354.21920806,67.82138111,11.8031,1.72,-0.771737,6.84955,-0.95,
PGCC G151.80+8.59,74.10929111,57.00565,8.639,1.67,-0.867066,5.15959,0.4,0.77683
PGCC G236.93-2.39,112.08273306,-22.374735,,,,,,
PGCC G271.16-19.40,110.891685,-59.89774694,8.85261,1.32,1.36007,6.72871,,
PGCC G151.76-16.18,49.11138194,38.441685,,,,,,
PGCC G11.23-10.12,282.26068111,-23.83820194,,,,,,
PGCC G310.47+8.22,205.58937111,-53.90403389,11.4376,1.42,0.406936,8.04447,,
PGCC G271.38+2.54,142.13981611,-47.51300806,13.8517,2.26,-1.13326,6.13005,-1.26,
PGCC G37.10-5.97,290.06851194,0.97305806,12.5605,2.63,1.24858,4.76867,,
PGCC G350.48-0.85,261.09198,-37.401855,17.1343,2.59,1.17637,6.61685,4.2,13.0087
PGCC G127.20+6.50,24.75672889,68.98097194,,,,,0.5,
PGCC G314.86-4.90,222.04812611,-65.02941889,11.371,1.79,0.344826,6.347,,
PGCC G327.20-0.22,237.76882889,-54.40472806,,,,,4.51,
PGCC G316.98+0.13,221.50112889,-59.57999,,,,,2.28,
PGCC G305.02+4.02,196.88130194,-58.78710194,13.1215,2.4,1.31593,5.47017,,
PGCC G153.16+4.80,70.47286194,53.55744611,7.65578,1.5,-0.463039,5.10528,0.52,0.945659
PGCC G158.38-5.02,65.06908389,43.02496306,,,,,,
PGCC G74.19-1.32,305.99859611,35.18629806,10.2034,2.58,1.2696,3.95143,,
PGCC G273.87+5.55,147.81286611,-46.90176,,,,,,
PGCC G169.74+3.28,83.15786,39.36083611,13.1387,2.43,-0.577324,5.39929,,
PGCC G95.31+10.50,310.14288306,59.14451194,12.026,2.4,-1.19518,5.01029,0.43,0.970927
PGCC G14.13+6.09,268.51944,-13.69961111,17.493999,3.49,-1.45496,5.01008,,
PGCC G1.95+5.82,262.06912194,-24.17378806,14.1929,2.39,-1.12919,5.93923,0.145,0.387254
PGCC G73.96-6.52,310.85788,31.91284806,,,,,0.48,
PGCC G68.64-5.80,306.57064806,28.08240306,11.0227,2.05,1.19257,5.3697,0.276694,0.619221
PGCC G99.23+0.00,328.94216889,54.57939111,6.39369,1.6,-0.300639,3.99672,,
PGCC G146.07+0.85,56.91188806,55.59736306,14.8949,3.78,-0.917014,3.9398,,
PGCC G101.76+16.28,307.45352194,67.584885,8.16536,1.1,-1.42307,7.41199,,
PGCC G69.40+1.60,299.88433806,32.78895194,11.6693,1.56,-0.710575,7.48252,0.096383,0.261983
PGCC G130.70+9.79,37.25454306,71.17942806,13.4308,2.43,-0.065828,5.52979,0.141254,0.354106
PGCC G175.11+1.85,85.24239306,34.07080806,11.5455,1.94,-0.204718,5.93735,0.94,2.26391
PGCC G274.70-1.34,141.709915,-52.61525306,16.8251,2.65,0.808685,6.35355,10.16,30.556801
PGCC G120.59+7.88,5.85069806,70.62688389,10.6721,2.51,-0.084959,4.24669,,
PGCC G126.85-2.33,20.77658694,60.30272694,12.853,2.6,-0.775609,4.94703,0.54,1.25255
PGCC G294.01-2.55,172.17390389,-63.97844306,5.39179,1.17,0.783342,4.59785,3.03,4.38847
PGCC G40.79-1.37,287.68859889,6.35833889,15.3589,2.29,-0.259787,6.7139,,
PGCC G286.13+7.09,165.00923194,-52.11274,,,,,,
PGCC G139.11+3.59,48.96374889,61.83597194,13.682,1.79,-0.763987,7.64126,-1.17,
PGCC G348.22+9.01,249.839615,-33.160965,,,,,,
PGCC G94.66-2.13,325.40725694,50.02561194,13.2983,2.83,1.34541,4.70468,6.01,
PGCC G156.30-32.53,42.96532806,22.42504111,10.1643,2.35,-0.538567,4.32151,,
PGCC G355.64+15.81,249.27194194,-23.24025306,15.0711,2.38,0.738793,6.32841,0.12,0.340901
PGCC G296.69+1.17,179.86543306,-61.06874806,11.4533,1.8,-0.90532,6.35689,,
PGCC G303.39-3.47,193.99144,-66.34021806,13.5946,3.2,1.04586,4.24398,,
PGCC G204.46-0.78,98.271065,7.17685194,,,,,0.98,
PGCC G292.49-2.39,169.07774389,-63.31451,15.3559,3.19,1.29203,4.82109,,
PGCC G78.55-17.50,323.79415889,28.00094389,,,,,0.281838,
PGCC G219.55-8.05,98.63825194,-9.51797111,8.44273,1.97,-0.467948,4.2926,0.415,0.726736
PGCC G45.55-7.29,295.20114111,7.75554806,,,,,0.61,
PGCC G259.40-1.50,126.90353389,-41.07328,10.2853,1.7,0.445307,6.06276,,
PGCC G306.53-6.61,202.97445694,-69.20301111,17.8934,2.96,0.3242,6.0466,,
PGCC G26.70+5.60,275.020935,-2.96171806,,,,,0.26,
PGCC G214.95-19.48,86.21623194,-10.46015611,9.70747,1.09,1.20599,8.91743,0.415,1.12318
PGCC G109.86+2.36,343.82672111,62.24339694,6.72676,2.14,-0.885789,3.14797,0.57,0.76299
PGCC G128.23+8.14,28.64604806,70.35976389,,,,,0.46,
PGCC G166.44-23.59,56.60116611,24.14796306,12.9857,2.22,-0.391349,5.84473,,
PGCC G351.10+7.94,252.96997111,-31.66285111,10.8549,1.43,-0.795294,7.57812,,
PGCC G213.24-18.11,86.759155,-8.41245611,10.2691,1.91,0.57346,5.36752,0.415,0.896249
PGCC G27.88+0.19,280.38632194,-4.40667111,,,,,4.76,
PGCC G151.25-19.91,46.09800306,35.54287694,9.72956,1.93,0.741781,5.05107,0.166725,0.33999
PGCC G152.57+8.37,74.640755,56.26884111,5.14702,1.32,-0.227381,3.88657,,
PGCC G357.25+21.45,245.70452889,-18.44516389,13.6667,1.51,-1.51314,9.05831,,
PGCC G74.92-4.72,309.84616111,33.763535,12.4708,3.02,0.443819,4.12463,-1.27,
PGCC G275.98-2.91,141.41282694,-54.62768889,11.4631,2.01,1.48326,5.69445,,
PGCC G13.22+0.20,273.39657611,-17.37723694,17.877899,7.06,0.514246,2.53135,4.3,8.41452
PGCC G6.68+3.13,267.26846306,-21.60076111,9.06461,1.35,0.310327,6.7029,,
PGCC G181.79-12.99,75.588005,20.24490694,8.51748,2.06,0.105754,4.12799,0.23,0.396715
PGCC G265.02-12.22,118.06817611,-51.50915889,8.69357,1.7,1.31649,5.11663,,
PGCC G352.62-0.80,262.52774,-35.59697306,8.05256,2.37,0.732625,3.4012,,
PGCC G145.30+5.91,61.96003694,59.95129389,18.696899,3.22,-0.999499,5.8034,,
PGCC G288.77-10.29,151.76484694,-68.516525,9.87226,1.74,0.232676,5.67595,,
PGCC G220.98-16.57,91.38735194,-14.44441194,,,,,,
PGCC G180.02-20.26,68.38986194,17.19869389,,,,,0.23,
PGCC G342.66+8.65,245.60957306,-37.45065306,,,,,,
PGCC G177.62+6.44,91.55806694,34.21745694,10.0846,1.37,0.978409,7.35919,0.276694,0.693381
PGCC G325.42+3.49,231.66072111,-52.47244306,,,,,,
PGCC G299.25-13.93,177.53688,-76.36501306,15.4374,3.18,-0.230792,4.84934,0.17,0.427863
PGCC G330.63-0.24,242.14877306,-52.17628889,11.0773,1.38,0.016066,8.00727,4.52,12.383
PGCC G267.80-9.31,124.39047194,-52.37909694,,,,,,
PGCC G164.22-16.04,60.65097806,31.10674306,,,,,,
PGCC G24.10+7.22,272.38433806,-4.48549694,,,,,,
PGCC G338.78+14.44,237.22859194,-35.79484611,7.37508,1.18,0.797262,6.25749,,
PGCC G128.13+34.78,163.9673,81.14599611,10.7628,1.69,0.447436,6.3555,,
PGCC G170.84-10.39,70.57309694,30.304785,,,,,0.23,
PGCC G341.57-2.69,256.128235,-45.711525,,,,,-0.78,
PGCC G299.16-0.37,184.52343806,-63.00017889,,,,,,
PGCC G307.42+5.30,201.14515694,-57.27827111,,,,,,
PGCC G205.90-0.43,99.25320389,6.06184611,7.98873,1.48,1.46259,5.40956,,
PGCC G354.90+23.42,242.62715111,-18.77744111,,,,,,
PGCC G322.39+1.48,229.186325,-55.80005306,7.32551,1.61,-0.731078,4.54029,,
PGCC G87.46-1.51,317.08953889,45.44690306,10.6202,1.4,0.666679,7.57938,-1.54,
PGCC G246.29-18.25,99.93139611,-37.41382194,,,,,,
PGCC G0.06-0.69,267.11639389,-29.23929611,6.30524,1.19,0.128587,5.31483,4.16,7.00512
PGCC G177.51-20.83,66.36289194,18.66608389,16.2334,2.25,0.62054,7.20832,0.23,0.723731
PGCC G166.43-15.40,62.93880111,30.091415,16.643101,4.96,-0.548714,3.35505,0.14,0.304313
PGCC G305.11+1.22,197.446075,-61.57296389,7.44978,1.21,0.155972,6.16515,,
PGCC G9.99+4.62,267.68975806,-18.00537889,8.52251,1.09,1.35138,7.85384,,
PGCC G13.75-2.63,276.27481111,-18.24395806,9.00261,2.37,0.524662,3.80298,,
PGCC G276.60-3.43,141.56065389,-55.43513111,10.5151,1.58,-0.97219,6.65149,,
PGCC G103.22+8.00,324.89755194,63.26857,13.925,2.75,-0.880318,5.06763,0.53,1.2951
PGCC G234.21+1.05,113.89822389,-18.33558694,5.40914,1.27,-0.925845,4.26311,,
PGCC G357.24-0.05,264.77960194,-31.30739,9.02078,2.16,0.424826,4.17736,3.52,6.28553
PGCC G86.60-8.45,322.99719194,39.95083194,10.701,1.7,1.04875,6.29259,0.51,1.21737
PGCC G175.57-3.24,80.48829694,30.88903,11.5471,1.65,-0.847419,6.98686,0.62,1.61993
PGCC G194.54-4.02,90.58725694,14.37361806,11.7244,2.81,-0.463253,4.17336,,
PGCC G243.23+5.99,123.39191389,-23.511635,11.6939,2.82,-0.696735,4.14747,,
PGCC G193.40-4.76,89.34043889,14.99215,9.02217,1.12,1.02837,8.01982,,
PGCC G168.38-12.87,66.57240306,30.47867,,,,,0.14,
PGCC G28.44+9.53,272.34494,0.38852806,8.39326,1.32,0.933789,6.35198,,
PGCC G100.40+42.99,236.04121389,65.81449889,11.8795,1.5,-0.42236,7.90918,,
PGCC G216.26-2.67,101.99632306,-4.18141611,10.4047,1.5,-0.400262,6.91821,,
PGCC G352.14-1.00,262.4039,-36.10229111,9.32386,1.71,1.20907,5.44095,,
PGCC G339.53+13.31,238.817215,-36.17739111,7.2071,1.55,0.389586,4.64179,,
PGCC G47.88+8.76,281.69851694,17.23729111,,,,,0.55,
PGCC G119.53+3.42,4.46645694,66.06496389,,,,,,
PGCC G124.37-8.49,15.29730611,54.35631611,14.4104,2.2,-1.04798,6.5561,,
PGCC G85.01+6.21,306.016815,48.35255389,17.012699,3.41,1.1311,4.98555,,
PGCC G104.04+4.59,330.88674889,61.14698806,,,,,0.53,
PGCC G282.38-5.62,146.88765,-60.931095,9.47198,1.65,-1.31605,5.72791,,
PGCC G11.88+5.93,267.50378389,-15.71938694,8.55426,1.31,0.453264,6.54898,-1.41,
PGCC G18.99-0.78,277.10907,-12.74883889,7.65416,1.63,-0.455964,4.68625,5.15,8.97213
PGCC G0.20-4.56,271.06451389,-31.06103889,,,,,1.25,
PGCC G79.80+8.58,299.05084194,45.249405,12.5116,2.44,1.25279,5.13466,,
PGCC G247.52-5.15,115.09860194,-32.96805194,,,,,,
PGCC G126.82-8.20,19.48228111,54.46724694,9.04172,1.3,1.25413,6.94018,,
PGCC G182.36-8.79,79.63382,22.19154194,15.5337,2.01,-0.814599,7.7397,,
PGCC G212.21-22.49,82.34454306,-9.44354611,,,,,,
PGCC G208.20-14.32,87.97484611,-2.38364611,8.99171,1.67,-0.161594,5.38427,,
PGCC G251.35+6.44,128.95597806,-29.89415694,8.99827,1.56,-1.02142,5.76897,,
PGCC G114.45+1.00,354.13906889,62.63165694,8.36896,1.64,-1.25765,5.09541,,
PGCC G18.65+12.52,265.11270111,-6.62585806,11.15,2.16,-0.039717,5.16044,,
PGCC G180.52-4.26,82.65621194,26.22776,11.8945,1.67,-0.486326,7.1389,0.34,0.911369
PGCC G169.78-7.92,72.01821111,32.685215,12.941,1.99,-0.526069,6.50884,0.14,0.373759
PGCC G30.08+4.73,277.35049389,-0.37826,12.38,1.49,-0.083134,8.32142,0.26,0.767643
PGCC G200.60+4.34,101.11240389,12.94999,15.1316,2.39,-0.333896,6.31849,,
PGCC G337.87-0.30,250.05679306,-47.04728306,,,,,4.47,
PGCC G182.46-44.07,51.12339,0.41284111,8.68163,1.26,-0.661057,6.90125,,
PGCC G140.52+3.26,51.06990111,60.80189111,8.97434,1.43,-0.470309,6.27462,-1.27,
PGCC G343.53-3.72,258.964325,-44.74457889,15.1416,2.61,-0.738961,5.79463,,
PGCC G326.91+4.03,233.148895,-51.17683,6.93555,1.22,0.216954,5.67861,,
PGCC G266.27-6.22,127.08611306,-49.38485694,,,,,,
PGCC G290.13-1.50,165.12419111,-61.58292389,5.23282,1.07,-1.18403,4.88071,,
PGCC G357.88-2.53,267.65292389,-32.05501194,7.44809,1.16,-1.31946,6.4413,,
PGCC G196.10+2.85,97.61995694,16.26830306,13.6902,2.47,-0.484522,5.54518,,
PGCC G320.85-1.20,229.39009111,-58.89002611,12.9675,2.27,-1.02961,5.71583,,
PGCC G317.62+7.60,217.22004694,-52.46624389,10.9976,1.44,0.116815,7.62091,,
PGCC G107.50-0.08,341.74588,59.00815194,10.2029,2.33,1.19312,4.37149,,
PGCC G270.05-0.42,137.60218806,-48.65490694,11.9131,3.48,0.994613,3.41974,0.63,1.16971
PGCC G97.72+10.72,312.670715,61.16291389,17.872101,2.94,1.38557,6.08803,0.45,1.36542
PGCC G312.61-1.23,214.18605,-62.48980306,,,,,1.84,
PGCC G15.42+11.43,264.46807889,-9.91087889,9.14695,1.87,0.443913,4.88767,-0.84,
PGCC G214.85+0.84,104.480995,-1.32308694,,,,,,
PGCC G149.18-2.30,57.70211806,51.19049111,17.9,2.3,-1.19294,7.78155,0.61,2.0942
PGCC G47.74+5.09,285.06140111,15.48595,10.8963,1.78,1.32462,6.12295,,
PGCC G3.10+23.51,247.56814611,-12.95315694,13.6529,2.78,0.632939,4.90271,0.12,0.285587
PGCC G65.06-4.40,303.02166694,25.91337611,10.4381,1.97,1.17511,5.3106,-1.28,
PGCC G127.87+1.19,24.04314389,63.63597889,9.92128,1.79,-0.480069,5.52767,,
PGCC G158.16-10.37,59.99480806,39.27533306,,,,,0.14,
PGCC G64.83+13.54,284.661285,34.32981889,10.5574,1.73,0.966316,6.12003,,
PGCC G120.74+1.42,7.81888306,64.20352889,,,,,6.44,
PGCC G93.05-0.97,322.34173611,49.79863694,9.56591,1.3,-1.30656,7.37985,0.125893,0.307691
PGCC G164.99+4.86,81.42974889,44.184925,,,,,,
PGCC G96.69-5.26,330.84976194,48.85392389,7.56965,1.8,1.32704,4.21118,,
PGCC G87.43+5.00,309.653015,49.60068889,,,,,,
PGCC G166.51+4.42,82.08722694,42.68806806,,,,,,
PGCC G309.00+1.90,205.20677194,-60.385715,,,,,,
PGCC G81.57-2.51,312.84573389,40.345215,17.3381,3.17,0.168337,5.46563,,
PGCC G7.52-0.76,271.35440111,-22.82923111,13.1639,1.98,0.756006,6.63313,,
PGCC G359.12-5.96,271.90548694,-32.67750889,,,,,,
PGCC G27.97-0.45,280.99169889,-4.61586,10.6348,1.73,-0.420772,6.14243,3.2,7.52335
PGCC G314.18+3.13,214.32360806,-57.85393111,14.2998,2.26,0.053845,6.32611,,
PGCC G216.12-8.02,97.13752,-6.47269111,12.6505,2.42,-0.493741,5.22196,,
PGCC G115.85-1.94,358.53167694,60.14270806,8.02652,1.04,1.04374,7.71077,,
PGCC G30.34+0.48,281.24710111,-2.08151194,,,,,5.31,
PGCC G159.84-4.32,67.13597111,42.47186306,9.87785,1.8,0.50925,5.47729,0.14,
PGCC G105.51+12.97,320.39587389,68.40732611,9.96294,1.7,-1.09,5.864,0.41,0.911594
PGCC G188.90+1.53,92.80483194,21.993425,,,,,,
PGCC G39.11-5.29,290.39138806,3.06295389,9.2994,1.53,-1.4378,6.0841,,
PGCC G160.19-3.63,68.14059389,42.69184889,6.90463,1.51,1.50599,4.5809,,
PGCC G127.35+13.73,30.86524194,75.97714194,,,,,,
PGCC G19.87+10.95,267.08444194,-6.36962194,15.6518,1.88,-1.23246,8.33707,,
PGCC G318.71-0.11,224.75170889,-59.01826111,,,,,3.94,
PGCC G347.08-4.99,263.16061389,-42.52000389,9.79572,2.07,0.369413,4.73097,,
PGCC G87.07-2.63,317.88205,44.39352806,13.8092,2.13,-1.06391,6.48412,-0.97,
PGCC G132.52+10.56,43.27330806,71.13685611,5.67868,1.45,-0.141356,3.90319,,
PGCC G298.22-12.44,175.20626806,-74.66149111,18.2337,2.44,0.69065,7.46214,0.17,0.576828
PGCC G150.73+4.56,67.388725,55.18893111,13.398,2.99,1.19551,4.48542,0.149279,0.336625
PGCC G344.46-2.59,258.44137611,-43.32898306,10.5206,1.17,0.736903,8.95841,,
PGCC G339.04+0.13,250.705505,-45.88999889,,,,,8.14,
PGCC G339.61-16.40,273.00518806,-54.43610806,9.43798,1.61,0.0431,5.84938,,
PGCC G238.93+0.62,115.97683694,-22.65686806,,,,,4.48,
PGCC G292.68-3.30,168.72235111,-64.23516806,,,,,-2.26,
PGCC G112.37+2.59,348.660065,63.462185,,,,,0.92,
PGCC G96.53+10.84,311.004395,60.30657611,,,,,,
PGCC G266.49-7.63,125.49617806,-50.36941111,13.3751,2.01,0.167486,6.64303,,
PGCC G357.53+9.14,256.30697611,-25.89256694,7.94681,1.25,-1.14669,6.3579,-0.75,
PGCC G182.35-5.86,82.27311694,23.82592194,9.06472,1.34,0.283586,6.76318,0.44,1.00215
PGCC G22.76+7.09,271.86975111,-5.719665,,,,,,
PGCC G166.88-4.49,73.02129389,37.09271194,8.59176,1.77,-0.474412,4.86234,0.14,0.26322
PGCC G7.36-0.00,270.54998806,-22.59411194,9.97519,1.57,-1.31225,6.35894,,
PGCC G211.45-3.72,98.87268806,-0.37617306,13.1721,3.19,-0.888003,4.13541,,
PGCC G98.15+11.90,311.24090611,62.21340194,5.73292,1.92,-1.18949,2.97928,,
PGCC G11.82-8.78,281.217255,-22.73091694,,,,,-1.2,
PGCC G17.70+5.72,270.63726806,-10.78961694,12.8546,1.56,-0.094071,8.25047,,
PGCC G97.18+1.87,324.15722694,54.69220389,7.94549,1.42,0.98227,5.58581,,
PGCC G353.50+6.66,255.86094694,-30.57427389,11.8546,1.96,-0.392856,6.06138,,
PGCC G133.44+23.32,83.32221194,79.76359611,,,,,,
PGCC G170.38-37.82,49.25452,11.29091611,7.79377,1.86,-1.21511,4.18528,,
PGCC G246.71-27.57,88.600945,-40.52107194,8.56171,1.5,-0.634136,5.69598,,
PGCC G46.61-33.68,318.66735806,-4.46290694,7.00349,1.87,0.957904,3.75154,,
PGCC G91.22-38.60,347.28839111,17.892365,7.17109,1.5,-1.55552,4.77818,,
PGCC G111.42-3.36,351.06802389,57.55188,,,,,3,
PGCC G210.19-1.66,100.13069194,1.68166,,,,,,
PGCC G187.36-0.22,90.34059889,22.47993111,,,,,,
PGCC G89.53-5.32,322.95327806,44.22823,14.4008,2.04,0.965235,7.04506,,
PGCC G85.00+6.14,306.08682306,48.30603,14.4862,2.65,1.52474,5.46478,,
PGCC G291.90-34.38,62.73335611,-78.08165,12.8422,1.84,0.983132,6.9975,,
PGCC G24.98-6.99,285.51879889,-10.23805806,9.64854,2.04,0.406816,4.72237,-1.76,
PGCC G322.63+2.10,228.97226,-55.14990194,15.558,2.87,0.103221,5.4187,,
PGCC G23.44-0.07,278.56887806,-8.46971611,,,,,3.9,
PGCC G260.09+1.45,130.54975889,-39.85135694,9.86248,2.63,-1.31019,3.75544,0.92,1.62869
PGCC G290.29-0.03,166.63938889,-60.30185694,10.0092,1.56,0.631093,6.42913,5.16,12.0407
PGCC G279.10-0.50,148.22358694,-54.89108694,,,,,,
PGCC G241.36+0.91,117.58840889,-24.606415,14.9194,1.64,-0.469168,9.10042,,
PGCC G112.49-0.79,351.38803111,60.33354611,11.0561,1.48,1.35057,7.47103,,
PGCC G345.89-0.06,256.83059694,-40.67310694,,,,,5.88,
PGCC G348.35+16.78,243.298325,-27.80075611,,,,,0.12,
PGCC G215.29-1.51,102.58828694,-2.78552194,,,,,,
PGCC G94.90-8.99,331.99798611,44.80394,,,,,0.503501,
PGCC G317.76+4.82,219.251205,-54.98315389,17.623501,3.26,0.359766,5.40197,,
PGCC G27.03+1.70,278.64544694,-4.47487306,,,,,,
PGCC G161.08-17.80,56.65081,31.79956111,6.4311,1.45,-1.02535,4.43344,0.14,0.217454
PGCC G185.09-18.77,72.61544,14.29116889,9.59063,1.68,-0.336656,5.71847,,
PGCC G166.60-16.74,61.98233389,29.022285,,,,,0.14,
PGCC G237.97-1.46,113.508995,-22.84223889,9.47642,1.25,-1.12016,7.57522,,
PGCC G171.75-37.28,50.44544194,10.96100306,16.8547,2.65,-0.140262,6.35536,,
PGCC G317.92-3.97,227.17398111,-62.77338,10.5227,1.38,-0.322775,7.64678,,
PGCC G169.40-6.73,72.83125306,33.73457306,17.0749,3.49,-0.013512,4.8974,0.14,0.372406
PGCC G336.30+14.09,235.17767306,-37.58268694,18.030701,2.37,1.56987,7.59313,0.6,2.04219
PGCC G357.17-0.97,265.64480611,-31.84914194,9.61204,1.95,0.231571,4.92245,,
PGCC G236.55-16.88,97.41149889,-28.27075194,17.8659,3.18,-0.770024,5.62684,,
PGCC G310.34-1.47,209.58148194,-63.37892889,,,,,3.61,
PGCC G358.69+7.44,258.58978306,-25.94618611,10.4477,1.75,0.248286,5.96743,0.12,0.27562
PGCC G117.86-4.07,3.17361306,58.41800306,10.3418,1.81,-0.67256,5.69851,,
PGCC G25.87+0.50,279.18200694,-6.04988,12.6592,1.74,-1.28202,7.2638,2.07,
PGCC G228.46+0.72,110.73616,-13.44255389,10.211,1.27,-0.203249,8.02617,0.313329,0.825116
PGCC G226.62-42.15,67.18178611,-27.52448806,6.59906,1.47,-0.086935,4.50091,,
PGCC G28.41-8.24,288.18414306,-7.74709389,8.31334,1.18,0.684334,7.06126,,
PGCC G66.67-0.39,300.17569,29.41888806,14.2222,2.28,0.077389,6.24167,,
PGCC G236.96-3.00,111.51371,-22.69338194,8.88779,1.41,1.17042,6.31555,,
PGCC G95.26+9.02,312.338165,58.19984389,8.3761,1.43,-1.31057,5.87476,0.234423,0.478347
PGCC G180.87+6.34,93.27214806,31.32962611,7.92399,1.86,-0.730977,4.25174,,
PGCC G157.41+1.10,70.49475111,47.92428194,,,,,,
PGCC G10.66+0.11,272.17559806,-19.66158889,,,,,4.7,
PGCC G307.63-21.80,232.62397806,-83.17192806,9.38632,2.03,0.297153,4.61533,,
PGCC G277.88-3.49,143.13276694,-56.35812,12.1587,1.5,-0.642423,8.13257,2.68,7.7521
PGCC G353.97-3.68,266.42004389,-36.00092694,9.53223,1.69,0.151757,5.65391,1.56,3.33137
PGCC G181.31+6.44,93.61640889,30.98978,10.4903,1.46,0.225576,7.16964,,
PGCC G167.96-3.08,75.24517111,37.12648389,6.85864,1.23,-0.492379,5.57587,0.67,1.20525
PGCC G281.62+0.64,152.96510306,-55.48439806,10.3323,1.47,-0.60642,7.04058,2.82,6.99648
PGCC G116.64+8.19,354.21780389,70.14572111,14.5491,2.76,-0.755078,5.26205,0.41,1.04353
PGCC G271.74-0.72,139.04728694,-50.09069389,9.35742,1.58,-0.854903,5.92773,,
PGCC G113.60-2.59,354.55596889,58.945335,,,,,,
PGCC G297.40+0.41,181.02935806,-61.95210306,,,,,,
PGCC G179.85+4.21,90.51261111,31.19645306,8.04215,1.72,-0.737561,4.68494,,
PGCC G341.83+24.70,232.27232389,-26.02187194,7.9872,1.86,1.23947,4.29526,,
PGCC G104.77+0.28,336.84655806,57.97809611,,,,,,
PGCC G299.42-0.90,184.95762611,-63.55135694,,,,,,
PGCC G261.77+0.49,130.91757194,-41.76396889,5.26828,1.45,-1.31876,3.64353,,
PGCC G88.47-1.53,318.09866306,46.17054694,8.9382,1.97,-0.767939,4.53719,-1.78,
PGCC G211.71-2.39,100.17285194,-0.005445,6.93057,1.23,-0.961189,5.63279,,
PGCC G317.32-5.81,228.146515,-64.66087306,10.8094,1.49,-0.037424,7.25971,0.44,1.13381
PGCC G311.55+1.41,210.453415,-60.27988389,8.40334,1.34,1.44989,6.25951,,
PGCC G169.54-18.70,62.64001111,25.65243889,,,,,0.14,
PGCC G255.95+7.29,133.024445,-32.98557694,12.4199,2.04,0.730067,6.0872,,
PGCC G219.53-11.64,95.34661111,-11.07955694,,,,,0.415,
PGCC G208.38-3.55,97.62162,2.42602694,9.6194,1.67,-0.568104,5.77371,,
PGCC G41.84-0.80,287.659515,7.55329111,9.34992,1.99,-1.56407,4.69344,,
PGCC G314.08+3.71,213.798355,-57.33404194,,,,,0.98,
PGCC G10.74+2.23,270.26452611,-18.54973611,10.6261,1.96,-1.19792,5.41384,,
PGCC G194.00-3.46,90.82080111,15.11392306,14.3108,1.9,-0.644587,7.5267,,
PGCC G190.93+3.87,96.05986,21.310255,13.7641,1.54,-0.255374,8.95113,,
PGCC G172.05+0.94,82.28524806,36.14797194,12.9039,2,-0.624411,6.46071,,
PGCC G175.59+2.04,85.74387389,33.76435889,9.83585,1.79,1.23157,5.48929,,
PGCC G145.11-11.97,44.56879,45.37306194,,,,,,
PGCC G346.42-4.68,262.30545,-42.90082611,9.08028,1.3,0.962861,7.00681,,
PGCC G219.35-1.13,104.77987694,-6.223665,9.18114,2.24,-0.659328,4.10192,,
PGCC G104.28+12.43,319.28064,67.16364306,,,,,,
PGCC G39.11-0.24,285.90234389,5.386245,,,,,6.07,
PGCC G314.10+6.50,212.2966,-54.67276,,,,,-1.32,
PGCC G215.65-2.67,101.71968111,-3.62920111,8.9139,1.61,-0.191986,5.55371,,
PGCC G117.18-0.30,0.52478611,62.02108,,,,,0.74,
PGCC G337.71+2.53,246.89515694,-45.243305,15.7835,3.02,1.18602,5.2326,,
PGCC G200.62+46.09,143.112015,27.39265806,7.4734,1.24,0.570293,6.02065,,
PGCC G67.45-1.97,302.18985,29.234455,9.84084,2.28,0.693404,4.31065,-2.21,
PGCC G121.88+0.35,10.51458306,63.20346111,8.0382,1.77,-0.283294,4.54553,-1.15,
PGCC G133.33-11.94,28.68297194,49.64924611,13.5192,2.38,-1.2066,5.67906,,
PGCC G212.78-17.62,87.01393889,-7.79934389,14.1631,2.48,-0.560841,5.7191,0.415,1.08647
PGCC G155.24-32.34,42.24836694,23.05632389,16.185301,2.99,-0.445556,5.4184,,
PGCC G334.27+5.23,240.69978306,-45.67809694,,,,,,
PGCC G170.99-1.25,79.31092111,35.78530111,,,,,5.76,
PGCC G219.00-10.06,96.56328611,-9.91708889,7.7123,1.25,-0.989652,6.14835,0.415,0.831278
PGCC G249.13-9.13,111.75363889,-36.254375,8.94243,1.3,-0.488152,6.875,,
PGCC G246.53-29.51,86.06977806,-40.785255,,,,,,
PGCC G0.54+16.80,251.58390806,-18.94416806,12.1719,2.08,1.15941,5.86499,,
PGCC G183.15+1.63,89.80989111,27.05617,11.005,1.88,-0.787838,5.86607,,
PGCC G45.42-4.11,292.30786111,9.16400111,,,,,,
PGCC G94.69+9.57,310.86102306,58.09642389,11.0527,2.35,0.642521,4.71255,0.183654,0.385557
PGCC G86.99+1.85,312.97567694,47.30084194,12.8657,2.68,-0.172882,4.79656,,
PGCC G72.56-7.67,310.927765,30.11788611,14.1928,1.54,-0.517012,9.22767,,
PGCC G320.49-15.41,250.72401389,-69.91387889,9.78975,1.64,0.011472,5.95739,,
PGCC G100.60+0.19,330.65225194,55.56023389,14.8738,3.22,0.555986,4.61516,1.09,2.62698
PGCC G129.29+5.89,29.88653389,67.91284194,,,,,,
PGCC G168.27+4.48,83.43463111,41.24522806,17.567101,2.85,-0.648117,6.1675,,
PGCC G140.29+2.23,49.54912194,60.05984889,12.2827,1.78,1.0085,6.89224,-1.45,
PGCC G181.77+10.15,97.74479694,32.25635889,9.34029,2.88,-0.576519,3.24758,,
PGCC G226.87-7.41,102.51287111,-15.74371306,,,,,,
PGCC G23.97+0.51,278.28839111,-7.730045,10.5728,1.86,-0.309653,5.67109,4.18,
PGCC G217.02-7.11,98.36441,-6.85817806,9.09464,1.93,-0.570362,4.7016,,
PGCC G353.47+2.31,259.98516806,-33.14303194,,,,,,
PGCC G359.17+5.95,260.25460806,-26.40324194,11.5231,1.6,0.571405,7.22127,0.12,0.318419
PGCC G292.35-18.50,142.16532889,-76.98844111,8.96375,2.35,0.82829,3.8195,,
PGCC G170.46+2.56,82.883125,38.36267889,,,,,,
PGCC G254.40-2.93,121.74429306,-37.72878306,5.48321,1.64,-1.17352,3.3448,,
PGCC G71.88+1.05,302.028595,34.58997,6.16386,1.49,0.985634,4.15001,,
PGCC G140.56+4.07,52.06456389,61.45760694,10.3235,1.46,-1.28201,7.09378,0.44,1.0953
PGCC G257.26+1.06,127.959625,-37.827145,,,,,,
PGCC G18.58+2.43,274.00802611,-11.59872694,8.20627,1.32,-0.079577,6.21244,,
PGCC G21.95+6.92,271.63375889,-6.51003611,,,,,-1.1,
PGCC G224.79+0.69,108.95346806,-10.216175,14.8709,3.39,-0.215612,4.38764,0.61,1.43331
PGCC G96.28+4.90,319.30700694,56.25306694,10.2547,1.8,1.27163,5.68164,-1.02,
PGCC G18.46+13.57,264.099915,-6.27060611,,,,,,
PGCC G48.20-1.96,291.733215,12.63135694,14.2852,2.86,0.602361,4.98898,,
PGCC G210.82-19.47,84.51612111,-6.95495389,9.21672,2.05,-0.887805,4.49593,0.415,0.777092
PGCC G206.32-3.25,96.93409,4.38911,15.1165,3.45,-0.43719,4.37944,0.69,1.63309
PGCC G29.90-1.15,282.49823,-3.22212194,8.03557,1.42,-0.546094,5.64,,
PGCC G194.99+0.43,94.84964,16.118765,9.81426,1.79,-0.70605,5.48455,,
PGCC G109.25+1.33,343.61718806,61.05323,10.3768,1.85,-0.852822,5.60322,0.114815,0.254669
PGCC G230.09+0.48,111.31374389,-14.99307889,8.18112,1.17,0.115063,7.00157,0.201372,0.443333
PGCC G300.28-1.06,186.84339889,-63.80786111,9.02109,1.43,0.89919,6.29008,,
PGCC G165.25-5.92,70.32482889,37.41546611,13.167,2.43,-0.883535,5.42606,0.14,0.344223
PGCC G52.17+2.35,289.72311389,18.16367889,16.048401,2.95,-1.01815,5.43174,,
PGCC G138.90+8.63,55.07068611,66.11518111,13.2383,2.23,-0.283244,5.94155,0.28,0.722357
PGCC G144.51-1.56,52.22972889,54.57139611,8.52058,1.19,-1.32128,7.14452,0.56,1.27097
PGCC G192.88-14.02,80.91082806,10.69860194,14.6543,2.86,-0.924407,5.1249,0.4,1.00835
PGCC G183.31+0.86,89.15454889,26.53030389,9.26784,1.22,-0.068366,7.59384,5.26,12.8361
PGCC G127.01+24.42,67.382355,85.44049111,11.9148,2.06,0.005746,5.78279,,
PGCC G348.04+2.32,256.05786111,-37.53320306,15.3856,2.46,-1.35937,6.25246,,
PGCC G348.86-1.31,260.40844694,-38.99631889,,,,,,
PGCC G147.93+16.68,83.73259694,64.63378111,9.27949,1.62,0.272796,5.7426,0.2,0.424691
PGCC G23.40+10.50,269.154205,-3.54165306,,,,,,
PGCC G17.71+0.21,275.60034194,-13.41717694,,,,,,
PGCC G255.45-4.45,120.81629194,-39.41811806,10.1849,1.84,1.06583,5.52859,-1.37,
PGCC G117.75+4.24,359.76168806,66.58501389,13.9819,3.66,-1.31077,3.82517,0.45,0.957298
PGCC G175.25-18.43,66.85054,21.83677889,,,,,,
PGCC G211.60-18.82,85.42555194,-7.32678306,8.64746,1.47,0.172137,5.86532,0.415,0.859735
PGCC G92.76+13.94,301.87631194,58.93411611,10.911,2.3,1.41986,4.74331,,
PGCC G297.97-16.49,168.47934,-78.41184194,,,,,0.17,
PGCC G260.41-11.64,115.602425,-47.26178694,13.6708,1.79,-0.098797,7.63358,,
PGCC G46.73-0.03,289.27307111,12.23811111,16.8239,4.5,0.695508,3.73615,,
PGCC G119.42-1.84,5.64141,60.83808111,5.07727,1.24,-1.15858,4.09111,,
PGCC G27.73+5.93,275.21048,-1.90277694,10.9339,2.39,1.20915,4.57529,0.48,0.987563
PGCC G101.97+11.00,318.12023889,64.53328694,,,,,0.34,
PGCC G189.52-1.30,90.486015,20.07212111,7.58039,1.69,-0.729645,4.4917,,
PGCC G350.31-4.76,265.16903694,-39.67654,11.7972,1.94,0.101396,6.07569,-1.63,
PGCC G135.65+12.61,54.70776389,71.21872694,11.2288,2.19,-0.459993,5.1226,,
PGCC G128.70+7.36,29.37892306,69.486725,9.10881,1.51,-0.87098,6.01447,0.44,0.947347
PGCC G251.81+0.24,123.28698,-33.82400889,,,,,,
PGCC G214.37-4.28,99.70317111,-3.22214694,12.4052,1.73,-0.656189,7.15385,0.64,1.7538
PGCC G341.90-4.42,258.42831389,-46.47674194,11.0474,1.49,1.121,7.4076,,
PGCC G28.14-24.12,302.74658194,-14.727095,15.933,3.13,0.648818,5.09522,,
PGCC G71.20-0.06,302.707275,33.41816306,11.0062,2.53,0.929226,4.34611,0.297852,0.599234
PGCC G45.86+8.70,280.84722889,15.41124306,10.7731,2.02,-0.024828,5.33556,0.3,0.661619
PGCC G341.63-2.74,256.24920694,-45.69291694,,,,,,
PGCC G57.39+0.09,294.49047889,21.66985889,,,,,-1.62,
PGCC G303.61-3.58,194.54545611,-66.44217694,6.88186,1.26,0.847795,5.45381,,
PGCC G11.45-53.75,331.22473111,-34.08915694,5.06486,1.53,0.511179,3.3104,,
PGCC G126.98-0.07,21.66111,62.52549694,10.9074,1.44,1.23267,7.58742,-1.37,
PGCC G186.48+3.93,93.85146306,25.26696194,12.3927,2.26,0.988488,5.48847,0.165196,0.396311
PGCC G8.89-0.58,271.90039111,-21.54224806,6.54625,1.48,0.297438,4.43163,,
PGCC G285.21+0.36,158.18881194,-57.65585694,12.9801,2.22,-0.213188,5.85928,,
PGCC G53.31+22.41,270.339355,27.40324,9.11208,1.27,0.576813,7.16508,,
PGCC G92.55-0.24,320.99765,49.98027,,,,,,
PGCC G124.59-74.09,13.32263806,-11.22011111,3.22653,1.15,-1.35443,2.8176,,
PGCC G96.38-49.64,355.787415,9.67443111,17.669001,3.37,-0.848795,5.24031,,
PGCC G348.29+7.03,251.702515,-34.39325,,,,,-0.84,
PGCC G184.97-4.65,84.90467806,22.27322194,,,,,,
PGCC G238.39-10.80,104.52615389,-27.46641694,9.02633,1.29,0.684189,7.00199,,
PGCC G41.46-8.19,294.051025,3.76379389,8.49104,1.4,-1.1496,6.04662,,
PGCC G215.51-21.72,84.36836194,-11.88381111,,,,,,
PGCC G159.44-7.57,63.683075,40.46973389,9.49525,2.03,-0.487676,4.68442,,
PGCC G37.67-0.85,285.78396611,3.82759806,15.4222,2.91,0.429052,5.30552,,
PGCC G159.73-6.05,65.36727111,41.34900306,10.8641,1.57,-1.36986,6.91812,,
PGCC G357.57+7.04,258.23580889,-27.08401111,16.883801,4.7,0.435903,3.59024,0.12,0.271772
PGCC G1.30+6.61,260.95410194,-24.27767,10.8439,1.83,-1.0147,5.93493,0.12,0.280032
PGCC G25.10+7.85,272.29403694,-3.31537389,17.679001,5.53,0.505897,3.19576,,
PGCC G131.68+11.92,42.91363889,72.72062694,9.20157,1.41,-1.30368,6.53201,,
PGCC G229.70-5.58,105.520905,-17.450895,17.306101,2.92,0.794108,5.91927,0.22182,0.653074
PGCC G245.00+4.93,123.47824889,-25.56649,11.1438,1.51,1.56774,7.40172,,
PGCC G58.21+0.93,294.12893694,22.78940194,,,,,4.62,
PGCC G86.85+1.85,312.83380111,47.18828194,14.5857,2.33,0.07656,6.25025,,
PGCC G80.41-2.50,311.878815,39.45588306,8.4635,1.63,-1.50331,5.20175,1.25,2.41261
PGCC G165.04+4.74,81.33369389,44.08603306,,,,,,
PGCC G229.11-5.20,105.60495806,-16.75259389,11.4475,1.86,-0.444385,6.16297,0.168267,0.411127
PGCC G213.15-18.78,86.11397611,-8.62572,4.39593,1.39,0.199365,3.16324,0.415,0.450159
PGCC G183.53+2.49,90.861,27.15006306,11.7251,1.83,-1.54287,6.40208,,
PGCC G356.41+15.54,250.00914,-22.841515,9.81767,2.07,0.466236,4.73454,0.12,0.237986
PGCC G103.46+1.13,333.90884389,57.98072806,12.7524,1.9,0.577438,6.70373,,
PGCC G235.28-45.53,64.45424694,-34.224655,7.76943,1.87,0.593012,4.15212,,
PGCC G80.70-4.49,314.09408611,38.407555,12.4961,2.83,1.18459,4.41415,0.57,1.23144
PGCC G270.57+3.82,142.56675694,-46.027275,7.31543,1.57,0.162063,4.6691,0.69,1.17304
PGCC G150.86-0.76,61.33785194,51.27448306,,,,,0.17378,
PGCC G359.68+7.37,259.27398694,-25.18211694,17.967699,2.93,-0.120128,6.14132,0.12,0.366679
PGCC G303.27+1.59,193.55664111,-61.28439694,,,,,,
PGCC G12.17+3.15,270.16806,-16.85217694,9.68155,1.54,0.904319,6.27798,,
PGCC G37.49+0.17,284.78952,4.128285,,,,,0.59,
PGCC G249.75-4.42,117.18769111,-34.534325,9.31455,2.08,-0.916751,4.48324,0.8,1.50381
PGCC G226.63-8.02,101.82997889,-15.807415,9.98701,1.55,-0.651017,6.46182,0.41,0.958089
PGCC G313.95+6.22,212.193985,-54.98438306,10.7048,1.62,0.193177,6.60364,0.4,0.978293
PGCC G25.96+2.85,277.12371806,-4.88616194,10.568,1.34,-0.935524,7.90319,0.26,0.691189
PGCC G264.25-6.73,124.73658806,-48.02088889,17.498699,2.65,0.264565,6.60717,,
PGCC G5.17+24.09,248.26777611,-11.08991111,9.46319,1.19,1.34316,7.97148,,
PGCC G96.43+0.39,324.871765,53.08693306,8.32976,1.52,-1.36169,5.49613,,
PGCC G334.69-1.58,248.25375389,-50.26041806,14.9858,2.85,-0.231867,5.25972,,
PGCC G162.98+3.95,78.77589389,45.31836694,16.668699,2.92,-0.26732,5.70406,,
PGCC G60.31+70.04,214.47880611,34.63288889,6.05875,1.37,0.45482,4.43619,,
PGCC G94.48-2.26,325.32507306,49.81305306,,,,,0.163682,
PGCC G169.06-6.82,72.49372889,33.93768306,13.5975,2.25,0.819527,6.05033,0.14,0.36938
PGCC G10.25-2.51,274.42269889,-21.27376694,9.6299,1.73,-1.04496,5.57913,,
PGCC G87.30+0.75,314.50125111,46.82051806,,,,,,
PGCC G259.17-1.31,126.93229694,-40.76501806,,,,,,
PGCC G35.25-2.41,286.06436194,0.96599,14.3605,1.74,-1.45799,8.26525,,
PGCC G140.37+4.36,52.08281694,61.79555889,10.8053,1.92,-1.16502,5.64153,0.59,1.33997
PGCC G295.31-41.94,33.75110611,-73.933075,,,,,,
PGCC G160.42-21.56,53.32245611,29.29320694,11.9705,2.11,0.413886,5.67321,,
PGCC G269.56+1.92,139.60376,-46.68112889,,,,,0.91,
PGCC G41.06+4.73,282.32800306,9.378465,9.37713,1.23,-0.701273,7.61245,-1,
PGCC G202.31-11.76,87.54087111,3.87997889,8.95202,1.8,-1.16096,4.98301,0.374973,0.728506
PGCC G344.68+7.71,248.18762194,-36.64091111,,,,,,
PGCC G117.47+3.49,359.46096806,65.79007694,6.89199,1.45,-0.773941,4.7473,-1.49,
PGCC G185.32+0.84,90.243515,24.78210389,,,,,,
PGCC G122.83-4.01,12.65710389,58.85835611,,,,,,
PGCC G279.87+0.93,150.78674306,-54.223885,,,,,,
PGCC G313.95+5.79,212.42485,-55.39658,10.6895,2.69,0.213531,3.97244,0.51,0.966726
PGCC G125.02+4.65,18.29988306,67.43251,,,,,-0.94,
PGCC G337.62+22.72,230.139465,-29.93184306,12.2673,1.81,1.44084,6.7712,,
PGCC G256.54+65.14,174.9086,8.95145611,,,,,,
PGCC G357.51+4.19,260.84359694,-28.763695,18.1024,2.67,-0.527828,6.76906,0.12,0.386403
PGCC G260.69+1.14,130.71769694,-40.51636111,6.94975,1.25,-0.204163,5.56189,,
PGCC G190.69-2.00,90.44651806,18.70725111,18.794001,5.53,0.65519,3.40125,-1.12,
PGCC G27.63+1.92,278.72390694,-3.83582,8.19579,1.08,0.814318,7.59539,0.26,0.59672
PGCC G183.74-0.84,87.77056889,25.29966,12.6947,1.91,-0.754309,6.64305,,
PGCC G38.40-0.05,285.40246611,4.84598194,8.63858,1.31,-1.35809,6.56931,6.7,14.6819
PGCC G164.60-18.20,59.25430306,29.288675,10.5067,1.82,-0.748016,5.75783,0.14,0.316751
PGCC G261.94-30.35,87.77178194,-54.10208889,,,,,,
PGCC G131.88-1.50,31.03776694,60.10619389,10.0752,1.84,0.697958,5.48025,-1.18,
PGCC G87.49-10.26,325.42263806,39.21374889,14.7688,2.64,0.221601,5.59284,,
PGCC G166.40+4.38,81.95713,42.75996,13.0989,2.89,0.047144,4.53371,,
PGCC G273.98-28.90,92.061905,-64.43930806,8.23297,1.76,0.519968,4.69034,,
PGCC G156.98+2.20,71.31321694,48.97205389,14.1849,3.17,-0.552086,4.47292,,
PGCC G296.82+2.26,180.56675694,-60.0257,13.1055,2.14,1.34735,6.13075,,
PGCC G123.08+3.28,13.23006889,66.15165694,12.9576,2.55,-0.660966,5.08025,,
PGCC G150.51+0.35,62.13006194,52.34015306,,,,,0.204174,
PGCC G110.79+10.03,336.73532111,69.42314111,11.5157,2.07,1.49202,5.56266,0.254683,0.592944
PGCC G241.66+0.95,117.79228194,-24.84304611,13.5298,1.86,0.588779,7.29325,,
PGCC G32.10-0.07,282.547485,-0.77254194,,,,,2.01,
PGCC G308.60+8.73,202.35980194,-53.71817389,11.3572,1.54,0.08176,7.39225,0.5,1.33267
PGCC G1.50+5.28,262.30120806,-24.85294194,8.71826,1.21,-0.088826,7.23046,0.12,0.277144
PGCC G349.80+5.06,254.70234694,-34.46380611,9.7513,1.56,1.34395,6.25483,,
PGCC G274.66-1.40,141.58538806,-52.62740306,,,,,,
PGCC G123.39-1.15,13.83445389,61.71487,13.5042,2.44,-0.280487,5.52877,,
PGCC G182.61+5.73,93.58597611,29.50800889,12.2418,2.2,0.067536,5.57328,,
PGCC G103.92+16.81,309.32876611,69.61076389,11.3802,2.24,-0.234122,5.0768,,
PGCC G342.85+0.39,253.85228,-42.80514111,7.03679,1.37,0.314078,5.13306,5.06,8.84611
PGCC G90.05+8.62,307.405975,53.83661306,11.9393,2.88,1.41102,4.15005,,
PGCC G217.21-10.52,95.36103111,-8.53839,10.4072,1.51,-0.668383,6.90374,0.39,0.961614
PGCC G182.50-1.75,86.18945306,25.89419389,11.2687,2.27,0.433516,4.97016,2.26,4.91992
PGCC G39.83+2.95,283.36923194,7.47949194,14.1926,2.15,-0.407041,6.61509,,
PGCC G184.64-9.90,79.988045,19.70800611,,,,,,
PGCC G257.21+0.42,127.26743306,-38.17129889,10.0862,1.22,0.278896,8.2739,,
PGCC G180.72-2.39,84.53289806,27.06357389,10.3456,1.76,1.18048,5.87641,,
PGCC G28.43+2.74,278.36245694,-2.74652889,,,,,0.26,
PGCC G112.55+18.64,322.31106611,77.21882611,14.5887,2.96,-0.920266,4.93063,,
PGCC G327.74+0.94,237.267975,-53.15652111,7.1848,2.46,0.662039,2.91865,6.65,8.85822
PGCC G343.11+21.77,235.367355,-27.53660611,13.4344,1.81,-1.24895,7.43568,,
PGCC G164.64+4.74,81.02629889,44.41353194,,,,,,
PGCC G175.84-0.01,83.82331806,32.45958694,16.612301,3.31,0.101846,5.02235,4.85,12.8866
PGCC G58.25+0.38,294.67858889,22.55841389,9.75645,1.37,-0.144874,7.12442,,
PGCC G79.92+2.65,306.04400611,42.15490306,11.4137,2.34,0.268816,4.87277,,
PGCC G255.05-5.13,119.79957611,-39.44100611,8.48221,1.65,-0.510779,5.12711,,
PGCC G80.46+3.36,305.67666611,43.00553111,11.429,2.15,-0.093942,5.32087,,
PGCC G95.95+2.17,322.25622611,54.07811,10.0701,1.17,0.095686,8.5807,,
PGCC G57.27+1.18,293.40728806,22.09219389,11.5916,1.96,-0.203089,5.92769,,
PGCC G90.85+2.90,315.58630389,50.91387194,8.97378,1.5,-1.5476,5.97285,,
PGCC G174.73+1.96,85.10685,34.45090889,,,,,,
PGCC G48.38-6.68,296.04263306,10.50945194,15.8698,2.43,-0.16642,6.53166,0.39,1.15502
PGCC G200.52-9.96,88.263115,6.28917889,17.4387,2.69,1.39623,6.49458,,
PGCC G159.38+2.92,74.44097111,47.57658,6.57873,1.32,-0.671507,4.98458,,
PGCC G292.50-4.05,167.69587694,-64.8638,,,,,-1.78,
PGCC G70.60-6.17,308.19470194,29.451395,13.4032,1.83,0.803503,7.30735,0.108643,0.312761
PGCC G220.52-8.64,98.53508,-10.64015889,8.73232,1.5,-0.251811,5.82974,0.45,0.933961
PGCC G188.59-9.90,82.21214306,16.43880806,9.0413,1.28,-0.449636,7.0715,,
PGCC G350.79+7.59,253.06390389,-32.114895,,,,,,
PGCC G249.76+0.19,121.90031389,-32.14225389,,,,,5.43,
PGCC G172.67-36.87,51.27486389,10.75087389,9.36245,2.07,-0.315962,4.52377,,
PGCC G15.89+3.06,272.12515306,-13.660685,,,,,,
PGCC G181.77-1.88,85.64222694,26.44402111,17.328899,2.95,0.168506,5.87237,,
PGCC G139.26+5.97,52.07352389,63.75108694,15.8316,2.87,0.456023,5.51399,,
PGCC G230.90+0.16,111.41374194,-15.86131806,16.340599,3.32,-0.740421,4.9271,,
PGCC G244.57-1.54,117.047745,-28.61488694,9.23841,1.87,-0.422302,4.94698,,
PGCC G199.85-13.25,85.05226111,5.25664694,12.7705,2.33,0.653449,5.47543,,
PGCC G306.69-22.77,231.72357194,-84.46707889,,,,,,
PGCC G262.78-0.86,130.329025,-43.3969,11.6365,1.62,1.06685,7.18609,,
PGCC G106.69+14.49,319.46948194,70.28301194,6.70563,1.44,-0.432553,4.66785,,
PGCC G32.82-0.62,283.35519389,-0.38251889,8.91917,1.7,0.728524,5.23451,,
PGCC G248.71+5.23,126.07782,-28.46208611,,,,,,
PGCC G308.35+1.64,204.00248694,-60.76569694,13.8031,1.91,1.4904,7.23758,,
PGCC G334.21-0.14,246.126465,-49.61486389,16.7187,3.83,0.775443,4.36581,,
PGCC G268.05+2.42,138.60981806,-45.25506194,9.95359,1.42,0.889414,6.99853,,
PGCC G30.04-16.92,296.78793306,-10.11982889,,,,,0.532108,
PGCC G357.10+12.77,252.82983389,-24.03756694,,,,,,
PGCC G14.89-1.20,275.51162694,-16.56467389,14.9119,1.45,0.548446,10.2837,,
PGCC G143.97+3.50,56.90889389,58.98022111,8.06833,1.95,-0.291111,4.14307,-1.27,
PGCC G116.72+1.86,358.56491111,64.04059611,11.5165,1.91,1.44216,6.03781,1.01,2.4499
PGCC G55.91+0.35,293.47549389,20.50187306,11.0768,2.08,0.713321,5.32766,,
PGCC G102.22-28.57,351.64132694,30.86779611,,,,,,
PGCC G13.75+4.87,269.42239389,-14.636845,17.9109,2.88,-1.08711,6.21984,,
PGCC G9.29+20.90,253.15097,-9.82706389,,,,,0.12,
PGCC G322.69+6.27,225.53967306,-51.51367194,10.3548,2.5,0.743346,4.13454,-1.31,
PGCC G17.03+0.35,275.14331111,-13.951365,15.5649,3.78,1.03179,4.11318,3.38,7.86694
PGCC G6.87-0.39,270.65145889,-23.21235694,6.01795,1.04,-1.37334,5.80739,4.95,8.51229
PGCC G61.56-1.85,298.58810389,24.29594611,16.0355,3.24,-1.21349,4.9467,,
PGCC G107.15-3.08,343.66531389,56.16639694,18.3622,2.98,0.673279,6.15918,0.8,2.47481
PGCC G211.62-21.46,83.03838306,-8.50292389,,,,,,
PGCC G22.58+20.30,260.17150889,0.46908889,8.13704,1.22,-1.09881,6.67581,0.390841,0.837938
PGCC G46.52+9.40,280.48434389,16.30425611,,,,,0.3,
PGCC G185.00-3.60,85.89071694,22.79031889,8.9256,2.14,-0.882108,4.16615,,
PGCC G29.27-4.99,285.64205889,-5.52591694,,,,,0.47,
PGCC G157.95-22.87,50.32587389,29.62540806,8.73956,1.51,-1.18771,5.79623,0.14,0.289849
PGCC G39.22+0.97,284.87094111,6.037025,12.38,1.34,-1.47051,9.21078,,
PGCC G306.00-0.15,199.58831806,-62.85816611,6.29281,1.27,0.583039,4.95779,8.24,13.3881
PGCC G334.80+20.00,229.44938694,-33.65969111,16.9079,3.14,0.998185,5.37668,,
PGCC G271.01+8.04,146.97424306,-43.173935,9.35098,1.43,-1.06937,6.52494,,
PGCC G47.78-6.45,295.54266389,10.10118889,13.9116,2.31,1.53267,6.03464,,
PGCC G346.84+0.99,256.48953194,-39.29035611,6.42206,1.3,-1.53111,4.93571,,
PGCC G96.22+3.52,320.97549389,55.23716,10.5592,1.43,-1.19646,7.35982,-1.71,
PGCC G115.39+5.67,353.00939889,67.37545,5.91403,1.26,-0.167407,4.69243,,
PGCC G212.13-1.44,101.211395,0.050845,7.46412,1.48,-0.911862,5.05109,3.71,6.62647
PGCC G244.27-3.99,114.43875889,-29.571625,,,,,,
PGCC G305.21-6.51,199.254135,-69.26975306,15.2641,2.46,0.466653,6.21277,0.54,1.52968
PGCC G214.71+62.33,162.57685889,23.01669694,7.18724,1.3,-0.514194,5.53491,,
PGCC G163.96+4.82,80.58393889,45.02273889,18.7213,4.11,-0.451158,4.54986,2.75,7.3829
PGCC G200.28+11.57,107.68057306,16.40301111,,,,,,
PGCC G74.97-4.52,309.693085,33.93424611,14.3151,3.76,0.513626,3.80282,-1.38,
PGCC G300.17-5.80,185.33326694,-68.50586694,8.00932,1.44,0.199216,5.56466,,
PGCC G157.83-2.20,67.35234806,45.38880194,,,,,,
PGCC G244.01-3.62,114.66626694,-29.15950389,,,,,,
PGCC G183.26-19.87,70.64891111,15.02705611,9.13334,1.89,-0.165257,4.83952,,
PGCC G30.61+2.13,279.90664694,-1.09690694,,,,,,
PGCC G4.02-24.09,294.32302889,-35.37449306,,,,,,
PGCC G82.90+1.69,309.51358,43.99715389,11.1734,1.42,0.806606,7.86533,0.56,1.5271
PGCC G35.52-1.46,285.33682306,1.64063306,12.8191,1.53,-0.532694,8.39787,,
PGCC G312.96-27.80,289.46145611,-81.08115389,16.938,2.44,-0.500446,6.92914,,
PGCC G359.58-8.69,275.04403694,-33.53964194,10.6307,1.43,1.18946,7.42913,,
PGCC G34.84-1.22,284.81958,1.143645,8.93733,2.21,1.19772,4.04125,,
PGCC G34.64-1.76,285.20227111,0.71680389,6.99153,1.19,0.540744,5.89074,,
PGCC G164.28-28.39,51.60440806,21.77673694,9.03027,1.39,-1.29083,6.47832,,
PGCC G58.34-6.89,301.41381806,18.92465194,16.691401,3.35,0.758638,4.98762,0.93,2.46833
PGCC G176.22+3.56,87.69652611,34.00501306,16.2367,3.42,0.54037,4.74277,0.62,1.58264
PGCC G358.60-5.28,270.898285,-32.806,9.95693,1.6,-1.27035,6.22675,,
PGCC G125.88+2.99,20.02973389,65.69290194,,,,,-1.65,
PGCC G41.37+9.25,278.35150111,11.66282194,10.029,2.35,0.444414,4.25999,,
PGCC G255.63-9.32,115.37152889,-42.02240806,6.74734,1.47,-0.108714,4.57768,,
PGCC G114.98+0.75,355.41226194,62.535835,,,,,,
PGCC G313.97+7.41,211.62907389,-53.84899111,,,,,0.52,
PGCC G62.40-7.35,304.14202889,22.08112889,,,,,,
PGCC G129.62-5.92,24.91160194,56.32040806,10.5151,1.36,-0.799853,7.71463,0.272898,0.714977
PGCC G300.98-0.90,188.441895,-63.70111806,11.292,1.82,1.34941,6.20282,,
PGCC G312.10+2.83,210.73120111,-58.76841389,11.9785,2.58,0.602221,4.64809,,
PGCC G125.55+14.52,24.32228111,77.15866111,7.65005,1.2,0.559886,6.36521,,
PGCC G134.50+5.84,42.27106889,66.03850611,14.0791,2.33,-0.486067,6.03292,0.4,1.07235
PGCC G16.27-2.82,277.67666611,-16.095245,8.5058,1.42,-0.974271,5.98265,,
PGCC G106.24+11.49,324.54809611,67.85463694,,,,,,
PGCC G48.12-0.81,290.65060389,13.10256111,6.7931,2.42,0.426054,2.81232,,
PGCC G10.16-11.22,282.86090111,-25.25146889,11.8914,2.52,0.45092,4.71109,-1.21,
PGCC G177.85-6.71,78.71766694,27.04576694,16.738001,1.99,-0.173804,8.39216,0.23,0.792947
PGCC G22.19-25.39,301.81048611,-20.20108389,,,,,,
PGCC G254.98-27.98,90.15004,-47.76183306,13.7083,2.13,-0.915775,6.43247,,
PGCC G197.27-26.51,72.36643194,0.65420389,6.15862,1.82,-0.304261,3.39152,,
PGCC G211.06-1.83,100.37834889,0.83346889,15.1426,2.14,1.07411,7.0711,1,3.01003
PGCC G296.97-1.73,179.16821306,-63.96459611,13.817,2.48,0.519727,5.57053,,
PGCC G271.33+4.11,143.65414389,-46.33686111,7.45704,1.14,0.445557,6.52886,-1.06,
PGCC G322.03+1.78,228.36120611,-55.731075,14.0119,2.01,0.486976,6.95656,1.41,4.04941
PGCC G104.08+6.36,328.66232306,62.56764611,9.28316,1.32,0.803562,7.04652,0.54,1.27045
PGCC G122.66+4.92,12.14803889,67.78978,13.8609,2.25,-0.044264,6.15155,-1.15,
PGCC G247.29-17.24,101.55134611,-37.94043694,9.7681,2.07,-0.705336,4.70778,,
PGCC G133.59+12.39,49.07578306,72.19049111,,,,,,
PGCC G102.56+5.24,327.66491694,60.74749,16.1761,2.47,0.573516,6.55523,-1.04,
PGCC G351.29+9.57,251.63078306,-30.487915,13.17,3.71,0.580246,3.547,,
PGCC G307.60-2.95,204.12800611,-65.41106389,15.1092,2.22,-0.461084,6.81798,,
PGCC G87.34-4.49,319.98980694,43.30402,11.5129,2.49,1.14897,4.63077,-0.92,
PGCC G9.62-0.95,272.63299611,-21.07947306,12.6124,1.91,-1.29973,6.59466,4.4,11.6728
PGCC G29.11+0.30,280.84719806,-3.26152611,13.1432,1.86,-0.488823,7.07796,5.61,15.7396
PGCC G285.62+5.03,162.77009611,-53.74882111,13.7777,2.7,1.23345,5.09922,,
PGCC G11.22+4.78,268.19158889,-16.86173806,11.8439,1.74,-0.450673,6.81646,-2.58,
PGCC G259.64-18.02,106.39959694,-49.20535694,6.92893,1.15,1.24597,6.03753,,
PGCC G195.16+1.10,95.55443611,16.28065111,,,,,,
PGCC G80.16+4.78,303.82876611,43.55691111,12.0623,1.71,1.05031,7.03832,,
PGCC G87.96+10.01,303.55349694,52.88398389,,,,,,
PGCC G154.51+0.06,66.35399611,49.34391806,,,,,,
PGCC G300.20+1.59,187.20057694,-61.164265,9.64125,1.72,1.49771,5.6176,,
PGCC G9.61+6.41,265.87908889,-17.41016611,8.50545,1.51,1.35992,5.63288,0.12,0.241614
PGCC G151.03-24.27,43.23037694,31.88673611,4.23783,1.29,-0.091455,3.29522,0.275423,0.299392
PGCC G125.30+26.25,80.849815,87.71117389,15.6731,2.38,-0.548527,6.59257,0.38,1.12361
PGCC G144.38-8.63,46.02845389,48.63246889,13.9954,2.7,-0.7391,5.18241,,
PGCC G150.77+4.11,66.85588111,54.84734694,5.00933,1.22,0.113039,4.0953,0.145881,0.192202
PGCC G160.06-12.20,60.21392111,36.67122306,7.74515,1.23,-0.282116,6.2765,,
PGCC G121.42+1.38,9.38136389,64.21002194,6.91081,1.52,-0.127378,4.55639,-1.64,
PGCC G55.25+3.87,289.82186889,21.59251389,8.16106,1.63,0.170658,5.01222,,
PGCC G19.86+7.79,269.860565,-7.90949389,10.5098,1.82,0.428876,5.77849,,
PGCC G342.13-5.18,259.513885,-46.723305,9.46796,1.65,-0.281484,5.73863,,
PGCC G281.56-0.54,151.65329,-56.41270806,,,,,2.26,
PGCC G353.31+2.68,259.51528889,-33.07002306,10.8669,1.63,-0.741013,6.67501,,
PGCC G334.25+5.38,240.53073111,-45.58024194,11.7048,1.8,-0.555302,6.48741,,
PGCC G232.18-5.08,107.17517111,-19.43193389,,,,,0.78,
PGCC G114.76+1.46,354.51693694,63.16112889,8.65749,1.42,-1.14098,6.10746,,
PGCC G186.93-0.20,90.13204194,22.86403111,9.61907,1.25,-1.36789,7.68466,4.99,
PGCC G254.89+1.40,126.57121306,-35.71361194,16.554899,2.02,1.54328,8.21541,,
PGCC G301.70-39.58,17.23296889,-77.50224306,8.72099,1.66,1.43086,5.24095,,
PGCC G213.60-17.74,87.24700194,-8.55492,,,,,0.415,
PGCC G30.85-5.54,286.850525,-4.36694611,18.063499,2.28,-1.55482,7.91292,,
PGCC G296.98-2.77,178.69090306,-64.98541306,11.1988,1.76,0.418063,6.35247,-2.8,
PGCC G83.27+2.20,309.2547,44.59851111,11.3895,1.77,1.03437,6.41823,,
PGCC G349.12+1.29,257.90286306,-37.28063611,5.87979,1.15,-0.588514,5.09501,,
PGCC G108.70+0.41,343.41867111,59.98708306,,,,,0.413047,
PGCC G102.02+3.27,329.27737389,58.87195194,8.05502,1.25,-0.197284,6.46633,0.65,1.36459
PGCC G155.34+11.66,82.26817306,55.89822806,11.4312,1.96,-0.866608,5.82537,,
PGCC G287.11-3.07,157.97283889,-61.57858306,11.0411,2.35,1.46209,4.70357,2.28,4.77949
PGCC G185.97-2.56,87.39528694,22.50251389,11.6072,2.68,-0.845419,4.33411,0.97,2.0013
PGCC G315.71-0.52,219.723495,-60.693615,8.01458,1.21,1.55257,6.64643,4.97,10.5516
PGCC G201.24-3.57,94.26722,8.72278694,14.6115,3.1,0.238056,4.70834,,
PGCC G324.91+3.73,230.75003111,-52.54890389,,,,,,
PGCC G258.90+6.50,134.55159,-35.74362889,12.0526,1.76,1.49921,6.85906,0.71,1.87784
PGCC G212.30-17.02,87.34758,-7.12527889,8.16308,1.6,-1.21617,5.09355,,
PGCC G93.30+7.46,312.36050389,55.71756,7.63184,1.44,-0.999378,5.28466,0.115345,0.213083
PGCC G182.23-1.99,85.80361889,25.995485,8.64036,1.72,-0.549173,5.01067,,
PGCC G278.83-38.23,67.96685,-66.98093389,14.5587,2.61,1.03677,5.58428,,
PGCC G115.25+19.27,329.35913111,79.44412194,8.46049,1.5,-0.050763,5.62794,,
PGCC G100.42+9.86,317.694305,62.63687889,12.3264,1.94,-1.45958,6.35574,,
PGCC G241.39+4.00,120.49671889,-23.02777111,8.86782,1.62,0.425756,5.47456,,
PGCC G264.17+2.50,135.06958,-42.32603111,17.3449,3.75,-0.904564,4.62377,0.52,1.35461
PGCC G261.59-4.61,125.13142389,-44.64599194,8.68078,1.05,-1.50343,8.28114,0.75,1.84975
PGCC G299.17+0.70,184.84240694,-61.93984611,11.2563,1.74,0.585182,6.48064,,
PGCC G90.86+1.72,316.97280889,50.12563694,,,,,,
PGCC G96.40-1.59,326.94381694,51.55919306,15.5035,1.38,0.547585,11.2395,,
PGCC G340.30+11.81,240.75631694,-36.80077694,11.6392,1.24,-1.31732,9.37634,,
PGCC G102.18-1.02,334.15344194,55.49122611,14.7315,1.8,-1.56206,8.19741,,
PGCC G24.59+0.07,278.96627806,-7.38671611,,,,,4.12,
PGCC G127.62+19.64,43.72179,81.36412806,8.44111,1.87,-0.180705,4.50377,0.38,0.681551
PGCC G266.20-4.52,129.12248194,-48.32850611,,,,,-1.15,
PGCC G173.52-39.93,49.61545611,8.08546806,14.8028,1.85,0.898768,7.98629,,
PGCC G257.60+10.78,137.42463694,-31.9655,9.05786,1.65,-0.873009,5.49103,,
PGCC G154.07-0.60,65.15928611,49.19584694,12.9725,2.2,-0.98395,5.90609,4.81,12.2471
PGCC G301.27-9.67,187.40274,-72.47088611,,,,,0.47,
PGCC G286.89+8.36,166.95031694,-51.25906806,9.53108,1.83,1.42587,5.19585,,
PGCC G18.35-0.82,276.83862306,-13.33340111,,,,,4.68,
PGCC G155.92+12.73,84.43161,55.961285,,,,,,
PGCC G191.12-0.06,92.46442389,19.28506306,,,,,,
PGCC G86.60-1.99,316.76873806,44.48534389,8.22446,1.19,0.905013,6.92108,-1.31,
PGCC G106.73+13.01,322.63208,69.28113611,8.08123,2.23,-0.242271,3.63098,,
PGCC G274.73+2.84,146.21101389,-49.53395111,11.202,1.6,-0.685341,6.98399,-1.2,
PGCC G63.59+0.15,297.83761611,27.06698806,11.3188,1.9,-0.117003,5.96719,-1.29,
PGCC G22.21-0.00,277.92477389,-9.53584806,9.88003,1.19,0.444701,8.27531,5.36,14.0982
PGCC G279.01-1.60,146.87994389,-55.68206,10.9321,1.8,1.37903,6.08006,,
PGCC G247.48+2.55,122.76979806,-28.94312306,13.8684,2.11,-0.002604,6.56268,,
PGCC G145.82-2.29,53.3377,53.23518,12.2108,1.98,-0.691758,6.15702,,
PGCC G314.71-0.33,217.69133,-60.90834806,10.8959,1.22,0.143376,8.91837,,
PGCC G15.06+0.86,273.70544389,-15.44503889,8.17391,2.03,0.62644,4.02757,,
PGCC G70.98+3.56,298.85141,35.15433111,8.71758,1.21,0.858006,7.19088,0.63,1.45096
PGCC G357.26+19.48,247.29704306,-19.70481889,17.191299,2.44,-0.342645,7.04828,0.12,0.384242
PGCC G285.64+0.39,158.91468806,-57.84905611,,,,,,
PGCC G170.05+3.05,83.12149,38.97366306,9.22152,1.2,-0.798724,7.69336,,
PGCC G11.50-5.16,277.56408694,-21.39898306,10.754,1.81,0.380687,5.92545,,
PGCC G30.20+2.53,279.36215194,-1.27415806,15.8788,3.13,-0.279957,5.06533,0.26,0.678286
PGCC G176.41+2.45,86.67165389,33.27675611,10.7465,2.25,0.033213,4.7665,,
PGCC G291.38-0.22,168.54560889,-60.89520611,,,,,1.37,
PGCC G328.63+7.05,232.63559,-47.72126389,7.37956,1.25,1.11086,5.91267,,
PGCC G26.04+0.94,278.86767611,-5.70021111,6.32984,1.26,0.337579,5.03433,3.3,5.41886
PGCC G1.11+6.45,260.98971611,-24.51958306,7.48764,1.35,0.275876,5.55629,0.12,0.22515
PGCC G90.29+4.16,313.48284889,51.30881111,10.2477,1.8,1.19342,5.69588,,
PGCC G278.76+1.99,150.36874389,-52.71396611,7.26615,1.18,-1.02825,6.14544,,
PGCC G201.82-13.77,85.54075611,3.33423389,6.17632,1.61,-0.786553,3.83447,0.415,
PGCC G336.42-2.31,250.89556889,-49.46644611,,,,,,
PGCC G110.58-2.16,348.78903194,58.38315194,10.0767,1.74,-0.754803,5.80734,0.120226,0.26753
PGCC G125.98+13.61,25.37802889,76.18795,8.03754,1.56,-1.10571,5.16596,,
PGCC G316.34+4.09,217.43325806,-56.20243111,12.3024,2.72,0.683571,4.52899,,
PGCC G33.62-38.61,318.47122194,-16.03302,6.89875,1.55,1.28819,4.44977,,
PGCC G14.07+0.00,274.00082389,-16.72093389,7.34149,1.21,-1.41549,6.0803,4.31,8.37642
PGCC G213.85-10.16,94.20604694,-5.416,13.6746,1.92,-0.168469,7.11676,0.51,1.46351
PGCC G230.12+2.51,113.16899889,-14.05571806,16.669701,2.13,-1.4941,7.82498,0.232274,0.771674
PGCC G157.65+1.45,71.13111889,47.97433111,,,,,,
PGCC G61.19-1.03,297.606995,24.40385611,7.74334,1.71,1.15016,4.53996,,
PGCC G269.58+0.38,137.99340806,-47.76360694,11.27,1.5,-1.36537,7.5266,1.39,3.72394
PGCC G305.67+4.46,198.06529194,-58.30007889,14.6494,2.21,0.933391,6.6161,-1.66,
PGCC G299.44+6.50,186.61245694,-56.20002694,5.74164,1.33,-1.55455,4.331,,
PGCC G160.25-4.55,67.29472389,42.01712806,9.44354,1.92,-0.506371,4.90859,0.14,0.277268
PGCC G152.24+7.06,72.44693,55.71707889,11.592,1.91,-0.522319,6.06836,,
PGCC G180.37-0.22,86.406845,28.50602694,12.0925,1.89,0.152827,6.3893,4.98,12.7333
PGCC G237.93+1.27,116.05047611,-21.46403694,17.4639,4.32,-0.497778,4.03949,,
PGCC G337.94-2.03,252.06617694,-48.13270194,,,,,,
PGCC G201.34-3.56,94.32840694,8.63742111,14.8589,2.59,0.022385,5.73534,,
PGCC G332.95+0.00,244.580795,-50.40746306,,,,,5.48,
PGCC G311.56-29.42,301.70010389,-82.06780194,16.068001,3.35,0.135055,4.79407,,
PGCC G172.05-36.97,50.84106111,11.01623611,9.22913,1.35,-0.547146,6.85918,,
PGCC G313.57+1.04,214.54278611,-60.02327306,,,,,2.8,
PGCC G280.09+19.96,165.29104611,-37.97358694,9.44378,1.59,0.981979,5.95354,,
PGCC G175.76-19.28,66.49222611,20.91469194,12.7362,2.09,1.24726,6.09146,,
PGCC G358.77-4.24,269.92053194,-32.14425694,15.9493,2.34,1.34973,6.82912,,
PGCC G352.29-4.85,266.58776889,-38.0345,15.1914,2.64,0.350186,5.75491,,
PGCC G101.56+13.42,313.07907111,65.784035,10.9876,1.87,-1.22641,5.86776,,
PGCC G252.25+4.95,128.17398111,-31.49567806,,,,,,
PGCC G203.93-15.79,84.74939694,0.57399,12.958,2.22,-0.466839,5.83521,,
PGCC G204.81-0.97,98.26744806,6.77940694,,,,,,
PGCC G318.74+0.98,223.81974806,-58.04001194,15.9911,2.57,-1.11442,6.21347,,
PGCC G218.59+0.32,105.72818806,-4.89141194,8.32391,1.25,-0.47032,6.64749,,
PGCC G308.47+2.68,203.87744111,-59.71965389,14.0604,3.2,0.784091,4.39887,1.09,2.49358
PGCC G354.43-3.56,266.58416694,-35.53909306,10.4286,1.84,0.695851,5.65934,,
PGCC G93.23-1.42,323.01757806,49.60010889,,,,,1.05,
PGCC G120.70+4.07,7.179935,66.84436,7.18505,1.73,-0.924354,4.14481,-0.93,
PGCC G281.90-1.91,150.66223111,-57.71642694,7.79885,1.57,0.68823,4.96846,4.68,8.4742
PGCC G107.53-36.17,359.17202806,25.06033889,,,,,0.277971,
PGCC G212.63-28.04,77.3871,-12.13308694,,,,,,
PGCC G25.97+6.07,274.26953111,-3.38259889,,,,,0.26,
PGCC G125.12-2.81,17.23741306,59.98381806,11.9179,1.69,0.88199,7.06718,-1.13,
PGCC G78.29-1.32,309.00674389,38.50619111,8.81649,1.81,-0.4531,4.87806,,
PGCC G8.07-30.79,303.31994611,-33.70299889,10.7815,1.42,0.669473,7.6042,,
PGCC G297.67-12.86,172.77533,-74.90244306,13.5799,2.06,-0.068876,6.6015,0.49,1.34956
PGCC G100.17+9.33,318.19531194,62.09907194,,,,,,
PGCC G95.37-50.57,355.57217389,8.55930806,10.9704,1.84,1.51703,5.97584,,
PGCC G48.76-0.11,290.32583611,13.99365806,,,,,0.100925,
PGCC G72.48-7.99,311.16455111,29.84845694,11.0184,1.36,0.871903,8.10024,0.58,1.59391
PGCC G88.57-3.13,319.84841889,45.12646889,6.89979,1.29,1.39915,5.34609,,
PGCC G60.00-0.20,296.16058306,23.78948611,4.83078,1.2,1.18334,4.01629,,
PGCC G5.43+4.74,265.08032194,-21.82988,12.9322,2.2,-0.531307,5.87119,,
PGCC G117.44+13.56,351.048615,75.49581889,8.41161,1.98,0.077909,4.24187,,
PGCC G122.50-2.42,11.97847611,60.446545,16.4151,3.26,-0.522489,5.02938,0.59,1.5594
PGCC G347.91+4.13,254.17372111,-36.52102694,12.9564,2.05,1.45162,6.33262,,
PGCC G349.24-7.75,267.84912111,-42.11739,9.43523,1.37,-0.745513,6.89833,,
PGCC G201.17+1.10,98.42555194,10.96394,9.14944,1.68,0.03359,5.44093,,
PGCC G158.66-2.57,67.77822889,44.52591694,,,,,,
PGCC G125.22+9.63,20.31191611,72.36534111,13.4393,2.17,-0.857785,6.20137,,
PGCC G295.65-17.46,156.550995,-78.220505,14.709,2.49,0.698188,5.90578,0.17,0.460899
PGCC G200.48+0.76,97.80024,11.41904889,,,,,,
PGCC G65.59-0.09,299.24118,28.65009694,10.5609,1.57,-0.414456,6.74478,,
PGCC G140.55+10.13,60.54548306,66.23290306,16.624399,2.38,-0.060064,6.99393,,
PGCC G328.45-0.85,240.11503611,-54.08058194,12.3646,3.89,0.63011,3.18265,,
PGCC G210.84-17.93,85.91065194,-6.28395889,6.84614,1.15,0.261179,5.95152,0.415,0.770569
PGCC G347.87+14.57,244.74386611,-29.66819194,,,,,,
PGCC G104.22+11.72,320.47467,66.63192694,,,,,,
PGCC G267.21-26.73,95.25965111,-58.26004,14.4637,1.68,-0.272181,8.60229,,
PGCC G339.39+4.46,246.57911694,-42.70042,,,,,-1.73,
PGCC G319.37-3.50,229.32620194,-61.61869806,7.36739,1.32,0.49545,5.57436,,
PGCC G319.85-1.81,228.35461389,-59.93252194,11.7379,2.36,0.817547,4.97213,0.74,1.64446
PGCC G174.11-13.92,69.83545694,25.58489,,,,,0.23,
PGCC G136.55+7.73,49.00404389,66.699295,10.5767,1.43,0.373026,7.40323,,
PGCC G287.39-18.37,131.06057694,-73.22419694,8.11227,1.48,-1.03038,5.48647,,
PGCC G186.68-1.36,88.90561694,22.50176389,,,,,0.231206,
PGCC G337.60+2.83,246.48783889,-45.12018194,6.32002,1.34,0.163876,4.7184,,
PGCC G329.48+1.59,238.79904194,-51.55447,11.485,2.62,0.683005,4.38334,,
PGCC G334.98+0.94,245.77493306,-48.31071111,8.70722,1.9,0.641439,4.59145,,
PGCC G174.17+4.16,87.05104111,36.07259,8.52378,1.37,1.20977,6.2224,0.46,0.974495
PGCC G238.71+2.86,117.94520611,-21.33084889,16.351,2.39,0.082147,6.83794,,
PGCC G139.81+4.18,50.88841611,61.96058306,,,,,-0.97,
PGCC G331.14+0.33,242.14064,-51.41032,14.1903,2.34,-0.118297,6.06197,4.93,13.3008
PGCC G16.96+0.27,275.1745,-14.04644111,12.0142,2.58,0.38669,4.66357,,
PGCC G186.33-4.71,85.61357111,21.08113694,6.61344,1.58,0.09006,4.17409,0.214783,0.328262
PGCC G190.67+0.97,93.18598194,20.17170306,15.6161,3.55,0.379949,4.40188,,
PGCC G358.44+19.99,247.63649,-18.52895694,,,,,0.37,
PGCC G87.54-4.36,320.05621306,43.53233694,4.85244,1.12,0.523277,4.32661,,
PGCC G116.65+8.91,353.63659694,70.842285,,,,,0.37,
PGCC G240.09+3.28,119.09970889,-22.29661389,12.3938,1.59,-1.16277,7.80172,,
PGCC G186.97-2.52,87.98374194,21.66211306,13.4369,2.67,-0.618385,5.03299,0.17378,0.415708
PGCC G50.94+2.05,289.40930194,16.93555611,12.3806,1.81,-0.548719,6.84898,0.157036,0.42064
PGCC G148.99-2.52,57.24249611,51.14090694,9.04877,1.7,0.014556,5.32369,0.62,1.25176
PGCC G111.02+3.01,345.52688611,63.32084306,10.0954,1.97,-0.649534,5.13024,1.21,
PGCC G106.00+4.24,334.66586306,61.97674194,,,,,-1.14,
PGCC G158.01-11.20,59.14975,38.74433889,5.92195,1.18,-1.25394,5.01269,0.14,0.221882
PGCC G190.94-11.05,82.471275,13.87050806,18.759399,2.93,-0.298396,6.40521,0.26,0.829042
PGCC G334.47+0.69,245.49617,-48.85089111,,,,,,
PGCC G176.24-9.87,74.80107889,26.47219806,6.75606,1.49,0.114,4.53933,0.23,0.370508
PGCC G338.66+6.47,243.96485889,-41.804035,9.37732,1.28,-1.29206,7.3512,,
PGCC G334.65+0.97,245.39170806,-48.51738694,10.8866,1.17,-0.853022,9.30217,,
PGCC G113.02+2.70,349.94360389,63.79226306,6.81373,1.11,-1.48223,6.15864,0.94,1.77129
PGCC G179.60-14.05,73.33283194,21.325695,18.399,2.74,-1.44936,6.70584,,
PGCC G296.58-0.46,178.94094806,-62.64090306,6.26146,1.43,1.1183,4.38115,,
PGCC G129.00+7.21,30.09632694,69.26937111,10.7611,1.62,0.957806,6.63551,0.34,0.835741
PGCC G117.25+20.19,334.81463611,81.32933806,13.4645,2,-1.25593,6.71552,,
PGCC G177.62-6.70,78.58348111,27.23865694,13.5929,1.48,0.243705,9.19057,0.23,
PGCC G148.27+11.32,74.19609806,61.42832611,,,,,0.38,
PGCC G133.44+12.33,48.55958889,72.22255694,,,,,,
PGCC G90.05+2.38,315.35659806,49.96904389,15.1876,3.1,-1.46759,4.90431,0.75,1.88288
PGCC G94.99-9.49,332.51486194,44.45043889,14.8455,2.21,-1.41257,6.70406,0.440555,1.27848
PGCC G55.24-0.24,293.68115194,19.62635806,,,,,,
PGCC G305.79+1.31,198.84951806,-61.43288806,,,,,5.59,
PGCC G67.55+24.47,272.804565,40.46695306,8.43058,2.07,0.151128,4.07951,,
PGCC G281.01+3.59,154.91740389,-52.69893611,11.2928,1.65,0.656463,6.8557,,
PGCC G3.44-1.77,270.10675,-26.87153389,14.0629,2.57,0.600597,5.46366,,
PGCC G51.36+6.70,285.25247194,19.42591111,10.2846,1.19,0.649895,8.67521,0.245471,0.674468
PGCC G168.05-7.01,71.53289806,34.58946611,,,,,0.14,
PGCC G12.16+3.49,269.84887694,-16.69288306,6.79848,1.41,1.48688,4.83127,,
PGCC G263.46-7.05,123.69387111,-47.54222111,9.81127,2,1.19637,4.91789,0.71,1.43462
PGCC G204.19-0.13,98.73523694,7.716745,12.7038,1.23,-0.835024,10.341,1,
PGCC G147.94-1.90,56.533005,52.27972389,7.69905,1.21,-0.623077,6.3598,0.54,1.09916
PGCC G185.01-0.73,88.58391611,24.26330194,,,,,,
PGCC G30.41-27.26,306.55490111,-14.10510806,9.3565,1.53,-0.277526,6.09705,,
PGCC G20.46-2.80,279.63577306,-12.37395694,,,,,,
PGCC G71.65+1.20,301.71554611,34.47782111,8.91505,1.51,-0.422485,5.88691,3.89,8.19751
PGCC G180.89-20.78,68.49807694,16.24262,7.62848,1.25,0.404316,6.08333,,
PGCC G180.83+5.46,92.34485611,30.94744111,11.7124,1.86,-1.39552,6.28919,0.48,1.19836
PGCC G122.47+20.47,9.15816194,83.32475306,9.86859,1.76,0.288036,5.61977,,
PGCC G87.33+0.33,314.996735,46.57004889,12.2334,2.41,1.2183,5.07734,,
PGCC G112.57-2.13,352.37551889,59.08123806,6.47665,1.18,0.965966,5.47924,,
PGCC G10.32+2.79,269.526855,-18.63656194,7.38711,1.42,-0.075166,5.20478,,
PGCC G10.80+3.18,269.43222,-18.02849,15.7793,2.76,0.597199,5.72415,,
PGCC G95.40-0.12,324.15918,52.02335389,9.43038,2.65,-1.53179,3.55257,6.93,
PGCC G282.51+6.63,159.53610194,-50.88067611,15.3116,3.51,0.425422,4.36717,0.37,0.880113
PGCC G168.68-0.90,77.98786194,37.86488306,,,,,,
PGCC G216.39-13.31,92.47094694,-9.04079611,,,,,0.415,
PGCC G108.15+2.78,340.17416389,61.83994306,,,,,-1.41,
PGCC G167.41+3.80,82.05322306,41.592915,7.592,1.46,1.2059,5.20006,,
PGCC G351.67+4.33,256.76876806,-33.42283194,,,,,-1.63,
PGCC G72.71-6.88,310.31057694,30.71112306,13.2378,2.82,1.09374,4.68703,0.53,1.21439
PGCC G125.12-3.57,17.13909,59.23131194,7.73756,1.4,0.499069,5.54337,,
PGCC G95.25-8.56,332.029175,45.352985,11.1564,1.93,-0.570166,5.77569,0.416869,
PGCC G228.81-6.26,104.47269389,-16.96896194,11.893,2.91,-0.112834,4.08096,0.7,
PGCC G106.24+9.79,327.45101889,66.58074194,15.5657,2.6,-1.02017,5.97969,,
PGCC G76.95+2.29,304.21487389,39.50761806,,,,,,
PGCC G174.02+7.31,90.38192694,37.76891694,,,,,,
PGCC G219.52-0.51,105.41610694,-6.09415694,9.61719,1.79,-0.757879,5.37243,,
PGCC G75.16+0.11,305.22998,36.80505806,12.5425,2.42,0.536846,5.17571,,
PGCC G232.49-4.97,107.42932889,-19.654165,,,,,,
PGCC G19.14+14.26,263.83053611,-5.35286,15.999,2.21,0.504346,7.22825,,
PGCC G277.34-4.24,141.49160806,-56.53215806,15.4474,1.84,-0.254664,8.40891,,
PGCC G167.60+3.58,81.94787611,41.319035,12.117,2.33,-0.122386,5.20255,,
PGCC G263.32-0.23,131.46673611,-43.43203389,13.619,2.16,-1.00872,6.31243,,
PGCC G6.15+6.17,264.18759194,-20.46717306,10.6861,1.46,-1.19158,7.32885,0.12,0.308913
PGCC G12.07-10.03,282.55389389,-23.043005,13.7718,2.3,0.059214,5.99553,,
PGCC G356.66+4.35,260.14633194,-29.36895389,,,,,0.12,
PGCC G213.29+0.71,103.65308389,0.00540306,,,,,,
PGCC G170.05-12.67,67.99572,29.397915,,,,,0.23,
PGCC G89.58-1.87,319.56741306,46.73568,,,,,-1.31,
PGCC G306.28-0.19,200.21025111,-62.86713,,,,,,
PGCC G219.88-4.07,102.38873306,-8.03329889,,,,,,
PGCC G110.52+21.88,305.09417694,77.55873889,,,,,0.244343,
PGCC G51.20-0.99,292.32138111,15.72472306,,,,,-2.74,
PGCC G108.30+17.23,316.04504389,73.24781806,,,,,,
PGCC G159.92-16.74,56.45343806,33.33269111,14.8081,3.04,-0.456013,4.87627,,
PGCC G338.14-2.01,252.23519889,-47.969185,,,,,,
PGCC G271.27-2.18,136.87429806,-50.74811611,,,,,,
PGCC G46.34-1.53,290.44278,11.19417111,,,,,,
PGCC G118.90+3.42,2.92778111,65.98081194,9.14486,1.63,-0.829688,5.60066,-1.17,
PGCC G335.31+1.04,246.01994306,-48.00972,12.7544,2.74,0.099301,4.64684,,
PGCC G355.56+21.04,244.93818694,-19.90470111,,,,,0.12,
PGCC G106.30-0.01,339.64169306,58.50792694,10.6694,1.16,-0.278692,9.23423,-1.02,
PGCC G325.30+7.50,228.090775,-49.15915306,14.521,2.53,-0.765545,5.72906,0.39,1.03474
PGCC G329.35+1.35,238.87260389,-51.82312806,9.19748,1.66,0.145942,5.53164,,
PGCC G150.39+4.44,66.82280694,55.35417889,10.4923,1.89,-0.552696,5.54142,0.154882,0.343537
PGCC G18.90-0.28,276.609955,-12.59542389,,,,,4.6,
PGCC G212.02+2.23,104.431625,1.82574611,12.4564,1.94,-0.666699,6.40892,3.24,8.42096
PGCC G41.08-1.36,287.80651889,6.616975,12.2388,2.98,0.774225,4.10554,,
PGCC G177.45-0.65,84.21128806,30.75371,,,,,,
PGCC G8.54-1.90,272.96991,-22.48147194,16.0574,3.11,-0.3075,5.16521,,
PGCC G340.52+23.22,232.23631306,-27.92354,7.21873,1.13,0.972661,6.3944,,
PGCC G28.93-1.66,282.51538111,-4.32304889,9.13659,2.26,0.779261,4.04489,,
PGCC G67.74+1.17,299.28692611,31.15264889,11.14,1.77,1.32346,6.30855,,
PGCC G329.70-2.72,243.854645,-54.62566806,,,,,,
PGCC G51.28-0.94,292.31503306,15.81881806,9.39633,1.32,0.887893,7.12548,,
PGCC G1.89+16.98,252.25091611,-17.80542389,8.05479,1.65,1.16853,4.88795,0.12,0.219027
PGCC G44.23-0.79,288.77944889,9.67412889,9.00614,1.88,1.21539,4.78803,,
PGCC G292.60+21.93,180.33160389,-39.93017611,12.0222,1.6,1.51504,7.52369,,
PGCC G4.76+18.67,252.51304611,-14.6028,7.51391,1.21,0.697927,6.19942,0.12,0.238241
PGCC G21.07+9.01,269.36908,-6.27349611,11.8843,2.17,0.602762,5.47776,-1.27,
PGCC G96.59+1.14,324.244415,53.75372694,,,,,,
PGCC G95.58+6.56,316.23858611,56.87037694,9.63375,1.52,-0.700667,6.33464,,
PGCC G70.35+3.73,298.276855,34.70380806,13.2523,2.05,0.077526,6.44915,0.137404,0.369507
PGCC G262.77-3.06,127.87117,-44.71122389,,,,,-2.66,
PGCC G82.91-3.30,314.78057889,40.85648,6.75569,1.52,-1.24811,4.45247,,
PGCC G215.64-2.85,101.55197111,-3.70447,7.11371,1.42,0.681875,5.01967,,
PGCC G213.55-19.38,85.73355111,-9.22432111,7.25198,1.55,-0.647846,4.66616,0.415,0.702236
PGCC G170.85-8.88,71.93598194,31.25939806,13.2526,2.97,0.158464,4.46061,0.23,0.514402
PGCC G161.30-21.46,54.12556806,28.85235806,,,,,,
PGCC G188.51+65.51,165.57072389,34.57810611,12.0792,3.61,-0.36109,3.35032,,
PGCC G318.70+2.07,222.84889194,-57.08626611,6.84353,1.25,0.971558,5.46488,,
PGCC G225.22-2.59,106.18263194,-12.11366194,,,,,1.03,
PGCC G30.16-4.78,285.85870389,-4.64074694,9.75259,1.96,1.10701,4.97596,0.44,0.891616
PGCC G354.28+12.48,251.18710306,-26.37010806,8.90981,1.23,-0.608567,7.27099,,
PGCC G270.05-1.71,136.13391111,-49.52222389,11.6967,2.39,-1.19928,4.89254,,
PGCC G330.54+3.92,237.753265,-49.08417889,,,,,0.97,
PGCC G181.52+7.03,94.33442694,31.079435,,,,,,
PGCC G265.15-9.11,122.42472111,-50.06197389,14.3833,2.68,1.12024,5.37598,,
PGCC G46.91+1.91,287.60458389,13.29982806,11.4625,1.26,-1.0822,9.13346,-1.67,
PGCC G133.21+78.89,190.35530111,38.04160306,8.03141,1.45,-0.906132,5.54125,,
PGCC G313.24-7.00,220.65278611,-67.61964389,12.0058,2.42,0.180311,4.95481,,
PGCC G288.90+1.59,165.41520694,-58.26273,,,,,,
PGCC G276.74-1.27,144.28006,-53.94618611,13.4762,2.33,-1.21114,5.78711,,
PGCC G45.26-3.98,292.11746194,9.09102111,,,,,,
PGCC G308.22+8.89,201.68846111,-53.61955306,7.86251,1.62,1.27708,4.85308,,
PGCC G305.01-25.94,250.67401111,-87.79184,9.07443,2.1,0.055638,4.32807,,
PGCC G347.50+15.02,244.08833306,-29.62080194,,,,,,
PGCC G176.26-0.80,83.31448389,31.67043694,,,,,,
PGCC G119.46+3.36,4.32377,66.000755,,,,,-1.24,
PGCC G95.73-0.86,325.36544806,51.69059,,,,,,
PGCC G125.29-0.19,17.997305,62.58570111,10.3166,1.36,-1.12532,7.5639,,
PGCC G340.86-3.33,256.25289889,-46.66230806,16.8615,2.68,-0.144405,6.28016,,
PGCC G62.49-3.08,300.27243,24.45092806,,,,,-1.56,
PGCC G45.25-2.44,290.73822,9.80371306,15.2796,2.34,1.26738,6.52769,,
PGCC G12.40-0.14,273.29953,-18.253035,8.00476,2.08,0.510921,3.84364,4.22,6.80901
PGCC G218.59-10.97,95.55216194,-9.958655,16.5408,2.22,0.607681,7.45972,,
PGCC G134.52+8.14,45.02011111,68.069855,,,,,0.31,
PGCC G68.59-68.54,355.05072,-13.56424194,12.7441,2.25,0.856437,5.66496,,
PGCC G347.93+14.00,245.27310194,-30.02389,10.4571,1.37,-0.849627,7.64239,,
PGCC G274.81-3.49,139.28910806,-54.21249389,13.0544,2.08,-0.11363,6.28987,,
PGCC G359.51-2.67,268.75952111,-30.72959306,5.28609,1.53,0.354337,3.46308,1.27,1.58062
PGCC G55.98+2.94,291.071655,21.80501389,14.3477,1.75,0.859505,8.21574,,
PGCC G182.57-14.49,74.77246889,18.75129889,15.7724,2.25,0.007553,7.02062,,
PGCC G21.53+11.51,267.39135694,-4.66843111,11.6237,2.16,0.927006,5.37297,,
PGCC G76.04+0.34,305.61804194,37.65737194,6.164,1.45,-0.534296,4.24156,,
PGCC G319.35+2.22,223.78099111,-56.65646694,,,,,,
PGCC G352.41-2.65,264.30896,-36.78049889,7.16922,1.18,-0.044091,6.05254,,
PGCC G10.13+2.18,269.990875,-19.109255,11.209,1.79,-0.141886,6.25697,,
PGCC G171.40-35.69,51.3475,12.31380694,9.95871,1.83,-0.588153,5.43536,,
PGCC G9.81+18.32,255.60073889,-10.86227806,12.2541,1.8,0.20668,6.78936,0.205116,0.54423
PGCC G210.42-3.93,98.21520194,0.44030889,16.162399,2.93,-0.556344,5.52022,,
PGCC G153.87-2.53,62.918785,47.940155,8.42381,1.27,1.56427,6.61788,-1.05,
PGCC G298.50+0.75,183.44613611,-61.80117389,,,,,2.94,
PGCC G183.08-17.29,72.69648,16.70934694,,,,,0.23,
PGCC G182.98-17.20,72.71457694,16.83705694,13.3581,2.93,-0.614617,4.55284,0.23,0.521758
PGCC G50.17+2.79,288.35208111,16.59761194,4.77682,1.25,0.090315,3.82965,0.88,
PGCC G139.69+5.72,52.54785194,63.30285611,11.6809,1.25,0.753904,9.36562,-1,
PGCC G319.02-0.15,225.31198111,-58.905155,,,,,,
PGCC G249.10-4.45,116.7658,-33.98389389,16.1889,2.44,0.690141,6.63758,,
PGCC G15.51+0.70,274.07888806,-15.11926306,8.84744,1.69,1.15612,5.24212,1.3,2.57533
PGCC G69.72-2.77,304.39965806,30.67991611,11.3807,2.86,0.67991,3.98311,0.114288,0.223832
PGCC G353.55+4.07,258.34191889,-32.06411694,8.53182,1.3,0.151446,6.56247,,
PGCC G26.08+7.99,272.62326,-2.399995,18.795,2.34,0.394676,8.0171,-0.74,
PGCC G283.89+1.40,157.08418306,-56.090065,9.5645,1.73,1.3987,5.52861,,
PGCC G103.24+13.53,315.41470306,67.12883806,15.8798,2.14,0.941189,7.42642,0.3,0.947679
PGCC G175.30-18.31,66.97635694,21.88187611,,,,,,
PGCC G190.63-3.05,89.46176111,18.24053194,11.5088,1.47,-0.578607,7.85123,-1.16,
PGCC G312.12+0.11,212.32513389,-61.36277806,,,,,,
PGCC G340.73-3.32,256.12924194,-46.75962806,,,,,,
PGCC G257.34-5.85,120.55419194,-41.758385,8.54775,1.54,1.02895,5.55096,,
PGCC G313.29+0.48,214.38642889,-60.64832694,11.5272,2.17,0.442256,5.32111,,
PGCC G156.37-80.57,18.34347194,-19.15529306,7.75046,1.72,-0.800156,4.51207,,
PGCC G26.67+5.91,274.74002111,-2.83937306,11.9863,1.69,-0.579007,7.09686,0.26,0.697552
PGCC G300.42-24.55,151.08876,-86.57601889,10.3731,1.93,0.075227,5.38157,,
PGCC G93.46+8.42,311.19845611,56.43224,14.3779,1.9,1.54985,7.567,0.4,1.21366
PGCC G266.51-7.78,125.30210111,-50.46703694,,,,,,
PGCC G80.33+5.98,302.56481889,44.35201306,13.4115,2.38,1.3198,5.62527,,
PGCC G311.43-42.52,350.80575611,-73.12591611,6.8945,1.39,-0.907843,4.97436,,
PGCC G188.61+4.70,95.69219194,23.74394806,6.25695,1.38,-1.30145,4.52293,,
PGCC G278.27+6.49,153.88331611,-48.772465,15.2968,1.94,0.136384,7.87833,,
PGCC G339.75+7.66,243.89045694,-40.18869,8.6852,1.32,-1.42775,6.55676,,
PGCC G128.69+14.21,36.56155389,76.00811806,10.6202,1.2,0.641658,8.82968,,
PGCC G91.88+6.15,312.60131806,53.79729806,15.2993,2.54,1.34608,6.01678,0.61,1.70245
PGCC G240.14+4.09,119.87194111,-21.92834306,9.42028,1.4,-0.480724,6.72128,,
PGCC G112.93+17.09,328.15914889,76.34822806,7.23584,1.51,-0.942315,4.78352,,
PGCC G0.21-0.97,267.47665389,-29.25820694,6.47216,1.92,0.452996,3.36849,,
PGCC G108.59+18.69,312.46890306,74.34426889,16.0881,3.38,0.19425,4.75964,0.480839,1.22396
PGCC G11.69-10.26,282.60214194,-23.486515,10.802,1.39,0.902753,7.74858,-1.21,
PGCC G279.21+8.99,157.077545,-47.18215889,,,,,,
PGCC G296.09+0.87,178.53225694,-61.23505389,9.22791,1.87,0.347642,4.92959,,
PGCC G127.26+14.12,30.94502111,76.37637306,8.45215,1.85,-0.193481,4.56267,,
PGCC G295.36-1.51,175.75926194,-63.37093389,11.1513,1.77,-0.391427,6.30249,,
PGCC G341.52+11.25,242.31382806,-36.39591611,11.7022,2.08,0.004198,5.62635,0.71,1.67584
PGCC G46.43+0.71,288.46328694,12.31768611,,,,,,
PGCC G34.93+0.26,283.53411889,1.89465611,8.07968,1.18,-1.01048,6.83549,2.34,
PGCC G198.45-0.73,95.47982,12.51302889,7.01813,1.31,1.09517,5.36359,4.27,7.62067
PGCC G210.38-18.44,85.25164,-6.11859389,7.03296,1.28,-0.674329,5.47416,0.415,0.749036
PGCC G349.43+13.73,246.63307194,-29.13468389,15.1268,2.79,0.685609,5.41792,,
PGCC G31.50-2.21,284.17150889,-2.284725,14.2682,2.08,-0.012626,6.86924,,
PGCC G95.25+10.62,309.88601694,59.16548194,,,,,0.200447,
PGCC G210.55+1.93,103.492645,2.99602306,8.708,1.31,0.236993,6.65494,,
PGCC G323.32+10.97,223.00816306,-47.07531694,13.222,2.26,1.28762,5.84447,,
PGCC G176.79-24.28,63.16571,16.91763694,,,,,0.238781,
PGCC G11.75+2.18,270.837555,-17.69621806,12.732,2.19,0.61815,5.80852,,
PGCC G345.03+4.14,251.86431889,-38.74153889,11.1153,1.73,-0.295476,6.42605,,
PGCC G103.18+0.44,334.19296306,57.26141694,12.7176,1.66,0.705605,7.67181,1.15,3.30428
PGCC G355.39+2.01,261.56146194,-31.73693806,9.72886,2.57,0.52975,3.78778,,
PGCC G287.64+3.04,164.42645306,-56.41515694,9.60802,1.42,1.13129,6.78962,,
PGCC G44.67-4.38,292.19522111,8.374125,12.4826,1.42,0.590003,8.769,-1.55,
PGCC G120.89-1.60,8.61501611,61.20351389,5.81023,1.29,-0.61601,4.50274,,
PGCC G122.01+5.06,10.411475,67.91106389,14.5276,3.37,-0.936023,4.30475,,
PGCC G77.94+0.86,306.47509806,39.50382611,,,,,,
PGCC G340.10+2.42,249.28601111,-43.581585,10.1219,1.87,0.346076,5.40448,,
PGCC G280.96+1.24,152.629745,-54.61432611,9.59291,1.31,1.52616,7.31254,,
PGCC G92.86+45.59,237.14349389,59.85070806,8.05707,1.49,-0.413413,5.40733,,
PGCC G115.73+6.25,353.41821306,68.02428389,7.87929,1.36,-0.929011,5.80363,-0.7,
PGCC G214.36-13.09,91.78685806,-7.17184611,13.2002,2.54,-0.673492,5.19583,0.415,0.999753
PGCC G347.85+6.22,252.11691306,-35.24406806,13.4401,1.71,-0.902903,7.86312,,
PGCC G106.50+12.18,323.79287694,68.53151694,,,,,,
PGCC G314.98+0.30,217.70918306,-60.22928611,10.7668,1.76,0.804903,6.13437,,
PGCC G142.24+2.58,53.13066889,59.26956889,6.15794,1.28,-0.548546,4.80768,,
PGCC G350.46-0.90,261.132385,-37.44785694,10.1205,1.35,1.49672,7.4993,4.2,10.6436
PGCC G12.23+2.87,270.45086694,-16.94314,10.4762,1.45,0.613224,7.20172,,
PGCC G116.12-2.91,359.46469111,59.251595,8.94589,1.41,-1.50195,6.33534,,
PGCC G118.79-19.00,7.44167694,43.70037806,7.95101,1.26,-0.777963,6.31262,,
PGCC G329.39-0.30,240.69055194,-53.04629111,,,,,4.05,
PGCC G267.85+1.45,137.39520306,-45.768005,10.8872,1.2,-0.155786,9.07055,0.75,2.16802
PGCC G0.33+22.35,246.87945611,-15.66569194,8.06351,1.47,-1.49818,5.49416,0.12,0.232338
PGCC G3.96+17.88,252.71800194,-15.68641806,,,,,0.12,
PGCC G158.22-10.45,59.98006806,39.17789806,13.7056,2.55,-1.089,5.37407,0.14,
PGCC G210.30-37.08,68.09262806,-14.02174611,,,,,,
PGCC G55.20-0.17,293.58920306,19.62410194,,,,,7.41,
PGCC G90.89+3.55,314.851685,51.37009806,10.1446,1.67,-0.203016,6.07997,-1.27,
PGCC G1.65+6.32,261.43695111,-24.15314889,,,,,0.12,
PGCC G30.55+8.33,274.36395306,1.69018806,9.2033,2.89,0.339579,3.18047,,
PGCC G34.12-17.34,298.89804111,-6.79160111,14.5159,3.25,0.996681,4.47158,,
PGCC G249.82-1.15,120.59098111,-32.90485,8.02577,1.04,0.87363,7.7503,,
PGCC G204.17-10.67,89.36302194,2.79844306,11.996,2.73,-1.32608,4.39257,0.415,0.876298
PGCC G354.08+6.09,256.789185,-30.45458389,9.19795,1.07,0.398342,8.59341,,
PGCC G278.90-1.31,147.05574,-55.39191806,11.4403,2.09,-1.15273,5.48655,9.11,20.9949
PGCC G316.87-4.92,226.21687306,-64.11854611,10.2248,1.45,0.045826,7.03818,,
PGCC G346.05-6.73,264.42309611,-44.31758111,,,,,,
PGCC G153.06-1.41,63.18886194,49.30938,14.6411,1.9,-0.011431,7.71695,0.8,2.47359
PGCC G39.12-16.43,300.25921611,-2.11467194,14.1939,2.21,-1.00244,6.41059,,
PGCC G115.46-1.67,357.64596611,60.31237,5.13708,1.28,-1.00196,4.01636,-1.35,
PGCC G357.74-0.07,265.10531611,-30.90036194,,,,,5.11,
PGCC G84.96+7.63,304.191315,49.10175694,16.214899,2.69,-0.13172,6.01729,0.73,2.09753
PGCC G336.29+13.98,235.25099194,-37.67696,,,,,,
PGCC G75.41-0.24,305.76794389,36.80071611,17.624399,5.22,1.27501,3.37897,4.09,9.18119
PGCC G201.02-2.57,95.06035611,9.38541611,10.5727,2.12,-0.482623,4.97923,,
PGCC G30.92+0.71,281.30880694,-1.47106806,,,,,4.4,
PGCC G64.19+0.08,298.250275,27.5488,10.7064,1.6,-0.994668,6.68843,3.53,8.68933
PGCC G171.69-37.67,50.141735,10.70833889,14.7705,2.74,0.494937,5.38942,,
PGCC G184.37+1.07,89.94309194,25.71977806,9.12857,1.98,-0.976083,4.60325,,
PGCC G72.16-4.38,307.57418806,31.76621611,11.8932,1.83,-1.08053,6.48595,0.37,0.94529
PGCC G336.83+8.52,240.31272889,-41.53031194,10.0273,2,-0.248689,5.00364,-0.68,
PGCC G355.79-0.85,264.66281111,-32.961655,8.78063,3,0.504788,2.93092,6.15,9.07541
PGCC G188.56-1.52,89.77243806,20.79772806,13.8967,1.67,-1.28501,8.31291,,
PGCC G260.65+0.32,129.82894889,-40.98677806,8.90391,1.73,-1.12391,5.13195,,
PGCC G179.48-43.08,50.45327389,2.68400611,,,,,0.275423,
PGCC G217.87+1.23,106.20741306,-3.83270194,9.73861,1.88,0.591293,5.19242,,
PGCC G150.58-10.41,52.13928611,43.86603194,10.0674,1.68,0.319316,6.00282,0.259418,0.586628
PGCC G215.75+0.85,104.89733889,-2.11875389,7.27062,1.4,1.31181,5.20393,,
PGCC G59.75-0.86,296.64663694,23.24306694,12.3802,2.21,0.647692,5.59034,,
PGCC G157.74+1.42,71.17466,47.883335,,,,,0.76,
PGCC G286.20+7.09,165.125595,-52.137955,18.799299,2.97,-0.106127,6.33146,,
PGCC G303.26+2.70,193.52639806,-60.17157,11.5889,1.57,-1.44801,7.36652,-2.31,
PGCC G237.68+4.37,118.769035,-19.67785111,,,,,,
PGCC G212.68-5.21,98.109985,-2.15199389,8.1901,1.33,-1.19887,6.18057,,
PGCC G161.90-78.44,20.47351806,-17.93884111,8.79173,1.77,0.397015,4.97568,,
PGCC G140.12+8.14,56.64231889,64.994545,14.9245,2.1,-0.216954,7.09167,0.35,1.04742
PGCC G348.22+6.11,252.51322889,-35.03081111,,,,,-0.86,
PGCC G109.90+12.58,330.303925,71.00775889,7.30112,1.39,-1.4803,5.25777,0.139316,0.251086
PGCC G108.31+16.35,318.37786889,72.68572194,7.65332,1.15,-1.10075,6.65797,,
PGCC G276.37-8.59,134.300995,-58.78842194,,,,,,
PGCC G90.89+5.54,312.36145,52.6455,5.62611,1.54,0.863149,3.65169,,
PGCC G122.59-0.92,12.14090611,61.95195806,10.4705,1.62,-0.557345,6.47801,,
PGCC G16.51+1.83,273.54370111,-13.70451889,13.7039,2.37,-0.952421,5.77569,,
PGCC G305.52+0.75,198.37753306,-62.00675194,6.82955,1.48,0.485542,4.60694,3.68,6.0045
PGCC G244.74-28.51,86.89897889,-39.03519389,12.4129,2.46,0.160606,5.04702,,
PGCC G18.95+16.42,261.85922194,-4.43582889,16.983299,2.52,-0.521414,6.74328,,
PGCC G49.42+3.62,287.217285,16.30989111,,,,,0.69,
PGCC G355.08+2.84,260.55093389,-31.52543111,12.8165,2.14,1.44929,5.97802,,
PGCC G305.24+8.94,196.72924806,-53.86171694,6.04596,1.27,1.22302,4.7756,,
PGCC G312.57-5.86,217.91319306,-66.84021,10.5346,1.45,-0.346213,7.27118,,
PGCC G33.15+5.98,277.63690194,2.91815694,13.824,2.11,-0.475685,6.54595,,
PGCC G168.90-13.41,66.50242611,29.73403194,8.88563,1.13,-0.422791,7.88044,,
PGCC G103.43+1.98,332.93960611,58.66465,,,,,1.2,
PGCC G213.62-20.20,85.005745,-9.64175,,,,,0.415,
PGCC G312.70+10.69,208.22703611,-51.01609,8.8595,2.25,0.060788,3.93014,,
PGCC G299.64-1.64,185.24978611,-64.32140389,13.6613,2.31,-0.925069,5.91117,,
PGCC G357.89-3.64,268.79202306,-32.61083611,11.2263,2.13,-0.19061,5.26449,,
PGCC G108.93-0.56,344.65716611,59.215405,7.1921,1.56,-1.244,4.60722,0.139959,0.234355
PGCC G180.16-26.50,63.46034611,13.16058306,10.6233,1.67,-0.247371,6.36218,,
PGCC G46.03-8.95,296.89852889,7.37259194,,,,,,
PGCC G343.12+58.61,212.51182611,2.014055,,,,,,
PGCC G267.92-6.99,127.60404194,-51.169785,14.6643,2.34,0.940583,6.25389,0.31,0.863565
PGCC G255.52+0.09,125.68807194,-36.97871,13.8893,2.13,1.27625,6.50703,,
PGCC G216.65-3.04,101.84576389,-4.69172194,12.4201,1.56,-0.342946,7.97856,,
PGCC G179.32-6.09,80.215805,26.20015,,,,,0.37325,
PGCC G348.46-6.09,265.39376806,-41.93835389,10.119,1.12,1.13679,9.04632,,
PGCC G176.55+2.79,87.107765,33.336575,8.91903,1.48,0.985737,6.01661,,
PGCC G27.92-1.14,281.58938611,-4.97839111,6.53408,1.28,-0.005235,5.11818,,
PGCC G124.71+11.82,19.41218,74.60119611,15.1383,2.51,-0.739083,6.02,,
PGCC G70.11+16.81,283.340485,40.28858611,13.4063,2.48,0.969014,5.39628,,
PGCC G198.59-13.58,84.15985111,6.156855,12.0665,2.24,-0.959189,5.37548,0.4,0.937099
PGCC G1.75+5.04,262.672485,-24.77471194,17.678101,3.52,0.688059,5.02312,0.12,0.328937
PGCC G114.50+5.58,350.91626,67.00640889,9.00882,1.54,-1.39532,5.84551,-0.76,
PGCC G268.40+1.79,138.30242889,-45.94286306,12.6009,2.05,1.35954,6.15853,1.87,4.7919
PGCC G339.50+2.43,248.72244306,-44.01656,,,,,,
PGCC G30.35-16.99,296.9841,-9.88469306,8.78094,1.33,0.292324,6.61743,0.422669,0.937222
PGCC G223.56-0.93,106.91126306,-9.87616806,5.70251,1.36,0.125804,4.20453,,
PGCC G124.66-8.69,15.77809,54.14085,7.26305,1.62,-0.40509,4.47936,,
PGCC G182.15-6.27,81.78054,23.76486389,9.90492,1.22,-0.061171,8.10212,-0.9,
PGCC G359.36-3.91,269.9198,-31.47403889,11.4457,1.15,-0.58368,9.99062,,
PGCC G234.48-1.31,111.84774,-19.70286806,8.44071,2.39,-0.680453,3.52441,,
PGCC G74.27+3.65,300.88729889,38.00474889,6.17829,1.62,0.986698,3.80474,,
PGCC G29.54+3.74,277.98397806,-1.31184611,6.82959,1.27,1.04721,5.38505,0.26,0.458661
PGCC G276.67+5.17,150.74762,-48.91534806,11.9955,1.58,-0.266246,7.58505,,
PGCC G210.20-20.05,83.72959889,-6.68513806,12.4645,3.41,-0.417378,3.65394,0.415,0.814693
PGCC G286.69-25.66,104.95018806,-75.38957194,12.4434,1.74,0.323026,7.16367,,
PGCC G257.63-1.94,125.09308611,-39.870815,,,,,,
PGCC G270.79-1.09,137.61544806,-49.64492389,9.53841,2.24,0.850829,4.25865,,
PGCC G287.65-7.44,153.70056194,-65.55339806,13.719,2.65,0.448286,5.17529,,
PGCC G114.26+5.74,350.20776389,67.06880194,,,,,-1.08,
PGCC G124.63+29.38,159.64756806,87.29947694,,,,,0.38,
PGCC G205.92+0.41,100.01912694,6.42788389,9.70825,1.56,-0.353772,6.22212,,
PGCC G357.16-1.66,266.326935,-32.22220611,4.4783,1.31,-1.07044,3.42402,,
PGCC G323.72+14.38,221.32455389,-43.84396,7.83671,1.2,-1.25814,6.54369,,
PGCC G213.74-4.79,98.95739,-2.89776889,9.43048,1.51,-0.449046,6.26153,,
PGCC G194.75-12.62,83.08604389,9.86527611,16.2369,2.9,-1.32185,5.59942,,
PGCC G350.72+2.45,257.91256694,-35.30444694,9.01725,1.02,1.36553,8.86852,-2.62,
PGCC G19.67-5.23,281.49514806,-14.17856611,,,,,,
PGCC G278.87+0.64,149.13122611,-53.85170694,7.84587,1.45,-1.49144,5.39896,,
PGCC G129.72+1.68,28.33568806,63.736195,11.2439,2.17,-0.895043,5.18339,0.283139,0.628771
PGCC G175.43+2.70,86.32060194,34.24721111,11.4744,1.76,0.225396,6.52966,,
PGCC G210.98-27.70,77.07848389,-10.66209194,13.0993,2.21,0.520596,5.92635,,
PGCC G103.87-1.22,336.87625111,56.23151,8.28274,1.5,-0.759066,5.50551,,
PGCC G235.24-1.40,112.14995611,-20.41667889,,,,,,
PGCC G267.82-10.86,122.22709694,-53.21743389,10.9088,2.68,-1.00503,4.07734,0.49,0.950603
PGCC G181.13-11.96,76.08638,21.368555,13.3974,1.86,-1.14201,7.21962,0.23,0.657996
PGCC G104.18-6.03,341.41995194,52.19794806,8.51598,2.59,-1.54653,3.28845,,
PGCC G78.43+3.88,303.55502306,41.62020889,7.9352,1.21,0.982741,6.57394,-1.73,
PGCC G283.40+2.56,157.40773,-54.84724,,,,,1.38,
PGCC G250.67-49.34,59.11026806,-44.49629611,7.39503,1.54,0.441305,4.79412,,
PGCC G305.70-0.31,198.96620194,-63.054535,8.98567,1.51,-0.833778,5.96075,,
PGCC G94.16+4.68,317.03915389,54.55488194,11.0299,1.94,0.119789,5.68897,-0.55,
PGCC G280.57-1.64,149.018555,-56.69698306,,,,,,
PGCC G12.52+1.25,272.07821694,-17.48489611,10.2427,2.05,0.497656,4.99831,0.88,1.83159
PGCC G100.41+31.54,264.76989694,69.91591611,9.58248,1.88,-1.05783,5.10617,,
PGCC G164.16+4.74,80.64703389,44.812035,,,,,,
PGCC G2.45+8.49,259.94775389,-22.28386694,15.1691,2.23,-0.731407,6.78736,0.12,0.354193
PGCC G67.92-5.23,305.57055694,27.81432194,,,,,,
PGCC G99.03+0.97,327.62197889,55.21213194,,,,,,
PGCC G260.75+15.48,143.89265389,-30.92079889,,,,,,
PGCC G349.20+0.37,258.91061389,-37.75270806,6.86303,1.1,0.189631,6.26237,5.06,9.6495
PGCC G13.55+15.52,259.95602389,-9.35547194,9.41389,1.65,-0.634673,5.69793,,
PGCC G186.17-1.18,88.79476889,23.02895889,15.6838,2.23,-0.563441,7.02208,4.64,14.1646
PGCC G242.38-2.65,114.72722611,-27.26835611,,,,,,
PGCC G275.23-0.83,142.91738889,-52.60698306,13.58,2.47,1.5123,5.49263,9.92,24.921801
PGCC G355.89-2.05,265.941345,-33.51116611,,,,,,
PGCC G84.63-0.09,312.95278889,44.24081389,12.3662,2.16,1.19302,5.71969,-1.4,
PGCC G19.14+6.13,270.97839389,-9.33892306,12.3356,1.86,-0.190897,6.64209,,
PGCC G178.35+8.55,94.23143,34.56366,8.93437,1.15,-0.685999,7.79847,0.285759,0.693847
PGCC G235.72+0.29,113.97754694,-20.02242694,11.8431,2.17,-0.983307,5.46791,,
PGCC G263.71+0.87,132.97374,-43.03891,12.2699,2.63,-0.422455,4.66075,,
PGCC G310.20-1.93,209.546265,-63.85499194,10.2268,1.37,1.52341,7.45688,,
PGCC G296.05-2.50,176.70915194,-64.50541694,9.64752,1.98,-0.227886,4.87134,,
PGCC G309.67+7.28,204.55653389,-54.98303194,5.41948,1.16,-0.382941,4.66879,0.54,0.790135
PGCC G3.15+8.49,260.36734,-21.70439,10.9981,1.49,0.509066,7.38144,0.12,0.314512
PGCC G167.11+2.98,80.921555,41.38931694,6.85495,1.48,0.639564,4.61869,,
PGCC G150.40+2.80,64.80917389,54.18977,,,,,0.151356,
PGCC G17.26+7.46,268.87735,-10.31541889,8.61917,1.23,0.677789,6.99052,,
PGCC G154.20-4.76,61.07572611,46.07166306,,,,,,
PGCC G110.18-2.95,348.64028889,57.50206,10.6997,1.89,-0.341446,5.65365,0.242103,0.547744
PGCC G64.42+0.47,298.01413,27.94380611,,,,,10.1,
PGCC G257.12+1.77,128.579865,-37.29957611,,,,,,
PGCC G300.83-10.96,185.47692889,-73.7099,,,,,-0.79,
PGCC G96.66-1.77,327.45114111,51.59232694,10.7925,1.87,0.321026,5.77411,,
PGCC G42.92+9.57,278.74386611,13.18279306,17.9673,1.95,1.09192,9.22349,0.3,1.12341
PGCC G299.34-6.68,182.73608389,-69.27326194,11.6707,2.06,1.00016,5.67492,,
PGCC G95.26+9.82,311.14205889,58.69553389,11.0781,1.36,-0.071951,8.17114,0.293765,0.81302
PGCC G15.33+1.76,273.02142306,-14.77173111,12.3344,1.61,0.505846,7.66622,,
PGCC G85.41-7.03,320.59664889,40.14531694,,,,,,
PGCC G339.36+5.67,245.38662694,-41.87336,7.2168,1.3,0.870608,5.55881,,
PGCC G22.59-2.87,280.69406111,-10.51082806,15.8123,2.6,0.264949,6.08619,,
PGCC G103.28+1.80,332.91253694,58.43487889,13.4937,1.97,-0.432914,6.84712,,
PGCC G340.66-3.27,256.00585889,-46.77812611,,,,,0.69,
PGCC G121.49+4.50,9.133165,67.32760611,11.2433,1.88,-0.15799,5.97443,-1.24,
PGCC G120.94+1.18,8.30966111,63.97633389,,,,,,
PGCC G285.29+0.32,158.27302611,-57.73724,,,,,,
PGCC G240.60-5.00,111.45776389,-26.83216111,12.2287,1.82,-1.41778,6.72742,,
PGCC G124.85-4.20,16.53274194,58.61682889,,,,,,
PGCC G333.04-48.40,333.32980306,-58.443985,11.6111,2.57,-0.426872,4.51982,,
PGCC G201.28-13.44,85.574585,3.94555111,17.0481,5.38,-0.727147,3.16775,0.415,0.887134
PGCC G232.69+0.13,112.281425,-17.44680194,,,,,,
PGCC G0.07-11.18,277.99646,-34.20410194,10.8508,2.14,-0.155464,5.07795,,
PGCC G354.98+3.21,260.12460306,-31.39477,16.009399,3.31,0.150495,4.82951,,
PGCC G83.24+1.38,310.1492,44.07867111,8.20016,1.5,0.334919,5.47299,0.5,0.974361
PGCC G195.04+6.99,100.99418611,19.07909194,14.2237,2.3,-0.110256,6.18334,,
PGCC G212.96+0.65,103.45282,0.27356306,,,,,,
PGCC G225.01-0.32,108.14135,-10.87649806,10.5622,1.5,-0.093634,7.0327,-1.22,
PGCC G64.32+2.34,296.11364694,28.79744,16.198099,3.57,0.408386,4.54281,,
PGCC G357.89-2.07,267.19183306,-31.81203306,18.659599,3.58,0.296922,5.21883,,
PGCC G354.29+10.64,252.806305,-27.52144611,,,,,,
PGCC G151.47+4.40,68.05664111,54.54502111,10.1569,1.68,0.7309,6.02982,-0.65,
PGCC G112.77-2.11,352.730835,59.16682389,7.46026,1.55,1.50652,4.80342,,
PGCC G19.27+0.33,276.23803694,-11.97678389,8.18364,1.17,0.167406,6.97609,4.52,9.93447
PGCC G86.77+2.35,312.19445806,47.44530889,,,,,1.23,
PGCC G100.28+5.10,324.41958611,59.16267,,,,,0.42,
PGCC G12.43-4.59,277.47287,-20.31938389,14.4017,2.15,1.19616,6.68429,,
PGCC G91.85+6.41,312.22961389,53.93055,11.0961,2.22,1.0549,5.00672,0.54,1.1708
PGCC G47.00+8.42,281.62182611,16.30718194,,,,,,
PGCC G35.46+2.69,281.61676,3.47391889,11.575,2.25,0.484256,5.15477,,
PGCC G23.49+2.29,276.47232111,-7.33864694,11.2293,1.45,0.595839,7.73998,,
PGCC G166.75-13.52,64.75640889,31.18502389,,,,,0.264241,
PGCC G193.33+0.97,94.53208194,17.830635,12.2185,1.8,0.079521,6.80057,1.14,3.02283
PGCC G121.19+26.40,307.38729889,88.281105,12.5866,2.53,0.832723,4.97194,0.38,0.874437
PGCC G220.70-5.83,101.17298889,-9.557245,9.50928,1.27,-0.323824,7.49095,,
PGCC G34.72+0.54,283.19198611,1.83514194,,,,,2.9,
PGCC G17.61-9.15,284.22006194,-17.74125306,12.1548,1.49,-1.21634,8.1506,,
PGCC G340.96+2.65,249.84487889,-42.785015,14.8726,2.17,-1.38733,6.86097,,
PGCC G203.82-2.28,96.64034306,7.05105389,6.4264,1.34,-0.601988,4.78505,4.18,
PGCC G324.78+4.74,229.67819194,-51.77109111,,,,,,
PGCC G335.65+16.12,233.00711111,-36.34832806,,,,,,
PGCC G94.90-36.05,348.75454694,21.51527,,,,,0.239883,
PGCC G25.70+2.91,276.95028694,-5.09069194,11.589,1.67,-1.46727,6.93452,,
PGCC G42.02-0.05,287.07690389,8.05488889,8.30523,1.28,0.725192,6.49352,,
PGCC G221.48+0.63,107.34133111,-7.31537194,13.0569,2.08,-0.116744,6.2811,0.65,1.71229
PGCC G345.82+8.89,248.04032889,-35.01106611,7.54449,1.33,0.533476,5.68531,,
PGCC G252.25-7.50,115.37361889,-38.21159694,,,,,,
PGCC G330.37-0.04,241.60391194,-52.20395694,6.25328,1.95,0.683402,3.20357,4.52,5.88485
PGCC G62.53-2.47,299.72546389,24.80631111,16.412001,3.23,0.581775,5.07915,,
PGCC G212.77-20.23,84.63181306,-8.94037,14.5546,2.64,-0.53643,5.50673,0.415,1.08074
PGCC G168.91-3.65,75.39710194,36.02767194,13.3275,2.28,-0.936566,5.84283,0.14,0.35937
PGCC G265.57-1.46,132.09285,-45.95125194,11.8714,1.81,-0.925348,6.55824,,
PGCC G254.45-2.63,122.10252389,-37.60652889,7.93903,1.63,-0.888984,4.86807,,
PGCC G2.68+21.12,249.27766389,-14.71031889,,,,,0.12,
PGCC G144.18-1.51,51.80878806,54.80023194,,,,,,
PGCC G301.49-25.86,146.94381694,-88.18980389,,,,,,
PGCC G119.62+7.64,3.10006,70.25775889,14.9116,1.85,-0.802757,8.05984,0.39,1.24371
PGCC G162.08+27.34,112.44455,55.33884389,10.5094,1.95,-0.457424,5.39052,,
PGCC G327.69-6.53,246.144455,-58.73720611,13.4183,2.02,0.591152,6.63609,,
PGCC G217.18+50.47,150.97924806,18.04497694,9.14314,1.74,-1.09576,5.24085,,
PGCC G308.37-0.92,205.03291306,-63.27613389,11.0261,1.54,0.799838,7.16571,,
PGCC G47.81+0.20,289.58511389,13.30118194,10.1117,1.78,1.05648,5.6736,,
PGCC G94.24+6.62,314.58053611,55.899895,,,,,0.165959,
PGCC G173.71-13.91,69.56121111,25.88946889,9.52673,1.58,-0.048936,6.03273,0.23,0.507205
PGCC G184.94-2.03,87.31957194,23.65528694,11.0267,1.88,0.089026,5.85683,,
PGCC G206.96-3.95,96.61298389,3.49952,12.6863,2,-0.906767,6.34077,0.415,1.08271
PGCC G184.31+1.78,90.60222611,26.120815,9.11405,1.63,1.24905,5.59443,,
PGCC G81.29-0.16,310.17904694,41.58576194,13.4906,3.75,1.16559,3.5967,1.62,3.28254
PGCC G57.46+23.31,270.81366,31.31381,8.52829,1.26,0.421536,6.76727,,
PGCC G124.64-0.67,16.51818694,62.15573111,14.1333,3.06,-0.921665,4.62555,0.4,0.940786
PGCC G239.43+1.72,117.28161611,-22.53611,10.8818,1.95,-0.572855,5.58336,,
PGCC G73.58+2.72,301.42230194,36.92096694,9.02734,1.35,0.181976,6.70302,,
PGCC G284.25-2.55,153.62776194,-59.60511806,13.5977,3.28,0.544972,4.14155,1.87,4.08209
PGCC G61.08+2.22,294.43771389,25.92898,,,,,,
PGCC G66.36+5.77,293.79150389,32.25111,,,,,,
PGCC G42.44+25.60,263.26239,19.24831194,13.0836,1.86,0.135086,7.05143,,
PGCC G55.55+0.17,293.45825194,20.09437806,,,,,,
PGCC G332.68+0.01,244.26104694,-50.59277,8.53868,1.37,-0.401983,6.22487,,
PGCC G102.24-0.97,334.19555694,55.56165306,,,,,,
PGCC G295.11-1.87,175.00425694,-63.65358389,14.1578,3.06,0.000304,4.62163,2.15,5.05895
PGCC G45.51-4.63,292.81671111,8.992165,,,,,-0.91,
PGCC G320.85-4.63,233.23793,-61.74797111,13.5184,2.63,-0.191624,5.14965,,
PGCC G199.17-2.54,94.19803611,11.03083194,9.10608,1.51,-0.517179,6.04674,,
PGCC G251.85+73.89,179.85353111,16.43619889,9.43057,1.82,-0.61743,5.17512,,
PGCC G163.59+12.18,89.56979389,49.12922694,,,,,,
PGCC G77.21-7.24,313.92950389,33.98426389,,,,,,
PGCC G338.55-1.06,251.55931111,-47.03560306,,,,,,
PGCC G295.31-16.00,158.87156694,-76.82012889,,,,,,
PGCC G61.39+2.89,293.95129389,26.51779694,10.4521,1.94,1.14692,5.37748,,
PGCC G105.05+1.96,335.58715806,59.55760611,8.98351,1.06,0.792666,8.44954,,
PGCC G128.35-6.12,22.60814111,56.340675,11.0518,1.97,-1.16311,5.59958,,
PGCC G202.88-0.66,97.64245611,8.63278889,8.55555,1.27,-0.443397,6.7319,4.68,
PGCC G143.73+3.39,56.41451306,59.03574806,12.7416,2.52,-0.388858,5.05645,,
PGCC G357.80-0.28,265.34893806,-30.95305111,,,,,,
PGCC G139.30+3.17,48.83448389,61.38605889,7.02481,1.23,-0.468045,5.70425,,
PGCC G341.19+7.84,245.03817694,-39.059315,16.934,3.54,0.444033,4.7772,-1.4,
PGCC G335.74+1.03,246.48092694,-47.70805694,,,,,,
PGCC G250.69-2.07,120.20967111,-34.12949,11.8035,2.68,-0.837797,4.40477,5.09,10.6761
PGCC G278.70+0.85,149.12992889,-53.58779889,5.12363,1.25,-1.49139,4.08724,,
PGCC G40.41-0.15,286.42330889,6.58413611,17.9079,3.33,-0.442526,5.37819,,
PGCC G33.81+3.12,280.48373389,2.20599111,14.3782,2.62,-0.123016,5.49829,,
PGCC G261.61+3.12,133.48237611,-39.984005,,,,,-1.41,
PGCC G358.51-0.69,266.18518111,-30.57071306,,,,,3.79,
PGCC G257.06-0.30,126.40821806,-38.46318111,,,,,1.5,
PGCC G127.14+14.88,31.42254611,77.14392889,7.75904,1.62,-0.3887,4.79181,,
PGCC G24.91-5.43,284.07290611,-9.60660611,11.2742,1.29,0.612004,8.71138,-1.49,
PGCC G105.05+11.69,321.98828111,67.19087194,6.0176,1.25,-0.614402,4.82923,,
PGCC G182.83-25.53,65.78366889,11.900165,,,,,,
PGCC G243.67+5.29,123.01351889,-24.257425,10.5925,1.44,-1.27318,7.3802,,
PGCC G41.23-3.92,290.15780611,5.56334306,16.153299,2.35,0.129756,6.88418,,
PGCC G276.56-2.66,142.43635611,-54.85418306,9.80991,1.45,0.966579,6.77157,,
PGCC G338.10-1.97,252.14485194,-47.97188889,8.25409,1.15,0.733631,7.19328,,
PGCC G68.14+4.24,296.408875,33.04994194,10.0617,1.92,0.757904,5.23117,,
PGCC G44.83-0.90,289.15924111,10.15769,13.6756,3.8,0.604763,3.60069,,
PGCC G23.38-7.16,284.95742806,-11.729855,10.5309,1.95,-0.965081,5.39692,,
PGCC G338.11+9.31,240.87124611,-40.09428,,,,,-0.7,
PGCC G61.02-33.91,325.52166694,5.35415806,,,,,0.259418,
PGCC G34.17-3.88,286.87774694,-0.67191611,,,,,,
PGCC G296.71-34.59,46.89727389,-80.83348806,15.0503,2.44,-0.499839,6.16381,,
PGCC G353.56+10.39,252.52375806,-28.23625389,13.0421,1.42,0.00649,9.20897,,
PGCC G339.10+5.80,245.014465,-41.97525,16.861,2.64,0.579856,6.38453,-0.95,
PGCC G30.61+0.63,281.23474111,-1.778785,,,,,,
PGCC G21.24+23.32,256.932495,0.85568,12.1886,1.79,-0.456704,6.82764,,
PGCC G56.65+0.02,294.16806,20.981735,,,,,6.63,
PGCC G74.45-6.80,311.467865,32.12793694,10.3293,1.21,-0.467597,8.55915,,
PGCC G286.79-0.13,160.33825694,-58.861935,13.5793,3.12,-0.486192,4.34865,,
PGCC G136.73-10.65,34.20091611,49.92131,9.98999,1.61,-1.3376,6.22212,,
PGCC G201.34-11.24,87.53637694,4.96268,6.927,1.4,0.144527,4.93453,0.415,0.705781
PGCC G234.19-33.01,78.96334111,-31.26449806,11.1883,3.3,-0.720323,3.38687,,
PGCC G98.41+32.62,262.41223111,68.09326889,7.20604,1.44,-0.944681,4.99389,,
PGCC G103.46+2.81,332.06594806,59.36740889,6.04864,1.12,-1.52281,5.412,,
PGCC G142.82+23.14,94.74253806,71.57745389,,,,,0.2,
PGCC G348.92+0.47,258.60604889,-37.92102806,11.052,2.27,0.382451,4.86039,3.68,7.84566
PGCC G176.64-10.71,74.3302,25.64826611,9.98656,1.56,-0.289956,6.3967,0.299227,0.695687
PGCC G258.73-4.22,123.39897194,-42.05288306,,,,,1.04,
PGCC G188.39+1.18,92.20660389,22.26442,,,,,1.43219,
PGCC G300.47+0.64,187.59185806,-62.12934889,9.47179,1.61,-0.223279,5.89707,,
PGCC G87.90+2.96,312.550415,48.70422389,10.3869,1.3,-0.58881,8.01935,3.26,8.65481
PGCC G321.44+0.78,228.38455194,-56.893185,,,,,1.24,
PGCC G83.21-4.37,316.09252889,40.37751806,,,,,-0.99,
PGCC G311.86+1.59,210.94767806,-60.01888306,9.36752,1.63,-1.1444,5.75428,,
PGCC G139.26+2.66,48.21950889,60.95998389,8.82911,2.25,-0.514428,3.92307,,
PGCC G325.39+3.36,231.75102194,-52.59315111,,,,,,
PGCC G259.69+3.28,132.07531694,-38.40651306,12.4535,2.04,-0.58869,6.10598,0.5,1.26829
PGCC G11.16+5.06,267.90921,-16.77085306,11.089,1.27,-0.124194,8.71709,-0.91,
PGCC G43.25+7.58,280.721405,12.60367111,18.778799,3.2,-0.360879,5.86487,0.3,0.915823
PGCC G79.04+6.54,300.95150806,43.55866194,,,,,,
PGCC G149.68+1.06,61.89791889,53.42638,,,,,0.185353,
PGCC G22.99+19.53,261.03491194,0.43692806,14.0281,2.02,-1.43222,6.94044,,
PGCC G254.81-30.25,86.78146389,-47.97838194,16.2374,2.59,-0.490795,6.27753,,
PGCC G102.39-0.84,334.293945,55.75576,,,,,,
PGCC G192.71-5.50,88.31924389,15.21916,10.5639,1.18,-0.282277,8.959,,
PGCC G242.51+69.28,174.21981806,15.72920111,,,,,,
PGCC G202.54+35.02,131.69200111,23.14779111,,,,,,
PGCC G261.82-30.31,87.811005,-53.99503694,14.5037,1.65,-0.053734,8.7866,,
PGCC G247.15+22.08,139.60849,-17.00311306,6.78384,1.4,-1.44267,4.8519,,
PGCC G128.58+8.59,30.00275,70.70848111,,,,,,
PGCC G171.92-1.82,79.39733889,34.70142,11.5844,1.29,0.774397,9.0044,0.71,2.10935
PGCC G109.62+6.84,338.51626611,66.09796889,,,,,0.238781,
PGCC G299.80-17.06,176.14791889,-79.51763889,,,,,,
PGCC G356.95+0.15,264.39096111,-31.45007889,,,,,4.49,
PGCC G201.06-9.75,88.71138,5.92435111,14.0511,3.23,-0.099192,4.34705,0.415,0.943469
PGCC G189.23+4.69,95.98803694,23.19305611,,,,,,
PGCC G190.75+0.63,92.90974389,19.94064694,12.2376,1.58,1.06591,7.72212,,
PGCC G156.32+6.69,76.19783806,52.28944389,8.02939,1.2,0.394926,6.6896,0.69,1.47102
PGCC G247.76-2.42,118.04307611,-31.80528611,11.0407,1.64,-0.432764,6.72713,,
PGCC G16.58+7.82,268.21887194,-10.73123111,8.69068,1.31,0.370411,6.65316,,
PGCC G114.25+19.47,324.88980111,78.95285806,15.5708,2.95,0.476037,5.27645,,
PGCC G317.83+6.88,217.99807694,-53.05744889,,,,,-1.23,
PGCC G176.19-0.75,83.31164611,31.76065389,13.7033,1.81,-0.753814,7.58944,,
PGCC G187.72-5.39,85.76301611,19.54816111,12.1962,2.16,0.182056,5.65748,0.277971,0.671662
PGCC G271.21-0.67,138.52935806,-49.668095,,,,,,
PGCC G322.03+3.30,227.01619,-54.42239389,,,,,-2.14,
PGCC G151.48+1.47,64.54137389,52.49075694,,,,,,
PGCC G293.84-0.86,172.97645611,-62.31751306,,,,,,
PGCC G358.65+16.93,250.288315,-20.29016306,8.33329,1.86,0.738634,4.47656,0.12,0.213201
PGCC G75.82-5.66,311.39642306,33.90119889,13.2413,2.19,-0.852956,6.03983,,
PGCC G266.74+3.28,138.21252389,-43.70865611,7.6998,1.2,-1.03697,6.40511,0.5,1.02141
PGCC G216.42-2.25,102.44614389,-4.12859889,15.6791,1.64,-0.269324,9.57099,,
PGCC G154.53-25.20,45.851425,29.45357306,,,,,,
PGCC G157.74-1.01,68.51712806,46.26918,,,,,,
PGCC G268.00+0.77,136.831665,-46.33588389,12.7752,2.28,1.24878,5.6004,,
PGCC G321.57+7.31,223.19070389,-51.118645,9.48568,1.92,0.165015,4.92781,-1.15,
PGCC G231.25-1.81,109.77842694,-17.09709694,9.85066,1.48,0.734879,6.64359,4.15,9.76583
PGCC G13.35+7.20,267.13571194,-13.81419806,14.7809,2.12,-1.13555,6.97377,,
PGCC G73.54+3.58,300.47811889,37.34360111,13.744,2.22,-0.736505,6.18473,,
PGCC G36.10+0.63,283.74069194,3.10960611,,,,,5.49,
PGCC G206.93-14.89,86.91037806,-1.56231194,7.24489,1.14,1.54343,6.35525,0.415,0.819137
PGCC G105.28+18.10,308.20169111,71.39916194,12.0451,1.89,-0.271633,6.36815,,
PGCC G235.52-0.68,112.97216,-20.317705,9.17708,1.42,-0.724514,6.47528,4.55,10.2028
PGCC G139.88+2.11,48.70730611,60.17413694,,,,,,
PGCC G202.56-10.17,89.04910306,4.42723889,6.33988,1.65,-0.747142,3.83078,0.415,
PGCC G24.62-0.03,279.07275389,-7.404685,5.17028,1.97,0.856401,2.62725,,
PGCC G306.72-12.44,207.17691,-74.89401194,,,,,,
PGCC G297.71+0.25,181.61807306,-62.16879306,9.60584,1.25,-0.849469,7.66163,2.55,6.36349
PGCC G3.43-1.78,270.10931389,-26.88362306,13.0087,2.16,0.546673,6.00947,,
PGCC G19.45-0.98,277.50985694,-12.43423306,14.6511,3.41,0.176571,4.29596,,
PGCC G155.19+26.41,108.89457694,61.26986306,11.9669,2.04,-0.775134,5.86558,,
PGCC G96.53+11.34,310.19995111,60.60132611,,,,,,
PGCC G166.92+1.92,79.61899611,40.93948694,11.8189,1.25,0.720173,9.48209,,
PGCC G30.12-9.84,290.38793889,-6.94126194,11.3297,2.03,1.29002,5.57058,,
PGCC G76.31-4.66,310.808655,34.90416,9.32506,1.74,1.32475,5.35899,0.5,1.02817
PGCC G23.90-0.29,278.973785,-8.15943,7.30528,1.75,0.65027,4.16592,4.39,7.04474
PGCC G325.42-8.32,245.57038889,-61.59975389,10.1025,1.32,1.04547,7.67021,,
PGCC G207.77-16.75,85.62860111,-3.13679889,17.6672,2.09,0.387536,8.46846,0.415,1.4766
PGCC G180.45-1.93,84.812355,27.54121194,17.8634,4.25,-0.324481,4.19926,,
PGCC G172.94-19.60,64.33294694,22.69568806,14.653,3.18,-0.157787,4.60508,,
PGCC G273.09+4.59,146.048065,-47.13780194,11.9607,2.3,0.36734,5.19818,0.35,0.802785
PGCC G206.21-3.21,96.92806194,4.49858806,18.5996,4.54,-0.433039,4.096,0.92,2.33586
PGCC G171.96-13.72,68.49638389,27.30306111,15.2343,2.46,0.053054,6.19834,0.23,0.650136
PGCC G222.41-0.39,106.86014611,-8.61052611,10.9357,2.05,0.031931,5.32409,4.49,9.96595
PGCC G33.47-9.89,291.91827389,-4.02037111,15.1379,3.76,0.414688,4.02106,,
PGCC G233.38+0.13,112.62644194,-18.048985,6.9473,1.08,0.258966,6.45263,5.12,9.97179
PGCC G92.44+2.96,317.22164889,52.12920806,7.45056,1.63,-0.145909,4.58313,-0.9,
PGCC G80.88+4.89,304.253845,44.21438194,,,,,,
PGCC G293.60+1.32,173.84777806,-60.16674806,13.6906,2.18,1.0486,6.26743,,
PGCC G42.23-0.28,287.38043194,8.139825,,,,,,
PGCC G151.11-10.31,52.79813389,43.64801806,,,,,0.193197,
PGCC G154.30+3.31,69.86908,51.71563306,9.29284,1.64,-0.832499,5.64928,-1.07,
PGCC G189.35-0.10,91.50637111,20.80985806,14.3829,2.64,-0.739047,5.45508,,
PGCC G29.03+4.57,277.01528889,-1.37437389,7.35571,1.39,0.070713,5.31074,0.7,1.27267
PGCC G145.42-1.08,53.98888,54.44397389,12.6331,2.79,-1.17977,4.52664,0.65,1.42982
PGCC G348.10+9.22,249.55567889,-33.10988611,9.92976,1.56,-1.55611,6.36147,,
PGCC G338.57+21.63,231.707825,-30.28540806,13.7277,2.4,0.865358,5.72375,,
PGCC G88.11-7.73,323.78720111,41.500805,6.43399,1.35,1.50432,4.7545,,
PGCC G25.91+1.68,278.14431806,-5.47775694,,,,,,
PGCC G12.53-0.38,273.58551,-18.25541694,10.9246,1.67,0.247556,6.53984,4.46,10.966
PGCC G239.97-0.18,115.79052694,-23.94877389,11.7961,1.98,-0.514395,5.97227,5.22,12.7449
PGCC G336.55+7.82,240.66325389,-42.24272194,14.4269,2.16,-0.414415,6.6897,,
PGCC G101.64+18.08,303.16265889,68.40492194,14.8085,2.08,1.55558,7.11312,,
PGCC G289.26-0.57,164.30447389,-60.37087194,8.73732,1.05,0.818745,8.33886,8.45,20.981001
PGCC G310.83+1.91,208.80340611,-59.98234889,10.372,1.35,1.50439,7.71141,,
PGCC G210.51-17.97,85.72483806,-6.02108611,9.35732,1.69,0.144162,5.52198,0.415,0.867757
PGCC G92.32+10.26,307.28436306,56.60986306,13.5166,1.82,1.40156,7.40884,,
PGCC G308.14-0.31,204.27742,-62.71932194,10.5184,2.07,-1.12397,5.0886,2.57,5.46932
PGCC G232.70-3.53,108.88162194,-19.18408,11.2688,2.61,-0.712782,4.31888,,
PGCC G132.05+0.13,32.32122389,61.61306389,9.79736,1.02,-0.610842,9.56079,,
PGCC G78.94-4.05,312.238495,37.34148806,8.98135,1.43,0.97385,6.2756,-1.48,
PGCC G127.19+13.23,29.71059194,75.544815,16.766199,3.31,-0.357027,5.06098,,
PGCC G0.98-19.65,288.00939889,-36.65242806,14.1467,1.98,-1.12565,7.15114,,
PGCC G143.76-0.47,52.21829194,55.90247306,6.76142,1.34,0.315288,5.05024,0.66,1.12188
PGCC G175.95+42.39,136.82319611,44.65616611,6.7472,1.28,-0.271443,5.26565,0.306196,0.530901
PGCC G19.84+4.23,273.00723306,-9.63220694,10.6288,1.43,-0.576808,7.44508,,
PGCC G132.34-9.39,28.16521306,52.35977194,11.9879,2.75,-1.03521,4.36447,,
PGCC G57.52-0.62,295.22360194,21.43584111,,,,,,
PGCC G183.13+4.75,92.87830389,28.58947806,15.1779,2.69,-0.501949,5.63831,,
PGCC G175.05-18.93,66.30645806,21.653675,10.6825,1.14,0.932924,9.36097,,
PGCC G167.15-5.26,72.48731194,36.39308194,9.67803,1.37,1.53867,7.04553,0.14,0.336283
PGCC G215.49+0.30,104.29042806,-2.13673111,,,,,,
PGCC G317.24+3.04,219.66958611,-56.825035,17.9056,2.83,1.50993,6.3273,,
PGCC G35.32+2.93,281.337555,3.46,10.4601,1.54,0.328609,6.79559,,
PGCC G77.26+3.92,302.66561889,40.65825694,6.94448,1.18,-0.608311,5.87197,,
PGCC G212.11+0.76,103.16557306,1.07688694,11.1124,1.57,0.098352,7.07044,4.77,12.2991
PGCC G158.44+56.12,161.53463694,51.48494306,7.67696,1.3,0.106123,5.9013,,
PGCC G192.79-13.88,80.98239111,10.84471,,,,,,
PGCC G280.17-0.42,149.80050694,-55.49003611,6.71191,1.35,0.69421,4.98463,,
PGCC G249.42-1.43,120.06207306,-32.71628611,17.810801,2.98,-0.92719,5.96759,6.23,18.683399
PGCC G67.73-3.75,304.05871611,28.49169,10.6461,2.08,-0.267498,5.12716,-1.59,
PGCC G142.88+3.25,54.91879694,59.43502,17.674299,3.23,0.047086,5.47623,,
PGCC G172.92+1.04,82.97312194,35.47734111,10.1287,1.65,-0.476547,6.12405,0.72,1.64951
PGCC G350.14+22.50,240.10488889,-22.59182194,10.4113,1.55,-0.698187,6.73479,,
PGCC G297.64+0.28,181.487305,-62.12386694,,,,,,
PGCC G119.77-3.73,6.73259389,58.98852194,,,,,,
PGCC G186.33-3.63,86.61003889,21.64526194,5.30602,1.39,-0.933345,3.82744,0.334195,0.438092
PGCC G196.09-15.93,80.88858,7.05979306,17.4501,1.94,-0.868249,8.99756,0.4,1.45797
PGCC G90.75+7.14,310.12701389,53.52120194,9.63432,1.67,-1.3712,5.77106,,
PGCC G307.55+4.37,201.62142889,-58.18851889,,,,,,
PGCC G194.99-1.92,92.71308111,14.99501611,18.161301,3.8,-0.803662,4.77433,,
PGCC G180.57-2.00,84.82109111,27.39972889,,,,,,
PGCC G281.75-1.51,150.88099694,-57.30722389,8.18413,1.3,1.29618,6.30754,,
PGCC G102.11-0.20,333.229645,56.12868111,11.5174,1.47,0.140456,7.85643,,
PGCC G197.75-0.26,95.57346306,13.35569194,9.5476,1.83,-0.762763,5.22001,4.8,9.85713
PGCC G134.85+5.86,43.06875611,65.89202111,9.74432,1.33,-0.485131,7.30928,,
PGCC G214.54-13.55,91.45474194,-7.53804611,11.3925,1.7,-0.104594,6.68977,0.415,1.05388
PGCC G27.79+3.90,277.03649889,-2.78598806,16.3239,2.5,-0.705634,6.52076,0.26,0.780301
PGCC G86.84-2.26,317.26864611,44.47672306,,,,,,
PGCC G3.09+6.68,261.96914694,-22.75703194,7.84249,1.22,0.653763,6.43928,0.12,0.248058
PGCC G13.14-5.76,278.93081694,-20.21736694,11.6368,1.8,-0.183188,6.48161,,
PGCC G169.53+2.66,82.33454889,39.20049306,10.9943,1.96,-0.643799,5.61159,,
PGCC G39.31+2.49,283.54898111,6.81311806,15.4342,3.58,0.557599,4.31509,,
PGCC G139.95+9.98,59.17238194,66.51542694,17.8368,3.88,-0.851124,4.59832,0.43,1.1328
PGCC G138.43+2.18,46.24004,60.97172194,,,,,-1.64,
PGCC G86.66+0.35,314.32955889,46.08191306,,,,,,
PGCC G115.99-2.54,359.06756611,59.58920306,,,,,0.78,
PGCC G88.20-41.69,346.84448194,14.05571694,13.8219,2.27,1.32082,6.09571,,
PGCC G19.52+8.19,269.33929389,-8.00797611,9.89348,1.31,0.502306,7.55443,-1.26,
PGCC G1.47+4.11,263.37069694,-25.50796694,,,,,0.12,
PGCC G97.84+24.05,284.98877,67.20336889,,,,,,
PGCC G131.52+38.87,163.57963611,76.24243194,13.1413,1.53,-0.313536,8.5626,,
PGCC G316.43-7.46,228.39695694,-66.53189806,15.2235,2.33,-1.11746,6.53671,,
PGCC G281.67-0.56,151.79338111,-56.49163389,,,,,2.18,
PGCC G95.33+1.01,322.82904111,52.80774694,13.6496,2.02,-1.21072,6.77275,0.390841,1.09312
PGCC G223.11-9.62,98.780945,-13.37191611,5.46039,1.26,-0.698714,4.34247,,
PGCC G357.33+4.41,260.52136194,-28.78367806,14.1317,2.41,-1.06629,5.86482,0.12,0.317785
PGCC G246.31+0.75,120.31217194,-28.92419389,7.18127,1.29,-1.22005,5.57192,,
PGCC G292.95-45.92,33.09422306,-69.60372194,7.42198,1.14,0.846779,6.48659,,
PGCC G119.61+33.79,215.28631611,82.74626194,10.3922,1.84,0.962533,5.63467,,
PGCC G100.39+32.27,262.69818111,69.80139889,,,,,,
PGCC G66.84-0.69,300.57440194,29.40455194,,,,,,
PGCC G324.25+3.67,229.88508611,-52.95784389,11.4531,1.84,0.205216,6.2142,,
PGCC G123.38+1.61,13.88964306,64.47361806,7.61428,1.02,-0.307872,7.45544,,
PGCC G197.11-1.27,94.34079,13.44414306,13.6227,1.84,-0.805383,7.38664,4.55,13.2768
PGCC G339.72+1.90,249.46717806,-44.20507,,,,,,
PGCC G341.20+12.10,241.32298306,-35.98940306,12.9153,2.14,-1.5502,6.03511,,
PGCC G318.96-13.25,243.22464,-69.57640111,10.6337,1.75,-0.900164,6.07839,,
PGCC G33.69+1.83,281.57351694,1.50851111,13.7854,3.21,1.47645,4.29495,,
PGCC G275.29+2.41,146.441315,-50.22094,7.6884,1.14,0.971058,6.73423,,
PGCC G324.99-18.08,263.47363306,-67.76528889,8.86281,1.16,0.69808,7.62653,,
PGCC G187.60+4.45,94.93187694,24.5256,18.240499,2.91,-0.307664,6.26989,0.180302,0.560888
PGCC G108.97-2.84,346.49246194,57.14672111,15.4014,1.75,-0.024654,8.80049,0.74,
PGCC G43.02-10.56,296.87789889,3.99800611,,,,,,
PGCC G99.38+17.11,302.67620806,66.05320694,,,,,,
PGCC G63.19+32.76,261.21142611,38.59510806,6.76762,1.57,-0.454703,4.31895,,
PGCC G190.59+3.71,95.73327611,21.54168889,15.9376,3.3,-0.507006,4.83019,,
PGCC G46.94+8.73,281.31283611,16.38975306,15.1994,1.68,-0.911528,9.06555,,
PGCC G292.45+0.47,171.10141,-60.61856806,12.9118,1.64,-0.365264,7.88702,,
PGCC G11.07+19.45,255.31422389,-9.241005,,,,,0.219786,
PGCC G349.04-1.26,260.48901389,-38.82697694,11.4265,1.94,0.676597,5.87937,,
PGCC G301.73+2.52,190.43302889,-60.33227889,12.8296,2.51,0.571086,5.11071,-1.99,
PGCC G112.94-1.76,352.84417694,59.55258611,8.48416,1.64,-1.00627,5.17785,,
PGCC G217.48-2.24,102.93412,-5.07064111,18.3333,3.21,0.031823,5.70314,,
PGCC G337.27-1.39,250.68357806,-48.22193111,9.2339,2.34,0.577306,3.93895,,
PGCC G173.15-11.39,71.35391194,27.91412694,15.3408,2.53,0.310594,6.05922,0.23,0.645041
PGCC G172.79+0.16,81.98737306,35.0979,6.62839,1.06,-1.17458,6.26642,,
PGCC G65.00-6.33,304.77026389,24.79881889,14.9007,2.74,0.689554,5.44439,0.33,0.864608
PGCC G347.18+3.38,254.33895889,-37.55094889,9.61594,1.15,0.798783,8.38647,,
PGCC G30.64+5.63,276.80819694,0.534915,11.1943,1.77,0.968423,6.33433,,
PGCC G195.75-2.76,92.32901,13.92053,,,,,0.5,
PGCC G71.44-18.31,319.33288611,22.50881194,12.8323,1.27,-0.975266,10.1233,,
PGCC G278.22+36.97,171.77565,-21.82043111,10.6994,1.43,0.144476,7.49998,,
PGCC G197.05-1.18,94.40123,13.54052389,,,,,,
PGCC G351.74-2.82,264.04345694,-37.43764889,9.16867,1.56,-0.873252,5.88022,,
PGCC G63.37-1.66,299.44512889,25.94208306,,,,,,
PGCC G279.92+9.84,158.60488889,-46.82326111,14.8522,1.9,0.746683,7.81655,,
PGCC G304.05-0.55,195.35447694,-63.395725,11.1131,1.5,0.896059,7.4147,,
PGCC G229.09-5.74,105.09429889,-16.97520111,,,,,0.147911,
PGCC G28.00+6.11,275.17523194,-1.57574111,16.8071,2.87,0.728453,5.84703,,
PGCC G80.37+6.34,302.17581194,44.5774,17.187799,3.46,1.30692,4.97065,,
PGCC G300.80+5.52,188.92161611,-57.28638111,14.3739,3.33,0.618516,4.31686,,
PGCC G44.68+7.57,281.36691306,13.87001611,15.8323,3.53,-1.1061,4.48982,,
PGCC G171.96+2.12,83.44936389,36.87638111,8.07773,1.77,-0.44386,4.57225,,
PGCC G30.48+0.56,281.24093611,-1.93010306,,,,,5.76,
PGCC G90.09+7.41,309.10897806,53.16116306,13.861,1.71,0.823859,8.12348,,
PGCC G200.17-1.01,96.04911,10.86638889,14.412,2.94,-0.212451,4.89411,,
PGCC G318.51-0.81,225.05174306,-59.72716889,9.38766,2.31,0.907762,4.05944,0.63,1.1313
PGCC G303.84+3.42,194.63884,-59.44407694,,,,,1,
PGCC G240.07+2.20,118.07878889,-22.83742,9.57341,1.57,-0.45947,6.09334,,
PGCC G132.40-1.11,32.26971389,60.33052389,11.4693,2.89,0.623054,3.9687,-1.36,
PGCC G39.51+1.98,284.09976194,6.76005111,6.67391,1.27,0.167462,5.2624,0.99,1.70665
PGCC G340.31+4.63,247.26559389,-41.91973111,9.14065,1.59,-1.09337,5.73146,-0.91,
PGCC G39.27-0.22,285.95651194,5.53147611,,,,,4.01,
PGCC G317.07+1.25,220.73736611,-58.528385,,,,,,
PGCC G55.42+0.09,293.45971694,19.94284806,,,,,,
PGCC G325.89-0.09,235.85626194,-55.10588806,7.9477,1.41,-1.54213,5.63107,1.5,2.919
PGCC G45.89+0.27,288.60775806,11.63616,7.10835,1.5,0.365601,4.73516,,
PGCC G261.45+2.97,133.20056194,-39.95997194,8.61797,1.22,-0.698493,7.04673,,
PGCC G337.18+3.00,245.89366111,-45.29322111,11.7368,1.45,-1.04278,8.10517,,
PGCC G204.86+0.66,99.75347889,7.48109611,13.8141,3.97,-0.433077,3.48,,
PGCC G356.01+5.86,258.30538889,-29.02980194,14.3833,3.23,0.372911,4.45727,,
PGCC G34.28-1.97,285.22226,0.300225,11.3777,1.79,-0.976747,6.36801,,
PGCC G359.87+19.52,248.90657,-17.77801694,14.6425,2.1,0.58645,6.98413,,
PGCC G281.36-2.54,149.14923111,-57.88962611,,,,,,
PGCC G326.86+10.05,228.08712806,-46.176235,14.552,2.39,-0.032988,6.09529,,
PGCC G34.85+1.62,282.29254194,2.44137611,12.3289,2.45,0.217702,5.02592,,
PGCC G65.39-5.13,303.90335111,25.78107611,16.356501,2.9,1.02585,5.64571,,
PGCC G213.35-12.08,92.26255,-5.83877194,6.86176,1.37,-0.969507,5.02143,0.415,0.708609
PGCC G26.63+5.96,274.67453,-2.85451111,,,,,0.26,
PGCC G314.65-0.03,217.33586111,-60.654785,9.49969,1.37,0.115616,6.92359,,
PGCC G241.45-1.98,114.86840806,-26.13450389,14.0264,2.42,0.711431,5.7974,,
PGCC G25.81+1.11,278.60296611,-5.82654889,14.3525,4.07,0.277314,3.52549,,
PGCC G144.68+4.80,59.58606,59.530975,11.5189,2.16,-1.22013,5.34138,,
PGCC G51.55-0.52,292.06698611,16.26429611,9.42848,2.4,0.757208,3.92553,,
PGCC G26.07+3.38,276.703735,-4.54503194,10.1423,2.21,1.20031,4.59,0.26,0.51603
PGCC G169.26+5.38,85.13965611,40.89382889,,,,,,
PGCC G263.76+1.03,133.18205306,-42.976055,,,,,,
PGCC G11.82-8.16,280.61242694,-22.46088806,12.7513,1.57,1.53732,8.09707,,
PGCC G207.39-15.96,86.16256,-2.45165306,12.6393,1.57,0.547167,8.06264,0.415,1.21864
PGCC G341.10-3.56,256.73870806,-46.60860389,,,,,,
PGCC G155.52+7.54,76.54142,53.43614611,,,,,,
PGCC G26.61-0.91,280.78485111,-6.03763611,14.9002,2.98,0.592948,4.99683,,
PGCC G311.35+1.32,210.10926806,-60.414375,,,,,,
PGCC G293.31+0.14,172.55725111,-61.20180889,10.2444,1.44,1.22304,7.12374,,
PGCC G39.11+3.42,282.62731889,7.053305,,,,,,
PGCC G222.43-4.67,103.00864389,-10.57174694,,,,,,
PGCC G343.81+0.10,254.97540306,-42.23312389,8.06931,1.37,1.245,5.87867,,
PGCC G3.08-25.84,296.09722889,-36.69115389,,,,,,
PGCC G263.84+1.80,134.05812111,-42.54039806,8.94285,1.57,0.584281,5.68512,,
PGCC G357.41+4.28,260.69873,-28.79674,,,,,0.12,
PGCC G305.76+1.24,198.80113194,-61.49742111,8.9918,2.23,0.843177,4.0287,,
PGCC G163.79+44.56,141.95355194,53.08503,8.65331,2.13,-1.24669,4.05847,,
PGCC G61.57-1.92,298.66070611,24.26676611,,,,,,
PGCC G315.07+8.61,212.76229889,-52.37425194,,,,,,
PGCC G110.58+3.79,343.89025889,63.84937306,16.422001,3.52,-0.7166,4.66776,0.125893,0.320624
PGCC G312.70+0.35,213.31173694,-60.962475,10.9232,1.21,0.509636,9.05509,,
PGCC G46.32+0.65,288.46188389,12.19446611,,,,,,
PGCC G15.54+5.58,269.69506806,-12.73179,10.7667,2.34,-0.697648,4.59683,,
PGCC G358.88+18.95,248.76182611,-18.85987306,14.1516,2.86,0.01935,4.95349,0.12,0.292258
PGCC G42.93-0.09,287.54126,8.84972889,,,,,,
PGCC G359.27-3.88,269.84976194,-31.53303694,,,,,,
PGCC G332.65+2.70,241.39288306,-48.643555,10.551,1.51,-0.042734,6.99792,,
PGCC G7.39+1.15,269.48251306,-21.99331111,11.5063,1.43,0.043826,8.06217,,
PGCC G96.70-50.09,356.15927111,9.347475,,,,,,
PGCC G258.84+4.10,132.21278389,-37.22448306,11.0201,1.63,0.879007,6.76577,,
PGCC G140.59-2.85,45.22059194,55.52077889,7.31078,1.28,0.477394,5.70239,,
PGCC G140.15+2.65,49.74697889,60.48697694,8.36219,1.32,0.276067,6.33196,,
PGCC G103.31+19.25,302.30920389,70.34861,18.489201,3.5,-1.32181,5.28228,,
PGCC G15.89+2.94,272.23254389,-13.71182306,10.8888,2.69,-1.41553,4.05218,,
PGCC G125.35-2.62,17.720205,60.15823389,14.5919,2.12,-0.420094,6.86928,,
PGCC G237.49-0.14,114.50022111,-21.77765111,6.56207,1.32,-1.37104,4.98541,,
PGCC G109.95+17.84,317.97274806,74.84690111,,,,,,
PGCC G352.06+20.65,242.89415,-22.59411,16.557199,3.22,0.535283,5.14166,,
PGCC G197.25-15.48,81.84957111,6.32295306,,,,,0.4,
PGCC G307.02+7.91,199.88397194,-54.74193194,9.56824,2.29,0.604882,4.17806,,
PGCC G23.51-62.14,341.345795,-28.11340694,8.56208,1.6,0.240193,5.33901,,
PGCC G282.16-30.94,86.05917389,-71.46919306,7.46461,1.83,-0.122724,4.07046,50.099998,80.332199
PGCC G276.00-33.21,81.61450194,-66.00787389,13.8463,2.47,-0.076381,5.61225,50.099998,128.468994
PGCC G278.49-36.72,71.843575,-67.23272694,9.98264,1.64,-0.692355,6.07733,50.099998,113.513
PGCC G278.45-30.15,89.03342389,-68.34075194,7.66796,1.6,1.15744,4.80011,50.099998,88.415802
PGCC G278.15-30.23,88.832535,-68.08479306,8.51311,1.26,-0.493169,6.77474,50.099998,110.676003
PGCC G277.67-34.41,78.04651611,-67.17338611,11.5184,2.99,-0.608604,3.84756,50.099998,97.018303
PGCC G279.78-31.12,86.16053806,-69.42904694,7.92575,1.46,-0.115264,5.44262,50.099998,95.716904
PGCC G283.11-33.03,79.03495806,-71.89463,7.15227,1.21,-1.54087,5.92174,50.099998,94.844299
PGCC G283.20-33.60,77.22504389,-71.82209806,9.86586,2.14,-1.25978,4.61843,50.099998,98.373703
PGCC G282.22-32.34,81.69345111,-71.31245389,8.32542,1.9,-0.262224,4.38237,50.099998,88.028198
PGCC G282.98-32.40,81.09400194,-71.92843611,7.53572,1.33,-0.109376,5.68265,50.099998,95.367897
PGCC G275.99-31.36,86.15854611,-66.17253111,14.8863,2.16,-1.37663,6.891,50.099998,147.604004
PGCC G280.64-31.45,84.97258806,-70.11669194,8.10381,1.72,-1.30499,4.71965,50.099998,90.128799
PGCC G282.70-35.95,70.68319694,-70.68384611,9.98943,1.81,-1.27926,5.52306,50.099998,108.249001
PGCC G276.77-35.85,74.93480694,-66.138695,,,,,50.099998,
PGCC G281.77-30.79,86.61650111,-71.15374,12.8176,2.62,0.338967,4.89348,50.099998,115.418999
PGCC G282.59-32.47,81.10001389,-71.59444389,11.2687,1.78,-0.282316,6.31403,50.099998,122.929001
PGCC G280.26-30.84,86.85604889,-69.86212889,17.653,2.11,0.225984,8.35465,50.099998,176.985992
PGCC G280.03-36.13,72.31575806,-68.59400889,11.45,2.26,0.164565,5.06874,50.099998,111.024002
PGCC G276.11-35.57,75.89617194,-65.681305,,,,,50.099998,
PGCC G282.07-31.94,82.98362,-71.257515,13.0584,3.94,-0.405263,3.31594,50.099998,95.898598
PGCC G278.61-33.91,78.94108611,-68.04461694,11.1084,2.4,-0.241522,4.62614,50.099998,104.472
PGCC G280.17-30.82,86.91581694,-69.78719306,,,,,50.099998,
PGCC G278.52-33.89,79.01709,-67.97496806,,,,,50.099998,
PGCC G278.88-33.06,81.07493611,-68.41513806,6.40142,1.42,-1.2518,4.5015,50.099998,78.2313
PGCC G278.23-30.94,86.93682889,-68.11554,9.91371,1.38,0.211437,7.16367,50.099998,122.815002
PGCC G274.78-34.63,78.61389889,-64.79573111,10.0291,2.07,0.926621,4.83708,50.099998,101.504997
PGCC G274.99-34.84,78.05508389,-64.93212889,14.4353,2.5,-0.372966,5.76967,50.099998,133.001007
PGCC G278.91-36.71,71.59886889,-67.55706,8.17697,1.44,-0.736078,5.66326,50.099998,99.173103
PGCC G282.62-35.35,72.45600111,-70.83683,9.95921,1.62,0.066276,6.14863,50.099998,114.042
PGCC G277.35-33.37,80.81401111,-67.1054,7.13679,1.32,-1.15065,5.4116,50.099998,90.568802
PGCC G276.21-31.09,86.811195,-66.37774694,9.30525,1.27,1.34212,7.29964,50.099998,120.110001
PGCC G277.44-31.29,86.12883806,-67.41387194,6.80579,1.21,0.022724,5.63119,50.099998,90.2201
PGCC G275.97-31.73,85.25436389,-66.13661194,15.0875,2.85,0.125836,5.28616,50.099998,130.149994
PGCC G275.27-33.83,80.33815806,-65.32148,6.74779,1.79,-1.56307,3.77612,50.099998,73.5644
PGCC G278.63-30.69,87.55275694,-68.47150389,5.7966,1.45,-0.61326,4.01143,50.099998,70.274902
PGCC G279.91-36.15,72.35398889,-68.49740611,,,,,50.099998,
PGCC G276.95-31.56,85.51693,-66.97940806,4.99958,1.19,-0.246778,4.19569,50.099998,66.747101
PGCC G283.12-33.29,78.23028611,-71.84429194,6.97393,1.1,0.877712,6.31403,50.099998,96.706703
PGCC G277.47-34.57,77.74305,-66.98537389,,,,,50.099998,
PGCC G281.34-31.28,85.266685,-70.73329889,,,,,50.099998,
PGCC G280.06-30.98,86.49575,-69.67376694,8.75502,1.95,0.864244,4.48443,50.099998,91.315903
PGCC G281.72-31.34,84.957375,-71.05204,9.4177,1.87,-0.957615,5.04632,50.099998,100.467003
PGCC G278.63-32.46,82.76718111,-68.29900389,9.31286,1.57,-0.629019,5.95067,50.099998,108.489998
PGCC G303.24-43.63,12.06685194,-73.495735,,,,,61.700001,
PGCC G279.03-35.19,75.38303389,-68.08371,14.7352,1.94,0.974284,7.58296,50.099998,154.050003
PGCC G279.88-33.99,78.11602806,-69.053955,6.5071,1.37,0.370618,4.75151,50.099998,81.035202
PGCC G279.29-31.49,85.22724889,-68.97146611,9.59503,1.86,0.022836,5.14728,50.099998,102.417999
PGCC G302.39-44.49,14.15234889,-72.63291889,9.79471,1.76,-1.44434,5.56038,61.700001,132.451996
PGCC G276.09-32.35,83.69210806,-66.17942806,,,,,50.099998,
PGCC G277.76-36.05,73.91961694,-66.85902389,,,,,50.099998,
PGCC G300.95-44.01,17.75571306,-73.04676806,7.13859,2.28,-0.60955,3.12959,61.700001,84.832397
PGCC G276.43-36.46,73.64809389,-65.72485389,6.65558,1.13,0.551376,5.87728,50.099998,91.147598
PGCC G282.61-31.92,82.80577889,-71.71025111,16.470301,2.51,-0.412596,6.57431,50.099998,151.649994
